t,x1,y1
0.0,0.0,0.019269152
0.0,0.0505050505050505,0.17287423
0.0,0.101010101010101,0.32104063
0.0,0.1515151515151515,0.4371713
0.0,0.202020202020202,0.5996921
0.0,0.2525252525252525,0.70034873
0.0,0.303030303030303,0.81414527
0.0,0.3535353535353535,0.8799471
0.0,0.404040404040404,0.9473809
0.0,0.4545454545454545,1.0063087
0.0,0.5050505050505051,0.9959493
0.0,0.5555555555555556,0.9707717
0.0,0.6060606060606061,0.937722
0.0,0.6565656565656566,0.875859
0.0,0.7070707070707071,0.7880734
0.0,0.7575757575757576,0.6977035
0.0,0.8080808080808081,0.58348304
0.0,0.8585858585858586,0.42819893
0.0,0.9090909090909092,0.27675858
0.0,0.9595959595959596,0.13098834
0.0,1.0101010101010102,-0.039309245
0.0,1.0606060606060606,-0.17846806
0.0,1.1111111111111112,-0.33401215
0.0,1.1616161616161615,-0.4693905
0.0,1.2121212121212122,-0.6053678
0.0,1.2626262626262623,-0.7216275
0.0,1.3131313131313131,-0.8264652
0.0,1.3636363636363635,-0.8962846
0.0,1.414141414141414,-0.9661584
0.0,1.4646464646464643,-0.9934209
0.0,1.5151515151515151,-1.0013831
0.0,1.5656565656565655,-0.9702039
0.0,1.616161616161616,-0.9479946
0.0,1.6666666666666667,-0.87473774
0.0,1.7171717171717171,-0.77838016
0.0,1.7676767676767675,-0.64959544
0.0,1.818181818181818,-0.53745204
0.0,1.8686868686868687,-0.40517572
0.0,1.9191919191919191,-0.24809077
0.0,1.9696969696969695,-0.10280196
0.0,2.0202020202020203,0.04784819
0.0,2.0707070707070705,0.2302669
0.0,2.121212121212121,0.3628646
0.0,2.171717171717172,0.507666
0.0,2.2222222222222223,0.6300461
0.0,2.2727272727272725,0.7769774
0.0,2.323232323232323,0.8373789
0.0,2.3737373737373737,0.91747516
0.0,2.4242424242424243,0.96267337
0.0,2.474747474747475,0.9902734
0.0,2.525252525252525,0.997635
0.0,2.575757575757576,0.9770697
0.0,2.6262626262626263,0.9174744
0.0,2.676767676767677,0.86163914
0.0,2.727272727272727,0.7476095
0.0,2.7777777777777777,0.6354277
0.0,2.8282828282828283,0.49964494
0.0,2.878787878787879,0.3720225
0.0,2.929292929292929,0.21967576
0.0,2.97979797979798,0.070180066
0.0,3.0303030303030303,-0.09603411
0.0,3.080808080808081,-0.23270205
0.0,3.131313131313131,-0.4127759
0.0,3.1818181818181817,-0.52680534
0.0,3.2323232323232323,-0.6523177
0.0,3.282828282828283,-0.76758236
0.0,3.333333333333333,-0.84384465
0.0,3.383838383838384,-0.92891616
0.0,3.4343434343434343,-0.97533596
0.0,3.484848484848485,-1.0008407
0.0,3.5353535353535355,-1.0043844
0.0,3.5858585858585856,-0.9510622
0.0,3.636363636363636,-0.9113539
0.0,3.686868686868687,-0.82733196
0.0,3.7373737373737375,-0.7340255
0.0,3.787878787878788,-0.613896
0.0,3.8383838383838382,-0.48044667
0.0,3.888888888888889,-0.3484374
0.0,3.939393939393939,-0.21131523
0.0,3.9898989898989896,-0.039235964
0.0,4.040404040404041,0.12670113
0.0,4.090909090909091,0.27834514
0.0,4.141414141414141,0.41638812
0.0,4.191919191919192,0.56120616
0.0,4.242424242424242,0.6954409
0.0,4.292929292929293,0.80100805
0.0,4.343434343434343,0.89286536
0.0,4.393939393939394,0.94551724
0.0,4.444444444444445,0.9922472
0.0,4.494949494949495,0.9950583
0.0,4.545454545454545,0.9793268
0.0,4.595959595959596,0.9609412
0.0,4.646464646464646,0.8787708
0.0,4.696969696969697,0.80629826
0.0,4.747474747474747,0.7260412
0.0,4.797979797979798,0.5977433
0.0,4.848484848484849,0.4331311
0.0,4.898989898989899,0.31691346
0.0,4.94949494949495,0.16584726
0.0,5.0,0.00028647186
0.101010101010101,0.0,0.006407553
0.101010101010101,0.0505050505050505,0.06413667
0.101010101010101,0.101010101010101,0.12581293
0.101010101010101,0.1515151515151515,0.16458894
0.101010101010101,0.202020202020202,0.21693668
0.101010101010101,0.2525252525252525,0.27051935
0.101010101010101,0.303030303030303,0.30463478
0.101010101010101,0.3535353535353535,0.3324159
0.101010101010101,0.404040404040404,0.3550182
0.101010101010101,0.4545454545454545,0.37798634
0.101010101010101,0.5050505050505051,0.3689511
0.101010101010101,0.5555555555555556,0.36036852
0.101010101010101,0.6060606060606061,0.33414507
0.101010101010101,0.6565656565656566,0.32424232
0.101010101010101,0.7070707070707071,0.2876531
0.101010101010101,0.7575757575757576,0.2594171
0.101010101010101,0.8080808080808081,0.2165129
0.101010101010101,0.8585858585858586,0.15951042
0.101010101010101,0.9090909090909092,0.10007167
0.101010101010101,0.9595959595959596,0.05199313
0.101010101010101,1.0101010101010102,-0.0118348
0.101010101010101,1.0606060606060606,-0.06742737
0.101010101010101,1.1111111111111112,-0.124883726
0.101010101010101,1.1616161616161615,-0.17176938
0.101010101010101,1.2121212121212122,-0.21715716
0.101010101010101,1.2626262626262623,-0.26767328
0.101010101010101,1.3131313131313131,-0.3000275
0.101010101010101,1.3636363636363635,-0.33154985
0.101010101010101,1.414141414141414,-0.33635643
0.101010101010101,1.4646464646464643,-0.35661834
0.101010101010101,1.5151515151515151,-0.38295677
0.101010101010101,1.5656565656565655,-0.37248713
0.101010101010101,1.616161616161616,-0.3460709
0.101010101010101,1.6666666666666667,-0.3032185
0.101010101010101,1.7171717171717171,-0.2798589
0.101010101010101,1.7676767676767675,-0.24028483
0.101010101010101,1.818181818181818,-0.18808715
0.101010101010101,1.8686868686868687,-0.147762
0.101010101010101,1.9191919191919191,-0.11073433
0.101010101010101,1.9696969696969695,-0.025822345
0.101010101010101,2.0202020202020203,0.019650659
0.101010101010101,2.0707070707070705,0.09162781
0.101010101010101,2.121212121212121,0.1302809
0.101010101010101,2.171717171717172,0.19592057
0.101010101010101,2.2222222222222223,0.22746874
0.101010101010101,2.2727272727272725,0.28846422
0.101010101010101,2.323232323232323,0.32974976
0.101010101010101,2.3737373737373737,0.35486466
0.101010101010101,2.4242424242424243,0.36130366
0.101010101010101,2.474747474747475,0.3657463
0.101010101010101,2.525252525252525,0.360522
0.101010101010101,2.575757575757576,0.35965183
0.101010101010101,2.6262626262626263,0.34384608
0.101010101010101,2.676767676767677,0.3232337
0.101010101010101,2.727272727272727,0.27422276
0.101010101010101,2.7777777777777777,0.25324345
0.101010101010101,2.8282828282828283,0.16475123
0.101010101010101,2.878787878787879,0.13297197
0.101010101010101,2.929292929292929,0.0693424
0.101010101010101,2.97979797979798,0.03152747
0.101010101010101,3.0303030303030303,-0.054082222
0.101010101010101,3.080808080808081,-0.09039052
0.101010101010101,3.131313131313131,-0.14769904
0.101010101010101,3.1818181818181817,-0.20296173
0.101010101010101,3.2323232323232323,-0.24317655
0.101010101010101,3.282828282828283,-0.29371473
0.101010101010101,3.333333333333333,-0.3178244
0.101010101010101,3.383838383838384,-0.35564983
0.101010101010101,3.4343434343434343,-0.37721014
0.101010101010101,3.484848484848485,-0.35506374
0.101010101010101,3.5353535353535355,-0.3538487
0.101010101010101,3.5858585858585856,-0.3551451
0.101010101010101,3.636363636363636,-0.35113242
0.101010101010101,3.686868686868687,-0.29966012
0.101010101010101,3.7373737373737375,-0.263317
0.101010101010101,3.787878787878788,-0.2078419
0.101010101010101,3.8383838383838382,-0.1790536
0.101010101010101,3.888888888888889,-0.12500319
0.101010101010101,3.939393939393939,-0.07789236
0.101010101010101,3.9898989898989896,-0.013783714
0.101010101010101,4.040404040404041,0.03739449
0.101010101010101,4.090909090909091,0.08805265
0.101010101010101,4.141414141414141,0.14723915
0.101010101010101,4.191919191919192,0.20402516
0.101010101010101,4.242424242424242,0.24945877
0.101010101010101,4.292929292929293,0.27863184
0.101010101010101,4.343434343434343,0.30599913
0.101010101010101,4.393939393939394,0.34999388
0.101010101010101,4.444444444444445,0.3736337
0.101010101010101,4.494949494949495,0.36340627
0.101010101010101,4.545454545454545,0.3722974
0.101010101010101,4.595959595959596,0.35946786
0.101010101010101,4.646464646464646,0.34837514
0.101010101010101,4.696969696969697,0.2913717
0.101010101010101,4.747474747474747,0.27261627
0.101010101010101,4.797979797979798,0.2154192
0.101010101010101,4.848484848484849,0.15733714
0.101010101010101,4.898989898989899,0.11872424
0.101010101010101,4.94949494949495,0.063091874
0.101010101010101,5.0,0.013537
0.202020202020202,0.0,0.0052606207
0.202020202020202,0.0505050505050505,0.04263525
0.202020202020202,0.101010101010101,0.03728167
0.202020202020202,0.1515151515151515,0.053076126
0.202020202020202,0.202020202020202,0.08258721
0.202020202020202,0.2525252525252525,0.10773368
0.202020202020202,0.303030303030303,0.12398523
0.202020202020202,0.3535353535353535,0.12660481
0.202020202020202,0.404040404040404,0.12188169
0.202020202020202,0.4545454545454545,0.124570474
0.202020202020202,0.5050505050505051,0.13120249
0.202020202020202,0.5555555555555556,0.12817764
0.202020202020202,0.6060606060606061,0.13022286
0.202020202020202,0.6565656565656566,0.12443418
0.202020202020202,0.7070707070707071,0.10687506
0.202020202020202,0.7575757575757576,0.07078285
0.202020202020202,0.8080808080808081,0.07323595
0.202020202020202,0.8585858585858586,0.06932955
0.202020202020202,0.9090909090909092,0.02055456
0.202020202020202,0.9595959595959596,0.032318406
0.202020202020202,1.0101010101010102,-0.0012260717
0.202020202020202,1.0606060606060606,-0.030773219
0.202020202020202,1.1111111111111112,-0.036222465
0.202020202020202,1.1616161616161615,-0.04930839
0.202020202020202,1.2121212121212122,-0.08421906
0.202020202020202,1.2626262626262623,-0.0833606
0.202020202020202,1.3131313131313131,-0.1118309
0.202020202020202,1.3636363636363635,-0.1344661
0.202020202020202,1.414141414141414,-0.13697188
0.202020202020202,1.4646464646464643,-0.13449417
0.202020202020202,1.5151515151515151,-0.13201559
0.202020202020202,1.5656565656565655,-0.11339036
0.202020202020202,1.616161616161616,-0.12792173
0.202020202020202,1.6666666666666667,-0.12698665
0.202020202020202,1.7171717171717171,-0.1261741
0.202020202020202,1.7676767676767675,-0.10160373
0.202020202020202,1.818181818181818,-0.07344222
0.202020202020202,1.8686868686868687,-0.053811997
0.202020202020202,1.9191919191919191,-0.032266956
0.202020202020202,1.9696969696969695,-0.00884694
0.202020202020202,2.0202020202020203,-0.00065493956
0.202020202020202,2.0707070707070705,0.032761347
0.202020202020202,2.121212121212121,0.045220103
0.202020202020202,2.171717171717172,0.07457269
0.202020202020202,2.2222222222222223,0.07880877
0.202020202020202,2.2727272727272725,0.10263838
0.202020202020202,2.323232323232323,0.1121737
0.202020202020202,2.3737373737373737,0.14023452
0.202020202020202,2.4242424242424243,0.14488482
0.202020202020202,2.474747474747475,0.12859103
0.202020202020202,2.525252525252525,0.1442798
0.202020202020202,2.575757575757576,0.1374604
0.202020202020202,2.6262626262626263,0.13099325
0.202020202020202,2.676767676767677,0.1213612
0.202020202020202,2.727272727272727,0.10796748
0.202020202020202,2.7777777777777777,0.0897522
0.202020202020202,2.8282828282828283,0.06309205
0.202020202020202,2.878787878787879,0.056244444
0.202020202020202,2.929292929292929,0.014927686
0.202020202020202,2.97979797979798,-0.0074702958
0.202020202020202,3.0303030303030303,-0.027734138
0.202020202020202,3.080808080808081,-0.029875794
0.202020202020202,3.131313131313131,-0.055844508
0.202020202020202,3.1818181818181817,-0.06579727
0.202020202020202,3.2323232323232323,-0.10678086
0.202020202020202,3.282828282828283,-0.10677829
0.202020202020202,3.333333333333333,-0.11077371
0.202020202020202,3.383838383838384,-0.12681046
0.202020202020202,3.4343434343434343,-0.12022382
0.202020202020202,3.484848484848485,-0.1335487
0.202020202020202,3.5353535353535355,-0.15510577
0.202020202020202,3.5858585858585856,-0.13106634
0.202020202020202,3.636363636363636,-0.13765658
0.202020202020202,3.686868686868687,-0.10711207
0.202020202020202,3.7373737373737375,-0.12587802
0.202020202020202,3.787878787878788,-0.084414005
0.202020202020202,3.8383838383838382,-0.067426786
0.202020202020202,3.888888888888889,-0.05404245
0.202020202020202,3.939393939393939,-0.008677041
0.202020202020202,3.9898989898989896,-0.00374113
0.202020202020202,4.040404040404041,0.029167756
0.202020202020202,4.090909090909091,0.057736136
0.202020202020202,4.141414141414141,0.06581182
0.202020202020202,4.191919191919192,0.08702484
0.202020202020202,4.242424242424242,0.0981132
0.202020202020202,4.292929292929293,0.11992362
0.202020202020202,4.343434343434343,0.12271705
0.202020202020202,4.393939393939394,0.12831339
0.202020202020202,4.444444444444445,0.14383309
0.202020202020202,4.494949494949495,0.12600094
0.202020202020202,4.545454545454545,0.12936369
0.202020202020202,4.595959595959596,0.12561771
0.202020202020202,4.646464646464646,0.11887028
0.202020202020202,4.696969696969697,0.10962734
0.202020202020202,4.747474747474747,0.08989714
0.202020202020202,4.797979797979798,0.08025998
0.202020202020202,4.848484848484849,0.08260362
0.202020202020202,4.898989898989899,0.045028433
0.202020202020202,4.94949494949495,0.030879257
0.202020202020202,5.0,0.0071223634
0.303030303030303,0.0,-0.00031765542
0.303030303030303,0.0505050505050505,0.008955626
0.303030303030303,0.101010101010101,0.029112022
0.303030303030303,0.1515151515151515,0.030157555
0.303030303030303,0.202020202020202,0.033830326
0.303030303030303,0.2525252525252525,0.028671507
0.303030303030303,0.303030303030303,0.04926791
0.303030303030303,0.3535353535353535,0.03543623
0.303030303030303,0.404040404040404,0.052518044
0.303030303030303,0.4545454545454545,0.06219723
0.303030303030303,0.5050505050505051,0.027176356
0.303030303030303,0.5555555555555556,0.03661547
0.303030303030303,0.6060606060606061,0.049283043
0.303030303030303,0.6565656565656566,0.023023434
0.303030303030303,0.7070707070707071,0.03864442
0.303030303030303,0.7575757575757576,0.024267243
0.303030303030303,0.8080808080808081,0.02084626
0.303030303030303,0.8585858585858586,0.021043409
0.303030303030303,0.9090909090909092,0.026204936
0.303030303030303,0.9595959595959596,-0.0034637484
0.303030303030303,1.0101010101010102,0.0027401221
0.303030303030303,1.0606060606060606,-0.016681358
0.303030303030303,1.1111111111111112,-0.006632055
0.303030303030303,1.1616161616161615,-0.038964268
0.303030303030303,1.2121212121212122,-0.0264096
0.303030303030303,1.2626262626262623,-0.03319768
0.303030303030303,1.3131313131313131,-0.04188134
0.303030303030303,1.3636363636363635,-0.04491148
0.303030303030303,1.414141414141414,-0.04464913
0.303030303030303,1.4646464646464643,-0.04288702
0.303030303030303,1.5151515151515151,-0.06742783
0.303030303030303,1.5656565656565655,-0.057617445
0.303030303030303,1.616161616161616,-0.042587403
0.303030303030303,1.6666666666666667,-0.040856972
0.303030303030303,1.7171717171717171,-0.04487061
0.303030303030303,1.7676767676767675,-0.032676764
0.303030303030303,1.818181818181818,-0.018312184
0.303030303030303,1.8686868686868687,-0.018321423
0.303030303030303,1.9191919191919191,-0.0047558146
0.303030303030303,1.9696969696969695,-0.005355557
0.303030303030303,2.0202020202020203,0.008853563
0.303030303030303,2.0707070707070705,0.0039724885
0.303030303030303,2.121212121212121,0.0138001535
0.303030303030303,2.171717171717172,0.026312102
0.303030303030303,2.2222222222222223,0.038382724
0.303030303030303,2.2727272727272725,0.05428341
0.303030303030303,2.323232323232323,0.041849572
0.303030303030303,2.3737373737373737,0.057190366
0.303030303030303,2.4242424242424243,0.058309015
0.303030303030303,2.474747474747475,0.04332343
0.303030303030303,2.525252525252525,0.044359557
0.303030303030303,2.575757575757576,0.045528185
0.303030303030303,2.6262626262626263,0.03840681
0.303030303030303,2.676767676767677,0.046449125
0.303030303030303,2.727272727272727,0.038853824
0.303030303030303,2.7777777777777777,0.019883804
0.303030303030303,2.8282828282828283,0.022608606
0.303030303030303,2.878787878787879,0.01023143
0.303030303030303,2.929292929292929,0.0055566463
0.303030303030303,2.97979797979798,0.023076521
0.303030303030303,3.0303030303030303,0.0142267635
0.303030303030303,3.080808080808081,0.00433118
0.303030303030303,3.131313131313131,-0.019864969
0.303030303030303,3.1818181818181817,-0.02891969
0.303030303030303,3.2323232323232323,-0.05123861
0.303030303030303,3.282828282828283,-0.046046037
0.303030303030303,3.333333333333333,-0.047462363
0.303030303030303,3.383838383838384,-0.02807073
0.303030303030303,3.4343434343434343,-0.051367067
0.303030303030303,3.484848484848485,-0.04852785
0.303030303030303,3.5353535353535355,-0.02849648
0.303030303030303,3.5858585858585856,-0.031385243
0.303030303030303,3.636363636363636,-0.042247962
0.303030303030303,3.686868686868687,-0.035410024
0.303030303030303,3.7373737373737375,-0.038951136
0.303030303030303,3.787878787878788,-0.024207434
0.303030303030303,3.8383838383838382,-0.025827179
0.303030303030303,3.888888888888889,-0.028993249
0.303030303030303,3.939393939393939,-0.022338748
0.303030303030303,3.9898989898989896,0.0028906001
0.303030303030303,4.040404040404041,0.00045361277
0.303030303030303,4.090909090909091,0.022697061
0.303030303030303,4.141414141414141,0.016695555
0.303030303030303,4.191919191919192,0.024898918
0.303030303030303,4.242424242424242,0.041338667
0.303030303030303,4.292929292929293,0.03924261
0.303030303030303,4.343434343434343,0.04219501
0.303030303030303,4.393939393939394,0.04914739
0.303030303030303,4.444444444444445,0.06418742
0.303030303030303,4.494949494949495,0.040850572
0.303030303030303,4.545454545454545,0.043723125
0.303030303030303,4.595959595959596,0.0469853
0.303030303030303,4.646464646464646,0.035170164
0.303030303030303,4.696969696969697,0.016046029
0.303030303030303,4.747474747474747,0.0324981
0.303030303030303,4.797979797979798,0.0382281
0.303030303030303,4.848484848484849,0.03289933
0.303030303030303,4.898989898989899,0.012359236
0.303030303030303,4.94949494949495,-0.00013697334
0.303030303030303,5.0,0.008243642
0.404040404040404,0.0,0.00024699923
0.404040404040404,0.0505050505050505,-0.0077118305
0.404040404040404,0.101010101010101,-0.0018162224
0.404040404040404,0.1515151515151515,0.0044213575
0.404040404040404,0.202020202020202,0.020617321
0.404040404040404,0.2525252525252525,0.011788328
0.404040404040404,0.303030303030303,0.016630974
0.404040404040404,0.3535353535353535,0.016225457
0.404040404040404,0.404040404040404,0.02715182
0.404040404040404,0.4545454545454545,0.0025291778
0.404040404040404,0.5050505050505051,0.028410919
0.404040404040404,0.5555555555555556,0.029717006
0.404040404040404,0.6060606060606061,0.016104054
0.404040404040404,0.6565656565656566,0.01358046
0.404040404040404,0.7070707070707071,0.012822848
0.404040404040404,0.7575757575757576,0.020563228
0.404040404040404,0.8080808080808081,0.017353155
0.404040404040404,0.8585858585858586,-0.005276653
0.404040404040404,0.9090909090909092,6.305659e-05
0.404040404040404,0.9595959595959596,0.008349115
0.404040404040404,1.0101010101010102,-0.0052905064
0.404040404040404,1.0606060606060606,-0.0095955245
0.404040404040404,1.1111111111111112,-0.0068036444
0.404040404040404,1.1616161616161615,-0.02547244
0.404040404040404,1.2121212121212122,-0.016295154
0.404040404040404,1.2626262626262623,-0.021023713
0.404040404040404,1.3131313131313131,-0.012294668
0.404040404040404,1.3636363636363635,-0.015450809
0.404040404040404,1.414141414141414,-0.0075233467
0.404040404040404,1.4646464646464643,-0.024692092
0.404040404040404,1.5151515151515151,-0.02367188
0.404040404040404,1.5656565656565655,-0.011246018
0.404040404040404,1.616161616161616,-0.022260927
0.404040404040404,1.6666666666666667,-0.0046916837
0.404040404040404,1.7171717171717171,-0.01900968
0.404040404040404,1.7676767676767675,0.0018365895
0.404040404040404,1.818181818181818,-0.0015393514
0.404040404040404,1.8686868686868687,-0.007912951
0.404040404040404,1.9191919191919191,0.0020288257
0.404040404040404,1.9696969696969695,0.008667276
0.404040404040404,2.0202020202020203,0.008075021
0.404040404040404,2.0707070707070705,-0.009044359
0.404040404040404,2.121212121212121,0.007269387
0.404040404040404,2.171717171717172,-0.0021775272
0.404040404040404,2.2222222222222223,0.010886687
0.404040404040404,2.2727272727272725,0.025907818
0.404040404040404,2.323232323232323,0.02336252
0.404040404040404,2.3737373737373737,0.009639209
0.404040404040404,2.4242424242424243,0.004180447
0.404040404040404,2.474747474747475,0.023352358
0.404040404040404,2.525252525252525,0.008463346
0.404040404040404,2.575757575757576,0.018348781
0.404040404040404,2.6262626262626263,0.012810299
0.404040404040404,2.676767676767677,0.005937597
0.404040404040404,2.727272727272727,0.007592493
0.404040404040404,2.7777777777777777,0.020184431
0.404040404040404,2.8282828282828283,0.025438543
0.404040404040404,2.878787878787879,0.0056832177
0.404040404040404,2.929292929292929,-0.0007452173
0.404040404040404,2.97979797979798,0.002308983
0.404040404040404,3.0303030303030303,-0.0009910167
0.404040404040404,3.080808080808081,-0.013884906
0.404040404040404,3.131313131313131,-0.02005403
0.404040404040404,3.1818181818181817,0.00083599146
0.404040404040404,3.2323232323232323,-0.0013967929
0.404040404040404,3.282828282828283,-0.021228213
0.404040404040404,3.333333333333333,-0.015397376
0.404040404040404,3.383838383838384,-0.01732867
0.404040404040404,3.4343434343434343,-0.016528314
0.404040404040404,3.484848484848485,-0.006561378
0.404040404040404,3.5353535353535355,-0.03148925
0.404040404040404,3.5858585858585856,-0.031911243
0.404040404040404,3.636363636363636,-0.027463563
0.404040404040404,3.686868686868687,-0.012380178
0.404040404040404,3.7373737373737375,-0.009470189
0.404040404040404,3.787878787878788,-0.018636025
0.404040404040404,3.8383838383838382,0.019324638
0.404040404040404,3.888888888888889,0.013193017
0.404040404040404,3.939393939393939,0.016977726
0.404040404040404,3.9898989898989896,-0.01146868
0.404040404040404,4.040404040404041,0.018564217
0.404040404040404,4.090909090909091,0.01373653
0.404040404040404,4.141414141414141,0.003964544
0.404040404040404,4.191919191919192,0.00442613
0.404040404040404,4.242424242424242,0.007714465
0.404040404040404,4.292929292929293,0.008570083
0.404040404040404,4.343434343434343,-0.00012653135
0.404040404040404,4.393939393939394,0.0071600713
0.404040404040404,4.444444444444445,0.013757209
0.404040404040404,4.494949494949495,0.017809967
0.404040404040404,4.545454545454545,0.012873682
0.404040404040404,4.595959595959596,0.0062802294
0.404040404040404,4.646464646464646,0.012125961
0.404040404040404,4.696969696969697,0.014799292
0.404040404040404,4.747474747474747,0.017045058
0.404040404040404,4.797979797979798,0.010545978
0.404040404040404,4.848484848484849,0.02029584
0.404040404040404,4.898989898989899,0.002471434
0.404040404040404,4.94949494949495,0.009424698
0.404040404040404,5.0,0.0009495851
0.5050505050505051,0.0,-0.0075258743
0.5050505050505051,0.0505050505050505,-0.005391224
0.5050505050505051,0.101010101010101,-0.010687625
0.5050505050505051,0.1515151515151515,0.022788191
0.5050505050505051,0.202020202020202,-0.005581702
0.5050505050505051,0.2525252525252525,-0.020791559
0.5050505050505051,0.303030303030303,0.012669604
0.5050505050505051,0.3535353535353535,0.014328979
0.5050505050505051,0.404040404040404,0.012748074
0.5050505050505051,0.4545454545454545,0.011004396
0.5050505050505051,0.5050505050505051,0.0034523369
0.5050505050505051,0.5555555555555556,0.011917967
0.5050505050505051,0.6060606060606061,-0.00717183
0.5050505050505051,0.6565656565656566,0.007960642
0.5050505050505051,0.7070707070707071,-0.00065859593
0.5050505050505051,0.7575757575757576,0.00635399
0.5050505050505051,0.8080808080808081,0.018981643
0.5050505050505051,0.8585858585858586,0.005063778
0.5050505050505051,0.9090909090909092,-0.005324346
0.5050505050505051,0.9595959595959596,-0.008661564
0.5050505050505051,1.0101010101010102,0.0049998546
0.5050505050505051,1.0606060606060606,-0.0059335646
0.5050505050505051,1.1111111111111112,-0.0005163894
0.5050505050505051,1.1616161616161615,-0.007193254
0.5050505050505051,1.2121212121212122,-0.022136323
0.5050505050505051,1.2626262626262623,-0.004093278
0.5050505050505051,1.3131313131313131,-0.024849162
0.5050505050505051,1.3636363636363635,-0.012645619
0.5050505050505051,1.414141414141414,0.006843727
0.5050505050505051,1.4646464646464643,-0.019722331
0.5050505050505051,1.5151515151515151,0.00082800956
0.5050505050505051,1.5656565656565655,-0.00024314038
0.5050505050505051,1.616161616161616,-0.0028584485
0.5050505050505051,1.6666666666666667,-0.032400385
0.5050505050505051,1.7171717171717171,-0.019885901
0.5050505050505051,1.7676767676767675,-0.014274534
0.5050505050505051,1.818181818181818,-0.0011588517
0.5050505050505051,1.8686868686868687,-0.0045338315
0.5050505050505051,1.9191919191919191,0.010274444
0.5050505050505051,1.9696969696969695,-0.0049425624
0.5050505050505051,2.0202020202020203,0.0105368
0.5050505050505051,2.0707070707070705,0.0076178056
0.5050505050505051,2.121212121212121,0.014751367
0.5050505050505051,2.171717171717172,-0.0025617664
0.5050505050505051,2.2222222222222223,-0.012977959
0.5050505050505051,2.2727272727272725,0.0039174594
0.5050505050505051,2.323232323232323,-0.007844172
0.5050505050505051,2.3737373737373737,0.017428376
0.5050505050505051,2.4242424242424243,0.00042134477
0.5050505050505051,2.474747474747475,-0.0010711476
0.5050505050505051,2.525252525252525,0.005142422
0.5050505050505051,2.575757575757576,0.023082457
0.5050505050505051,2.6262626262626263,0.026381794
0.5050505050505051,2.676767676767677,-0.0067170435
0.5050505050505051,2.727272727272727,0.01635967
0.5050505050505051,2.7777777777777777,0.022130847
0.5050505050505051,2.8282828282828283,-0.017201928
0.5050505050505051,2.878787878787879,-0.0015822733
0.5050505050505051,2.929292929292929,-0.008262152
0.5050505050505051,2.97979797979798,9.761908e-05
0.5050505050505051,3.0303030303030303,0.017944586
0.5050505050505051,3.080808080808081,0.024503067
0.5050505050505051,3.131313131313131,0.0009472859
0.5050505050505051,3.1818181818181817,0.00010380987
0.5050505050505051,3.2323232323232323,-0.0025723514
0.5050505050505051,3.282828282828283,-0.0076714414
0.5050505050505051,3.333333333333333,-0.0028914176
0.5050505050505051,3.383838383838384,-0.010892376
0.5050505050505051,3.4343434343434343,-0.001958102
0.5050505050505051,3.484848484848485,-0.00033106748
0.5050505050505051,3.5353535353535355,0.004862358
0.5050505050505051,3.5858585858585856,-0.0064254226
0.5050505050505051,3.636363636363636,-0.0008979994
0.5050505050505051,3.686868686868687,-0.011731946
0.5050505050505051,3.7373737373737375,-0.006768807
0.5050505050505051,3.787878787878788,0.0018625078
0.5050505050505051,3.8383838383838382,-0.0113587985
0.5050505050505051,3.888888888888889,-0.013549169
0.5050505050505051,3.939393939393939,0.00066151517
0.5050505050505051,3.9898989898989896,-0.00803227
0.5050505050505051,4.040404040404041,-0.01703262
0.5050505050505051,4.090909090909091,-0.0006880702
0.5050505050505051,4.141414141414141,-0.0014617688
0.5050505050505051,4.191919191919192,0.025728222
0.5050505050505051,4.242424242424242,-7.9324935e-05
0.5050505050505051,4.292929292929293,-0.007426987
0.5050505050505051,4.343434343434343,0.013419888
0.5050505050505051,4.393939393939394,0.0068048146
0.5050505050505051,4.444444444444445,0.0036152932
0.5050505050505051,4.494949494949495,0.004299567
0.5050505050505051,4.545454545454545,-0.005282823
0.5050505050505051,4.595959595959596,-0.0030084886
0.5050505050505051,4.646464646464646,0.0067433175
0.5050505050505051,4.696969696969697,0.0064260866
0.5050505050505051,4.747474747474747,0.012357635
0.5050505050505051,4.797979797979798,0.0024211637
0.5050505050505051,4.848484848484849,-0.0059502986
0.5050505050505051,4.898989898989899,0.0052649477
0.5050505050505051,4.94949494949495,0.009131552
0.5050505050505051,5.0,-0.011133604
0.6060606060606061,0.0,0.0049816263
0.6060606060606061,0.0505050505050505,-0.011600624
0.6060606060606061,0.101010101010101,0.0020589652
0.6060606060606061,0.1515151515151515,0.0055606076
0.6060606060606061,0.202020202020202,0.007874715
0.6060606060606061,0.2525252525252525,0.003397325
0.6060606060606061,0.303030303030303,0.019754644
0.6060606060606061,0.3535353535353535,0.008530416
0.6060606060606061,0.404040404040404,-0.016325556
0.6060606060606061,0.4545454545454545,0.0257582
0.6060606060606061,0.5050505050505051,-0.0066793887
0.6060606060606061,0.5555555555555556,0.009147629
0.6060606060606061,0.6060606060606061,-0.0020166752
0.6060606060606061,0.6565656565656566,-0.020954037
0.6060606060606061,0.7070707070707071,0.014954997
0.6060606060606061,0.7575757575757576,0.0039690686
0.6060606060606061,0.8080808080808081,-0.0070516774
0.6060606060606061,0.8585858585858586,0.017574582
0.6060606060606061,0.9090909090909092,0.016717015
0.6060606060606061,0.9595959595959596,-0.000466267
0.6060606060606061,1.0101010101010102,0.0042303507
0.6060606060606061,1.0606060606060606,0.0032057015
0.6060606060606061,1.1111111111111112,0.006774431
0.6060606060606061,1.1616161616161615,0.010564654
0.6060606060606061,1.2121212121212122,-0.0056986134
0.6060606060606061,1.2626262626262623,0.0033293634
0.6060606060606061,1.3131313131313131,-0.009117471
0.6060606060606061,1.3636363636363635,-0.006620082
0.6060606060606061,1.414141414141414,-0.0010187747
0.6060606060606061,1.4646464646464643,-0.0017982449
0.6060606060606061,1.5151515151515151,0.0031115527
0.6060606060606061,1.5656565656565655,-0.008257675
0.6060606060606061,1.616161616161616,-0.013196688
0.6060606060606061,1.6666666666666667,-0.006075834
0.6060606060606061,1.7171717171717171,0.006166461
0.6060606060606061,1.7676767676767675,0.013297703
0.6060606060606061,1.818181818181818,-0.00092606957
0.6060606060606061,1.8686868686868687,0.013430948
0.6060606060606061,1.9191919191919191,0.0016861812
0.6060606060606061,1.9696969696969695,0.0048249825
0.6060606060606061,2.0202020202020203,-0.0126268305
0.6060606060606061,2.0707070707070705,0.00017197369
0.6060606060606061,2.121212121212121,0.020076396
0.6060606060606061,2.171717171717172,0.004675398
0.6060606060606061,2.2222222222222223,0.0028734957
0.6060606060606061,2.2727272727272725,-0.0057133697
0.6060606060606061,2.323232323232323,-0.0097601805
0.6060606060606061,2.3737373737373737,0.010084868
0.6060606060606061,2.4242424242424243,0.007010866
0.6060606060606061,2.474747474747475,0.0050202003
0.6060606060606061,2.525252525252525,-0.011094074
0.6060606060606061,2.575757575757576,0.020472007
0.6060606060606061,2.6262626262626263,0.0015853758
0.6060606060606061,2.676767676767677,0.00057900336
0.6060606060606061,2.727272727272727,-0.0068003098
0.6060606060606061,2.7777777777777777,-0.004788038
0.6060606060606061,2.8282828282828283,-0.0028486762
0.6060606060606061,2.878787878787879,-0.005963993
0.6060606060606061,2.929292929292929,-0.0017433135
0.6060606060606061,2.97979797979798,-0.021562703
0.6060606060606061,3.0303030303030303,0.0006368313
0.6060606060606061,3.080808080808081,0.010303738
0.6060606060606061,3.131313131313131,-0.0021894905
0.6060606060606061,3.1818181818181817,-0.0043514627
0.6060606060606061,3.2323232323232323,-0.01121969
0.6060606060606061,3.282828282828283,-0.0028843717
0.6060606060606061,3.333333333333333,-0.01235312
0.6060606060606061,3.383838383838384,-0.0024353287
0.6060606060606061,3.4343434343434343,-0.007653526
0.6060606060606061,3.484848484848485,0.0058734473
0.6060606060606061,3.5353535353535355,-0.0019240543
0.6060606060606061,3.5858585858585856,-0.019116025
0.6060606060606061,3.636363636363636,0.018999575
0.6060606060606061,3.686868686868687,-0.017283574
0.6060606060606061,3.7373737373737375,-0.0004674421
0.6060606060606061,3.787878787878788,-0.01335832
0.6060606060606061,3.8383838383838382,-0.0065249796
0.6060606060606061,3.888888888888889,0.008761612
0.6060606060606061,3.939393939393939,0.002316554
0.6060606060606061,3.9898989898989896,-0.005798299
0.6060606060606061,4.040404040404041,-0.027616663
0.6060606060606061,4.090909090909091,-0.0064002164
0.6060606060606061,4.141414141414141,0.006320382
0.6060606060606061,4.191919191919192,-0.015673768
0.6060606060606061,4.242424242424242,0.010127191
0.6060606060606061,4.292929292929293,-0.00068928394
0.6060606060606061,4.343434343434343,0.0034561427
0.6060606060606061,4.393939393939394,0.011143485
0.6060606060606061,4.444444444444445,0.00399978
0.6060606060606061,4.494949494949495,0.009918454
0.6060606060606061,4.545454545454545,0.00523017
0.6060606060606061,4.595959595959596,0.029723283
0.6060606060606061,4.646464646464646,0.006582291
0.6060606060606061,4.696969696969697,-0.0010351494
0.6060606060606061,4.747474747474747,0.0008336248
0.6060606060606061,4.797979797979798,0.016916247
0.6060606060606061,4.848484848484849,6.949995e-05
0.6060606060606061,4.898989898989899,-0.0034012094
0.6060606060606061,4.94949494949495,0.0147833135
0.6060606060606061,5.0,-0.0070684263
0.7070707070707071,0.0,-0.012519514
0.7070707070707071,0.0505050505050505,0.030397693
0.7070707070707071,0.101010101010101,0.013753309
0.7070707070707071,0.1515151515151515,0.0089829955
0.7070707070707071,0.202020202020202,0.0037727018
0.7070707070707071,0.2525252525252525,0.005124578
0.7070707070707071,0.303030303030303,0.015988527
0.7070707070707071,0.3535353535353535,0.013639689
0.7070707070707071,0.404040404040404,-0.00027192943
0.7070707070707071,0.4545454545454545,0.014627571
0.7070707070707071,0.5050505050505051,-0.0038778065
0.7070707070707071,0.5555555555555556,-0.008986084
0.7070707070707071,0.6060606060606061,-0.012761363
0.7070707070707071,0.6565656565656566,0.00090329966
0.7070707070707071,0.7070707070707071,-0.0033171969
0.7070707070707071,0.7575757575757576,-0.0064679184
0.7070707070707071,0.8080808080808081,-0.0029674685
0.7070707070707071,0.8585858585858586,0.0041979244
0.7070707070707071,0.9090909090909092,0.010255528
0.7070707070707071,0.9595959595959596,0.012869799
0.7070707070707071,1.0101010101010102,0.009565366
0.7070707070707071,1.0606060606060606,0.0008587761
0.7070707070707071,1.1111111111111112,0.007971692
0.7070707070707071,1.1616161616161615,0.020468308
0.7070707070707071,1.2121212121212122,0.0073771616
0.7070707070707071,1.2626262626262623,0.0021084342
0.7070707070707071,1.3131313131313131,0.0010887797
0.7070707070707071,1.3636363636363635,0.0026996357
0.7070707070707071,1.414141414141414,8.380914e-06
0.7070707070707071,1.4646464646464643,0.016496602
0.7070707070707071,1.5151515151515151,-0.013590649
0.7070707070707071,1.5656565656565655,0.0029796655
0.7070707070707071,1.616161616161616,0.0025584125
0.7070707070707071,1.6666666666666667,-0.015397507
0.7070707070707071,1.7171717171717171,-0.015659692
0.7070707070707071,1.7676767676767675,-0.0028350754
0.7070707070707071,1.818181818181818,0.0017486399
0.7070707070707071,1.8686868686868687,-0.0011459976
0.7070707070707071,1.9191919191919191,0.009622952
0.7070707070707071,1.9696969696969695,0.0126948
0.7070707070707071,2.0202020202020203,0.0029406103
0.7070707070707071,2.0707070707070705,0.008895758
0.7070707070707071,2.121212121212121,-0.007750783
0.7070707070707071,2.171717171717172,-0.013820016
0.7070707070707071,2.2222222222222223,0.0051890397
0.7070707070707071,2.2727272727272725,0.0060134544
0.7070707070707071,2.323232323232323,-0.012823119
0.7070707070707071,2.3737373737373737,0.02042184
0.7070707070707071,2.4242424242424243,0.018590327
0.7070707070707071,2.474747474747475,-0.008929224
0.7070707070707071,2.525252525252525,-0.011441996
0.7070707070707071,2.575757575757576,-0.022113321
0.7070707070707071,2.6262626262626263,0.0008492632
0.7070707070707071,2.676767676767677,-0.0077025746
0.7070707070707071,2.727272727272727,-0.015889794
0.7070707070707071,2.7777777777777777,0.0036617862
0.7070707070707071,2.8282828282828283,0.012299034
0.7070707070707071,2.878787878787879,0.0036065443
0.7070707070707071,2.929292929292929,-0.003689208
0.7070707070707071,2.97979797979798,0.028602898
0.7070707070707071,3.0303030303030303,0.008155087
0.7070707070707071,3.080808080808081,0.007749478
0.7070707070707071,3.131313131313131,0.018516678
0.7070707070707071,3.1818181818181817,0.0054309173
0.7070707070707071,3.2323232323232323,7.5321004e-05
0.7070707070707071,3.282828282828283,-0.016757468
0.7070707070707071,3.333333333333333,-0.005105087
0.7070707070707071,3.383838383838384,0.0048912494
0.7070707070707071,3.4343434343434343,0.002531689
0.7070707070707071,3.484848484848485,-0.031946693
0.7070707070707071,3.5353535353535355,-0.015513177
0.7070707070707071,3.5858585858585856,-0.015216262
0.7070707070707071,3.636363636363636,-0.0069187656
0.7070707070707071,3.686868686868687,-0.0033730776
0.7070707070707071,3.7373737373737375,-0.007874599
0.7070707070707071,3.787878787878788,-0.004434244
0.7070707070707071,3.8383838383838382,0.0047805393
0.7070707070707071,3.888888888888889,-0.008530426
0.7070707070707071,3.939393939393939,-0.004885013
0.7070707070707071,3.9898989898989896,0.0059868624
0.7070707070707071,4.040404040404041,-0.0027071673
0.7070707070707071,4.090909090909091,0.007955167
0.7070707070707071,4.141414141414141,-0.0072684875
0.7070707070707071,4.191919191919192,-0.008966541
0.7070707070707071,4.242424242424242,0.00081211515
0.7070707070707071,4.292929292929293,0.001544179
0.7070707070707071,4.343434343434343,0.0082696555
0.7070707070707071,4.393939393939394,0.0143353
0.7070707070707071,4.444444444444445,0.0021857563
0.7070707070707071,4.494949494949495,-0.023589142
0.7070707070707071,4.545454545454545,0.00508197
0.7070707070707071,4.595959595959596,0.019915031
0.7070707070707071,4.646464646464646,-0.006511909
0.7070707070707071,4.696969696969697,0.0012055053
0.7070707070707071,4.747474747474747,-0.014547186
0.7070707070707071,4.797979797979798,0.0040307837
0.7070707070707071,4.848484848484849,0.0078286985
0.7070707070707071,4.898989898989899,0.0144527145
0.7070707070707071,4.94949494949495,0.006981188
0.7070707070707071,5.0,-0.0013825182
0.8080808080808081,0.0,0.009212995
0.8080808080808081,0.0505050505050505,0.005336765
0.8080808080808081,0.101010101010101,2.499458e-05
0.8080808080808081,0.1515151515151515,-0.014335779
0.8080808080808081,0.202020202020202,-0.00584798
0.8080808080808081,0.2525252525252525,-0.0015474238
0.8080808080808081,0.303030303030303,0.0022756418
0.8080808080808081,0.3535353535353535,-0.012153901
0.8080808080808081,0.404040404040404,-0.0038176943
0.8080808080808081,0.4545454545454545,0.014899005
0.8080808080808081,0.5050505050505051,0.0036602952
0.8080808080808081,0.5555555555555556,-0.009662427
0.8080808080808081,0.6060606060606061,-0.006594629
0.8080808080808081,0.6565656565656566,-0.0044168597
0.8080808080808081,0.7070707070707071,-0.012620756
0.8080808080808081,0.7575757575757576,0.011000063
0.8080808080808081,0.8080808080808081,-0.01047247
0.8080808080808081,0.8585858585858586,-0.019745661
0.8080808080808081,0.9090909090909092,0.003069991
0.8080808080808081,0.9595959595959596,0.004388107
0.8080808080808081,1.0101010101010102,2.3025004e-05
0.8080808080808081,1.0606060606060606,-0.010305211
0.8080808080808081,1.1111111111111112,0.002122888
0.8080808080808081,1.1616161616161615,-0.0077219415
0.8080808080808081,1.2121212121212122,0.013463284
0.8080808080808081,1.2626262626262623,-0.003449914
0.8080808080808081,1.3131313131313131,-0.009417165
0.8080808080808081,1.3636363636363635,0.018879358
0.8080808080808081,1.414141414141414,-0.016846243
0.8080808080808081,1.4646464646464643,0.021135567
0.8080808080808081,1.5151515151515151,-0.006947549
0.8080808080808081,1.5656565656565655,0.0007987418
0.8080808080808081,1.616161616161616,-0.0025268216
0.8080808080808081,1.6666666666666667,0.006820384
0.8080808080808081,1.7171717171717171,0.0031490289
0.8080808080808081,1.7676767676767675,0.015656658
0.8080808080808081,1.818181818181818,-0.0036746564
0.8080808080808081,1.8686868686868687,-0.0047170366
0.8080808080808081,1.9191919191919191,-0.012408416
0.8080808080808081,1.9696969696969695,-0.0060134516
0.8080808080808081,2.0202020202020203,-0.0027936646
0.8080808080808081,2.0707070707070705,0.0006039363
0.8080808080808081,2.121212121212121,0.004377554
0.8080808080808081,2.171717171717172,0.0050024386
0.8080808080808081,2.2222222222222223,0.0051023318
0.8080808080808081,2.2727272727272725,0.010342224
0.8080808080808081,2.323232323232323,-0.005657902
0.8080808080808081,2.3737373737373737,0.0042434405
0.8080808080808081,2.4242424242424243,0.008563781
0.8080808080808081,2.474747474747475,-0.008517597
0.8080808080808081,2.525252525252525,0.015143762
0.8080808080808081,2.575757575757576,0.008725627
0.8080808080808081,2.6262626262626263,-0.001683389
0.8080808080808081,2.676767676767677,0.010241676
0.8080808080808081,2.727272727272727,0.0074616945
0.8080808080808081,2.7777777777777777,-0.0011203133
0.8080808080808081,2.8282828282828283,-0.013891394
0.8080808080808081,2.878787878787879,-0.02348185
0.8080808080808081,2.929292929292929,-0.0028291903
0.8080808080808081,2.97979797979798,-0.00131278
0.8080808080808081,3.0303030303030303,-0.0016020152
0.8080808080808081,3.080808080808081,0.0112971
0.8080808080808081,3.131313131313131,-0.0026430557
0.8080808080808081,3.1818181818181817,0.01651868
0.8080808080808081,3.2323232323232323,-0.0056819487
0.8080808080808081,3.282828282828283,-0.021848476
0.8080808080808081,3.333333333333333,-0.01690572
0.8080808080808081,3.383838383838384,-0.0069586057
0.8080808080808081,3.4343434343434343,0.003321391
0.8080808080808081,3.484848484848485,-0.0043354305
0.8080808080808081,3.5353535353535355,0.0046257223
0.8080808080808081,3.5858585858585856,-0.024023065
0.8080808080808081,3.636363636363636,-0.005927443
0.8080808080808081,3.686868686868687,-0.006235372
0.8080808080808081,3.7373737373737375,0.012434723
0.8080808080808081,3.787878787878788,0.012691908
0.8080808080808081,3.8383838383838382,-0.011922838
0.8080808080808081,3.888888888888889,-0.0009008144
0.8080808080808081,3.939393939393939,-0.0097708255
0.8080808080808081,3.9898989898989896,0.014712784
0.8080808080808081,4.040404040404041,0.014152084
0.8080808080808081,4.090909090909091,-0.013046814
0.8080808080808081,4.141414141414141,-0.0130143855
0.8080808080808081,4.191919191919192,-0.01232952
0.8080808080808081,4.242424242424242,-0.0156068485
0.8080808080808081,4.292929292929293,-0.025173083
0.8080808080808081,4.343434343434343,0.014022122
0.8080808080808081,4.393939393939394,-0.005054565
0.8080808080808081,4.444444444444445,0.0077169817
0.8080808080808081,4.494949494949495,-0.008161588
0.8080808080808081,4.545454545454545,0.0007013104
0.8080808080808081,4.595959595959596,0.01373501
0.8080808080808081,4.646464646464646,0.00950802
0.8080808080808081,4.696969696969697,-0.0035075005
0.8080808080808081,4.747474747474747,-0.015352731
0.8080808080808081,4.797979797979798,-0.0078056958
0.8080808080808081,4.848484848484849,-0.0069535463
0.8080808080808081,4.898989898989899,-0.0037593888
0.8080808080808081,4.94949494949495,0.009632636
0.8080808080808081,5.0,-0.008225309
0.9090909090909092,0.0,-0.023908049
0.9090909090909092,0.0505050505050505,0.0032425225
0.9090909090909092,0.101010101010101,0.018793473
0.9090909090909092,0.1515151515151515,0.011101123
0.9090909090909092,0.202020202020202,-0.005148538
0.9090909090909092,0.2525252525252525,-0.0073113856
0.9090909090909092,0.303030303030303,0.0017269088
0.9090909090909092,0.3535353535353535,-0.0022563036
0.9090909090909092,0.404040404040404,0.0052204933
0.9090909090909092,0.4545454545454545,0.016831825
0.9090909090909092,0.5050505050505051,0.016047902
0.9090909090909092,0.5555555555555556,-0.0040369807
0.9090909090909092,0.6060606060606061,0.018739333
0.9090909090909092,0.6565656565656566,-0.0106671
0.9090909090909092,0.7070707070707071,0.008949521
0.9090909090909092,0.7575757575757576,-0.008254555
0.9090909090909092,0.8080808080808081,0.010372686
0.9090909090909092,0.8585858585858586,-0.008626458
0.9090909090909092,0.9090909090909092,-0.0056658597
0.9090909090909092,0.9595959595959596,0.0032492806
0.9090909090909092,1.0101010101010102,0.011280726
0.9090909090909092,1.0606060606060606,-0.012147136
0.9090909090909092,1.1111111111111112,0.02598052
0.9090909090909092,1.1616161616161615,-0.0010189188
0.9090909090909092,1.2121212121212122,-0.00088990456
0.9090909090909092,1.2626262626262623,0.012493781
0.9090909090909092,1.3131313131313131,0.008585637
0.9090909090909092,1.3636363636363635,-0.00972477
0.9090909090909092,1.414141414141414,0.00039594626
0.9090909090909092,1.4646464646464643,-0.0034108986
0.9090909090909092,1.5151515151515151,-0.022598784
0.9090909090909092,1.5656565656565655,-0.0046031456
0.9090909090909092,1.616161616161616,0.004116174
0.9090909090909092,1.6666666666666667,-0.0039844564
0.9090909090909092,1.7171717171717171,-0.0023948469
0.9090909090909092,1.7676767676767675,-0.004155526
0.9090909090909092,1.818181818181818,0.008634375
0.9090909090909092,1.8686868686868687,-0.010603674
0.9090909090909092,1.9191919191919191,-0.013315875
0.9090909090909092,1.9696969696969695,0.0070486814
0.9090909090909092,2.0202020202020203,0.0035810575
0.9090909090909092,2.0707070707070705,0.005920788
0.9090909090909092,2.121212121212121,0.00923491
0.9090909090909092,2.171717171717172,0.0067279986
0.9090909090909092,2.2222222222222223,0.00254661
0.9090909090909092,2.2727272727272725,0.001424572
0.9090909090909092,2.323232323232323,0.0013269486
0.9090909090909092,2.3737373737373737,0.0048978943
0.9090909090909092,2.4242424242424243,0.002884633
0.9090909090909092,2.474747474747475,-0.0057692598
0.9090909090909092,2.525252525252525,0.0058182967
0.9090909090909092,2.575757575757576,-0.0077877585
0.9090909090909092,2.6262626262626263,-0.0018726534
0.9090909090909092,2.676767676767677,-0.013507912
0.9090909090909092,2.727272727272727,-0.005097722
0.9090909090909092,2.7777777777777777,0.00084636506
0.9090909090909092,2.8282828282828283,0.0034656716
0.9090909090909092,2.878787878787879,0.014604456
0.9090909090909092,2.929292929292929,-0.0034330648
0.9090909090909092,2.97979797979798,-0.0026257678
0.9090909090909092,3.0303030303030303,-0.0044890614
0.9090909090909092,3.080808080808081,-0.0073200315
0.9090909090909092,3.131313131313131,-0.0016574886
0.9090909090909092,3.1818181818181817,-0.0032749611
0.9090909090909092,3.2323232323232323,-0.006392329
0.9090909090909092,3.282828282828283,-0.007986134
0.9090909090909092,3.333333333333333,0.012951706
0.9090909090909092,3.383838383838384,-0.009394276
0.9090909090909092,3.4343434343434343,-0.0027515728
0.9090909090909092,3.484848484848485,0.009188228
0.9090909090909092,3.5353535353535355,-0.0047195526
0.9090909090909092,3.5858585858585856,-0.009541736
0.9090909090909092,3.636363636363636,-0.0072045885
0.9090909090909092,3.686868686868687,0.021755131
0.9090909090909092,3.7373737373737375,-0.006586354
0.9090909090909092,3.787878787878788,0.004442979
0.9090909090909092,3.8383838383838382,0.008459067
0.9090909090909092,3.888888888888889,-0.016990116
0.9090909090909092,3.939393939393939,0.011781987
0.9090909090909092,3.9898989898989896,-0.028933262
0.9090909090909092,4.040404040404041,-0.003859718
0.9090909090909092,4.090909090909091,-0.0070882887
0.9090909090909092,4.141414141414141,-0.016116805
0.9090909090909092,4.191919191919192,-0.0035179784
0.9090909090909092,4.242424242424242,0.0006012155
0.9090909090909092,4.292929292929293,0.007051193
0.9090909090909092,4.343434343434343,0.018463641
0.9090909090909092,4.393939393939394,-0.019060472
0.9090909090909092,4.444444444444445,-0.0137990145
0.9090909090909092,4.494949494949495,0.0055315094
0.9090909090909092,4.545454545454545,0.004476307
0.9090909090909092,4.595959595959596,-0.022595886
0.9090909090909092,4.646464646464646,-0.0012249465
0.9090909090909092,4.696969696969697,-0.0004822299
0.9090909090909092,4.747474747474747,0.0013478646
0.9090909090909092,4.797979797979798,-0.005450546
0.9090909090909092,4.848484848484849,0.0008029341
0.9090909090909092,4.898989898989899,-0.0014532798
0.9090909090909092,4.94949494949495,-0.005502494
0.9090909090909092,5.0,-0.00093420077
1.0101010101010102,0.0,-0.010284309
1.0101010101010102,0.0505050505050505,0.004051825
1.0101010101010102,0.101010101010101,0.021440571
1.0101010101010102,0.1515151515151515,-0.005132272
1.0101010101010102,0.202020202020202,0.010854954
1.0101010101010102,0.2525252525252525,0.012532007
1.0101010101010102,0.303030303030303,0.0098594865
1.0101010101010102,0.3535353535353535,0.0023109554
1.0101010101010102,0.404040404040404,0.0049726246
1.0101010101010102,0.4545454545454545,-0.005081914
1.0101010101010102,0.5050505050505051,0.0030530328
1.0101010101010102,0.5555555555555556,0.00081957
1.0101010101010102,0.6060606060606061,0.00652191
1.0101010101010102,0.6565656565656566,-0.004282979
1.0101010101010102,0.7070707070707071,0.011777734
1.0101010101010102,0.7575757575757576,0.0070436588
1.0101010101010102,0.8080808080808081,0.0067008776
1.0101010101010102,0.8585858585858586,-0.008015832
1.0101010101010102,0.9090909090909092,-0.013762859
1.0101010101010102,0.9595959595959596,-0.0044045444
1.0101010101010102,1.0101010101010102,0.001416102
1.0101010101010102,1.0606060606060606,0.011075822
1.0101010101010102,1.1111111111111112,0.0055282214
1.0101010101010102,1.1616161616161615,0.015794741
1.0101010101010102,1.2121212121212122,-0.012276814
1.0101010101010102,1.2626262626262623,0.009594468
1.0101010101010102,1.3131313131313131,-0.01582439
1.0101010101010102,1.3636363636363635,0.006673369
1.0101010101010102,1.414141414141414,-0.00064664125
1.0101010101010102,1.4646464646464643,0.0006513167
1.0101010101010102,1.5151515151515151,-0.016681697
1.0101010101010102,1.5656565656565655,-0.007696384
1.0101010101010102,1.616161616161616,0.012262703
1.0101010101010102,1.6666666666666667,0.0042115827
1.0101010101010102,1.7171717171717171,-0.00020016961
1.0101010101010102,1.7676767676767675,-0.0011061633
1.0101010101010102,1.818181818181818,-0.013110915
1.0101010101010102,1.8686868686868687,0.0065793665
1.0101010101010102,1.9191919191919191,-0.00071501016
1.0101010101010102,1.9696969696969695,0.0027403794
1.0101010101010102,2.0202020202020203,-0.0034471562
1.0101010101010102,2.0707070707070705,-0.0011858644
1.0101010101010102,2.121212121212121,0.011878984
1.0101010101010102,2.171717171717172,-0.012179113
1.0101010101010102,2.2222222222222223,0.0029400785
1.0101010101010102,2.2727272727272725,-0.0007610418
1.0101010101010102,2.323232323232323,0.013240145
1.0101010101010102,2.3737373737373737,-0.015153686
1.0101010101010102,2.4242424242424243,-0.002888056
1.0101010101010102,2.474747474747475,0.021112716
1.0101010101010102,2.525252525252525,-0.0010408345
1.0101010101010102,2.575757575757576,0.006128912
1.0101010101010102,2.6262626262626263,0.007937528
1.0101010101010102,2.676767676767677,0.007864484
1.0101010101010102,2.727272727272727,-0.0006112056
1.0101010101010102,2.7777777777777777,2.7790316e-05
1.0101010101010102,2.8282828282828283,0.006854997
1.0101010101010102,2.878787878787879,0.0010811477
1.0101010101010102,2.929292929292929,0.00351354
1.0101010101010102,2.97979797979798,0.0012139615
1.0101010101010102,3.0303030303030303,0.002979871
1.0101010101010102,3.080808080808081,0.013435971
1.0101010101010102,3.131313131313131,0.014595622
1.0101010101010102,3.1818181818181817,0.010540822
1.0101010101010102,3.2323232323232323,0.008124148
1.0101010101010102,3.282828282828283,-0.008276956
1.0101010101010102,3.333333333333333,0.0088922195
1.0101010101010102,3.383838383838384,-0.003912548
1.0101010101010102,3.4343434343434343,-0.0036175915
1.0101010101010102,3.484848484848485,-0.0116149485
1.0101010101010102,3.5353535353535355,-0.017706485
1.0101010101010102,3.5858585858585856,-0.02542463
1.0101010101010102,3.636363636363636,0.0009268461
1.0101010101010102,3.686868686868687,-0.007951043
1.0101010101010102,3.7373737373737375,0.0036775651
1.0101010101010102,3.787878787878788,0.015089019
1.0101010101010102,3.8383838383838382,-0.008937358
1.0101010101010102,3.888888888888889,0.0052314554
1.0101010101010102,3.939393939393939,0.0035089492
1.0101010101010102,3.9898989898989896,0.0024897878
1.0101010101010102,4.040404040404041,0.011906379
1.0101010101010102,4.090909090909091,0.014122559
1.0101010101010102,4.141414141414141,0.008000218
1.0101010101010102,4.191919191919192,0.0049678697
1.0101010101010102,4.242424242424242,-0.001817222
1.0101010101010102,4.292929292929293,-0.0103436485
1.0101010101010102,4.343434343434343,-0.00097177597
1.0101010101010102,4.393939393939394,-0.009227583
1.0101010101010102,4.444444444444445,0.0023945153
1.0101010101010102,4.494949494949495,0.0009329572
1.0101010101010102,4.545454545454545,-0.003430528
1.0101010101010102,4.595959595959596,0.008535379
1.0101010101010102,4.646464646464646,0.0020566513
1.0101010101010102,4.696969696969697,0.0038779138
1.0101010101010102,4.747474747474747,0.012342999
1.0101010101010102,4.797979797979798,0.0123144435
1.0101010101010102,4.848484848484849,0.007063556
1.0101010101010102,4.898989898989899,-0.0005482411
1.0101010101010102,4.94949494949495,-0.01488981
1.0101010101010102,5.0,-0.015194627
1.1111111111111112,0.0,0.0032580916
1.1111111111111112,0.0505050505050505,-0.014581562
1.1111111111111112,0.101010101010101,0.018994467
1.1111111111111112,0.1515151515151515,-0.00039774828
1.1111111111111112,0.202020202020202,-0.0029234074
1.1111111111111112,0.2525252525252525,0.013990416
1.1111111111111112,0.303030303030303,-0.009152497
1.1111111111111112,0.3535353535353535,-0.0077782418
1.1111111111111112,0.404040404040404,-0.0041588885
1.1111111111111112,0.4545454545454545,0.011076818
1.1111111111111112,0.5050505050505051,0.0025458054
1.1111111111111112,0.5555555555555556,-0.0010583886
1.1111111111111112,0.6060606060606061,0.0077216057
1.1111111111111112,0.6565656565656566,-0.0112891
1.1111111111111112,0.7070707070707071,0.009978312
1.1111111111111112,0.7575757575757576,-0.011797701
1.1111111111111112,0.8080808080808081,0.009635832
1.1111111111111112,0.8585858585858586,-0.0110419225
1.1111111111111112,0.9090909090909092,-0.007904606
1.1111111111111112,0.9595959595959596,-0.0021587447
1.1111111111111112,1.0101010101010102,1.8937193e-05
1.1111111111111112,1.0606060606060606,-0.0021011764
1.1111111111111112,1.1111111111111112,0.012004314
1.1111111111111112,1.1616161616161615,0.006747564
1.1111111111111112,1.2121212121212122,-0.018910855
1.1111111111111112,1.2626262626262623,0.0019305062
1.1111111111111112,1.3131313131313131,0.016005712
1.1111111111111112,1.3636363636363635,-0.010387497
1.1111111111111112,1.414141414141414,-0.0075035268
1.1111111111111112,1.4646464646464643,-0.0038611994
1.1111111111111112,1.5151515151515151,0.0014177689
1.1111111111111112,1.5656565656565655,-0.0008295922
1.1111111111111112,1.616161616161616,0.011245516
1.1111111111111112,1.6666666666666667,0.00039122347
1.1111111111111112,1.7171717171717171,-0.00065983
1.1111111111111112,1.7676767676767675,0.03444473
1.1111111111111112,1.818181818181818,-0.0111385
1.1111111111111112,1.8686868686868687,-0.004348913
1.1111111111111112,1.9191919191919191,-0.000156456
1.1111111111111112,1.9696969696969695,0.005425573
1.1111111111111112,2.0202020202020203,0.0012519273
1.1111111111111112,2.0707070707070705,-0.0087578995
1.1111111111111112,2.121212121212121,0.012229014
1.1111111111111112,2.171717171717172,0.0032770385
1.1111111111111112,2.2222222222222223,-0.0010376197
1.1111111111111112,2.2727272727272725,0.024781102
1.1111111111111112,2.323232323232323,0.0057837493
1.1111111111111112,2.3737373737373737,0.0014889867
1.1111111111111112,2.4242424242424243,-0.013119409
1.1111111111111112,2.474747474747475,-0.006043922
1.1111111111111112,2.525252525252525,0.0064669764
1.1111111111111112,2.575757575757576,-0.002460347
1.1111111111111112,2.6262626262626263,-0.014062259
1.1111111111111112,2.676767676767677,-0.00078642875
1.1111111111111112,2.727272727272727,0.00520718
1.1111111111111112,2.7777777777777777,0.011719993
1.1111111111111112,2.8282828282828283,0.02178867
1.1111111111111112,2.878787878787879,0.0177984
1.1111111111111112,2.929292929292929,0.002587055
1.1111111111111112,2.97979797979798,-0.02433964
1.1111111111111112,3.0303030303030303,-0.0034991426
1.1111111111111112,3.080808080808081,-0.013384898
1.1111111111111112,3.131313131313131,-0.0043960293
1.1111111111111112,3.1818181818181817,-0.005859514
1.1111111111111112,3.2323232323232323,0.018059973
1.1111111111111112,3.282828282828283,-0.0073396494
1.1111111111111112,3.333333333333333,0.0040790066
1.1111111111111112,3.383838383838384,-0.005857093
1.1111111111111112,3.4343434343434343,0.0010444326
1.1111111111111112,3.484848484848485,-0.0030843443
1.1111111111111112,3.5353535353535355,0.008625108
1.1111111111111112,3.5858585858585856,-0.010675309
1.1111111111111112,3.636363636363636,-0.010145653
1.1111111111111112,3.686868686868687,-0.009953561
1.1111111111111112,3.7373737373737375,0.029069986
1.1111111111111112,3.787878787878788,0.014472654
1.1111111111111112,3.8383838383838382,-0.0056229206
1.1111111111111112,3.888888888888889,-0.009470471
1.1111111111111112,3.939393939393939,-0.0074230004
1.1111111111111112,3.9898989898989896,0.001555677
1.1111111111111112,4.040404040404041,-0.0025821996
1.1111111111111112,4.090909090909091,-0.0074966736
1.1111111111111112,4.141414141414141,0.012362178
1.1111111111111112,4.191919191919192,0.0101510435
1.1111111111111112,4.242424242424242,0.010144287
1.1111111111111112,4.292929292929293,0.006360144
1.1111111111111112,4.343434343434343,0.00878402
1.1111111111111112,4.393939393939394,0.008159174
1.1111111111111112,4.444444444444445,0.001990719
1.1111111111111112,4.494949494949495,-0.006350329
1.1111111111111112,4.545454545454545,-0.008751163
1.1111111111111112,4.595959595959596,-0.015493319
1.1111111111111112,4.646464646464646,-0.0078663565
1.1111111111111112,4.696969696969697,0.005698447
1.1111111111111112,4.747474747474747,0.0076347147
1.1111111111111112,4.797979797979798,0.005578782
1.1111111111111112,4.848484848484849,0.012991543
1.1111111111111112,4.898989898989899,0.017566698
1.1111111111111112,4.94949494949495,0.002115654
1.1111111111111112,5.0,0.014860185
1.2121212121212122,0.0,0.0055851243
1.2121212121212122,0.0505050505050505,0.0034924792
1.2121212121212122,0.101010101010101,0.008485656
1.2121212121212122,0.1515151515151515,0.020357758
1.2121212121212122,0.202020202020202,0.0037758667
1.2121212121212122,0.2525252525252525,0.0048480285
1.2121212121212122,0.303030303030303,-0.00029879482
1.2121212121212122,0.3535353535353535,0.01093093
1.2121212121212122,0.404040404040404,-0.0050579244
1.2121212121212122,0.4545454545454545,-0.0084354
1.2121212121212122,0.5050505050505051,-0.0022080115
1.2121212121212122,0.5555555555555556,0.022752177
1.2121212121212122,0.6060606060606061,-0.0078264
1.2121212121212122,0.6565656565656566,-0.0026722122
1.2121212121212122,0.7070707070707071,0.015689598
1.2121212121212122,0.7575757575757576,-0.0028307422
1.2121212121212122,0.8080808080808081,-0.00095673284
1.2121212121212122,0.8585858585858586,0.01064708
1.2121212121212122,0.9090909090909092,0.014890041
1.2121212121212122,0.9595959595959596,0.008826418
1.2121212121212122,1.0101010101010102,-0.0023842226
1.2121212121212122,1.0606060606060606,0.005467528
1.2121212121212122,1.1111111111111112,-0.0006079822
1.2121212121212122,1.1616161616161615,-0.005307996
1.2121212121212122,1.2121212121212122,-0.020367648
1.2121212121212122,1.2626262626262623,0.005242198
1.2121212121212122,1.3131313131313131,-0.0069755604
1.2121212121212122,1.3636363636363635,-0.0008851139
1.2121212121212122,1.414141414141414,-0.002749276
1.2121212121212122,1.4646464646464643,0.0129165705
1.2121212121212122,1.5151515151515151,-0.014465361
1.2121212121212122,1.5656565656565655,-0.0031529078
1.2121212121212122,1.616161616161616,0.0011200465
1.2121212121212122,1.6666666666666667,-0.014684698
1.2121212121212122,1.7171717171717171,-0.017173115
1.2121212121212122,1.7676767676767675,-0.0055067022
1.2121212121212122,1.818181818181818,0.0053473413
1.2121212121212122,1.8686868686868687,-0.013394719
1.2121212121212122,1.9191919191919191,0.0123560745
1.2121212121212122,1.9696969696969695,-0.020371173
1.2121212121212122,2.0202020202020203,0.014171857
1.2121212121212122,2.0707070707070705,0.0016881597
1.2121212121212122,2.121212121212121,-0.0114186425
1.2121212121212122,2.171717171717172,0.006072914
1.2121212121212122,2.2222222222222223,-0.008327727
1.2121212121212122,2.2727272727272725,-0.0047872863
1.2121212121212122,2.323232323232323,0.003003868
1.2121212121212122,2.3737373737373737,0.007219654
1.2121212121212122,2.4242424242424243,-0.0061782734
1.2121212121212122,2.474747474747475,0.00546298
1.2121212121212122,2.525252525252525,-0.0076849754
1.2121212121212122,2.575757575757576,0.00079955766
1.2121212121212122,2.6262626262626263,-0.007578788
1.2121212121212122,2.676767676767677,0.00942532
1.2121212121212122,2.727272727272727,0.004344723
1.2121212121212122,2.7777777777777777,0.011238373
1.2121212121212122,2.8282828282828283,0.00506085
1.2121212121212122,2.878787878787879,-0.011368607
1.2121212121212122,2.929292929292929,-0.007580417
1.2121212121212122,2.97979797979798,0.0004232384
1.2121212121212122,3.0303030303030303,-0.0069015156
1.2121212121212122,3.080808080808081,-0.005623139
1.2121212121212122,3.131313131313131,0.0082504
1.2121212121212122,3.1818181818181817,0.022680033
1.2121212121212122,3.2323232323232323,-0.017736977
1.2121212121212122,3.282828282828283,-0.009912224
1.2121212121212122,3.333333333333333,0.0063430932
1.2121212121212122,3.383838383838384,0.010232531
1.2121212121212122,3.4343434343434343,0.009568505
1.2121212121212122,3.484848484848485,0.00018492807
1.2121212121212122,3.5353535353535355,-0.01070664
1.2121212121212122,3.5858585858585856,-0.0075250575
1.2121212121212122,3.636363636363636,0.024394896
1.2121212121212122,3.686868686868687,-0.019133924
1.2121212121212122,3.7373737373737375,0.0031029768
1.2121212121212122,3.787878787878788,-0.014766576
1.2121212121212122,3.8383838383838382,-0.004786039
1.2121212121212122,3.888888888888889,-0.0011749727
1.2121212121212122,3.939393939393939,-0.006306289
1.2121212121212122,3.9898989898989896,-0.012654844
1.2121212121212122,4.040404040404041,-0.0029477284
1.2121212121212122,4.090909090909091,-0.0027968306
1.2121212121212122,4.141414141414141,0.010839865
1.2121212121212122,4.191919191919192,0.0017334537
1.2121212121212122,4.242424242424242,0.0051279212
1.2121212121212122,4.292929292929293,-0.009813457
1.2121212121212122,4.343434343434343,0.01126434
1.2121212121212122,4.393939393939394,0.0025598842
1.2121212121212122,4.444444444444445,-0.004582687
1.2121212121212122,4.494949494949495,-0.009277412
1.2121212121212122,4.545454545454545,-0.0017112226
1.2121212121212122,4.595959595959596,-0.0068605663
1.2121212121212122,4.646464646464646,-0.0013211708
1.2121212121212122,4.696969696969697,0.016300933
1.2121212121212122,4.747474747474747,-0.015452253
1.2121212121212122,4.797979797979798,-0.0016922134
1.2121212121212122,4.848484848484849,0.0002810939
1.2121212121212122,4.898989898989899,0.0009127329
1.2121212121212122,4.94949494949495,0.0067195366
1.2121212121212122,5.0,0.009851811
1.3131313131313131,0.0,-0.0076097385
1.3131313131313131,0.0505050505050505,-0.012725748
1.3131313131313131,0.101010101010101,-0.006266688
1.3131313131313131,0.1515151515151515,0.013713663
1.3131313131313131,0.202020202020202,0.0023612177
1.3131313131313131,0.2525252525252525,-0.0044639846
1.3131313131313131,0.303030303030303,-0.011776105
1.3131313131313131,0.3535353535353535,0.014127244
1.3131313131313131,0.404040404040404,-0.00022941988
1.3131313131313131,0.4545454545454545,-0.00010860377
1.3131313131313131,0.5050505050505051,-0.009950472
1.3131313131313131,0.5555555555555556,-0.0029912195
1.3131313131313131,0.6060606060606061,0.007672519
1.3131313131313131,0.6565656565656566,-0.009370034
1.3131313131313131,0.7070707070707071,-0.023302898
1.3131313131313131,0.7575757575757576,-0.007807211
1.3131313131313131,0.8080808080808081,0.008251398
1.3131313131313131,0.8585858585858586,0.012207664
1.3131313131313131,0.9090909090909092,-0.0006290956
1.3131313131313131,0.9595959595959596,0.011463936
1.3131313131313131,1.0101010101010102,0.012215303
1.3131313131313131,1.0606060606060606,-0.0031377114
1.3131313131313131,1.1111111111111112,-0.0072350577
1.3131313131313131,1.1616161616161615,-0.0036284893
1.3131313131313131,1.2121212121212122,0.004423452
1.3131313131313131,1.2626262626262623,0.0019400966
1.3131313131313131,1.3131313131313131,-0.005001828
1.3131313131313131,1.3636363636363635,-0.00550265
1.3131313131313131,1.414141414141414,0.00023625015
1.3131313131313131,1.4646464646464643,-0.015206164
1.3131313131313131,1.5151515151515151,0.0052916496
1.3131313131313131,1.5656565656565655,-0.0039105886
1.3131313131313131,1.616161616161616,-0.019293234
1.3131313131313131,1.6666666666666667,0.0003477298
1.3131313131313131,1.7171717171717171,-0.0048354515
1.3131313131313131,1.7676767676767675,-0.012262299
1.3131313131313131,1.818181818181818,-0.0033976564
1.3131313131313131,1.8686868686868687,7.2318435e-05
1.3131313131313131,1.9191919191919191,-0.0005223948
1.3131313131313131,1.9696969696969695,0.011674676
1.3131313131313131,2.0202020202020203,0.01730223
1.3131313131313131,2.0707070707070705,0.020562205
1.3131313131313131,2.121212121212121,-0.0023463576
1.3131313131313131,2.171717171717172,-0.013455035
1.3131313131313131,2.2222222222222223,-0.005164272
1.3131313131313131,2.2727272727272725,-0.0068799644
1.3131313131313131,2.323232323232323,0.004757037
1.3131313131313131,2.3737373737373737,-0.014314165
1.3131313131313131,2.4242424242424243,0.0014300218
1.3131313131313131,2.474747474747475,0.006331259
1.3131313131313131,2.525252525252525,-0.010486889
1.3131313131313131,2.575757575757576,-0.005222337
1.3131313131313131,2.6262626262626263,-0.01133586
1.3131313131313131,2.676767676767677,-0.0014108289
1.3131313131313131,2.727272727272727,-0.0064544887
1.3131313131313131,2.7777777777777777,0.004102888
1.3131313131313131,2.8282828282828283,0.0032684018
1.3131313131313131,2.878787878787879,-0.008343408
1.3131313131313131,2.929292929292929,-0.0049212137
1.3131313131313131,2.97979797979798,0.006580572
1.3131313131313131,3.0303030303030303,0.0053616976
1.3131313131313131,3.080808080808081,0.012349409
1.3131313131313131,3.131313131313131,-0.0021223587
1.3131313131313131,3.1818181818181817,0.013872186
1.3131313131313131,3.2323232323232323,-0.0082500335
1.3131313131313131,3.282828282828283,0.0035431616
1.3131313131313131,3.333333333333333,-0.0028094081
1.3131313131313131,3.383838383838384,-0.002434792
1.3131313131313131,3.4343434343434343,-0.0029389395
1.3131313131313131,3.484848484848485,-0.0062890933
1.3131313131313131,3.5353535353535355,-0.00042501284
1.3131313131313131,3.5858585858585856,-0.0027027521
1.3131313131313131,3.636363636363636,0.014385764
1.3131313131313131,3.686868686868687,0.00032390494
1.3131313131313131,3.7373737373737375,-0.0054814625
1.3131313131313131,3.787878787878788,-0.0049382546
1.3131313131313131,3.8383838383838382,0.028817719
1.3131313131313131,3.888888888888889,-0.0116728265
1.3131313131313131,3.939393939393939,0.019412909
1.3131313131313131,3.9898989898989896,-0.011636167
1.3131313131313131,4.040404040404041,-0.015966255
1.3131313131313131,4.090909090909091,0.0008327192
1.3131313131313131,4.141414141414141,-0.009221064
1.3131313131313131,4.191919191919192,-0.0037100834
1.3131313131313131,4.242424242424242,-0.009712672
1.3131313131313131,4.292929292929293,0.0015300885
1.3131313131313131,4.343434343434343,0.007253062
1.3131313131313131,4.393939393939394,-0.013893034
1.3131313131313131,4.444444444444445,0.011876743
1.3131313131313131,4.494949494949495,0.00027793442
1.3131313131313131,4.545454545454545,0.020012876
1.3131313131313131,4.595959595959596,-0.0012438234
1.3131313131313131,4.646464646464646,-0.011563054
1.3131313131313131,4.696969696969697,0.009011875
1.3131313131313131,4.747474747474747,-0.0018825892
1.3131313131313131,4.797979797979798,-0.01272484
1.3131313131313131,4.848484848484849,0.005765663
1.3131313131313131,4.898989898989899,-0.0035586727
1.3131313131313131,4.94949494949495,-0.0051881666
1.3131313131313131,5.0,-0.003927396
1.414141414141414,0.0,0.0175116
1.414141414141414,0.0505050505050505,0.001959072
1.414141414141414,0.101010101010101,0.017758187
1.414141414141414,0.1515151515151515,-0.0018518636
1.414141414141414,0.202020202020202,0.010595646
1.414141414141414,0.2525252525252525,0.012978934
1.414141414141414,0.303030303030303,0.0032862874
1.414141414141414,0.3535353535353535,0.0014876848
1.414141414141414,0.404040404040404,0.0027051992
1.414141414141414,0.4545454545454545,-0.01181764
1.414141414141414,0.5050505050505051,-0.010339456
1.414141414141414,0.5555555555555556,-0.0049466426
1.414141414141414,0.6060606060606061,-0.008950377
1.414141414141414,0.6565656565656566,0.005340956
1.414141414141414,0.7070707070707071,-0.008865422
1.414141414141414,0.7575757575757576,0.007964297
1.414141414141414,0.8080808080808081,0.006588743
1.414141414141414,0.8585858585858586,-0.002966321
1.414141414141414,0.9090909090909092,0.0023322508
1.414141414141414,0.9595959595959596,-0.013473009
1.414141414141414,1.0101010101010102,-0.008231028
1.414141414141414,1.0606060606060606,-0.005394868
1.414141414141414,1.1111111111111112,0.0009212096
1.414141414141414,1.1616161616161615,0.008538723
1.414141414141414,1.2121212121212122,-0.010332142
1.414141414141414,1.2626262626262623,0.0058373385
1.414141414141414,1.3131313131313131,0.010165624
1.414141414141414,1.3636363636363635,-0.007942703
1.414141414141414,1.414141414141414,0.003673428
1.414141414141414,1.4646464646464643,0.0042921836
1.414141414141414,1.5151515151515151,0.020287722
1.414141414141414,1.5656565656565655,-0.007684771
1.414141414141414,1.616161616161616,-0.012263358
1.414141414141414,1.6666666666666667,-0.0011342491
1.414141414141414,1.7171717171717171,0.0030842307
1.414141414141414,1.7676767676767675,-0.004411221
1.414141414141414,1.818181818181818,-0.007797458
1.414141414141414,1.8686868686868687,-0.007566019
1.414141414141414,1.9191919191919191,0.015147967
1.414141414141414,1.9696969696969695,-0.0157965
1.414141414141414,2.0202020202020203,0.0063864123
1.414141414141414,2.0707070707070705,-0.004361192
1.414141414141414,2.121212121212121,-0.010022664
1.414141414141414,2.171717171717172,0.0037807357
1.414141414141414,2.2222222222222223,0.0004281616
1.414141414141414,2.2727272727272725,0.005859307
1.414141414141414,2.323232323232323,-0.013686896
1.414141414141414,2.3737373737373737,0.011169311
1.414141414141414,2.4242424242424243,0.002770097
1.414141414141414,2.474747474747475,0.01058112
1.414141414141414,2.525252525252525,-0.0005139273
1.414141414141414,2.575757575757576,0.0017136821
1.414141414141414,2.6262626262626263,-0.0021157155
1.414141414141414,2.676767676767677,-0.0017868709
1.414141414141414,2.727272727272727,-0.008497655
1.414141414141414,2.7777777777777777,0.011670326
1.414141414141414,2.8282828282828283,-0.0034842726
1.414141414141414,2.878787878787879,0.00074214075
1.414141414141414,2.929292929292929,0.017575406
1.414141414141414,2.97979797979798,-0.006254429
1.414141414141414,3.0303030303030303,0.0020935175
1.414141414141414,3.080808080808081,0.015050067
1.414141414141414,3.131313131313131,-0.011346434
1.414141414141414,3.1818181818181817,-0.0071123084
1.414141414141414,3.2323232323232323,0.013400484
1.414141414141414,3.282828282828283,0.015108283
1.414141414141414,3.333333333333333,-0.011985487
1.414141414141414,3.383838383838384,0.003765742
1.414141414141414,3.4343434343434343,-0.0025121265
1.414141414141414,3.484848484848485,-0.0052782027
1.414141414141414,3.5353535353535355,-0.0047707153
1.414141414141414,3.5858585858585856,-0.0056261346
1.414141414141414,3.636363636363636,-0.010563386
1.414141414141414,3.686868686868687,0.0024123595
1.414141414141414,3.7373737373737375,0.0018268994
1.414141414141414,3.787878787878788,0.006245988
1.414141414141414,3.8383838383838382,-0.007940197
1.414141414141414,3.888888888888889,-0.006748649
1.414141414141414,3.939393939393939,-0.0038770416
1.414141414141414,3.9898989898989896,0.0044964766
1.414141414141414,4.040404040404041,0.0037262114
1.414141414141414,4.090909090909091,-0.019104702
1.414141414141414,4.141414141414141,0.0026088757
1.414141414141414,4.191919191919192,0.014178103
1.414141414141414,4.242424242424242,0.0067386306
1.414141414141414,4.292929292929293,0.014666198
1.414141414141414,4.343434343434343,-0.011076708
1.414141414141414,4.393939393939394,-0.0074429614
1.414141414141414,4.444444444444445,0.010189832
1.414141414141414,4.494949494949495,-0.018316314
1.414141414141414,4.545454545454545,0.0028070768
1.414141414141414,4.595959595959596,0.00691006
1.414141414141414,4.646464646464646,0.0071846023
1.414141414141414,4.696969696969697,-0.005718619
1.414141414141414,4.747474747474747,-0.004665718
1.414141414141414,4.797979797979798,0.0010181693
1.414141414141414,4.848484848484849,0.003803768
1.414141414141414,4.898989898989899,-0.01962859
1.414141414141414,4.94949494949495,-0.0078056604
1.414141414141414,5.0,-0.0013439532
1.5151515151515151,0.0,-0.0036093912
1.5151515151515151,0.0505050505050505,0.0010463239
1.5151515151515151,0.101010101010101,-0.0032586202
1.5151515151515151,0.1515151515151515,0.0031893495
1.5151515151515151,0.202020202020202,-0.001097529
1.5151515151515151,0.2525252525252525,0.00096519885
1.5151515151515151,0.303030303030303,-0.014931906
1.5151515151515151,0.3535353535353535,0.0052382518
1.5151515151515151,0.404040404040404,0.007530996
1.5151515151515151,0.4545454545454545,-0.0022188995
1.5151515151515151,0.5050505050505051,0.0058194217
1.5151515151515151,0.5555555555555556,-0.019368717
1.5151515151515151,0.6060606060606061,-0.01533418
1.5151515151515151,0.6565656565656566,-0.001796288
1.5151515151515151,0.7070707070707071,-0.006577568
1.5151515151515151,0.7575757575757576,-0.012317172
1.5151515151515151,0.8080808080808081,-0.012463806
1.5151515151515151,0.8585858585858586,-0.014996281
1.5151515151515151,0.9090909090909092,-0.005403878
1.5151515151515151,0.9595959595959596,0.012409937
1.5151515151515151,1.0101010101010102,-0.016212303
1.5151515151515151,1.0606060606060606,-0.00903602
1.5151515151515151,1.1111111111111112,0.013967806
1.5151515151515151,1.1616161616161615,0.009178001
1.5151515151515151,1.2121212121212122,0.0051201847
1.5151515151515151,1.2626262626262623,-0.008406011
1.5151515151515151,1.3131313131313131,-0.010445476
1.5151515151515151,1.3636363636363635,0.0055474327
1.5151515151515151,1.414141414141414,-0.009492875
1.5151515151515151,1.4646464646464643,0.010457097
1.5151515151515151,1.5151515151515151,-0.011297874
1.5151515151515151,1.5656565656565655,-0.028005874
1.5151515151515151,1.616161616161616,0.012796606
1.5151515151515151,1.6666666666666667,0.0021997083
1.5151515151515151,1.7171717171717171,0.0032488466
1.5151515151515151,1.7676767676767675,0.013189861
1.5151515151515151,1.818181818181818,-0.00849697
1.5151515151515151,1.8686868686868687,-0.0069871666
1.5151515151515151,1.9191919191919191,-0.0020517039
1.5151515151515151,1.9696969696969695,-0.0078116944
1.5151515151515151,2.0202020202020203,0.006872744
1.5151515151515151,2.0707070707070705,0.0078359675
1.5151515151515151,2.121212121212121,-0.011108613
1.5151515151515151,2.171717171717172,-0.031063115
1.5151515151515151,2.2222222222222223,-0.009897508
1.5151515151515151,2.2727272727272725,-0.006021796
1.5151515151515151,2.323232323232323,-0.0071530994
1.5151515151515151,2.3737373737373737,-0.004673753
1.5151515151515151,2.4242424242424243,0.005514508
1.5151515151515151,2.474747474747475,0.026549738
1.5151515151515151,2.525252525252525,0.010582771
1.5151515151515151,2.575757575757576,-0.0014678503
1.5151515151515151,2.6262626262626263,-0.00891296
1.5151515151515151,2.676767676767677,0.001938182
1.5151515151515151,2.727272727272727,0.019682055
1.5151515151515151,2.7777777777777777,-0.007403401
1.5151515151515151,2.8282828282828283,-0.008665578
1.5151515151515151,2.878787878787879,-0.0030638254
1.5151515151515151,2.929292929292929,-0.005359302
1.5151515151515151,2.97979797979798,-0.003575061
1.5151515151515151,3.0303030303030303,-0.012398957
1.5151515151515151,3.080808080808081,-0.015235442
1.5151515151515151,3.131313131313131,-0.008158925
1.5151515151515151,3.1818181818181817,0.011372598
1.5151515151515151,3.2323232323232323,0.0021923827
1.5151515151515151,3.282828282828283,0.0041334033
1.5151515151515151,3.333333333333333,6.124709e-05
1.5151515151515151,3.383838383838384,-0.0056730937
1.5151515151515151,3.4343434343434343,-0.0017041276
1.5151515151515151,3.484848484848485,-0.0030282496
1.5151515151515151,3.5353535353535355,-0.012868389
1.5151515151515151,3.5858585858585856,-0.013663137
1.5151515151515151,3.636363636363636,-0.00046281377
1.5151515151515151,3.686868686868687,-0.0061498513
1.5151515151515151,3.7373737373737375,0.012366708
1.5151515151515151,3.787878787878788,-0.008143759
1.5151515151515151,3.8383838383838382,0.011461943
1.5151515151515151,3.888888888888889,-0.011787442
1.5151515151515151,3.939393939393939,-0.0003667885
1.5151515151515151,3.9898989898989896,0.0067180875
1.5151515151515151,4.040404040404041,0.009242338
1.5151515151515151,4.090909090909091,0.0026972473
1.5151515151515151,4.141414141414141,0.006285509
1.5151515151515151,4.191919191919192,-0.007066007
1.5151515151515151,4.242424242424242,-0.008558195
1.5151515151515151,4.292929292929293,0.009040861
1.5151515151515151,4.343434343434343,-0.0056589833
1.5151515151515151,4.393939393939394,0.0038412719
1.5151515151515151,4.444444444444445,-0.007815463
1.5151515151515151,4.494949494949495,-0.0015090929
1.5151515151515151,4.545454545454545,0.0041996343
1.5151515151515151,4.595959595959596,0.014059652
1.5151515151515151,4.646464646464646,-0.008270566
1.5151515151515151,4.696969696969697,0.015608041
1.5151515151515151,4.747474747474747,-0.010952033
1.5151515151515151,4.797979797979798,0.011855245
1.5151515151515151,4.848484848484849,0.011880692
1.5151515151515151,4.898989898989899,0.020556297
1.5151515151515151,4.94949494949495,0.006602702
1.5151515151515151,5.0,-0.011078379
1.616161616161616,0.0,-0.0029195806
1.616161616161616,0.0505050505050505,0.0045643835
1.616161616161616,0.101010101010101,-0.003146982
1.616161616161616,0.1515151515151515,-0.004132846
1.616161616161616,0.202020202020202,0.0039462764
1.616161616161616,0.2525252525252525,0.01130483
1.616161616161616,0.303030303030303,0.008258479
1.616161616161616,0.3535353535353535,0.009458383
1.616161616161616,0.404040404040404,-0.0015446205
1.616161616161616,0.4545454545454545,-0.01601336
1.616161616161616,0.5050505050505051,-0.0005945904
1.616161616161616,0.5555555555555556,-0.00992855
1.616161616161616,0.6060606060606061,0.011634366
1.616161616161616,0.6565656565656566,0.016094698
1.616161616161616,0.7070707070707071,-0.0029415614
1.616161616161616,0.7575757575757576,0.010819391
1.616161616161616,0.8080808080808081,0.008866304
1.616161616161616,0.8585858585858586,-0.0086113755
1.616161616161616,0.9090909090909092,-0.002726445
1.616161616161616,0.9595959595959596,0.0098042255
1.616161616161616,1.0101010101010102,-0.0017533371
1.616161616161616,1.0606060606060606,-0.0012277141
1.616161616161616,1.1111111111111112,0.0074140285
1.616161616161616,1.1616161616161615,0.0035394614
1.616161616161616,1.2121212121212122,-0.005345871
1.616161616161616,1.2626262626262623,0.0064535877
1.616161616161616,1.3131313131313131,-0.029890757
1.616161616161616,1.3636363636363635,0.0018369666
1.616161616161616,1.414141414141414,-0.0047270926
1.616161616161616,1.4646464646464643,-0.009588364
1.616161616161616,1.5151515151515151,-0.015123649
1.616161616161616,1.5656565656565655,0.015067518
1.616161616161616,1.616161616161616,-0.009380622
1.616161616161616,1.6666666666666667,-0.0063851653
1.616161616161616,1.7171717171717171,0.0021945948
1.616161616161616,1.7676767676767675,-0.0043925084
1.616161616161616,1.818181818181818,-0.0013911348
1.616161616161616,1.8686868686868687,-0.00018696896
1.616161616161616,1.9191919191919191,0.01656069
1.616161616161616,1.9696969696969695,0.010661167
1.616161616161616,2.0202020202020203,-0.0018189114
1.616161616161616,2.0707070707070705,-0.012379645
1.616161616161616,2.121212121212121,0.005142245
1.616161616161616,2.171717171717172,-0.0015103741
1.616161616161616,2.2222222222222223,0.0013774363
1.616161616161616,2.2727272727272725,0.012250918
1.616161616161616,2.323232323232323,-0.007642502
1.616161616161616,2.3737373737373737,0.009183943
1.616161616161616,2.4242424242424243,0.004057806
1.616161616161616,2.474747474747475,0.0025105774
1.616161616161616,2.525252525252525,0.0012816598
1.616161616161616,2.575757575757576,-0.001980174
1.616161616161616,2.6262626262626263,-0.014780247
1.616161616161616,2.676767676767677,-0.005910153
1.616161616161616,2.727272727272727,0.008357571
1.616161616161616,2.7777777777777777,-0.0022924182
1.616161616161616,2.8282828282828283,-0.012403883
1.616161616161616,2.878787878787879,0.0024919678
1.616161616161616,2.929292929292929,-0.011415502
1.616161616161616,2.97979797979798,0.00782141
1.616161616161616,3.0303030303030303,0.000108162916
1.616161616161616,3.080808080808081,0.0038162633
1.616161616161616,3.131313131313131,-0.016526816
1.616161616161616,3.1818181818181817,-0.0038140526
1.616161616161616,3.2323232323232323,0.0010698097
1.616161616161616,3.282828282828283,-0.0010150827
1.616161616161616,3.333333333333333,0.00083004456
1.616161616161616,3.383838383838384,0.00711998
1.616161616161616,3.4343434343434343,-0.009006042
1.616161616161616,3.484848484848485,0.008906776
1.616161616161616,3.5353535353535355,0.0047654
1.616161616161616,3.5858585858585856,-0.00839638
1.616161616161616,3.636363636363636,0.0033319092
1.616161616161616,3.686868686868687,-0.012525604
1.616161616161616,3.7373737373737375,-0.005745596
1.616161616161616,3.787878787878788,-0.019059222
1.616161616161616,3.8383838383838382,-0.009665448
1.616161616161616,3.888888888888889,0.0036772308
1.616161616161616,3.939393939393939,-0.0057857735
1.616161616161616,3.9898989898989896,0.012373402
1.616161616161616,4.040404040404041,0.008713405
1.616161616161616,4.090909090909091,-0.0052275453
1.616161616161616,4.141414141414141,0.01240013
1.616161616161616,4.191919191919192,-0.009057597
1.616161616161616,4.242424242424242,0.0076803686
1.616161616161616,4.292929292929293,0.01622223
1.616161616161616,4.343434343434343,0.00081590796
1.616161616161616,4.393939393939394,0.0020282706
1.616161616161616,4.444444444444445,0.0033025336
1.616161616161616,4.494949494949495,-0.009533604
1.616161616161616,4.545454545454545,0.015734684
1.616161616161616,4.595959595959596,0.018697497
1.616161616161616,4.646464646464646,-0.010638842
1.616161616161616,4.696969696969697,-0.0022724797
1.616161616161616,4.747474747474747,0.002500698
1.616161616161616,4.797979797979798,0.011618547
1.616161616161616,4.848484848484849,-0.0011421775
1.616161616161616,4.898989898989899,-0.00056290877
1.616161616161616,4.94949494949495,0.008497517
1.616161616161616,5.0,-0.00859912
1.7171717171717171,0.0,-0.0061056637
1.7171717171717171,0.0505050505050505,0.010629353
1.7171717171717171,0.101010101010101,0.012221837
1.7171717171717171,0.1515151515151515,0.0077189314
1.7171717171717171,0.202020202020202,-0.012797139
1.7171717171717171,0.2525252525252525,-0.015433456
1.7171717171717171,0.303030303030303,-0.0060202084
1.7171717171717171,0.3535353535353535,0.0032140368
1.7171717171717171,0.404040404040404,-0.0006061153
1.7171717171717171,0.4545454545454545,-0.011703674
1.7171717171717171,0.5050505050505051,-0.027736096
1.7171717171717171,0.5555555555555556,-0.00029820093
1.7171717171717171,0.6060606060606061,-0.009166112
1.7171717171717171,0.6565656565656566,0.0047027846
1.7171717171717171,0.7070707070707071,0.018777965
1.7171717171717171,0.7575757575757576,0.0052237725
1.7171717171717171,0.8080808080808081,0.0005175942
1.7171717171717171,0.8585858585858586,0.004260174
1.7171717171717171,0.9090909090909092,0.009475141
1.7171717171717171,0.9595959595959596,0.004364286
1.7171717171717171,1.0101010101010102,-0.0020530715
1.7171717171717171,1.0606060606060606,-0.014739279
1.7171717171717171,1.1111111111111112,0.0050662896
1.7171717171717171,1.1616161616161615,0.0027792244
1.7171717171717171,1.2121212121212122,0.013514974
1.7171717171717171,1.2626262626262623,-0.008949673
1.7171717171717171,1.3131313131313131,-0.01596114
1.7171717171717171,1.3636363636363635,0.006737185
1.7171717171717171,1.414141414141414,-0.009970762
1.7171717171717171,1.4646464646464643,-0.0034807632
1.7171717171717171,1.5151515151515151,0.002176785
1.7171717171717171,1.5656565656565655,0.011277672
1.7171717171717171,1.616161616161616,-0.015005188
1.7171717171717171,1.6666666666666667,-0.0024048688
1.7171717171717171,1.7171717171717171,-0.004854913
1.7171717171717171,1.7676767676767675,-0.00066168146
1.7171717171717171,1.818181818181818,-0.009029318
1.7171717171717171,1.8686868686868687,0.0064401724
1.7171717171717171,1.9191919191919191,0.0075917942
1.7171717171717171,1.9696969696969695,-0.020202694
1.7171717171717171,2.0202020202020203,-0.006739508
1.7171717171717171,2.0707070707070705,-0.009192112
1.7171717171717171,2.121212121212121,0.012120494
1.7171717171717171,2.171717171717172,-0.013463471
1.7171717171717171,2.2222222222222223,-0.004831566
1.7171717171717171,2.2727272727272725,0.017186271
1.7171717171717171,2.323232323232323,-0.005684274
1.7171717171717171,2.3737373737373737,-0.029151281
1.7171717171717171,2.4242424242424243,0.010834353
1.7171717171717171,2.474747474747475,0.00077315676
1.7171717171717171,2.525252525252525,0.012316565
1.7171717171717171,2.575757575757576,0.029194478
1.7171717171717171,2.6262626262626263,0.019377954
1.7171717171717171,2.676767676767677,-0.005536193
1.7171717171717171,2.727272727272727,-0.013029941
1.7171717171717171,2.7777777777777777,0.01069604
1.7171717171717171,2.8282828282828283,-0.004561801
1.7171717171717171,2.878787878787879,0.013634932
1.7171717171717171,2.929292929292929,-0.024219802
1.7171717171717171,2.97979797979798,-0.0008307983
1.7171717171717171,3.0303030303030303,0.0010349096
1.7171717171717171,3.080808080808081,0.0011661283
1.7171717171717171,3.131313131313131,-0.0002522213
1.7171717171717171,3.1818181818181817,0.0037886903
1.7171717171717171,3.2323232323232323,0.00244554
1.7171717171717171,3.282828282828283,-0.008915823
1.7171717171717171,3.333333333333333,0.014343779
1.7171717171717171,3.383838383838384,-0.019291747
1.7171717171717171,3.4343434343434343,-0.00571388
1.7171717171717171,3.484848484848485,-0.0066717053
1.7171717171717171,3.5353535353535355,-0.00092039804
1.7171717171717171,3.5858585858585856,0.009548704
1.7171717171717171,3.636363636363636,0.0018482496
1.7171717171717171,3.686868686868687,-0.0011677553
1.7171717171717171,3.7373737373737375,-0.0022911387
1.7171717171717171,3.787878787878788,-0.0034485806
1.7171717171717171,3.8383838383838382,-0.010765199
1.7171717171717171,3.888888888888889,-0.005477672
1.7171717171717171,3.939393939393939,-0.003289266
1.7171717171717171,3.9898989898989896,0.0005841264
1.7171717171717171,4.040404040404041,0.02110004
1.7171717171717171,4.090909090909091,0.00772615
1.7171717171717171,4.141414141414141,-0.00342653
1.7171717171717171,4.191919191919192,0.012370085
1.7171717171717171,4.242424242424242,-0.0024976349
1.7171717171717171,4.292929292929293,0.002239748
1.7171717171717171,4.343434343434343,-0.006875488
1.7171717171717171,4.393939393939394,-0.0048984024
1.7171717171717171,4.444444444444445,0.003996921
1.7171717171717171,4.494949494949495,0.006982002
1.7171717171717171,4.545454545454545,0.00052114634
1.7171717171717171,4.595959595959596,0.0028821065
1.7171717171717171,4.646464646464646,0.0005950844
1.7171717171717171,4.696969696969697,0.017285598
1.7171717171717171,4.747474747474747,0.0029208122
1.7171717171717171,4.797979797979798,-0.006925841
1.7171717171717171,4.848484848484849,-0.008442748
1.7171717171717171,4.898989898989899,-0.003292025
1.7171717171717171,4.94949494949495,-0.0011402823
1.7171717171717171,5.0,-0.008452204
1.818181818181818,0.0,0.0030044192
1.818181818181818,0.0505050505050505,0.016395187
1.818181818181818,0.101010101010101,-0.010744171
1.818181818181818,0.1515151515151515,0.003212192
1.818181818181818,0.202020202020202,0.0028923112
1.818181818181818,0.2525252525252525,0.003519682
1.818181818181818,0.303030303030303,0.020987805
1.818181818181818,0.3535353535353535,-0.005285665
1.818181818181818,0.404040404040404,-0.017715178
1.818181818181818,0.4545454545454545,0.00096895854
1.818181818181818,0.5050505050505051,0.0036735178
1.818181818181818,0.5555555555555556,0.0047318833
1.818181818181818,0.6060606060606061,0.005876815
1.818181818181818,0.6565656565656566,0.0018398075
1.818181818181818,0.7070707070707071,-0.008425875
1.818181818181818,0.7575757575757576,-0.016971942
1.818181818181818,0.8080808080808081,0.010871526
1.818181818181818,0.8585858585858586,0.006801387
1.818181818181818,0.9090909090909092,0.011616998
1.818181818181818,0.9595959595959596,-0.0017657212
1.818181818181818,1.0101010101010102,0.005214431
1.818181818181818,1.0606060606060606,-0.023571482
1.818181818181818,1.1111111111111112,-0.008351168
1.818181818181818,1.1616161616161615,-0.022620391
1.818181818181818,1.2121212121212122,-0.012966175
1.818181818181818,1.2626262626262623,0.0032691204
1.818181818181818,1.3131313131313131,0.006064593
1.818181818181818,1.3636363636363635,-0.004606896
1.818181818181818,1.414141414141414,-0.008800823
1.818181818181818,1.4646464646464643,-0.014766353
1.818181818181818,1.5151515151515151,0.0098293265
1.818181818181818,1.5656565656565655,0.000340943
1.818181818181818,1.616161616161616,0.011689329
1.818181818181818,1.6666666666666667,0.00902564
1.818181818181818,1.7171717171717171,-0.017167341
1.818181818181818,1.7676767676767675,0.00046176795
1.818181818181818,1.818181818181818,0.000938987
1.818181818181818,1.8686868686868687,-0.0135635305
1.818181818181818,1.9191919191919191,-0.010603327
1.818181818181818,1.9696969696969695,0.0106540555
1.818181818181818,2.0202020202020203,0.005447613
1.818181818181818,2.0707070707070705,0.015223649
1.818181818181818,2.121212121212121,0.0002351565
1.818181818181818,2.171717171717172,0.0028558883
1.818181818181818,2.2222222222222223,0.0002034425
1.818181818181818,2.2727272727272725,0.009289104
1.818181818181818,2.323232323232323,-0.00923891
1.818181818181818,2.3737373737373737,0.011473858
1.818181818181818,2.4242424242424243,-0.0070543285
1.818181818181818,2.474747474747475,0.011544785
1.818181818181818,2.525252525252525,-0.01746284
1.818181818181818,2.575757575757576,0.007103424
1.818181818181818,2.6262626262626263,-0.0010175811
1.818181818181818,2.676767676767677,-0.009663379
1.818181818181818,2.727272727272727,-0.0142315235
1.818181818181818,2.7777777777777777,-0.007846467
1.818181818181818,2.8282828282828283,0.0061071175
1.818181818181818,2.878787878787879,0.0021427106
1.818181818181818,2.929292929292929,-0.0017470779
1.818181818181818,2.97979797979798,-0.01756127
1.818181818181818,3.0303030303030303,0.014259071
1.818181818181818,3.080808080808081,0.0051271794
1.818181818181818,3.131313131313131,-0.0040267385
1.818181818181818,3.1818181818181817,0.019770667
1.818181818181818,3.2323232323232323,0.00026715975
1.818181818181818,3.282828282828283,-0.0025020866
1.818181818181818,3.333333333333333,-0.0009136427
1.818181818181818,3.383838383838384,-0.0052832775
1.818181818181818,3.4343434343434343,-0.0046433173
1.818181818181818,3.484848484848485,-0.0015669415
1.818181818181818,3.5353535353535355,-0.015964149
1.818181818181818,3.5858585858585856,-0.01532231
1.818181818181818,3.636363636363636,0.008562191
1.818181818181818,3.686868686868687,0.0043221614
1.818181818181818,3.7373737373737375,0.002411336
1.818181818181818,3.787878787878788,-0.0005469574
1.818181818181818,3.8383838383838382,0.00047712025
1.818181818181818,3.888888888888889,-0.008637557
1.818181818181818,3.939393939393939,-0.011418975
1.818181818181818,3.9898989898989896,-0.008292408
1.818181818181818,4.040404040404041,0.013149044
1.818181818181818,4.090909090909091,0.012470791
1.818181818181818,4.141414141414141,-0.0025817982
1.818181818181818,4.191919191919192,-0.013404529
1.818181818181818,4.242424242424242,-0.005561826
1.818181818181818,4.292929292929293,0.011731055
1.818181818181818,4.343434343434343,0.0068599563
1.818181818181818,4.393939393939394,0.008626127
1.818181818181818,4.444444444444445,-0.0041023493
1.818181818181818,4.494949494949495,-0.0075882776
1.818181818181818,4.545454545454545,0.016981626
1.818181818181818,4.595959595959596,0.0074369083
1.818181818181818,4.646464646464646,-0.00032765573
1.818181818181818,4.696969696969697,0.010600287
1.818181818181818,4.747474747474747,3.910572e-05
1.818181818181818,4.797979797979798,-0.0069516506
1.818181818181818,4.848484848484849,-0.018829597
1.818181818181818,4.898989898989899,0.003045727
1.818181818181818,4.94949494949495,-0.007002269
1.818181818181818,5.0,0.017811017
1.9191919191919191,0.0,-0.002936821
1.9191919191919191,0.0505050505050505,0.00524297
1.9191919191919191,0.101010101010101,0.010186317
1.9191919191919191,0.1515151515151515,-0.0015129527
1.9191919191919191,0.202020202020202,0.011705766
1.9191919191919191,0.2525252525252525,0.016411155
1.9191919191919191,0.303030303030303,0.0042830445
1.9191919191919191,0.3535353535353535,-0.010703922
1.9191919191919191,0.404040404040404,-0.006159459
1.9191919191919191,0.4545454545454545,-0.01019452
1.9191919191919191,0.5050505050505051,0.0038481709
1.9191919191919191,0.5555555555555556,0.0029434953
1.9191919191919191,0.6060606060606061,-0.017715042
1.9191919191919191,0.6565656565656566,0.004349349
1.9191919191919191,0.7070707070707071,0.00063124084
1.9191919191919191,0.7575757575757576,-0.0068945
1.9191919191919191,0.8080808080808081,-0.0028298043
1.9191919191919191,0.8585858585858586,0.0066000316
1.9191919191919191,0.9090909090909092,-0.0016193419
1.9191919191919191,0.9595959595959596,0.008860843
1.9191919191919191,1.0101010101010102,0.0054842387
1.9191919191919191,1.0606060606060606,0.004576528
1.9191919191919191,1.1111111111111112,0.0096768895
1.9191919191919191,1.1616161616161615,-0.006673586
1.9191919191919191,1.2121212121212122,0.016183179
1.9191919191919191,1.2626262626262623,-0.0026440509
1.9191919191919191,1.3131313131313131,0.013541374
1.9191919191919191,1.3636363636363635,-0.0007092877
1.9191919191919191,1.414141414141414,-0.0036971346
1.9191919191919191,1.4646464646464643,-0.0024597447
1.9191919191919191,1.5151515151515151,0.0032938218
1.9191919191919191,1.5656565656565655,0.0069737276
1.9191919191919191,1.616161616161616,0.008342198
1.9191919191919191,1.6666666666666667,-0.0109869335
1.9191919191919191,1.7171717171717171,0.0056747603
1.9191919191919191,1.7676767676767675,0.008283822
1.9191919191919191,1.818181818181818,-0.03832532
1.9191919191919191,1.8686868686868687,0.0011584746
1.9191919191919191,1.9191919191919191,0.019915443
1.9191919191919191,1.9696969696969695,0.010238093
1.9191919191919191,2.0202020202020203,0.021327198
1.9191919191919191,2.0707070707070705,0.0023347542
1.9191919191919191,2.121212121212121,0.01200488
1.9191919191919191,2.171717171717172,-0.012668754
1.9191919191919191,2.2222222222222223,-0.009444979
1.9191919191919191,2.2727272727272725,-0.0017937603
1.9191919191919191,2.323232323232323,0.003120499
1.9191919191919191,2.3737373737373737,0.007173796
1.9191919191919191,2.4242424242424243,-0.0023027728
1.9191919191919191,2.474747474747475,0.0071476805
1.9191919191919191,2.525252525252525,0.014436672
1.9191919191919191,2.575757575757576,0.0019614673
1.9191919191919191,2.6262626262626263,-0.008332567
1.9191919191919191,2.676767676767677,-0.009526832
1.9191919191919191,2.727272727272727,-0.003636687
1.9191919191919191,2.7777777777777777,-0.012479248
1.9191919191919191,2.8282828282828283,-0.0009261417
1.9191919191919191,2.878787878787879,0.0065336423
1.9191919191919191,2.929292929292929,0.001636996
1.9191919191919191,2.97979797979798,0.013456141
1.9191919191919191,3.0303030303030303,-0.003695374
1.9191919191919191,3.080808080808081,-0.004714157
1.9191919191919191,3.131313131313131,0.004779215
1.9191919191919191,3.1818181818181817,0.008509471
1.9191919191919191,3.2323232323232323,0.003688439
1.9191919191919191,3.282828282828283,0.010622297
1.9191919191919191,3.333333333333333,0.017639223
1.9191919191919191,3.383838383838384,-0.00048380182
1.9191919191919191,3.4343434343434343,0.009127076
1.9191919191919191,3.484848484848485,-0.013906179
1.9191919191919191,3.5353535353535355,-0.007096125
1.9191919191919191,3.5858585858585856,0.00930797
1.9191919191919191,3.636363636363636,-0.0042432235
1.9191919191919191,3.686868686868687,-0.004821742
1.9191919191919191,3.7373737373737375,0.004773766
1.9191919191919191,3.787878787878788,-0.0017899831
1.9191919191919191,3.8383838383838382,0.004937351
1.9191919191919191,3.888888888888889,0.005612081
1.9191919191919191,3.939393939393939,-0.01798656
1.9191919191919191,3.9898989898989896,-0.0060784593
1.9191919191919191,4.040404040404041,-0.005876335
1.9191919191919191,4.090909090909091,-0.0034517692
1.9191919191919191,4.141414141414141,-0.007287771
1.9191919191919191,4.191919191919192,-0.014957528
1.9191919191919191,4.242424242424242,0.007350957
1.9191919191919191,4.292929292929293,-0.002693186
1.9191919191919191,4.343434343434343,0.004508596
1.9191919191919191,4.393939393939394,0.00040917593
1.9191919191919191,4.444444444444445,-0.00069332245
1.9191919191919191,4.494949494949495,0.0025857675
1.9191919191919191,4.545454545454545,0.0047754617
1.9191919191919191,4.595959595959596,-0.014889175
1.9191919191919191,4.646464646464646,-0.012930023
1.9191919191919191,4.696969696969697,0.008795664
1.9191919191919191,4.747474747474747,0.0007306472
1.9191919191919191,4.797979797979798,0.009967366
1.9191919191919191,4.848484848484849,0.010237914
1.9191919191919191,4.898989898989899,-0.012132515
1.9191919191919191,4.94949494949495,0.009744539
1.9191919191919191,5.0,0.004532273
2.0202020202020203,0.0,-0.009927571
2.0202020202020203,0.0505050505050505,-0.002557562
2.0202020202020203,0.101010101010101,-0.009585698
2.0202020202020203,0.1515151515151515,-0.0057027484
2.0202020202020203,0.202020202020202,0.0019281732
2.0202020202020203,0.2525252525252525,0.0038474593
2.0202020202020203,0.303030303030303,-0.008595812
2.0202020202020203,0.3535353535353535,0.012814749
2.0202020202020203,0.404040404040404,0.0012761041
2.0202020202020203,0.4545454545454545,0.0061010616
2.0202020202020203,0.5050505050505051,-0.012942534
2.0202020202020203,0.5555555555555556,0.0060384157
2.0202020202020203,0.6060606060606061,0.011172463
2.0202020202020203,0.6565656565656566,0.004163927
2.0202020202020203,0.7070707070707071,0.0067470837
2.0202020202020203,0.7575757575757576,0.0022498756
2.0202020202020203,0.8080808080808081,-0.009556331
2.0202020202020203,0.8585858585858586,-0.007779798
2.0202020202020203,0.9090909090909092,0.0069350693
2.0202020202020203,0.9595959595959596,-0.0043586125
2.0202020202020203,1.0101010101010102,-0.009824549
2.0202020202020203,1.0606060606060606,-0.009062879
2.0202020202020203,1.1111111111111112,0.012595612
2.0202020202020203,1.1616161616161615,0.0034626748
2.0202020202020203,1.2121212121212122,-0.020042975
2.0202020202020203,1.2626262626262623,5.5121025e-05
2.0202020202020203,1.3131313131313131,0.004603322
2.0202020202020203,1.3636363636363635,0.011791133
2.0202020202020203,1.414141414141414,-0.010105522
2.0202020202020203,1.4646464646464643,-0.0062025883
2.0202020202020203,1.5151515151515151,-0.014548782
2.0202020202020203,1.5656565656565655,-0.005897571
2.0202020202020203,1.616161616161616,-0.0069602085
2.0202020202020203,1.6666666666666667,0.005155008
2.0202020202020203,1.7171717171717171,0.0072376104
2.0202020202020203,1.7676767676767675,-0.0018846841
2.0202020202020203,1.818181818181818,-0.005821013
2.0202020202020203,1.8686868686868687,-0.0043515507
2.0202020202020203,1.9191919191919191,-0.012878146
2.0202020202020203,1.9696969696969695,0.01929011
2.0202020202020203,2.0202020202020203,-0.0017678958
2.0202020202020203,2.0707070707070705,0.006398149
2.0202020202020203,2.121212121212121,0.006912684
2.0202020202020203,2.171717171717172,0.0051989616
2.0202020202020203,2.2222222222222223,-0.0075460896
2.0202020202020203,2.2727272727272725,-0.0003341107
2.0202020202020203,2.323232323232323,-0.008276493
2.0202020202020203,2.3737373737373737,-0.0035241647
2.0202020202020203,2.4242424242424243,-0.006002294
2.0202020202020203,2.474747474747475,-0.0005797429
2.0202020202020203,2.525252525252525,0.0029748774
2.0202020202020203,2.575757575757576,0.016327746
2.0202020202020203,2.6262626262626263,-0.014954024
2.0202020202020203,2.676767676767677,-0.002996993
2.0202020202020203,2.727272727272727,-0.004144571
2.0202020202020203,2.7777777777777777,-0.007832541
2.0202020202020203,2.8282828282828283,-0.015082807
2.0202020202020203,2.878787878787879,-0.01366431
2.0202020202020203,2.929292929292929,0.009639951
2.0202020202020203,2.97979797979798,0.00040458058
2.0202020202020203,3.0303030303030303,0.002469316
2.0202020202020203,3.080808080808081,0.0011251296
2.0202020202020203,3.131313131313131,-0.0053493925
2.0202020202020203,3.1818181818181817,0.009171099
2.0202020202020203,3.2323232323232323,0.020658657
2.0202020202020203,3.282828282828283,0.0101781525
2.0202020202020203,3.333333333333333,-0.019378869
2.0202020202020203,3.383838383838384,-0.0054771462
2.0202020202020203,3.4343434343434343,-0.0018265718
2.0202020202020203,3.484848484848485,-0.01237339
2.0202020202020203,3.5353535353535355,-0.0016857339
2.0202020202020203,3.5858585858585856,0.0068888604
2.0202020202020203,3.636363636363636,0.0010380287
2.0202020202020203,3.686868686868687,-0.006988957
2.0202020202020203,3.7373737373737375,-0.0050138338
2.0202020202020203,3.787878787878788,-0.0017142801
2.0202020202020203,3.8383838383838382,-0.015410068
2.0202020202020203,3.888888888888889,-0.0033020726
2.0202020202020203,3.939393939393939,-0.0073942514
2.0202020202020203,3.9898989898989896,-0.01510327
2.0202020202020203,4.040404040404041,0.0017837848
2.0202020202020203,4.090909090909091,-0.0017934906
2.0202020202020203,4.141414141414141,-0.005583686
2.0202020202020203,4.191919191919192,-0.008804127
2.0202020202020203,4.242424242424242,-0.008791261
2.0202020202020203,4.292929292929293,0.0154906325
2.0202020202020203,4.343434343434343,0.00015372623
2.0202020202020203,4.393939393939394,-0.00027610516
2.0202020202020203,4.444444444444445,-0.0044803293
2.0202020202020203,4.494949494949495,0.01876419
2.0202020202020203,4.545454545454545,-0.008918794
2.0202020202020203,4.595959595959596,0.0043931655
2.0202020202020203,4.646464646464646,-0.010309823
2.0202020202020203,4.696969696969697,-0.014263974
2.0202020202020203,4.747474747474747,0.007195859
2.0202020202020203,4.797979797979798,0.005959719
2.0202020202020203,4.848484848484849,-0.01346124
2.0202020202020203,4.898989898989899,-0.0005369854
2.0202020202020203,4.94949494949495,-0.010822854
2.0202020202020203,5.0,0.003181944
2.121212121212121,0.0,-0.022309005
2.121212121212121,0.0505050505050505,-0.0103103435
2.121212121212121,0.101010101010101,0.0020588767
2.121212121212121,0.1515151515151515,-0.008329556
2.121212121212121,0.202020202020202,0.009609211
2.121212121212121,0.2525252525252525,-0.01223122
2.121212121212121,0.303030303030303,0.0007828151
2.121212121212121,0.3535353535353535,-0.0015562314
2.121212121212121,0.404040404040404,0.004091351
2.121212121212121,0.4545454545454545,0.0049891886
2.121212121212121,0.5050505050505051,-0.010028912
2.121212121212121,0.5555555555555556,0.0006786091
2.121212121212121,0.6060606060606061,-0.0053455797
2.121212121212121,0.6565656565656566,-0.014051519
2.121212121212121,0.7070707070707071,0.018911961
2.121212121212121,0.7575757575757576,0.013595442
2.121212121212121,0.8080808080808081,-0.0084877
2.121212121212121,0.8585858585858586,-0.018411772
2.121212121212121,0.9090909090909092,0.01357254
2.121212121212121,0.9595959595959596,0.01148344
2.121212121212121,1.0101010101010102,-0.008582409
2.121212121212121,1.0606060606060606,-0.004748202
2.121212121212121,1.1111111111111112,-0.009581076
2.121212121212121,1.1616161616161615,-0.0033480935
2.121212121212121,1.2121212121212122,-0.017462626
2.121212121212121,1.2626262626262623,0.0029124923
2.121212121212121,1.3131313131313131,-0.004571113
2.121212121212121,1.3636363636363635,0.009602429
2.121212121212121,1.414141414141414,0.0041718367
2.121212121212121,1.4646464646464643,0.01665774
2.121212121212121,1.5151515151515151,-0.01814955
2.121212121212121,1.5656565656565655,-0.0048883725
2.121212121212121,1.616161616161616,0.003190588
2.121212121212121,1.6666666666666667,0.008207234
2.121212121212121,1.7171717171717171,0.0026855208
2.121212121212121,1.7676767676767675,0.0053491034
2.121212121212121,1.818181818181818,-0.019663855
2.121212121212121,1.8686868686868687,0.00347555
2.121212121212121,1.9191919191919191,-0.0038397703
2.121212121212121,1.9696969696969695,0.009996394
2.121212121212121,2.0202020202020203,-0.0041198144
2.121212121212121,2.0707070707070705,0.017920982
2.121212121212121,2.121212121212121,-0.0076726982
2.121212121212121,2.171717171717172,-0.0130797755
2.121212121212121,2.2222222222222223,-0.013159325
2.121212121212121,2.2727272727272725,-0.0012854071
2.121212121212121,2.323232323232323,0.013067462
2.121212121212121,2.3737373737373737,0.001913402
2.121212121212121,2.4242424242424243,0.013767471
2.121212121212121,2.474747474747475,0.0068920455
2.121212121212121,2.525252525252525,0.0043921596
2.121212121212121,2.575757575757576,-0.00048139776
2.121212121212121,2.6262626262626263,0.01122171
2.121212121212121,2.676767676767677,0.027943045
2.121212121212121,2.727272727272727,-0.0008464075
2.121212121212121,2.7777777777777777,-0.002434539
2.121212121212121,2.8282828282828283,-0.014118941
2.121212121212121,2.878787878787879,-0.010503881
2.121212121212121,2.929292929292929,0.011106182
2.121212121212121,2.97979797979798,0.0021369199
2.121212121212121,3.0303030303030303,0.0050676987
2.121212121212121,3.080808080808081,0.00282864
2.121212121212121,3.131313131313131,-0.011814165
2.121212121212121,3.1818181818181817,-0.009001671
2.121212121212121,3.2323232323232323,0.021022186
2.121212121212121,3.282828282828283,0.0013313256
2.121212121212121,3.333333333333333,0.00022424961
2.121212121212121,3.383838383838384,-0.0027994916
2.121212121212121,3.4343434343434343,-0.006847842
2.121212121212121,3.484848484848485,-0.007950334
2.121212121212121,3.5353535353535355,-0.017333787
2.121212121212121,3.5858585858585856,0.011858826
2.121212121212121,3.636363636363636,0.0044657984
2.121212121212121,3.686868686868687,0.011301036
2.121212121212121,3.7373737373737375,-0.00333359
2.121212121212121,3.787878787878788,0.0089355875
2.121212121212121,3.8383838383838382,-0.0143357
2.121212121212121,3.888888888888889,-0.008756161
2.121212121212121,3.939393939393939,9.384096e-05
2.121212121212121,3.9898989898989896,0.0063042943
2.121212121212121,4.040404040404041,0.008632986
2.121212121212121,4.090909090909091,0.011419644
2.121212121212121,4.141414141414141,0.0031092544
2.121212121212121,4.191919191919192,-0.0010642463
2.121212121212121,4.242424242424242,-0.007953894
2.121212121212121,4.292929292929293,-0.011213212
2.121212121212121,4.343434343434343,0.00857977
2.121212121212121,4.393939393939394,-0.01693325
2.121212121212121,4.444444444444445,0.0028935862
2.121212121212121,4.494949494949495,0.0012979169
2.121212121212121,4.545454545454545,0.008025771
2.121212121212121,4.595959595959596,0.002019283
2.121212121212121,4.646464646464646,0.0038469564
2.121212121212121,4.696969696969697,0.0017066174
2.121212121212121,4.747474747474747,0.013613445
2.121212121212121,4.797979797979798,-0.0025743286
2.121212121212121,4.848484848484849,6.6736946e-05
2.121212121212121,4.898989898989899,-0.0054354407
2.121212121212121,4.94949494949495,-0.014135205
2.121212121212121,5.0,0.027877599
2.2222222222222223,0.0,-0.010137445
2.2222222222222223,0.0505050505050505,0.010019038
2.2222222222222223,0.101010101010101,0.008672235
2.2222222222222223,0.1515151515151515,0.0024496315
2.2222222222222223,0.202020202020202,0.013056883
2.2222222222222223,0.2525252525252525,-0.010610337
2.2222222222222223,0.303030303030303,-0.00040719082
2.2222222222222223,0.3535353535353535,-0.019681334
2.2222222222222223,0.404040404040404,0.006461869
2.2222222222222223,0.4545454545454545,0.009474418
2.2222222222222223,0.5050505050505051,-0.00964343
2.2222222222222223,0.5555555555555556,-0.0005544676
2.2222222222222223,0.6060606060606061,0.006487415
2.2222222222222223,0.6565656565656566,-0.015244767
2.2222222222222223,0.7070707070707071,-0.004629494
2.2222222222222223,0.7575757575757576,-0.016245777
2.2222222222222223,0.8080808080808081,0.014023378
2.2222222222222223,0.8585858585858586,0.0038867737
2.2222222222222223,0.9090909090909092,0.007254556
2.2222222222222223,0.9595959595959596,-0.013895112
2.2222222222222223,1.0101010101010102,-0.008552697
2.2222222222222223,1.0606060606060606,-0.01533531
2.2222222222222223,1.1111111111111112,0.001288852
2.2222222222222223,1.1616161616161615,0.002891088
2.2222222222222223,1.2121212121212122,-0.007377329
2.2222222222222223,1.2626262626262623,0.008807763
2.2222222222222223,1.3131313131313131,-0.0076626395
2.2222222222222223,1.3636363636363635,0.014585676
2.2222222222222223,1.414141414141414,0.017723871
2.2222222222222223,1.4646464646464643,0.003296597
2.2222222222222223,1.5151515151515151,0.00658734
2.2222222222222223,1.5656565656565655,0.006428387
2.2222222222222223,1.616161616161616,0.0040178
2.2222222222222223,1.6666666666666667,0.0066230944
2.2222222222222223,1.7171717171717171,-0.008157885
2.2222222222222223,1.7676767676767675,0.017509973
2.2222222222222223,1.818181818181818,-0.0007119283
2.2222222222222223,1.8686868686868687,-0.0031905593
2.2222222222222223,1.9191919191919191,0.009801297
2.2222222222222223,1.9696969696969695,0.0011956664
2.2222222222222223,2.0202020202020203,-0.0006124546
2.2222222222222223,2.0707070707070705,-0.009422666
2.2222222222222223,2.121212121212121,0.014318883
2.2222222222222223,2.171717171717172,0.0013153167
2.2222222222222223,2.2222222222222223,-0.0018222468
2.2222222222222223,2.2727272727272725,0.003660371
2.2222222222222223,2.323232323232323,-0.0067535765
2.2222222222222223,2.3737373737373737,-0.0032092226
2.2222222222222223,2.4242424242424243,-0.012091906
2.2222222222222223,2.474747474747475,0.000776774
2.2222222222222223,2.525252525252525,0.0017619072
2.2222222222222223,2.575757575757576,0.0057886383
2.2222222222222223,2.6262626262626263,0.015511679
2.2222222222222223,2.676767676767677,0.0008444355
2.2222222222222223,2.727272727272727,-0.0028734636
2.2222222222222223,2.7777777777777777,-0.006621135
2.2222222222222223,2.8282828282828283,-0.00013968267
2.2222222222222223,2.878787878787879,-0.0027778726
2.2222222222222223,2.929292929292929,-0.007856798
2.2222222222222223,2.97979797979798,0.0046062395
2.2222222222222223,3.0303030303030303,0.0056621837
2.2222222222222223,3.080808080808081,0.011541569
2.2222222222222223,3.131313131313131,-0.023971787
2.2222222222222223,3.1818181818181817,0.0038038406
2.2222222222222223,3.2323232323232323,-0.010242971
2.2222222222222223,3.282828282828283,0.007994512
2.2222222222222223,3.333333333333333,0.008700053
2.2222222222222223,3.383838383838384,0.00070073974
2.2222222222222223,3.4343434343434343,-0.003385083
2.2222222222222223,3.484848484848485,-0.00095477584
2.2222222222222223,3.5353535353535355,0.0015840401
2.2222222222222223,3.5858585858585856,-0.008398545
2.2222222222222223,3.636363636363636,0.016116096
2.2222222222222223,3.686868686868687,-0.0007980118
2.2222222222222223,3.7373737373737375,0.01632635
2.2222222222222223,3.787878787878788,-0.0022044082
2.2222222222222223,3.8383838383838382,-0.0022251469
2.2222222222222223,3.888888888888889,0.0013147529
2.2222222222222223,3.939393939393939,0.0068301205
2.2222222222222223,3.9898989898989896,-0.0013802764
2.2222222222222223,4.040404040404041,0.014818451
2.2222222222222223,4.090909090909091,0.01659257
2.2222222222222223,4.141414141414141,0.0040998776
2.2222222222222223,4.191919191919192,-9.331607e-06
2.2222222222222223,4.242424242424242,-0.0010837516
2.2222222222222223,4.292929292929293,0.004794067
2.2222222222222223,4.343434343434343,-0.012922875
2.2222222222222223,4.393939393939394,0.0034748479
2.2222222222222223,4.444444444444445,-6.3884225e-05
2.2222222222222223,4.494949494949495,-0.0037649947
2.2222222222222223,4.545454545454545,0.022679044
2.2222222222222223,4.595959595959596,0.009991295
2.2222222222222223,4.646464646464646,-0.0029818222
2.2222222222222223,4.696969696969697,-0.007564722
2.2222222222222223,4.747474747474747,-0.0020476726
2.2222222222222223,4.797979797979798,0.014050162
2.2222222222222223,4.848484848484849,-0.00943477
2.2222222222222223,4.898989898989899,0.020284137
2.2222222222222223,4.94949494949495,0.0039312155
2.2222222222222223,5.0,0.004133126
2.323232323232323,0.0,0.004638987
2.323232323232323,0.0505050505050505,-0.00029827078
2.323232323232323,0.101010101010101,0.012715273
2.323232323232323,0.1515151515151515,0.010848652
2.323232323232323,0.202020202020202,-0.01012434
2.323232323232323,0.2525252525252525,-0.0014667244
2.323232323232323,0.303030303030303,-0.004965879
2.323232323232323,0.3535353535353535,0.0036382463
2.323232323232323,0.404040404040404,0.003396982
2.323232323232323,0.4545454545454545,0.012731382
2.323232323232323,0.5050505050505051,-0.015371414
2.323232323232323,0.5555555555555556,0.010402002
2.323232323232323,0.6060606060606061,-0.007641999
2.323232323232323,0.6565656565656566,-0.0044291653
2.323232323232323,0.7070707070707071,-9.090412e-05
2.323232323232323,0.7575757575757576,0.0025302123
2.323232323232323,0.8080808080808081,0.0088956915
2.323232323232323,0.8585858585858586,0.020151906
2.323232323232323,0.9090909090909092,0.0012288183
2.323232323232323,0.9595959595959596,0.0028315615
2.323232323232323,1.0101010101010102,0.0057903724
2.323232323232323,1.0606060606060606,-0.0019989891
2.323232323232323,1.1111111111111112,-0.02469084
2.323232323232323,1.1616161616161615,-0.0161011
2.323232323232323,1.2121212121212122,0.017436981
2.323232323232323,1.2626262626262623,-0.0038771313
2.323232323232323,1.3131313131313131,0.0077232784
2.323232323232323,1.3636363636363635,0.0022671593
2.323232323232323,1.414141414141414,0.008466978
2.323232323232323,1.4646464646464643,0.008503186
2.323232323232323,1.5151515151515151,0.018044092
2.323232323232323,1.5656565656565655,0.014646685
2.323232323232323,1.616161616161616,0.0029134448
2.323232323232323,1.6666666666666667,-0.011624997
2.323232323232323,1.7171717171717171,-0.0047836425
2.323232323232323,1.7676767676767675,0.013870203
2.323232323232323,1.818181818181818,-0.0005114509
2.323232323232323,1.8686868686868687,-0.006013848
2.323232323232323,1.9191919191919191,-0.011444445
2.323232323232323,1.9696969696969695,-0.011233654
2.323232323232323,2.0202020202020203,-0.007945832
2.323232323232323,2.0707070707070705,-0.0056947516
2.323232323232323,2.121212121212121,0.0005494206
2.323232323232323,2.171717171717172,-0.007646363
2.323232323232323,2.2222222222222223,-0.014184188
2.323232323232323,2.2727272727272725,-0.008973153
2.323232323232323,2.323232323232323,-0.00069965416
2.323232323232323,2.3737373737373737,0.0049442938
2.323232323232323,2.4242424242424243,0.021871159
2.323232323232323,2.474747474747475,0.011617707
2.323232323232323,2.525252525252525,0.0063469177
2.323232323232323,2.575757575757576,-0.004325245
2.323232323232323,2.6262626262626263,-0.014112853
2.323232323232323,2.676767676767677,0.018677223
2.323232323232323,2.727272727272727,-0.009821573
2.323232323232323,2.7777777777777777,-0.009580993
2.323232323232323,2.8282828282828283,0.017746136
2.323232323232323,2.878787878787879,0.015161906
2.323232323232323,2.929292929292929,-0.010465848
2.323232323232323,2.97979797979798,0.013759163
2.323232323232323,3.0303030303030303,-0.0023219886
2.323232323232323,3.080808080808081,0.008947616
2.323232323232323,3.131313131313131,-0.0011953603
2.323232323232323,3.1818181818181817,0.007854304
2.323232323232323,3.2323232323232323,-0.0056177736
2.323232323232323,3.282828282828283,-0.004788385
2.323232323232323,3.333333333333333,-0.007523331
2.323232323232323,3.383838383838384,-0.0047686854
2.323232323232323,3.4343434343434343,0.0071345815
2.323232323232323,3.484848484848485,-0.019506268
2.323232323232323,3.5353535353535355,-0.006031076
2.323232323232323,3.5858585858585856,-0.0079420265
2.323232323232323,3.636363636363636,0.0002361557
2.323232323232323,3.686868686868687,-0.007165514
2.323232323232323,3.7373737373737375,0.009313072
2.323232323232323,3.787878787878788,0.0011275313
2.323232323232323,3.8383838383838382,0.0021544343
2.323232323232323,3.888888888888889,-0.0128417965
2.323232323232323,3.939393939393939,0.02229104
2.323232323232323,3.9898989898989896,0.008249357
2.323232323232323,4.040404040404041,0.0045538666
2.323232323232323,4.090909090909091,0.005599141
2.323232323232323,4.141414141414141,0.0021209174
2.323232323232323,4.191919191919192,0.011861252
2.323232323232323,4.242424242424242,0.0028819975
2.323232323232323,4.292929292929293,0.016998308
2.323232323232323,4.343434343434343,0.024324993
2.323232323232323,4.393939393939394,0.0025851217
2.323232323232323,4.444444444444445,0.013330132
2.323232323232323,4.494949494949495,0.0012649449
2.323232323232323,4.545454545454545,-0.0015770526
2.323232323232323,4.595959595959596,0.005783247
2.323232323232323,4.646464646464646,0.012233283
2.323232323232323,4.696969696969697,0.00791765
2.323232323232323,4.747474747474747,0.005074418
2.323232323232323,4.797979797979798,0.0043916972
2.323232323232323,4.848484848484849,-0.008357944
2.323232323232323,4.898989898989899,-0.0069006467
2.323232323232323,4.94949494949495,0.0046465066
2.323232323232323,5.0,0.00982674
2.4242424242424243,0.0,0.0041359905
2.4242424242424243,0.0505050505050505,-0.0052391123
2.4242424242424243,0.101010101010101,0.0013422854
2.4242424242424243,0.1515151515151515,-0.011245696
2.4242424242424243,0.202020202020202,0.013094076
2.4242424242424243,0.2525252525252525,-0.0007285541
2.4242424242424243,0.303030303030303,0.011227099
2.4242424242424243,0.3535353535353535,-0.0024534783
2.4242424242424243,0.404040404040404,0.0027226456
2.4242424242424243,0.4545454545454545,-0.0042858794
2.4242424242424243,0.5050505050505051,0.0082399845
2.4242424242424243,0.5555555555555556,-0.01398988
2.4242424242424243,0.6060606060606061,-0.0068156295
2.4242424242424243,0.6565656565656566,0.008538435
2.4242424242424243,0.7070707070707071,0.01567829
2.4242424242424243,0.7575757575757576,-0.0059977043
2.4242424242424243,0.8080808080808081,0.0023984401
2.4242424242424243,0.8585858585858586,0.021043003
2.4242424242424243,0.9090909090909092,-0.007700114
2.4242424242424243,0.9595959595959596,-0.015130436
2.4242424242424243,1.0101010101010102,-0.0040357173
2.4242424242424243,1.0606060606060606,-0.0044247783
2.4242424242424243,1.1111111111111112,-0.0126540745
2.4242424242424243,1.1616161616161615,0.014840715
2.4242424242424243,1.2121212121212122,-0.0020433166
2.4242424242424243,1.2626262626262623,-0.011885942
2.4242424242424243,1.3131313131313131,0.0014065788
2.4242424242424243,1.3636363636363635,0.006466821
2.4242424242424243,1.414141414141414,-0.002307007
2.4242424242424243,1.4646464646464643,0.0039579286
2.4242424242424243,1.5151515151515151,-0.0013584411
2.4242424242424243,1.5656565656565655,0.0024918206
2.4242424242424243,1.616161616161616,-0.0038097347
2.4242424242424243,1.6666666666666667,-0.016328286
2.4242424242424243,1.7171717171717171,-0.0032575366
2.4242424242424243,1.7676767676767675,0.02110002
2.4242424242424243,1.818181818181818,-0.0055823843
2.4242424242424243,1.8686868686868687,0.0038789941
2.4242424242424243,1.9191919191919191,-0.022768142
2.4242424242424243,1.9696969696969695,0.0037306782
2.4242424242424243,2.0202020202020203,0.0020611547
2.4242424242424243,2.0707070707070705,-0.010159707
2.4242424242424243,2.121212121212121,-0.0059985165
2.4242424242424243,2.171717171717172,0.0017797666
2.4242424242424243,2.2222222222222223,-0.011433092
2.4242424242424243,2.2727272727272725,0.01339462
2.4242424242424243,2.323232323232323,-0.009967521
2.4242424242424243,2.3737373737373737,-0.0060219048
2.4242424242424243,2.4242424242424243,0.008778836
2.4242424242424243,2.474747474747475,0.007318399
2.4242424242424243,2.525252525252525,0.0027381452
2.4242424242424243,2.575757575757576,0.017188367
2.4242424242424243,2.6262626262626263,0.0134503115
2.4242424242424243,2.676767676767677,-0.012653104
2.4242424242424243,2.727272727272727,0.0045117415
2.4242424242424243,2.7777777777777777,0.006597211
2.4242424242424243,2.8282828282828283,-0.006524525
2.4242424242424243,2.878787878787879,-0.008879274
2.4242424242424243,2.929292929292929,-0.010803741
2.4242424242424243,2.97979797979798,0.014245183
2.4242424242424243,3.0303030303030303,-0.011213253
2.4242424242424243,3.080808080808081,0.003918372
2.4242424242424243,3.131313131313131,-0.0049036844
2.4242424242424243,3.1818181818181817,-0.0028906295
2.4242424242424243,3.2323232323232323,-0.0020463406
2.4242424242424243,3.282828282828283,-0.0019494481
2.4242424242424243,3.333333333333333,0.016682763
2.4242424242424243,3.383838383838384,0.0067412797
2.4242424242424243,3.4343434343434343,0.011708104
2.4242424242424243,3.484848484848485,0.00021614092
2.4242424242424243,3.5353535353535355,-0.009156265
2.4242424242424243,3.5858585858585856,0.0021846672
2.4242424242424243,3.636363636363636,0.012556324
2.4242424242424243,3.686868686868687,-0.008077448
2.4242424242424243,3.7373737373737375,0.02061985
2.4242424242424243,3.787878787878788,0.0030488023
2.4242424242424243,3.8383838383838382,-0.014610782
2.4242424242424243,3.888888888888889,-0.0020266015
2.4242424242424243,3.939393939393939,0.00031467708
2.4242424242424243,3.9898989898989896,0.0029104494
2.4242424242424243,4.040404040404041,0.004191838
2.4242424242424243,4.090909090909091,-0.008154667
2.4242424242424243,4.141414141414141,-0.0069506126
2.4242424242424243,4.191919191919192,0.008987486
2.4242424242424243,4.242424242424242,-0.0076347655
2.4242424242424243,4.292929292929293,-0.0019663104
2.4242424242424243,4.343434343434343,-0.0036330787
2.4242424242424243,4.393939393939394,-0.015530609
2.4242424242424243,4.444444444444445,-0.008605437
2.4242424242424243,4.494949494949495,-0.004004061
2.4242424242424243,4.545454545454545,0.016809849
2.4242424242424243,4.595959595959596,-0.0011213089
2.4242424242424243,4.646464646464646,-0.0054515353
2.4242424242424243,4.696969696969697,0.005253366
2.4242424242424243,4.747474747474747,0.006945744
2.4242424242424243,4.797979797979798,0.0073052207
2.4242424242424243,4.848484848484849,0.01603794
2.4242424242424243,4.898989898989899,0.007152358
2.4242424242424243,4.94949494949495,0.01903688
2.4242424242424243,5.0,-0.01119784
2.525252525252525,0.0,-0.02211787
2.525252525252525,0.0505050505050505,-0.0057546315
2.525252525252525,0.101010101010101,0.0043194015
2.525252525252525,0.1515151515151515,0.008337974
2.525252525252525,0.202020202020202,0.0031530778
2.525252525252525,0.2525252525252525,0.013361929
2.525252525252525,0.303030303030303,0.0058647064
2.525252525252525,0.3535353535353535,0.0021032211
2.525252525252525,0.404040404040404,-0.00065526005
2.525252525252525,0.4545454545454545,0.006110421
2.525252525252525,0.5050505050505051,0.006648997
2.525252525252525,0.5555555555555556,-0.002499617
2.525252525252525,0.6060606060606061,0.0058510415
2.525252525252525,0.6565656565656566,0.012774115
2.525252525252525,0.7070707070707071,0.008801257
2.525252525252525,0.7575757575757576,0.0052002207
2.525252525252525,0.8080808080808081,-0.010255969
2.525252525252525,0.8585858585858586,0.017627144
2.525252525252525,0.9090909090909092,-0.028157625
2.525252525252525,0.9595959595959596,-0.002837528
2.525252525252525,1.0101010101010102,-0.006867133
2.525252525252525,1.0606060606060606,0.010242813
2.525252525252525,1.1111111111111112,0.01730846
2.525252525252525,1.1616161616161615,-0.003246894
2.525252525252525,1.2121212121212122,0.0031438512
2.525252525252525,1.2626262626262623,-0.0006691343
2.525252525252525,1.3131313131313131,-0.006546841
2.525252525252525,1.3636363636363635,0.010335132
2.525252525252525,1.414141414141414,-0.02141842
2.525252525252525,1.4646464646464643,0.0077243797
2.525252525252525,1.5151515151515151,-0.0063585006
2.525252525252525,1.5656565656565655,0.0025201275
2.525252525252525,1.616161616161616,0.009832904
2.525252525252525,1.6666666666666667,0.002725284
2.525252525252525,1.7171717171717171,0.007202309
2.525252525252525,1.7676767676767675,0.008769089
2.525252525252525,1.818181818181818,-0.016670102
2.525252525252525,1.8686868686868687,-0.02222672
2.525252525252525,1.9191919191919191,-0.010847981
2.525252525252525,1.9696969696969695,0.00612401
2.525252525252525,2.0202020202020203,-0.0057850042
2.525252525252525,2.0707070707070705,-0.007257409
2.525252525252525,2.121212121212121,0.01864533
2.525252525252525,2.171717171717172,-0.008439115
2.525252525252525,2.2222222222222223,0.013955747
2.525252525252525,2.2727272727272725,-0.0040160473
2.525252525252525,2.323232323232323,-0.004760215
2.525252525252525,2.3737373737373737,0.0060240743
2.525252525252525,2.4242424242424243,-0.0013895398
2.525252525252525,2.474747474747475,-0.005199073
2.525252525252525,2.525252525252525,-0.0042977063
2.525252525252525,2.575757575757576,-0.009330264
2.525252525252525,2.6262626262626263,-0.0032555792
2.525252525252525,2.676767676767677,0.00930389
2.525252525252525,2.727272727272727,-0.0028404435
2.525252525252525,2.7777777777777777,0.008463887
2.525252525252525,2.8282828282828283,0.00018565377
2.525252525252525,2.878787878787879,-0.016755516
2.525252525252525,2.929292929292929,-0.019437434
2.525252525252525,2.97979797979798,0.0009865526
2.525252525252525,3.0303030303030303,-0.0067444625
2.525252525252525,3.080808080808081,-0.01889293
2.525252525252525,3.131313131313131,-0.018424435
2.525252525252525,3.1818181818181817,0.0013227719
2.525252525252525,3.2323232323232323,-0.007928703
2.525252525252525,3.282828282828283,0.012297094
2.525252525252525,3.333333333333333,0.0007773401
2.525252525252525,3.383838383838384,0.018036107
2.525252525252525,3.4343434343434343,-0.0033883818
2.525252525252525,3.484848484848485,-0.004669682
2.525252525252525,3.5353535353535355,-0.0040187645
2.525252525252525,3.5858585858585856,-0.013109723
2.525252525252525,3.636363636363636,0.0003079219
2.525252525252525,3.686868686868687,-0.005921895
2.525252525252525,3.7373737373737375,-0.011771181
2.525252525252525,3.787878787878788,0.01740944
2.525252525252525,3.8383838383838382,-0.0029608186
2.525252525252525,3.888888888888889,-0.0034736944
2.525252525252525,3.939393939393939,-0.0049671265
2.525252525252525,3.9898989898989896,-0.013010065
2.525252525252525,4.040404040404041,0.013098557
2.525252525252525,4.090909090909091,-0.0026663041
2.525252525252525,4.141414141414141,0.0019697873
2.525252525252525,4.191919191919192,-0.006992143
2.525252525252525,4.242424242424242,0.011395643
2.525252525252525,4.292929292929293,0.0019117494
2.525252525252525,4.343434343434343,-9.4624396e-05
2.525252525252525,4.393939393939394,0.0035460787
2.525252525252525,4.444444444444445,-0.004238294
2.525252525252525,4.494949494949495,0.010711756
2.525252525252525,4.545454545454545,0.02712479
2.525252525252525,4.595959595959596,-0.0019352838
2.525252525252525,4.646464646464646,0.017502615
2.525252525252525,4.696969696969697,-0.0011171314
2.525252525252525,4.747474747474747,-0.0082201725
2.525252525252525,4.797979797979798,0.007975156
2.525252525252525,4.848484848484849,-0.0076852404
2.525252525252525,4.898989898989899,0.015375657
2.525252525252525,4.94949494949495,-0.01777112
2.525252525252525,5.0,-0.010646122
2.6262626262626263,0.0,0.010507823
2.6262626262626263,0.0505050505050505,0.01384103
2.6262626262626263,0.101010101010101,-0.015027097
2.6262626262626263,0.1515151515151515,-0.010865438
2.6262626262626263,0.202020202020202,0.021495704
2.6262626262626263,0.2525252525252525,-0.009262225
2.6262626262626263,0.303030303030303,-0.008617974
2.6262626262626263,0.3535353535353535,-0.00013285641
2.6262626262626263,0.404040404040404,0.009761217
2.6262626262626263,0.4545454545454545,-0.00077305204
2.6262626262626263,0.5050505050505051,-0.021688463
2.6262626262626263,0.5555555555555556,0.012136758
2.6262626262626263,0.6060606060606061,-0.018085858
2.6262626262626263,0.6565656565656566,0.0019425715
2.6262626262626263,0.7070707070707071,0.006679531
2.6262626262626263,0.7575757575757576,-0.011588698
2.6262626262626263,0.8080808080808081,-0.0071624722
2.6262626262626263,0.8585858585858586,-0.010271013
2.6262626262626263,0.9090909090909092,-0.014785282
2.6262626262626263,0.9595959595959596,0.00045808373
2.6262626262626263,1.0101010101010102,-0.0010694065
2.6262626262626263,1.0606060606060606,0.0035308537
2.6262626262626263,1.1111111111111112,0.0033016722
2.6262626262626263,1.1616161616161615,-0.0053091026
2.6262626262626263,1.2121212121212122,0.00036329837
2.6262626262626263,1.2626262626262623,0.024672696
2.6262626262626263,1.3131313131313131,-0.0016547388
2.6262626262626263,1.3636363636363635,-0.0030690776
2.6262626262626263,1.414141414141414,0.014188533
2.6262626262626263,1.4646464646464643,-0.0045662294
2.6262626262626263,1.5151515151515151,-0.015976079
2.6262626262626263,1.5656565656565655,0.0077355066
2.6262626262626263,1.616161616161616,-0.006360014
2.6262626262626263,1.6666666666666667,-0.0025095348
2.6262626262626263,1.7171717171717171,0.0070053795
2.6262626262626263,1.7676767676767675,0.014387873
2.6262626262626263,1.818181818181818,-0.010684497
2.6262626262626263,1.8686868686868687,-0.0016634242
2.6262626262626263,1.9191919191919191,0.0051761153
2.6262626262626263,1.9696969696969695,-0.0073252623
2.6262626262626263,2.0202020202020203,0.0033585336
2.6262626262626263,2.0707070707070705,-0.007603669
2.6262626262626263,2.121212121212121,0.00056602154
2.6262626262626263,2.171717171717172,-0.015038569
2.6262626262626263,2.2222222222222223,-0.004485261
2.6262626262626263,2.2727272727272725,0.0052573155
2.6262626262626263,2.323232323232323,0.0026190183
2.6262626262626263,2.3737373737373737,0.007167068
2.6262626262626263,2.4242424242424243,-0.0069654034
2.6262626262626263,2.474747474747475,0.008436497
2.6262626262626263,2.525252525252525,0.01924942
2.6262626262626263,2.575757575757576,-0.003405316
2.6262626262626263,2.6262626262626263,-0.0043293494
2.6262626262626263,2.676767676767677,0.013083903
2.6262626262626263,2.727272727272727,0.004293099
2.6262626262626263,2.7777777777777777,0.0007122803
2.6262626262626263,2.8282828282828283,-0.014018466
2.6262626262626263,2.878787878787879,0.0056112898
2.6262626262626263,2.929292929292929,0.011513165
2.6262626262626263,2.97979797979798,0.0069885785
2.6262626262626263,3.0303030303030303,-0.005897563
2.6262626262626263,3.080808080808081,-0.00164609
2.6262626262626263,3.131313131313131,-0.0049309614
2.6262626262626263,3.1818181818181817,0.0050408533
2.6262626262626263,3.2323232323232323,0.0013771948
2.6262626262626263,3.282828282828283,0.0027507974
2.6262626262626263,3.333333333333333,0.004682971
2.6262626262626263,3.383838383838384,-0.0070299516
2.6262626262626263,3.4343434343434343,-0.0017960516
2.6262626262626263,3.484848484848485,0.008973854
2.6262626262626263,3.5353535353535355,0.00051693857
2.6262626262626263,3.5858585858585856,-0.005315346
2.6262626262626263,3.636363636363636,0.004069326
2.6262626262626263,3.686868686868687,0.004082213
2.6262626262626263,3.7373737373737375,-0.0049607335
2.6262626262626263,3.787878787878788,-0.009290968
2.6262626262626263,3.8383838383838382,-0.001992856
2.6262626262626263,3.888888888888889,0.0046825004
2.6262626262626263,3.939393939393939,0.010863715
2.6262626262626263,3.9898989898989896,-0.00489165
2.6262626262626263,4.040404040404041,-0.00086092105
2.6262626262626263,4.090909090909091,0.0060735024
2.6262626262626263,4.141414141414141,0.0022783454
2.6262626262626263,4.191919191919192,-0.0061863875
2.6262626262626263,4.242424242424242,0.011308897
2.6262626262626263,4.292929292929293,-0.0012078774
2.6262626262626263,4.343434343434343,0.016046744
2.6262626262626263,4.393939393939394,0.0008605139
2.6262626262626263,4.444444444444445,0.0028125457
2.6262626262626263,4.494949494949495,0.0008700139
2.6262626262626263,4.545454545454545,-0.002570661
2.6262626262626263,4.595959595959596,0.022180261
2.6262626262626263,4.646464646464646,0.0124015445
2.6262626262626263,4.696969696969697,-0.0065734247
2.6262626262626263,4.747474747474747,0.01848445
2.6262626262626263,4.797979797979798,-0.011966158
2.6262626262626263,4.848484848484849,-0.0045390236
2.6262626262626263,4.898989898989899,0.014244478
2.6262626262626263,4.94949494949495,0.022691952
2.6262626262626263,5.0,0.0131048355
2.727272727272727,0.0,-0.0031789434
2.727272727272727,0.0505050505050505,-0.0037736564
2.727272727272727,0.101010101010101,0.022604441
2.727272727272727,0.1515151515151515,-0.003309515
2.727272727272727,0.202020202020202,-0.007194162
2.727272727272727,0.2525252525252525,0.012199067
2.727272727272727,0.303030303030303,0.014356315
2.727272727272727,0.3535353535353535,-0.003139827
2.727272727272727,0.404040404040404,0.00897902
2.727272727272727,0.4545454545454545,0.0063588745
2.727272727272727,0.5050505050505051,-0.00847575
2.727272727272727,0.5555555555555556,-0.0009313177
2.727272727272727,0.6060606060606061,-0.003935959
2.727272727272727,0.6565656565656566,-0.0002484051
2.727272727272727,0.7070707070707071,-0.0036326281
2.727272727272727,0.7575757575757576,-0.0069412217
2.727272727272727,0.8080808080808081,-0.009816297
2.727272727272727,0.8585858585858586,-0.0005556102
2.727272727272727,0.9090909090909092,-0.010469098
2.727272727272727,0.9595959595959596,-0.0016152557
2.727272727272727,1.0101010101010102,-0.005717736
2.727272727272727,1.0606060606060606,-0.01556088
2.727272727272727,1.1111111111111112,-0.009632699
2.727272727272727,1.1616161616161615,-0.0043664235
2.727272727272727,1.2121212121212122,-8.548072e-05
2.727272727272727,1.2626262626262623,0.00044599714
2.727272727272727,1.3131313131313131,-0.0035373678
2.727272727272727,1.3636363636363635,0.0015752233
2.727272727272727,1.414141414141414,-0.011567073
2.727272727272727,1.4646464646464643,0.018155642
2.727272727272727,1.5151515151515151,-0.020921215
2.727272727272727,1.5656565656565655,-0.0065173525
2.727272727272727,1.616161616161616,0.011426493
2.727272727272727,1.6666666666666667,-0.0075382837
2.727272727272727,1.7171717171717171,-0.014663174
2.727272727272727,1.7676767676767675,0.0008023621
2.727272727272727,1.818181818181818,-0.006316997
2.727272727272727,1.8686868686868687,-0.007410086
2.727272727272727,1.9191919191919191,0.01806398
2.727272727272727,1.9696969696969695,0.009378061
2.727272727272727,2.0202020202020203,-0.0038452786
2.727272727272727,2.0707070707070705,0.0065850136
2.727272727272727,2.121212121212121,0.007616772
2.727272727272727,2.171717171717172,-0.006450856
2.727272727272727,2.2222222222222223,-0.036307897
2.727272727272727,2.2727272727272725,-0.021863703
2.727272727272727,2.323232323232323,0.0026440108
2.727272727272727,2.3737373737373737,-0.005598823
2.727272727272727,2.4242424242424243,0.01453697
2.727272727272727,2.474747474747475,-0.0029628885
2.727272727272727,2.525252525252525,-0.004702156
2.727272727272727,2.575757575757576,-0.014991065
2.727272727272727,2.6262626262626263,0.022968475
2.727272727272727,2.676767676767677,0.016494844
2.727272727272727,2.727272727272727,0.013179066
2.727272727272727,2.7777777777777777,0.0075564645
2.727272727272727,2.8282828282828283,0.012471561
2.727272727272727,2.878787878787879,0.007881365
2.727272727272727,2.929292929292929,0.015493229
2.727272727272727,2.97979797979798,-0.006088662
2.727272727272727,3.0303030303030303,-0.027026309
2.727272727272727,3.080808080808081,-0.0061087
2.727272727272727,3.131313131313131,0.01189766
2.727272727272727,3.1818181818181817,-0.004802001
2.727272727272727,3.2323232323232323,0.022536263
2.727272727272727,3.282828282828283,0.011717573
2.727272727272727,3.333333333333333,0.0087930085
2.727272727272727,3.383838383838384,-0.0077967094
2.727272727272727,3.4343434343434343,-0.00078098034
2.727272727272727,3.484848484848485,-0.0037233308
2.727272727272727,3.5353535353535355,0.0036377332
2.727272727272727,3.5858585858585856,0.012563191
2.727272727272727,3.636363636363636,-0.001220834
2.727272727272727,3.686868686868687,0.0010120877
2.727272727272727,3.7373737373737375,0.004712129
2.727272727272727,3.787878787878788,0.006840168
2.727272727272727,3.8383838383838382,0.0050991983
2.727272727272727,3.888888888888889,-0.0078017334
2.727272727272727,3.939393939393939,0.006629142
2.727272727272727,3.9898989898989896,0.0065566716
2.727272727272727,4.040404040404041,0.0005846553
2.727272727272727,4.090909090909091,0.00788235
2.727272727272727,4.141414141414141,-0.0108578885
2.727272727272727,4.191919191919192,0.010519514
2.727272727272727,4.242424242424242,-0.0038931717
2.727272727272727,4.292929292929293,0.014754454
2.727272727272727,4.343434343434343,-0.0017086557
2.727272727272727,4.393939393939394,-0.020883853
2.727272727272727,4.444444444444445,0.007963455
2.727272727272727,4.494949494949495,0.0049621654
2.727272727272727,4.545454545454545,0.0060294513
2.727272727272727,4.595959595959596,-0.0052264184
2.727272727272727,4.646464646464646,0.010360979
2.727272727272727,4.696969696969697,0.00531838
2.727272727272727,4.747474747474747,-0.0031479185
2.727272727272727,4.797979797979798,0.000210183
2.727272727272727,4.848484848484849,-0.00054547295
2.727272727272727,4.898989898989899,-0.008116032
2.727272727272727,4.94949494949495,-0.0026106583
2.727272727272727,5.0,-0.006925831
2.8282828282828283,0.0,0.01552257
2.8282828282828283,0.0505050505050505,-0.02308708
2.8282828282828283,0.101010101010101,-0.021958385
2.8282828282828283,0.1515151515151515,0.003202538
2.8282828282828283,0.202020202020202,0.007727215
2.8282828282828283,0.2525252525252525,-0.0016666414
2.8282828282828283,0.303030303030303,-0.000118493066
2.8282828282828283,0.3535353535353535,-0.0011284744
2.8282828282828283,0.404040404040404,-0.0068381815
2.8282828282828283,0.4545454545454545,-0.012513857
2.8282828282828283,0.5050505050505051,-0.0007595364
2.8282828282828283,0.5555555555555556,0.0037892314
2.8282828282828283,0.6060606060606061,0.0062013995
2.8282828282828283,0.6565656565656566,-0.0008987566
2.8282828282828283,0.7070707070707071,0.012096627
2.8282828282828283,0.7575757575757576,0.008767158
2.8282828282828283,0.8080808080808081,0.018312735
2.8282828282828283,0.8585858585858586,-0.0061592152
2.8282828282828283,0.9090909090909092,-0.006072822
2.8282828282828283,0.9595959595959596,-0.020597374
2.8282828282828283,1.0101010101010102,0.015289141
2.8282828282828283,1.0606060606060606,0.003378684
2.8282828282828283,1.1111111111111112,0.0019153584
2.8282828282828283,1.1616161616161615,0.0016352268
2.8282828282828283,1.2121212121212122,0.0067101675
2.8282828282828283,1.2626262626262623,-0.004096096
2.8282828282828283,1.3131313131313131,-0.0053022536
2.8282828282828283,1.3636363636363635,0.0025328614
2.8282828282828283,1.414141414141414,-0.00199
2.8282828282828283,1.4646464646464643,0.006101417
2.8282828282828283,1.5151515151515151,-0.014391361
2.8282828282828283,1.5656565656565655,0.016620673
2.8282828282828283,1.616161616161616,0.0035557519
2.8282828282828283,1.6666666666666667,-0.018119957
2.8282828282828283,1.7171717171717171,0.0046456535
2.8282828282828283,1.7676767676767675,-0.00548005
2.8282828282828283,1.818181818181818,-0.010596239
2.8282828282828283,1.8686868686868687,0.0017400647
2.8282828282828283,1.9191919191919191,0.0038216051
2.8282828282828283,1.9696969696969695,-0.0019578158
2.8282828282828283,2.0202020202020203,-0.0015132363
2.8282828282828283,2.0707070707070705,0.00625578
2.8282828282828283,2.121212121212121,-0.006219039
2.8282828282828283,2.171717171717172,-0.010873213
2.8282828282828283,2.2222222222222223,-0.013252078
2.8282828282828283,2.2727272727272725,0.0037722504
2.8282828282828283,2.323232323232323,-0.0005841507
2.8282828282828283,2.3737373737373737,-0.014766152
2.8282828282828283,2.4242424242424243,-0.009860185
2.8282828282828283,2.474747474747475,0.0148657495
2.8282828282828283,2.525252525252525,0.0014713206
2.8282828282828283,2.575757575757576,-0.013660323
2.8282828282828283,2.6262626262626263,-0.006708536
2.8282828282828283,2.676767676767677,0.009521092
2.8282828282828283,2.727272727272727,0.014749457
2.8282828282828283,2.7777777777777777,-0.014756297
2.8282828282828283,2.8282828282828283,-0.008660302
2.8282828282828283,2.878787878787879,0.012781358
2.8282828282828283,2.929292929292929,0.0035259686
2.8282828282828283,2.97979797979798,-0.0007500791
2.8282828282828283,3.0303030303030303,0.0040587424
2.8282828282828283,3.080808080808081,0.0053511686
2.8282828282828283,3.131313131313131,-0.00068783923
2.8282828282828283,3.1818181818181817,-0.0061548427
2.8282828282828283,3.2323232323232323,0.0026958096
2.8282828282828283,3.282828282828283,-0.00031602292
2.8282828282828283,3.333333333333333,-0.012756946
2.8282828282828283,3.383838383838384,-0.0063725696
2.8282828282828283,3.4343434343434343,-0.0076155313
2.8282828282828283,3.484848484848485,-0.004670298
2.8282828282828283,3.5353535353535355,-0.0120283235
2.8282828282828283,3.5858585858585856,-0.024587763
2.8282828282828283,3.636363636363636,-0.0048988806
2.8282828282828283,3.686868686868687,-0.015937028
2.8282828282828283,3.7373737373737375,0.00948148
2.8282828282828283,3.787878787878788,-0.004264816
2.8282828282828283,3.8383838383838382,-0.014827039
2.8282828282828283,3.888888888888889,-0.0045044567
2.8282828282828283,3.939393939393939,0.008889639
2.8282828282828283,3.9898989898989896,-0.011525547
2.8282828282828283,4.040404040404041,0.00029480102
2.8282828282828283,4.090909090909091,-0.005199353
2.8282828282828283,4.141414141414141,-0.0016537998
2.8282828282828283,4.191919191919192,-0.0027732525
2.8282828282828283,4.242424242424242,-0.0024465646
2.8282828282828283,4.292929292929293,-0.01988023
2.8282828282828283,4.343434343434343,-0.012663959
2.8282828282828283,4.393939393939394,-0.0030722166
2.8282828282828283,4.444444444444445,0.008398253
2.8282828282828283,4.494949494949495,-0.0046888026
2.8282828282828283,4.545454545454545,0.0022658582
2.8282828282828283,4.595959595959596,0.003418682
2.8282828282828283,4.646464646464646,0.0059336578
2.8282828282828283,4.696969696969697,0.01917343
2.8282828282828283,4.747474747474747,-0.00478655
2.8282828282828283,4.797979797979798,-0.0005782403
2.8282828282828283,4.848484848484849,-0.017239394
2.8282828282828283,4.898989898989899,-0.009909027
2.8282828282828283,4.94949494949495,0.019551998
2.8282828282828283,5.0,-0.00065326586
2.929292929292929,0.0,0.0014630116
2.929292929292929,0.0505050505050505,0.0113572
2.929292929292929,0.101010101010101,-0.00268854
2.929292929292929,0.1515151515151515,-0.009126741
2.929292929292929,0.202020202020202,0.006866339
2.929292929292929,0.2525252525252525,0.01564415
2.929292929292929,0.303030303030303,0.0101321405
2.929292929292929,0.3535353535353535,-0.011486494
2.929292929292929,0.404040404040404,-0.007915613
2.929292929292929,0.4545454545454545,-0.0032135807
2.929292929292929,0.5050505050505051,0.0054562865
2.929292929292929,0.5555555555555556,-0.012671268
2.929292929292929,0.6060606060606061,0.005779818
2.929292929292929,0.6565656565656566,-0.00021041241
2.929292929292929,0.7070707070707071,-0.0013801061
2.929292929292929,0.7575757575757576,0.0009937097
2.929292929292929,0.8080808080808081,-0.0016284485
2.929292929292929,0.8585858585858586,0.0018977606
2.929292929292929,0.9090909090909092,-0.012571945
2.929292929292929,0.9595959595959596,0.0025705486
2.929292929292929,1.0101010101010102,-0.010625808
2.929292929292929,1.0606060606060606,-0.0063258004
2.929292929292929,1.1111111111111112,-0.00629324
2.929292929292929,1.1616161616161615,-0.016767967
2.929292929292929,1.2121212121212122,0.006724022
2.929292929292929,1.2626262626262623,0.019888528
2.929292929292929,1.3131313131313131,0.008156912
2.929292929292929,1.3636363636363635,-0.014682725
2.929292929292929,1.414141414141414,0.016630322
2.929292929292929,1.4646464646464643,-0.014544595
2.929292929292929,1.5151515151515151,-0.0023146041
2.929292929292929,1.5656565656565655,0.005549997
2.929292929292929,1.616161616161616,0.0032450324
2.929292929292929,1.6666666666666667,0.014936802
2.929292929292929,1.7171717171717171,0.005853366
2.929292929292929,1.7676767676767675,0.00759959
2.929292929292929,1.818181818181818,-0.010136138
2.929292929292929,1.8686868686868687,-0.013919688
2.929292929292929,1.9191919191919191,0.00885654
2.929292929292929,1.9696969696969695,0.009161636
2.929292929292929,2.0202020202020203,0.004850791
2.929292929292929,2.0707070707070705,-0.010356383
2.929292929292929,2.121212121212121,0.0016209965
2.929292929292929,2.171717171717172,-0.003456401
2.929292929292929,2.2222222222222223,0.0077186576
2.929292929292929,2.2727272727272725,0.00016738185
2.929292929292929,2.323232323232323,0.0068035666
2.929292929292929,2.3737373737373737,-0.0012983324
2.929292929292929,2.4242424242424243,0.00097313366
2.929292929292929,2.474747474747475,0.007956935
2.929292929292929,2.525252525252525,-0.021607373
2.929292929292929,2.575757575757576,-0.0056940047
2.929292929292929,2.6262626262626263,-0.0200226
2.929292929292929,2.676767676767677,-0.012304245
2.929292929292929,2.727272727272727,0.008770406
2.929292929292929,2.7777777777777777,-0.020921499
2.929292929292929,2.8282828282828283,0.015937228
2.929292929292929,2.878787878787879,0.025637254
2.929292929292929,2.929292929292929,-0.0012678509
2.929292929292929,2.97979797979798,0.0023142544
2.929292929292929,3.0303030303030303,0.00792441
2.929292929292929,3.080808080808081,-0.003076462
2.929292929292929,3.131313131313131,0.0067602154
2.929292929292929,3.1818181818181817,0.026805762
2.929292929292929,3.2323232323232323,-0.008707768
2.929292929292929,3.282828282828283,0.00036105668
2.929292929292929,3.333333333333333,0.010989755
2.929292929292929,3.383838383838384,-0.002800213
2.929292929292929,3.4343434343434343,0.0053109312
2.929292929292929,3.484848484848485,0.005320438
2.929292929292929,3.5353535353535355,-0.015853021
2.929292929292929,3.5858585858585856,0.024220407
2.929292929292929,3.636363636363636,0.0047723036
2.929292929292929,3.686868686868687,0.0059567504
2.929292929292929,3.7373737373737375,0.002792663
2.929292929292929,3.787878787878788,0.002393293
2.929292929292929,3.8383838383838382,0.0047382023
2.929292929292929,3.888888888888889,0.00031055577
2.929292929292929,3.939393939393939,-0.0014893597
2.929292929292929,3.9898989898989896,-0.0036520378
2.929292929292929,4.040404040404041,-0.018156387
2.929292929292929,4.090909090909091,0.011129406
2.929292929292929,4.141414141414141,0.011716069
2.929292929292929,4.191919191919192,-0.01717949
2.929292929292929,4.242424242424242,0.010239891
2.929292929292929,4.292929292929293,-0.010365823
2.929292929292929,4.343434343434343,-0.019978004
2.929292929292929,4.393939393939394,0.015087898
2.929292929292929,4.444444444444445,0.0019652636
2.929292929292929,4.494949494949495,0.010685487
2.929292929292929,4.545454545454545,0.0048508835
2.929292929292929,4.595959595959596,5.9622897e-05
2.929292929292929,4.646464646464646,0.010006709
2.929292929292929,4.696969696969697,0.007048721
2.929292929292929,4.747474747474747,-0.0069784042
2.929292929292929,4.797979797979798,0.004728609
2.929292929292929,4.848484848484849,-0.006566532
2.929292929292929,4.898989898989899,-0.008678152
2.929292929292929,4.94949494949495,-0.0010431577
2.929292929292929,5.0,0.009755558
3.0303030303030303,0.0,-0.00882922
3.0303030303030303,0.0505050505050505,-0.007062578
3.0303030303030303,0.101010101010101,-0.012799997
3.0303030303030303,0.1515151515151515,0.0013592901
3.0303030303030303,0.202020202020202,-0.0028107115
3.0303030303030303,0.2525252525252525,0.01725346
3.0303030303030303,0.303030303030303,0.0012699494
3.0303030303030303,0.3535353535353535,-0.008810292
3.0303030303030303,0.404040404040404,-0.0063805943
3.0303030303030303,0.4545454545454545,0.0053367717
3.0303030303030303,0.5050505050505051,0.0016806757
3.0303030303030303,0.5555555555555556,-0.0108057745
3.0303030303030303,0.6060606060606061,0.00865267
3.0303030303030303,0.6565656565656566,0.009823195
3.0303030303030303,0.7070707070707071,0.007240417
3.0303030303030303,0.7575757575757576,0.0013301636
3.0303030303030303,0.8080808080808081,-0.006277504
3.0303030303030303,0.8585858585858586,-0.0014591791
3.0303030303030303,0.9090909090909092,-0.004235969
3.0303030303030303,0.9595959595959596,-0.0148816835
3.0303030303030303,1.0101010101010102,0.008582064
3.0303030303030303,1.0606060606060606,0.030351212
3.0303030303030303,1.1111111111111112,-0.011487539
3.0303030303030303,1.1616161616161615,0.0022709835
3.0303030303030303,1.2121212121212122,0.00030582552
3.0303030303030303,1.2626262626262623,0.00015137384
3.0303030303030303,1.3131313131313131,0.011773208
3.0303030303030303,1.3636363636363635,-0.009649611
3.0303030303030303,1.414141414141414,-0.0024674775
3.0303030303030303,1.4646464646464643,-0.006797627
3.0303030303030303,1.5151515151515151,-0.010098387
3.0303030303030303,1.5656565656565655,-0.0038826934
3.0303030303030303,1.616161616161616,-0.013795819
3.0303030303030303,1.6666666666666667,0.010700256
3.0303030303030303,1.7171717171717171,-0.009035424
3.0303030303030303,1.7676767676767675,0.007684312
3.0303030303030303,1.818181818181818,0.004391868
3.0303030303030303,1.8686868686868687,-0.0050325156
3.0303030303030303,1.9191919191919191,0.021168277
3.0303030303030303,1.9696969696969695,0.012190254
3.0303030303030303,2.0202020202020203,-0.007853313
3.0303030303030303,2.0707070707070705,0.01090086
3.0303030303030303,2.121212121212121,-0.0006645472
3.0303030303030303,2.171717171717172,0.01257264
3.0303030303030303,2.2222222222222223,0.0015824259
3.0303030303030303,2.2727272727272725,-0.01742975
3.0303030303030303,2.323232323232323,-0.012938947
3.0303030303030303,2.3737373737373737,0.013074569
3.0303030303030303,2.4242424242424243,0.0070856865
3.0303030303030303,2.474747474747475,0.002949005
3.0303030303030303,2.525252525252525,-0.0069376873
3.0303030303030303,2.575757575757576,-0.008013211
3.0303030303030303,2.6262626262626263,-0.000775681
3.0303030303030303,2.676767676767677,-0.005014571
3.0303030303030303,2.727272727272727,-0.022269856
3.0303030303030303,2.7777777777777777,-0.0017264695
3.0303030303030303,2.8282828282828283,-0.006625555
3.0303030303030303,2.878787878787879,-0.0054953606
3.0303030303030303,2.929292929292929,0.00058681937
3.0303030303030303,2.97979797979798,0.015382329
3.0303030303030303,3.0303030303030303,0.010444575
3.0303030303030303,3.080808080808081,-0.0026301295
3.0303030303030303,3.131313131313131,0.0021914481
3.0303030303030303,3.1818181818181817,0.00051222515
3.0303030303030303,3.2323232323232323,0.011272136
3.0303030303030303,3.282828282828283,0.0054450077
3.0303030303030303,3.333333333333333,-0.0021858288
3.0303030303030303,3.383838383838384,0.004121098
3.0303030303030303,3.4343434343434343,-0.0113247465
3.0303030303030303,3.484848484848485,-0.02389119
3.0303030303030303,3.5353535353535355,0.0071779937
3.0303030303030303,3.5858585858585856,-0.015831094
3.0303030303030303,3.636363636363636,-0.00963482
3.0303030303030303,3.686868686868687,-0.010543059
3.0303030303030303,3.7373737373737375,-0.0061098794
3.0303030303030303,3.787878787878788,0.0011032737
3.0303030303030303,3.8383838383838382,0.0012355763
3.0303030303030303,3.888888888888889,-0.014388847
3.0303030303030303,3.939393939393939,-0.0045935777
3.0303030303030303,3.9898989898989896,0.007193532
3.0303030303030303,4.040404040404041,-0.0009622633
3.0303030303030303,4.090909090909091,-0.0068069687
3.0303030303030303,4.141414141414141,0.0073392442
3.0303030303030303,4.191919191919192,0.00093938684
3.0303030303030303,4.242424242424242,0.010834808
3.0303030303030303,4.292929292929293,0.008089823
3.0303030303030303,4.343434343434343,-0.009773237
3.0303030303030303,4.393939393939394,-0.0026083903
3.0303030303030303,4.444444444444445,0.0090190675
3.0303030303030303,4.494949494949495,0.0031770037
3.0303030303030303,4.545454545454545,0.015053801
3.0303030303030303,4.595959595959596,-4.5408733e-06
3.0303030303030303,4.646464646464646,-0.008399935
3.0303030303030303,4.696969696969697,-0.009963457
3.0303030303030303,4.747474747474747,0.019695828
3.0303030303030303,4.797979797979798,-0.006241141
3.0303030303030303,4.848484848484849,0.0078123305
3.0303030303030303,4.898989898989899,-0.014737116
3.0303030303030303,4.94949494949495,0.009128003
3.0303030303030303,5.0,-0.008139405
3.131313131313131,0.0,-0.0032805025
3.131313131313131,0.0505050505050505,-0.01603356
3.131313131313131,0.101010101010101,0.0015657921
3.131313131313131,0.1515151515151515,0.012400253
3.131313131313131,0.202020202020202,-0.0133885415
3.131313131313131,0.2525252525252525,-0.0010444002
3.131313131313131,0.303030303030303,0.0015694654
3.131313131313131,0.3535353535353535,-0.015131834
3.131313131313131,0.404040404040404,0.009912806
3.131313131313131,0.4545454545454545,0.0055731754
3.131313131313131,0.5050505050505051,-0.0067795953
3.131313131313131,0.5555555555555556,0.009684836
3.131313131313131,0.6060606060606061,0.008363486
3.131313131313131,0.6565656565656566,-0.020765385
3.131313131313131,0.7070707070707071,0.0092635695
3.131313131313131,0.7575757575757576,0.018823361
3.131313131313131,0.8080808080808081,0.00027994596
3.131313131313131,0.8585858585858586,-0.0036298083
3.131313131313131,0.9090909090909092,0.0045504314
3.131313131313131,0.9595959595959596,0.007594925
3.131313131313131,1.0101010101010102,-0.009625334
3.131313131313131,1.0606060606060606,0.009539335
3.131313131313131,1.1111111111111112,-0.014123497
3.131313131313131,1.1616161616161615,0.008128511
3.131313131313131,1.2121212121212122,0.014345933
3.131313131313131,1.2626262626262623,0.00057746866
3.131313131313131,1.3131313131313131,-0.008951466
3.131313131313131,1.3636363636363635,-0.0008590231
3.131313131313131,1.414141414141414,-0.0060462514
3.131313131313131,1.4646464646464643,-0.0068750125
3.131313131313131,1.5151515151515151,0.0020559696
3.131313131313131,1.5656565656565655,-0.007192204
3.131313131313131,1.616161616161616,-0.011452873
3.131313131313131,1.6666666666666667,0.008888961
3.131313131313131,1.7171717171717171,0.0024766799
3.131313131313131,1.7676767676767675,0.009761033
3.131313131313131,1.818181818181818,-0.010025995
3.131313131313131,1.8686868686868687,-0.008691359
3.131313131313131,1.9191919191919191,0.010349028
3.131313131313131,1.9696969696969695,0.011413632
3.131313131313131,2.0202020202020203,-0.006113547
3.131313131313131,2.0707070707070705,0.0056699114
3.131313131313131,2.121212121212121,-0.0015298272
3.131313131313131,2.171717171717172,-0.002916585
3.131313131313131,2.2222222222222223,-0.012069418
3.131313131313131,2.2727272727272725,-0.00168418
3.131313131313131,2.323232323232323,-0.010213231
3.131313131313131,2.3737373737373737,0.0045474377
3.131313131313131,2.4242424242424243,0.0005628224
3.131313131313131,2.474747474747475,0.0019084697
3.131313131313131,2.525252525252525,-2.8136374e-05
3.131313131313131,2.575757575757576,-0.006423793
3.131313131313131,2.6262626262626263,-0.0023483103
3.131313131313131,2.676767676767677,0.0018347848
3.131313131313131,2.727272727272727,0.008270988
3.131313131313131,2.7777777777777777,0.006817458
3.131313131313131,2.8282828282828283,0.0040630633
3.131313131313131,2.878787878787879,0.01706159
3.131313131313131,2.929292929292929,0.0116594285
3.131313131313131,2.97979797979798,-0.002400806
3.131313131313131,3.0303030303030303,0.0022484586
3.131313131313131,3.080808080808081,-0.023762153
3.131313131313131,3.131313131313131,0.004015539
3.131313131313131,3.1818181818181817,-0.022946164
3.131313131313131,3.2323232323232323,0.009543997
3.131313131313131,3.282828282828283,-0.0038833688
3.131313131313131,3.333333333333333,0.021959841
3.131313131313131,3.383838383838384,0.008412519
3.131313131313131,3.4343434343434343,-0.0148901325
3.131313131313131,3.484848484848485,0.0058501163
3.131313131313131,3.5353535353535355,-0.006405912
3.131313131313131,3.5858585858585856,-0.019063635
3.131313131313131,3.636363636363636,-0.002149817
3.131313131313131,3.686868686868687,0.001672649
3.131313131313131,3.7373737373737375,0.00085943943
3.131313131313131,3.787878787878788,-0.0038008427
3.131313131313131,3.8383838383838382,-0.01382547
3.131313131313131,3.888888888888889,0.005667336
3.131313131313131,3.939393939393939,-0.022063263
3.131313131313131,3.9898989898989896,0.002858355
3.131313131313131,4.040404040404041,0.024994321
3.131313131313131,4.090909090909091,0.00054578047
3.131313131313131,4.141414141414141,-0.011838287
3.131313131313131,4.191919191919192,0.008204308
3.131313131313131,4.242424242424242,0.007991359
3.131313131313131,4.292929292929293,0.0034314191
3.131313131313131,4.343434343434343,-0.007108831
3.131313131313131,4.393939393939394,0.00406544
3.131313131313131,4.444444444444445,0.009562237
3.131313131313131,4.494949494949495,0.003074853
3.131313131313131,4.545454545454545,0.0031810883
3.131313131313131,4.595959595959596,-0.018297702
3.131313131313131,4.646464646464646,0.01850825
3.131313131313131,4.696969696969697,-0.012886475
3.131313131313131,4.747474747474747,0.012673413
3.131313131313131,4.797979797979798,-0.009688137
3.131313131313131,4.848484848484849,-0.004609397
3.131313131313131,4.898989898989899,0.008407386
3.131313131313131,4.94949494949495,-0.0019394119
3.131313131313131,5.0,-0.001403771
3.2323232323232323,0.0,0.0007062988
3.2323232323232323,0.0505050505050505,-0.0006806329
3.2323232323232323,0.101010101010101,0.012692794
3.2323232323232323,0.1515151515151515,0.022910208
3.2323232323232323,0.202020202020202,-0.00079681195
3.2323232323232323,0.2525252525252525,-0.021427048
3.2323232323232323,0.303030303030303,0.015941132
3.2323232323232323,0.3535353535353535,0.025384137
3.2323232323232323,0.404040404040404,-0.004962016
3.2323232323232323,0.4545454545454545,0.015591261
3.2323232323232323,0.5050505050505051,-0.012023928
3.2323232323232323,0.5555555555555556,-0.006351379
3.2323232323232323,0.6060606060606061,0.0020571335
3.2323232323232323,0.6565656565656566,0.0120847905
3.2323232323232323,0.7070707070707071,-0.012975433
3.2323232323232323,0.7575757575757576,-0.017842352
3.2323232323232323,0.8080808080808081,-0.017386885
3.2323232323232323,0.8585858585858586,0.017332375
3.2323232323232323,0.9090909090909092,0.007335372
3.2323232323232323,0.9595959595959596,0.009938647
3.2323232323232323,1.0101010101010102,8.019658e-05
3.2323232323232323,1.0606060606060606,-0.0028345587
3.2323232323232323,1.1111111111111112,-0.010710505
3.2323232323232323,1.1616161616161615,-0.003953457
3.2323232323232323,1.2121212121212122,0.007241056
3.2323232323232323,1.2626262626262623,0.011349803
3.2323232323232323,1.3131313131313131,0.0013726418
3.2323232323232323,1.3636363636363635,-0.0028324074
3.2323232323232323,1.414141414141414,0.008449777
3.2323232323232323,1.4646464646464643,-0.01665171
3.2323232323232323,1.5151515151515151,0.009013379
3.2323232323232323,1.5656565656565655,0.002920054
3.2323232323232323,1.616161616161616,0.009830696
3.2323232323232323,1.6666666666666667,-0.016503483
3.2323232323232323,1.7171717171717171,-0.008447388
3.2323232323232323,1.7676767676767675,-0.0177776
3.2323232323232323,1.818181818181818,0.016797507
3.2323232323232323,1.8686868686868687,-0.003075681
3.2323232323232323,1.9191919191919191,0.0017818263
3.2323232323232323,1.9696969696969695,0.0030598065
3.2323232323232323,2.0202020202020203,0.0064697545
3.2323232323232323,2.0707070707070705,0.0130009325
3.2323232323232323,2.121212121212121,0.006430982
3.2323232323232323,2.171717171717172,-0.013191594
3.2323232323232323,2.2222222222222223,-0.005693896
3.2323232323232323,2.2727272727272725,-0.01899599
3.2323232323232323,2.323232323232323,0.0025208178
3.2323232323232323,2.3737373737373737,0.0072485837
3.2323232323232323,2.4242424242424243,-0.00010661646
3.2323232323232323,2.474747474747475,0.0032635601
3.2323232323232323,2.525252525252525,-0.0039913156
3.2323232323232323,2.575757575757576,-0.0054581035
3.2323232323232323,2.6262626262626263,-0.00949276
3.2323232323232323,2.676767676767677,-0.0058263773
3.2323232323232323,2.727272727272727,0.0060848156
3.2323232323232323,2.7777777777777777,0.018586662
3.2323232323232323,2.8282828282828283,-0.020493992
3.2323232323232323,2.878787878787879,0.012204482
3.2323232323232323,2.929292929292929,0.013751242
3.2323232323232323,2.97979797979798,0.0049696565
3.2323232323232323,3.0303030303030303,-0.005050092
3.2323232323232323,3.080808080808081,0.0131032355
3.2323232323232323,3.131313131313131,-0.0008344012
3.2323232323232323,3.1818181818181817,0.0021578916
3.2323232323232323,3.2323232323232323,0.001100806
3.2323232323232323,3.282828282828283,-0.0049933516
3.2323232323232323,3.333333333333333,0.014105431
3.2323232323232323,3.383838383838384,0.009097363
3.2323232323232323,3.4343434343434343,0.008360456
3.2323232323232323,3.484848484848485,-0.004546687
3.2323232323232323,3.5353535353535355,-0.0014347307
3.2323232323232323,3.5858585858585856,0.0010889503
3.2323232323232323,3.636363636363636,0.0069148396
3.2323232323232323,3.686868686868687,0.004338748
3.2323232323232323,3.7373737373737375,0.0016470061
3.2323232323232323,3.787878787878788,0.009299246
3.2323232323232323,3.8383838383838382,0.004311299
3.2323232323232323,3.888888888888889,-0.022406377
3.2323232323232323,3.939393939393939,0.0034793958
3.2323232323232323,3.9898989898989896,-0.014978503
3.2323232323232323,4.040404040404041,0.0028999092
3.2323232323232323,4.090909090909091,-0.0028324523
3.2323232323232323,4.141414141414141,-0.0074867653
3.2323232323232323,4.191919191919192,-0.014253593
3.2323232323232323,4.242424242424242,-0.0032493083
3.2323232323232323,4.292929292929293,0.0024911365
3.2323232323232323,4.343434343434343,-0.014054444
3.2323232323232323,4.393939393939394,7.234931e-05
3.2323232323232323,4.444444444444445,-0.0066038272
3.2323232323232323,4.494949494949495,-0.009291712
3.2323232323232323,4.545454545454545,0.010410694
3.2323232323232323,4.595959595959596,0.017303271
3.2323232323232323,4.646464646464646,-0.008963519
3.2323232323232323,4.696969696969697,-0.01748689
3.2323232323232323,4.747474747474747,0.0023789522
3.2323232323232323,4.797979797979798,-0.018056197
3.2323232323232323,4.848484848484849,-0.0041451193
3.2323232323232323,4.898989898989899,-0.017112842
3.2323232323232323,4.94949494949495,0.003645228
3.2323232323232323,5.0,-0.0058034533
3.333333333333333,0.0,-0.0071042594
3.333333333333333,0.0505050505050505,-0.0027301856
3.333333333333333,0.101010101010101,0.008717845
3.333333333333333,0.1515151515151515,0.0021581948
3.333333333333333,0.202020202020202,0.005219618
3.333333333333333,0.2525252525252525,0.0034126174
3.333333333333333,0.303030303030303,0.010108995
3.333333333333333,0.3535353535353535,-0.00046917703
3.333333333333333,0.404040404040404,0.0029928153
3.333333333333333,0.4545454545454545,-0.0042062984
3.333333333333333,0.5050505050505051,-0.01037724
3.333333333333333,0.5555555555555556,0.006390634
3.333333333333333,0.6060606060606061,0.00023252639
3.333333333333333,0.6565656565656566,-0.010357731
3.333333333333333,0.7070707070707071,0.006917201
3.333333333333333,0.7575757575757576,-0.0067894524
3.333333333333333,0.8080808080808081,-0.009247363
3.333333333333333,0.8585858585858586,-0.0031068262
3.333333333333333,0.9090909090909092,0.0019665859
3.333333333333333,0.9595959595959596,0.006306189
3.333333333333333,1.0101010101010102,-0.01722893
3.333333333333333,1.0606060606060606,-0.005210926
3.333333333333333,1.1111111111111112,0.00060717395
3.333333333333333,1.1616161616161615,0.0042114104
3.333333333333333,1.2121212121212122,0.010576669
3.333333333333333,1.2626262626262623,0.013254046
3.333333333333333,1.3131313131313131,0.011331552
3.333333333333333,1.3636363636363635,0.00424922
3.333333333333333,1.414141414141414,0.007735913
3.333333333333333,1.4646464646464643,0.0014078484
3.333333333333333,1.5151515151515151,-0.0027783054
3.333333333333333,1.5656565656565655,0.0001557747
3.333333333333333,1.616161616161616,-0.009061261
3.333333333333333,1.6666666666666667,-0.006032977
3.333333333333333,1.7171717171717171,0.0005216814
3.333333333333333,1.7676767676767675,-0.005992977
3.333333333333333,1.818181818181818,-0.030289423
3.333333333333333,1.8686868686868687,0.002620977
3.333333333333333,1.9191919191919191,0.025720783
3.333333333333333,1.9696969696969695,-0.004753719
3.333333333333333,2.0202020202020203,0.0036164857
3.333333333333333,2.0707070707070705,-0.0057932693
3.333333333333333,2.121212121212121,-0.007253871
3.333333333333333,2.171717171717172,0.013805098
3.333333333333333,2.2222222222222223,-0.0015330699
3.333333333333333,2.2727272727272725,-0.0138483485
3.333333333333333,2.323232323232323,0.004541746
3.333333333333333,2.3737373737373737,0.0038795494
3.333333333333333,2.4242424242424243,-0.0066642854
3.333333333333333,2.474747474747475,-0.0054208445
3.333333333333333,2.525252525252525,0.029302103
3.333333333333333,2.575757575757576,0.0003980718
3.333333333333333,2.6262626262626263,-0.0069272923
3.333333333333333,2.676767676767677,-0.006217439
3.333333333333333,2.727272727272727,0.007456277
3.333333333333333,2.7777777777777777,-0.0046407394
3.333333333333333,2.8282828282828283,0.0035405962
3.333333333333333,2.878787878787879,0.0057338984
3.333333333333333,2.929292929292929,-0.019253569
3.333333333333333,2.97979797979798,0.013460671
3.333333333333333,3.0303030303030303,0.012137536
3.333333333333333,3.080808080808081,-0.0008656995
3.333333333333333,3.131313131313131,-0.007561046
3.333333333333333,3.1818181818181817,-0.006087163
3.333333333333333,3.2323232323232323,0.00065235456
3.333333333333333,3.282828282828283,0.0020736717
3.333333333333333,3.333333333333333,-0.004843977
3.333333333333333,3.383838383838384,-0.0049314736
3.333333333333333,3.4343434343434343,-0.006058419
3.333333333333333,3.484848484848485,-0.003843044
3.333333333333333,3.5353535353535355,-0.015004045
3.333333333333333,3.5858585858585856,0.014241261
3.333333333333333,3.636363636363636,0.004264316
3.333333333333333,3.686868686868687,0.017253418
3.333333333333333,3.7373737373737375,-0.011767887
3.333333333333333,3.787878787878788,-0.0055719665
3.333333333333333,3.8383838383838382,0.006258861
3.333333333333333,3.888888888888889,-0.00021849583
3.333333333333333,3.939393939393939,-0.017424244
3.333333333333333,3.9898989898989896,-0.0076728812
3.333333333333333,4.040404040404041,0.0143042235
3.333333333333333,4.090909090909091,0.003923469
3.333333333333333,4.141414141414141,-0.013970006
3.333333333333333,4.191919191919192,-0.020020906
3.333333333333333,4.242424242424242,0.0023755494
3.333333333333333,4.292929292929293,0.024901088
3.333333333333333,4.343434343434343,0.0031265852
3.333333333333333,4.393939393939394,-0.0038830158
3.333333333333333,4.444444444444445,0.008928799
3.333333333333333,4.494949494949495,0.0072495607
3.333333333333333,4.545454545454545,0.0043351674
3.333333333333333,4.595959595959596,0.009744104
3.333333333333333,4.646464646464646,-4.0825955e-05
3.333333333333333,4.696969696969697,0.0007298417
3.333333333333333,4.747474747474747,-0.0025910074
3.333333333333333,4.797979797979798,0.007960928
3.333333333333333,4.848484848484849,0.0057919538
3.333333333333333,4.898989898989899,-0.0013450508
3.333333333333333,4.94949494949495,-0.013556065
3.333333333333333,5.0,-0.003941268
3.4343434343434343,0.0,0.013682804
3.4343434343434343,0.0505050505050505,0.012855982
3.4343434343434343,0.101010101010101,-0.01333546
3.4343434343434343,0.1515151515151515,0.009432481
3.4343434343434343,0.202020202020202,-0.011379898
3.4343434343434343,0.2525252525252525,-0.011207024
3.4343434343434343,0.303030303030303,-0.0066216267
3.4343434343434343,0.3535353535353535,0.01877629
3.4343434343434343,0.404040404040404,-0.009047855
3.4343434343434343,0.4545454545454545,-0.000106617656
3.4343434343434343,0.5050505050505051,-0.0030602135
3.4343434343434343,0.5555555555555556,-0.020311244
3.4343434343434343,0.6060606060606061,0.002834416
3.4343434343434343,0.6565656565656566,0.0038604168
3.4343434343434343,0.7070707070707071,-0.0023575514
3.4343434343434343,0.7575757575757576,-0.012252847
3.4343434343434343,0.8080808080808081,-0.007928092
3.4343434343434343,0.8585858585858586,0.0047012675
3.4343434343434343,0.9090909090909092,0.0009629435
3.4343434343434343,0.9595959595959596,0.017161751
3.4343434343434343,1.0101010101010102,-0.00159642
3.4343434343434343,1.0606060606060606,-0.0017000923
3.4343434343434343,1.1111111111111112,-0.008211832
3.4343434343434343,1.1616161616161615,0.00023730587
3.4343434343434343,1.2121212121212122,0.005297332
3.4343434343434343,1.2626262626262623,-0.0037780448
3.4343434343434343,1.3131313131313131,0.01417391
3.4343434343434343,1.3636363636363635,0.0049107135
3.4343434343434343,1.414141414141414,0.009159648
3.4343434343434343,1.4646464646464643,0.0017350814
3.4343434343434343,1.5151515151515151,0.0018968929
3.4343434343434343,1.5656565656565655,-0.0015840917
3.4343434343434343,1.616161616161616,-0.01969196
3.4343434343434343,1.6666666666666667,-0.002445337
3.4343434343434343,1.7171717171717171,-0.0067767138
3.4343434343434343,1.7676767676767675,0.0047822804
3.4343434343434343,1.818181818181818,-0.018905818
3.4343434343434343,1.8686868686868687,0.0029901152
3.4343434343434343,1.9191919191919191,0.01509741
3.4343434343434343,1.9696969696969695,-0.004014099
3.4343434343434343,2.0202020202020203,0.003616181
3.4343434343434343,2.0707070707070705,0.0044447226
3.4343434343434343,2.121212121212121,0.003717526
3.4343434343434343,2.171717171717172,0.0017289384
3.4343434343434343,2.2222222222222223,-0.01214168
3.4343434343434343,2.2727272727272725,0.019441744
3.4343434343434343,2.323232323232323,0.011369043
3.4343434343434343,2.3737373737373737,-0.009767837
3.4343434343434343,2.4242424242424243,0.00971796
3.4343434343434343,2.474747474747475,0.0015757297
3.4343434343434343,2.525252525252525,-0.0012936859
3.4343434343434343,2.575757575757576,0.009459248
3.4343434343434343,2.6262626262626263,0.007486284
3.4343434343434343,2.676767676767677,0.01348989
3.4343434343434343,2.727272727272727,0.016592901
3.4343434343434343,2.7777777777777777,-0.006820826
3.4343434343434343,2.8282828282828283,0.008591998
3.4343434343434343,2.878787878787879,0.010688407
3.4343434343434343,2.929292929292929,0.010353523
3.4343434343434343,2.97979797979798,-0.01088882
3.4343434343434343,3.0303030303030303,-0.009833644
3.4343434343434343,3.080808080808081,0.0018595486
3.4343434343434343,3.131313131313131,0.015627477
3.4343434343434343,3.1818181818181817,-0.013852146
3.4343434343434343,3.2323232323232323,-0.004541301
3.4343434343434343,3.282828282828283,0.0069793337
3.4343434343434343,3.333333333333333,0.005469026
3.4343434343434343,3.383838383838384,0.0055246246
3.4343434343434343,3.4343434343434343,0.0024029254
3.4343434343434343,3.484848484848485,-0.011295277
3.4343434343434343,3.5353535353535355,-0.0029120115
3.4343434343434343,3.5858585858585856,-0.014456785
3.4343434343434343,3.636363636363636,0.0032799835
3.4343434343434343,3.686868686868687,-0.0022356857
3.4343434343434343,3.7373737373737375,0.006338478
3.4343434343434343,3.787878787878788,0.012712687
3.4343434343434343,3.8383838383838382,0.005257611
3.4343434343434343,3.888888888888889,-0.0008859143
3.4343434343434343,3.939393939393939,0.000835713
3.4343434343434343,3.9898989898989896,-0.0055072447
3.4343434343434343,4.040404040404041,-0.0045323498
3.4343434343434343,4.090909090909091,0.010591752
3.4343434343434343,4.141414141414141,-0.017508756
3.4343434343434343,4.191919191919192,0.008312178
3.4343434343434343,4.242424242424242,-0.0020036069
3.4343434343434343,4.292929292929293,-0.012242253
3.4343434343434343,4.343434343434343,-0.001665845
3.4343434343434343,4.393939393939394,-0.0063704746
3.4343434343434343,4.444444444444445,-0.008235613
3.4343434343434343,4.494949494949495,-0.0036673099
3.4343434343434343,4.545454545454545,0.0057609444
3.4343434343434343,4.595959595959596,-0.005401465
3.4343434343434343,4.646464646464646,0.021436846
3.4343434343434343,4.696969696969697,-0.008468038
3.4343434343434343,4.747474747474747,0.010048247
3.4343434343434343,4.797979797979798,0.0009949837
3.4343434343434343,4.848484848484849,-0.009246645
3.4343434343434343,4.898989898989899,0.006715037
3.4343434343434343,4.94949494949495,0.004190318
3.4343434343434343,5.0,-0.0022128068
3.5353535353535355,0.0,0.0054169595
3.5353535353535355,0.0505050505050505,0.0027081305
3.5353535353535355,0.101010101010101,0.0065264814
3.5353535353535355,0.1515151515151515,-0.0022562873
3.5353535353535355,0.202020202020202,-0.0027008974
3.5353535353535355,0.2525252525252525,0.011325461
3.5353535353535355,0.303030303030303,0.012827181
3.5353535353535355,0.3535353535353535,0.0040247757
3.5353535353535355,0.404040404040404,0.015573612
3.5353535353535355,0.4545454545454545,0.02037876
3.5353535353535355,0.5050505050505051,-0.0011328133
3.5353535353535355,0.5555555555555556,-0.010065471
3.5353535353535355,0.6060606060606061,-0.0037982534
3.5353535353535355,0.6565656565656566,-0.00678435
3.5353535353535355,0.7070707070707071,-0.010525683
3.5353535353535355,0.7575757575757576,0.002232243
3.5353535353535355,0.8080808080808081,0.010225255
3.5353535353535355,0.8585858585858586,0.0077577424
3.5353535353535355,0.9090909090909092,0.006459674
3.5353535353535355,0.9595959595959596,0.0074031106
3.5353535353535355,1.0101010101010102,-0.007495615
3.5353535353535355,1.0606060606060606,-0.011345823
3.5353535353535355,1.1111111111111112,0.0043102233
3.5353535353535355,1.1616161616161615,-0.0022314854
3.5353535353535355,1.2121212121212122,0.00040467246
3.5353535353535355,1.2626262626262623,0.0035534273
3.5353535353535355,1.3131313131313131,0.019382937
3.5353535353535355,1.3636363636363635,-0.012549122
3.5353535353535355,1.414141414141414,0.0045961235
3.5353535353535355,1.4646464646464643,0.015001029
3.5353535353535355,1.5151515151515151,0.003899188
3.5353535353535355,1.5656565656565655,0.0040374333
3.5353535353535355,1.616161616161616,-0.004790639
3.5353535353535355,1.6666666666666667,-0.005763978
3.5353535353535355,1.7171717171717171,-0.02323903
3.5353535353535355,1.7676767676767675,-0.0028545263
3.5353535353535355,1.818181818181818,-0.0050370386
3.5353535353535355,1.8686868686868687,0.005824847
3.5353535353535355,1.9191919191919191,-0.026749527
3.5353535353535355,1.9696969696969695,0.0018528628
3.5353535353535355,2.0202020202020203,-0.013125312
3.5353535353535355,2.0707070707070705,-0.0077555445
3.5353535353535355,2.121212121212121,-0.0009462078
3.5353535353535355,2.171717171717172,-0.011715958
3.5353535353535355,2.2222222222222223,0.005121238
3.5353535353535355,2.2727272727272725,0.003450746
3.5353535353535355,2.323232323232323,-0.01171151
3.5353535353535355,2.3737373737373737,0.0025597033
3.5353535353535355,2.4242424242424243,0.0045153154
3.5353535353535355,2.474747474747475,-0.007774104
3.5353535353535355,2.525252525252525,-0.025792625
3.5353535353535355,2.575757575757576,0.013327692
3.5353535353535355,2.6262626262626263,0.0031002231
3.5353535353535355,2.676767676767677,0.0008071848
3.5353535353535355,2.727272727272727,0.0013722559
3.5353535353535355,2.7777777777777777,0.012756918
3.5353535353535355,2.8282828282828283,0.0042628692
3.5353535353535355,2.878787878787879,0.0012246413
3.5353535353535355,2.929292929292929,0.005574866
3.5353535353535355,2.97979797979798,0.0030463987
3.5353535353535355,3.0303030303030303,-0.0050844275
3.5353535353535355,3.080808080808081,-0.0038419252
3.5353535353535355,3.131313131313131,-0.0018622869
3.5353535353535355,3.1818181818181817,-0.0016418692
3.5353535353535355,3.2323232323232323,0.0050378228
3.5353535353535355,3.282828282828283,0.012021554
3.5353535353535355,3.333333333333333,0.005476107
3.5353535353535355,3.383838383838384,-0.005097049
3.5353535353535355,3.4343434343434343,0.016419692
3.5353535353535355,3.484848484848485,-0.013696054
3.5353535353535355,3.5353535353535355,-0.0013332332
3.5353535353535355,3.5858585858585856,0.006123214
3.5353535353535355,3.636363636363636,-0.027727492
3.5353535353535355,3.686868686868687,0.0043604383
3.5353535353535355,3.7373737373737375,0.0012461294
3.5353535353535355,3.787878787878788,0.015179887
3.5353535353535355,3.8383838383838382,0.006852459
3.5353535353535355,3.888888888888889,0.016848376
3.5353535353535355,3.939393939393939,-0.005546149
3.5353535353535355,3.9898989898989896,-0.0039066006
3.5353535353535355,4.040404040404041,0.010325298
3.5353535353535355,4.090909090909091,0.0016486017
3.5353535353535355,4.141414141414141,-0.005915296
3.5353535353535355,4.191919191919192,-0.00014602077
3.5353535353535355,4.242424242424242,-0.0038007302
3.5353535353535355,4.292929292929293,-0.0026199366
3.5353535353535355,4.343434343434343,-0.0052260486
3.5353535353535355,4.393939393939394,-0.0042274436
3.5353535353535355,4.444444444444445,0.00077217474
3.5353535353535355,4.494949494949495,0.0160498
3.5353535353535355,4.545454545454545,0.0126853995
3.5353535353535355,4.595959595959596,0.0019081816
3.5353535353535355,4.646464646464646,0.0036240432
3.5353535353535355,4.696969696969697,-0.011095907
3.5353535353535355,4.747474747474747,0.0015686734
3.5353535353535355,4.797979797979798,0.0061849994
3.5353535353535355,4.848484848484849,0.014835309
3.5353535353535355,4.898989898989899,-0.00263632
3.5353535353535355,4.94949494949495,0.009188619
3.5353535353535355,5.0,0.0015021729
3.636363636363636,0.0,-0.01976133
3.636363636363636,0.0505050505050505,-0.006592251
3.636363636363636,0.101010101010101,-0.006763451
3.636363636363636,0.1515151515151515,0.0007715956
3.636363636363636,0.202020202020202,-0.003971971
3.636363636363636,0.2525252525252525,-0.003989383
3.636363636363636,0.303030303030303,-0.018668536
3.636363636363636,0.3535353535353535,0.010313162
3.636363636363636,0.404040404040404,-0.0030059835
3.636363636363636,0.4545454545454545,-0.0004975222
3.636363636363636,0.5050505050505051,0.016682185
3.636363636363636,0.5555555555555556,0.0070868116
3.636363636363636,0.6060606060606061,0.009873065
3.636363636363636,0.6565656565656566,-0.0066240816
3.636363636363636,0.7070707070707071,0.0118365055
3.636363636363636,0.7575757575757576,-0.01638969
3.636363636363636,0.8080808080808081,0.007781904
3.636363636363636,0.8585858585858586,-0.008651234
3.636363636363636,0.9090909090909092,-0.004189009
3.636363636363636,0.9595959595959596,0.009132878
3.636363636363636,1.0101010101010102,0.0026944648
3.636363636363636,1.0606060606060606,0.00020374705
3.636363636363636,1.1111111111111112,0.002094216
3.636363636363636,1.1616161616161615,0.009820282
3.636363636363636,1.2121212121212122,-0.010448136
3.636363636363636,1.2626262626262623,-0.008124385
3.636363636363636,1.3131313131313131,0.004941667
3.636363636363636,1.3636363636363635,0.012590703
3.636363636363636,1.414141414141414,0.00061915367
3.636363636363636,1.4646464646464643,-0.01384951
3.636363636363636,1.5151515151515151,-0.014937486
3.636363636363636,1.5656565656565655,0.009061921
3.636363636363636,1.616161616161616,-0.007898518
3.636363636363636,1.6666666666666667,-0.004224252
3.636363636363636,1.7171717171717171,0.020086866
3.636363636363636,1.7676767676767675,-0.0067153075
3.636363636363636,1.818181818181818,-0.020755216
3.636363636363636,1.8686868686868687,-0.00091079046
3.636363636363636,1.9191919191919191,-0.005991875
3.636363636363636,1.9696969696969695,-0.0025139297
3.636363636363636,2.0202020202020203,-0.011771284
3.636363636363636,2.0707070707070705,-0.0076260082
3.636363636363636,2.121212121212121,0.010222612
3.636363636363636,2.171717171717172,0.005856818
3.636363636363636,2.2222222222222223,0.007720618
3.636363636363636,2.2727272727272725,-0.019583954
3.636363636363636,2.323232323232323,0.016242163
3.636363636363636,2.3737373737373737,-0.01903512
3.636363636363636,2.4242424242424243,-0.018807624
3.636363636363636,2.474747474747475,0.014751683
3.636363636363636,2.525252525252525,0.016362824
3.636363636363636,2.575757575757576,-0.009645408
3.636363636363636,2.6262626262626263,0.01140761
3.636363636363636,2.676767676767677,0.00415666
3.636363636363636,2.727272727272727,0.020262314
3.636363636363636,2.7777777777777777,-0.010126259
3.636363636363636,2.8282828282828283,0.0034856999
3.636363636363636,2.878787878787879,0.0058184923
3.636363636363636,2.929292929292929,-0.003934761
3.636363636363636,2.97979797979798,0.0045355414
3.636363636363636,3.0303030303030303,-0.011785883
3.636363636363636,3.080808080808081,0.00789819
3.636363636363636,3.131313131313131,0.011420684
3.636363636363636,3.1818181818181817,0.005569579
3.636363636363636,3.2323232323232323,0.0012128927
3.636363636363636,3.282828282828283,0.004455877
3.636363636363636,3.333333333333333,-0.00977027
3.636363636363636,3.383838383838384,-0.005845971
3.636363636363636,3.4343434343434343,-0.015499167
3.636363636363636,3.484848484848485,0.00302153
3.636363636363636,3.5353535353535355,-0.003472785
3.636363636363636,3.5858585858585856,-0.002026305
3.636363636363636,3.636363636363636,-0.0044323164
3.636363636363636,3.686868686868687,0.012706386
3.636363636363636,3.7373737373737375,-0.0067737303
3.636363636363636,3.787878787878788,0.00647861
3.636363636363636,3.8383838383838382,-0.009755827
3.636363636363636,3.888888888888889,0.018391462
3.636363636363636,3.939393939393939,-3.486508e-05
3.636363636363636,3.9898989898989896,0.0041038655
3.636363636363636,4.040404040404041,-0.00719637
3.636363636363636,4.090909090909091,0.0064514843
3.636363636363636,4.141414141414141,-0.010182898
3.636363636363636,4.191919191919192,-0.011015275
3.636363636363636,4.242424242424242,0.0091673015
3.636363636363636,4.292929292929293,0.011085376
3.636363636363636,4.343434343434343,-0.02088716
3.636363636363636,4.393939393939394,0.021544745
3.636363636363636,4.444444444444445,0.0035302204
3.636363636363636,4.494949494949495,0.0041270303
3.636363636363636,4.545454545454545,-0.00924635
3.636363636363636,4.595959595959596,-0.015019725
3.636363636363636,4.646464646464646,0.007051315
3.636363636363636,4.696969696969697,0.0037148425
3.636363636363636,4.747474747474747,-0.0071434006
3.636363636363636,4.797979797979798,-0.001594019
3.636363636363636,4.848484848484849,-0.0032855223
3.636363636363636,4.898989898989899,0.006405972
3.636363636363636,4.94949494949495,-0.0023416067
3.636363636363636,5.0,0.001885551
3.7373737373737375,0.0,0.00019730882
3.7373737373737375,0.0505050505050505,-0.002415591
3.7373737373737375,0.101010101010101,-0.018511996
3.7373737373737375,0.1515151515151515,0.0026847771
3.7373737373737375,0.202020202020202,-0.00022160723
3.7373737373737375,0.2525252525252525,0.004223841
3.7373737373737375,0.303030303030303,-0.008595789
3.7373737373737375,0.3535353535353535,0.0029099092
3.7373737373737375,0.404040404040404,0.0065294406
3.7373737373737375,0.4545454545454545,0.020979738
3.7373737373737375,0.5050505050505051,-0.009242795
3.7373737373737375,0.5555555555555556,-0.004597851
3.7373737373737375,0.6060606060606061,0.0010670912
3.7373737373737375,0.6565656565656566,0.0014934696
3.7373737373737375,0.7070707070707071,0.021157736
3.7373737373737375,0.7575757575757576,0.0026433172
3.7373737373737375,0.8080808080808081,-0.011166253
3.7373737373737375,0.8585858585858586,0.011401104
3.7373737373737375,0.9090909090909092,-0.011499669
3.7373737373737375,0.9595959595959596,0.007226316
3.7373737373737375,1.0101010101010102,-0.00821987
3.7373737373737375,1.0606060606060606,0.013310784
3.7373737373737375,1.1111111111111112,-0.0030205462
3.7373737373737375,1.1616161616161615,-0.010948821
3.7373737373737375,1.2121212121212122,0.005978415
3.7373737373737375,1.2626262626262623,-0.0049066767
3.7373737373737375,1.3131313131313131,-0.001961706
3.7373737373737375,1.3636363636363635,-0.016427204
3.7373737373737375,1.414141414141414,-0.0006794015
3.7373737373737375,1.4646464646464643,-0.022453958
3.7373737373737375,1.5151515151515151,0.015783368
3.7373737373737375,1.5656565656565655,-0.005161778
3.7373737373737375,1.616161616161616,-0.0019803878
3.7373737373737375,1.6666666666666667,0.008383589
3.7373737373737375,1.7171717171717171,-0.0035426023
3.7373737373737375,1.7676767676767675,0.013937491
3.7373737373737375,1.818181818181818,-0.0039024067
3.7373737373737375,1.8686868686868687,0.009501043
3.7373737373737375,1.9191919191919191,-0.021479584
3.7373737373737375,1.9696969696969695,-0.0006174113
3.7373737373737375,2.0202020202020203,0.0026189315
3.7373737373737375,2.0707070707070705,0.0041538565
3.7373737373737375,2.121212121212121,-0.005498691
3.7373737373737375,2.171717171717172,0.0025587576
3.7373737373737375,2.2222222222222223,0.008093208
3.7373737373737375,2.2727272727272725,-0.0052934703
3.7373737373737375,2.323232323232323,0.004482844
3.7373737373737375,2.3737373737373737,-0.008013262
3.7373737373737375,2.4242424242424243,0.0063174055
3.7373737373737375,2.474747474747475,0.013970057
3.7373737373737375,2.525252525252525,-0.011161184
3.7373737373737375,2.575757575757576,0.0014304663
3.7373737373737375,2.6262626262626263,0.00851156
3.7373737373737375,2.676767676767677,0.011925286
3.7373737373737375,2.727272727272727,0.005439687
3.7373737373737375,2.7777777777777777,-0.012077754
3.7373737373737375,2.8282828282828283,0.011914323
3.7373737373737375,2.878787878787879,0.01283467
3.7373737373737375,2.929292929292929,-0.014507311
3.7373737373737375,2.97979797979798,-0.0042423857
3.7373737373737375,3.0303030303030303,0.0092723565
3.7373737373737375,3.080808080808081,0.00026323553
3.7373737373737375,3.131313131313131,0.007056452
3.7373737373737375,3.1818181818181817,0.010615095
3.7373737373737375,3.2323232323232323,-0.016115123
3.7373737373737375,3.282828282828283,0.004529989
3.7373737373737375,3.333333333333333,0.011412599
3.7373737373737375,3.383838383838384,0.0023796877
3.7373737373737375,3.4343434343434343,-0.0012698143
3.7373737373737375,3.484848484848485,0.0005342012
3.7373737373737375,3.5353535353535355,0.010922928
3.7373737373737375,3.5858585858585856,-0.0130241085
3.7373737373737375,3.636363636363636,0.013521305
3.7373737373737375,3.686868686868687,-0.011749324
3.7373737373737375,3.7373737373737375,0.015664157
3.7373737373737375,3.787878787878788,-0.0022833676
3.7373737373737375,3.8383838383838382,0.011232846
3.7373737373737375,3.888888888888889,-0.007424628
3.7373737373737375,3.939393939393939,0.0022881478
3.7373737373737375,3.9898989898989896,-0.0045379805
3.7373737373737375,4.040404040404041,0.007973914
3.7373737373737375,4.090909090909091,0.014051463
3.7373737373737375,4.141414141414141,-0.008773688
3.7373737373737375,4.191919191919192,-0.0034968941
3.7373737373737375,4.242424242424242,-0.024602458
3.7373737373737375,4.292929292929293,0.012475563
3.7373737373737375,4.343434343434343,0.02149628
3.7373737373737375,4.393939393939394,-0.0032024176
3.7373737373737375,4.444444444444445,0.0059281313
3.7373737373737375,4.494949494949495,0.003711577
3.7373737373737375,4.545454545454545,-0.015105466
3.7373737373737375,4.595959595959596,-0.006389901
3.7373737373737375,4.646464646464646,0.011322117
3.7373737373737375,4.696969696969697,0.0042556077
3.7373737373737375,4.747474747474747,-0.002843257
3.7373737373737375,4.797979797979798,0.0036770238
3.7373737373737375,4.848484848484849,0.0107837375
3.7373737373737375,4.898989898989899,0.0036416592
3.7373737373737375,4.94949494949495,0.014054852
3.7373737373737375,5.0,0.010930506
3.8383838383838382,0.0,-0.010369137
3.8383838383838382,0.0505050505050505,0.009791542
3.8383838383838382,0.101010101010101,0.0045570517
3.8383838383838382,0.1515151515151515,0.0026797696
3.8383838383838382,0.202020202020202,-0.025518242
3.8383838383838382,0.2525252525252525,0.0007132068
3.8383838383838382,0.303030303030303,0.0035810608
3.8383838383838382,0.3535353535353535,0.018804474
3.8383838383838382,0.404040404040404,-0.007462528
3.8383838383838382,0.4545454545454545,-0.014819915
3.8383838383838382,0.5050505050505051,0.014213175
3.8383838383838382,0.5555555555555556,-0.019939244
3.8383838383838382,0.6060606060606061,0.0007572164
3.8383838383838382,0.6565656565656566,-0.005763442
3.8383838383838382,0.7070707070707071,-0.005786607
3.8383838383838382,0.7575757575757576,-0.014608975
3.8383838383838382,0.8080808080808081,-0.020522587
3.8383838383838382,0.8585858585858586,-0.01131065
3.8383838383838382,0.9090909090909092,0.012584721
3.8383838383838382,0.9595959595959596,-0.0057136724
3.8383838383838382,1.0101010101010102,0.0078419745
3.8383838383838382,1.0606060606060606,0.00409533
3.8383838383838382,1.1111111111111112,0.0030594086
3.8383838383838382,1.1616161616161615,-0.0023000853
3.8383838383838382,1.2121212121212122,0.0023767739
3.8383838383838382,1.2626262626262623,-0.01802196
3.8383838383838382,1.3131313131313131,0.0034734118
3.8383838383838382,1.3636363636363635,-0.0029780793
3.8383838383838382,1.414141414141414,0.0023478428
3.8383838383838382,1.4646464646464643,-0.0010979556
3.8383838383838382,1.5151515151515151,-0.013231116
3.8383838383838382,1.5656565656565655,-0.017342221
3.8383838383838382,1.616161616161616,-0.002657951
3.8383838383838382,1.6666666666666667,-0.0140754795
3.8383838383838382,1.7171717171717171,-0.007460382
3.8383838383838382,1.7676767676767675,0.014306825
3.8383838383838382,1.818181818181818,0.019143684
3.8383838383838382,1.8686868686868687,-0.015510688
3.8383838383838382,1.9191919191919191,-0.014302965
3.8383838383838382,1.9696969696969695,0.0020525737
3.8383838383838382,2.0202020202020203,-0.001591945
3.8383838383838382,2.0707070707070705,0.0005153401
3.8383838383838382,2.121212121212121,0.0063793627
3.8383838383838382,2.171717171717172,0.0108024785
3.8383838383838382,2.2222222222222223,-0.012114757
3.8383838383838382,2.2727272727272725,0.0060065365
3.8383838383838382,2.323232323232323,0.0007689109
3.8383838383838382,2.3737373737373737,-0.008847613
3.8383838383838382,2.4242424242424243,0.0037095824
3.8383838383838382,2.474747474747475,0.014747735
3.8383838383838382,2.525252525252525,-0.017510505
3.8383838383838382,2.575757575757576,-0.00028895697
3.8383838383838382,2.6262626262626263,-0.0066383528
3.8383838383838382,2.676767676767677,-0.014844981
3.8383838383838382,2.727272727272727,0.00080916635
3.8383838383838382,2.7777777777777777,-0.0054668025
3.8383838383838382,2.8282828282828283,-0.010514512
3.8383838383838382,2.878787878787879,-0.006481807
3.8383838383838382,2.929292929292929,-0.013570187
3.8383838383838382,2.97979797979798,-0.013314623
3.8383838383838382,3.0303030303030303,0.0051098582
3.8383838383838382,3.080808080808081,-0.014619918
3.8383838383838382,3.131313131313131,0.014522363
3.8383838383838382,3.1818181818181817,0.0146516245
3.8383838383838382,3.2323232323232323,-0.001936288
3.8383838383838382,3.282828282828283,-0.0007285489
3.8383838383838382,3.333333333333333,0.0006106072
3.8383838383838382,3.383838383838384,-0.0061636684
3.8383838383838382,3.4343434343434343,0.01015307
3.8383838383838382,3.484848484848485,0.005953199
3.8383838383838382,3.5353535353535355,0.007652292
3.8383838383838382,3.5858585858585856,0.019977001
3.8383838383838382,3.636363636363636,0.003914867
3.8383838383838382,3.686868686868687,0.0199528
3.8383838383838382,3.7373737373737375,-0.00634607
3.8383838383838382,3.787878787878788,0.010690128
3.8383838383838382,3.8383838383838382,0.011609805
3.8383838383838382,3.888888888888889,-0.017790908
3.8383838383838382,3.939393939393939,0.008086466
3.8383838383838382,3.9898989898989896,-0.0010601297
3.8383838383838382,4.040404040404041,-0.00027007356
3.8383838383838382,4.090909090909091,0.0033412504
3.8383838383838382,4.141414141414141,-0.0027466102
3.8383838383838382,4.191919191919192,-0.002971275
3.8383838383838382,4.242424242424242,-0.005143458
3.8383838383838382,4.292929292929293,0.015861902
3.8383838383838382,4.343434343434343,0.013935821
3.8383838383838382,4.393939393939394,-0.005473349
3.8383838383838382,4.444444444444445,0.020692747
3.8383838383838382,4.494949494949495,-0.0017883432
3.8383838383838382,4.545454545454545,0.008096995
3.8383838383838382,4.595959595959596,-0.0048011416
3.8383838383838382,4.646464646464646,-0.006375554
3.8383838383838382,4.696969696969697,0.011796604
3.8383838383838382,4.747474747474747,-0.016421346
3.8383838383838382,4.797979797979798,0.008903192
3.8383838383838382,4.848484848484849,0.0022640824
3.8383838383838382,4.898989898989899,0.0070691532
3.8383838383838382,4.94949494949495,0.006609656
3.8383838383838382,5.0,0.0045344587
3.939393939393939,0.0,-0.013935517
3.939393939393939,0.0505050505050505,0.0068801795
3.939393939393939,0.101010101010101,0.0024254997
3.939393939393939,0.1515151515151515,0.0006056418
3.939393939393939,0.202020202020202,-0.0056102746
3.939393939393939,0.2525252525252525,-0.0048296414
3.939393939393939,0.303030303030303,0.004769588
3.939393939393939,0.3535353535353535,0.0017047974
3.939393939393939,0.404040404040404,0.008450036
3.939393939393939,0.4545454545454545,0.017976921
3.939393939393939,0.5050505050505051,0.014310468
3.939393939393939,0.5555555555555556,-0.009843673
3.939393939393939,0.6060606060606061,0.00011664377
3.939393939393939,0.6565656565656566,0.0030268852
3.939393939393939,0.7070707070707071,-0.007567966
3.939393939393939,0.7575757575757576,0.007330871
3.939393939393939,0.8080808080808081,-0.0100327255
3.939393939393939,0.8585858585858586,0.0021098398
3.939393939393939,0.9090909090909092,0.014640601
3.939393939393939,0.9595959595959596,-0.010836117
3.939393939393939,1.0101010101010102,-0.0067299698
3.939393939393939,1.0606060606060606,-0.0025188786
3.939393939393939,1.1111111111111112,-0.022979846
3.939393939393939,1.1616161616161615,0.015407487
3.939393939393939,1.2121212121212122,0.0045442283
3.939393939393939,1.2626262626262623,0.0015854018
3.939393939393939,1.3131313131313131,-0.000864959
3.939393939393939,1.3636363636363635,0.0026349237
3.939393939393939,1.414141414141414,0.0049349726
3.939393939393939,1.4646464646464643,0.013175126
3.939393939393939,1.5151515151515151,0.004539925
3.939393939393939,1.5656565656565655,-0.004823809
3.939393939393939,1.616161616161616,0.029806666
3.939393939393939,1.6666666666666667,-0.008092124
3.939393939393939,1.7171717171717171,-0.0077334917
3.939393939393939,1.7676767676767675,-0.010381705
3.939393939393939,1.818181818181818,0.011797
3.939393939393939,1.8686868686868687,-0.0069212024
3.939393939393939,1.9191919191919191,-0.01084754
3.939393939393939,1.9696969696969695,0.007788016
3.939393939393939,2.0202020202020203,-0.006461572
3.939393939393939,2.0707070707070705,-0.014155789
3.939393939393939,2.121212121212121,0.008664203
3.939393939393939,2.171717171717172,-0.0037611087
3.939393939393939,2.2222222222222223,-0.007895725
3.939393939393939,2.2727272727272725,-0.0052772765
3.939393939393939,2.323232323232323,-0.011287552
3.939393939393939,2.3737373737373737,-0.0008878864
3.939393939393939,2.4242424242424243,0.001075665
3.939393939393939,2.474747474747475,0.02200652
3.939393939393939,2.525252525252525,-0.020411955
3.939393939393939,2.575757575757576,0.0039628963
3.939393939393939,2.6262626262626263,-0.006138983
3.939393939393939,2.676767676767677,0.0064207898
3.939393939393939,2.727272727272727,-0.030800277
3.939393939393939,2.7777777777777777,-0.013616151
3.939393939393939,2.8282828282828283,-0.0029600433
3.939393939393939,2.878787878787879,0.011283513
3.939393939393939,2.929292929292929,-0.007886322
3.939393939393939,2.97979797979798,-0.00038704462
3.939393939393939,3.0303030303030303,-0.0076098684
3.939393939393939,3.080808080808081,0.005444626
3.939393939393939,3.131313131313131,0.004544082
3.939393939393939,3.1818181818181817,0.0091063725
3.939393939393939,3.2323232323232323,0.009990993
3.939393939393939,3.282828282828283,-0.002713108
3.939393939393939,3.333333333333333,-0.009536606
3.939393939393939,3.383838383838384,-0.006736571
3.939393939393939,3.4343434343434343,0.0030757028
3.939393939393939,3.484848484848485,-0.0012765848
3.939393939393939,3.5353535353535355,0.00036591242
3.939393939393939,3.5858585858585856,0.0051643215
3.939393939393939,3.636363636363636,0.0091716945
3.939393939393939,3.686868686868687,-0.0052291076
3.939393939393939,3.7373737373737375,-0.0018800176
3.939393939393939,3.787878787878788,-0.009932077
3.939393939393939,3.8383838383838382,-0.0052930336
3.939393939393939,3.888888888888889,-0.013104248
3.939393939393939,3.939393939393939,-0.014173347
3.939393939393939,3.9898989898989896,-0.016074399
3.939393939393939,4.040404040404041,-0.0016719296
3.939393939393939,4.090909090909091,-0.008684839
3.939393939393939,4.141414141414141,-0.004027494
3.939393939393939,4.191919191919192,-0.015072099
3.939393939393939,4.242424242424242,0.0054910462
3.939393939393939,4.292929292929293,-0.012720629
3.939393939393939,4.343434343434343,-0.008282976
3.939393939393939,4.393939393939394,-0.003439099
3.939393939393939,4.444444444444445,-0.007324387
3.939393939393939,4.494949494949495,-0.005639234
3.939393939393939,4.545454545454545,0.0004004557
3.939393939393939,4.595959595959596,-0.00477936
3.939393939393939,4.646464646464646,-0.004351595
3.939393939393939,4.696969696969697,0.0058814106
3.939393939393939,4.747474747474747,-0.0119048795
3.939393939393939,4.797979797979798,0.0031136626
3.939393939393939,4.848484848484849,-0.005756134
3.939393939393939,4.898989898989899,0.0032733227
3.939393939393939,4.94949494949495,0.0062973653
3.939393939393939,5.0,0.018794613
4.040404040404041,0.0,-0.024740133
4.040404040404041,0.0505050505050505,0.013029942
4.040404040404041,0.101010101010101,-0.0059528504
4.040404040404041,0.1515151515151515,0.0035621726
4.040404040404041,0.202020202020202,0.0003240058
4.040404040404041,0.2525252525252525,-0.0011962825
4.040404040404041,0.303030303030303,0.0108862305
4.040404040404041,0.3535353535353535,-0.007917583
4.040404040404041,0.404040404040404,-0.022979353
4.040404040404041,0.4545454545454545,0.0024021566
4.040404040404041,0.5050505050505051,0.003993513
4.040404040404041,0.5555555555555556,-0.012249038
4.040404040404041,0.6060606060606061,0.0003601418
4.040404040404041,0.6565656565656566,0.01178857
4.040404040404041,0.7070707070707071,-0.017664213
4.040404040404041,0.7575757575757576,-0.010022584
4.040404040404041,0.8080808080808081,0.015534266
4.040404040404041,0.8585858585858586,0.0017955924
4.040404040404041,0.9090909090909092,-0.011150799
4.040404040404041,0.9595959595959596,-0.0093561
4.040404040404041,1.0101010101010102,-0.00418743
4.040404040404041,1.0606060606060606,-0.008159405
4.040404040404041,1.1111111111111112,0.00016923262
4.040404040404041,1.1616161616161615,-0.011842435
4.040404040404041,1.2121212121212122,0.0048312033
4.040404040404041,1.2626262626262623,-0.0019080407
4.040404040404041,1.3131313131313131,-0.014719254
4.040404040404041,1.3636363636363635,-0.0034106153
4.040404040404041,1.414141414141414,0.01297233
4.040404040404041,1.4646464646464643,-0.020060398
4.040404040404041,1.5151515151515151,0.0028237088
4.040404040404041,1.5656565656565655,-0.0081112245
4.040404040404041,1.616161616161616,-0.015486441
4.040404040404041,1.6666666666666667,0.00048511697
4.040404040404041,1.7171717171717171,-0.007712311
4.040404040404041,1.7676767676767675,0.0064206305
4.040404040404041,1.818181818181818,0.006150916
4.040404040404041,1.8686868686868687,-0.0020334043
4.040404040404041,1.9191919191919191,-0.016620466
4.040404040404041,1.9696969696969695,0.008806517
4.040404040404041,2.0202020202020203,-0.016280213
4.040404040404041,2.0707070707070705,-0.0051383013
4.040404040404041,2.121212121212121,0.0053802854
4.040404040404041,2.171717171717172,-0.012272196
4.040404040404041,2.2222222222222223,-0.011786675
4.040404040404041,2.2727272727272725,-0.011715979
4.040404040404041,2.323232323232323,0.016002178
4.040404040404041,2.3737373737373737,-0.0038566806
4.040404040404041,2.4242424242424243,-0.0032529517
4.040404040404041,2.474747474747475,0.011171956
4.040404040404041,2.525252525252525,-0.013283445
4.040404040404041,2.575757575757576,-0.012492866
4.040404040404041,2.6262626262626263,-0.0010017006
4.040404040404041,2.676767676767677,0.012510447
4.040404040404041,2.727272727272727,-0.001099475
4.040404040404041,2.7777777777777777,-0.014054735
4.040404040404041,2.8282828282828283,-0.0060694823
4.040404040404041,2.878787878787879,0.0093679745
4.040404040404041,2.929292929292929,0.002646864
4.040404040404041,2.97979797979798,-0.015075656
4.040404040404041,3.0303030303030303,-0.0042303135
4.040404040404041,3.080808080808081,-0.004520136
4.040404040404041,3.131313131313131,-0.0068159006
4.040404040404041,3.1818181818181817,-0.00959749
4.040404040404041,3.2323232323232323,0.004396412
4.040404040404041,3.282828282828283,-0.0014766151
4.040404040404041,3.333333333333333,-0.0036421963
4.040404040404041,3.383838383838384,-0.0047195298
4.040404040404041,3.4343434343434343,-0.0073298453
4.040404040404041,3.484848484848485,0.01434804
4.040404040404041,3.5353535353535355,0.00018039398
4.040404040404041,3.5858585858585856,-0.00084681786
4.040404040404041,3.636363636363636,0.016485516
4.040404040404041,3.686868686868687,-0.0018079474
4.040404040404041,3.7373737373737375,-0.01857749
4.040404040404041,3.787878787878788,0.00970172
4.040404040404041,3.8383838383838382,-0.015869094
4.040404040404041,3.888888888888889,0.00048920495
4.040404040404041,3.939393939393939,0.011327777
4.040404040404041,3.9898989898989896,-0.019527696
4.040404040404041,4.040404040404041,0.0056279292
4.040404040404041,4.090909090909091,-0.002522568
4.040404040404041,4.141414141414141,0.014471967
4.040404040404041,4.191919191919192,0.009783237
4.040404040404041,4.242424242424242,-0.013194098
4.040404040404041,4.292929292929293,-0.00071275403
4.040404040404041,4.343434343434343,0.002685359
4.040404040404041,4.393939393939394,-0.006990516
4.040404040404041,4.444444444444445,0.01586979
4.040404040404041,4.494949494949495,0.0014213267
4.040404040404041,4.545454545454545,0.0037605895
4.040404040404041,4.595959595959596,-0.00791626
4.040404040404041,4.646464646464646,0.026677625
4.040404040404041,4.696969696969697,-0.0014031292
4.040404040404041,4.747474747474747,0.009416195
4.040404040404041,4.797979797979798,-0.00011842876
4.040404040404041,4.848484848484849,-0.005196931
4.040404040404041,4.898989898989899,0.018524176
4.040404040404041,4.94949494949495,0.018365378
4.040404040404041,5.0,0.020741317
4.141414141414141,0.0,-0.0073730974
4.141414141414141,0.0505050505050505,-0.0076867803
4.141414141414141,0.101010101010101,-0.00051199744
4.141414141414141,0.1515151515151515,0.015985578
4.141414141414141,0.202020202020202,0.0021227372
4.141414141414141,0.2525252525252525,0.011059595
4.141414141414141,0.303030303030303,0.013119634
4.141414141414141,0.3535353535353535,0.004241764
4.141414141414141,0.404040404040404,-0.0049229017
4.141414141414141,0.4545454545454545,0.016562609
4.141414141414141,0.5050505050505051,0.0041114013
4.141414141414141,0.5555555555555556,-0.0024287705
4.141414141414141,0.6060606060606061,0.008634518
4.141414141414141,0.6565656565656566,-0.01449199
4.141414141414141,0.7070707070707071,0.003142702
4.141414141414141,0.7575757575757576,-0.010052864
4.141414141414141,0.8080808080808081,-0.013435432
4.141414141414141,0.8585858585858586,0.01267713
4.141414141414141,0.9090909090909092,-0.012937112
4.141414141414141,0.9595959595959596,-0.0074145845
4.141414141414141,1.0101010101010102,-0.00329903
4.141414141414141,1.0606060606060606,0.0033011234
4.141414141414141,1.1111111111111112,0.009814369
4.141414141414141,1.1616161616161615,-0.014912175
4.141414141414141,1.2121212121212122,0.005385298
4.141414141414141,1.2626262626262623,0.013361884
4.141414141414141,1.3131313131313131,-0.0056377435
4.141414141414141,1.3636363636363635,0.0066347257
4.141414141414141,1.414141414141414,0.00431491
4.141414141414141,1.4646464646464643,-0.007728766
4.141414141414141,1.5151515151515151,-0.008030177
4.141414141414141,1.5656565656565655,0.004644694
4.141414141414141,1.616161616161616,-0.0017089581
4.141414141414141,1.6666666666666667,0.027067963
4.141414141414141,1.7171717171717171,0.006624157
4.141414141414141,1.7676767676767675,-0.0065402114
4.141414141414141,1.818181818181818,0.0072780037
4.141414141414141,1.8686868686868687,0.00092573307
4.141414141414141,1.9191919191919191,-0.0017979743
4.141414141414141,1.9696969696969695,0.0070038643
4.141414141414141,2.0202020202020203,-0.012505776
4.141414141414141,2.0707070707070705,0.009090378
4.141414141414141,2.121212121212121,-0.0015779436
4.141414141414141,2.171717171717172,-0.0043905172
4.141414141414141,2.2222222222222223,0.0073887557
4.141414141414141,2.2727272727272725,-0.00468266
4.141414141414141,2.323232323232323,-0.015962737
4.141414141414141,2.3737373737373737,-0.016671663
4.141414141414141,2.4242424242424243,0.0033882745
4.141414141414141,2.474747474747475,0.003750116
4.141414141414141,2.525252525252525,-0.013291982
4.141414141414141,2.575757575757576,0.005636889
4.141414141414141,2.6262626262626263,0.008051767
4.141414141414141,2.676767676767677,0.0074491506
4.141414141414141,2.727272727272727,-0.0017391142
4.141414141414141,2.7777777777777777,0.011078136
4.141414141414141,2.8282828282828283,0.0051477207
4.141414141414141,2.878787878787879,0.008934884
4.141414141414141,2.929292929292929,-0.0151139675
4.141414141414141,2.97979797979798,-0.008514726
4.141414141414141,3.0303030303030303,0.020818412
4.141414141414141,3.080808080808081,0.010677173
4.141414141414141,3.131313131313131,-0.014276773
4.141414141414141,3.1818181818181817,-0.0033180343
4.141414141414141,3.2323232323232323,0.017054012
4.141414141414141,3.282828282828283,0.0060592345
4.141414141414141,3.333333333333333,0.011122154
4.141414141414141,3.383838383838384,-0.0056357947
4.141414141414141,3.4343434343434343,-0.013645276
4.141414141414141,3.484848484848485,0.0017917323
4.141414141414141,3.5353535353535355,0.005652398
4.141414141414141,3.5858585858585856,0.0032719853
4.141414141414141,3.636363636363636,0.00013574255
4.141414141414141,3.686868686868687,0.026918385
4.141414141414141,3.7373737373737375,0.012729166
4.141414141414141,3.787878787878788,-0.0063430127
4.141414141414141,3.8383838383838382,0.0056844587
4.141414141414141,3.888888888888889,0.005110347
4.141414141414141,3.939393939393939,0.009753285
4.141414141414141,3.9898989898989896,0.019773973
4.141414141414141,4.040404040404041,-0.01274081
4.141414141414141,4.090909090909091,-0.007873809
4.141414141414141,4.141414141414141,0.02138056
4.141414141414141,4.191919191919192,0.0034263034
4.141414141414141,4.242424242424242,0.009504527
4.141414141414141,4.292929292929293,-0.015345426
4.141414141414141,4.343434343434343,-0.0017094235
4.141414141414141,4.393939393939394,0.0098018395
4.141414141414141,4.444444444444445,-0.0005862395
4.141414141414141,4.494949494949495,0.020731205
4.141414141414141,4.545454545454545,-0.003976811
4.141414141414141,4.595959595959596,-0.002015808
4.141414141414141,4.646464646464646,-0.0016366084
4.141414141414141,4.696969696969697,-0.01238975
4.141414141414141,4.747474747474747,-0.010557494
4.141414141414141,4.797979797979798,0.012461083
4.141414141414141,4.848484848484849,-0.007245869
4.141414141414141,4.898989898989899,-0.010445312
4.141414141414141,4.94949494949495,0.00562667
4.141414141414141,5.0,0.0017291614
4.242424242424242,0.0,0.019904684
4.242424242424242,0.0505050505050505,-0.011816252
4.242424242424242,0.101010101010101,0.0030392397
4.242424242424242,0.1515151515151515,0.022258962
4.242424242424242,0.202020202020202,0.0030583376
4.242424242424242,0.2525252525252525,-0.0062978053
4.242424242424242,0.303030303030303,0.007762313
4.242424242424242,0.3535353535353535,-0.005106104
4.242424242424242,0.404040404040404,0.0030014624
4.242424242424242,0.4545454545454545,0.001731222
4.242424242424242,0.5050505050505051,0.0008587909
4.242424242424242,0.5555555555555556,0.0010766935
4.242424242424242,0.6060606060606061,0.010629868
4.242424242424242,0.6565656565656566,0.018410424
4.242424242424242,0.7070707070707071,-0.0056867874
4.242424242424242,0.7575757575757576,-0.014458406
4.242424242424242,0.8080808080808081,-0.0025618782
4.242424242424242,0.8585858585858586,0.0117283845
4.242424242424242,0.9090909090909092,-0.0042827544
4.242424242424242,0.9595959595959596,-0.0029857643
4.242424242424242,1.0101010101010102,0.0014890146
4.242424242424242,1.0606060606060606,0.016611973
4.242424242424242,1.1111111111111112,-0.026222631
4.242424242424242,1.1616161616161615,-0.004319331
4.242424242424242,1.2121212121212122,-0.001009867
4.242424242424242,1.2626262626262623,-0.004387802
4.242424242424242,1.3131313131313131,-0.0197751
4.242424242424242,1.3636363636363635,-0.0003591495
4.242424242424242,1.414141414141414,-0.007873448
4.242424242424242,1.4646464646464643,-0.0011653879
4.242424242424242,1.5151515151515151,0.018993564
4.242424242424242,1.5656565656565655,0.004523857
4.242424242424242,1.616161616161616,-0.0058500096
4.242424242424242,1.6666666666666667,0.001741136
4.242424242424242,1.7171717171717171,-0.0020315044
4.242424242424242,1.7676767676767675,-0.0127136465
4.242424242424242,1.818181818181818,0.008729039
4.242424242424242,1.8686868686868687,0.0014136413
4.242424242424242,1.9191919191919191,-0.01405803
4.242424242424242,1.9696969696969695,0.0040832562
4.242424242424242,2.0202020202020203,0.014582887
4.242424242424242,2.0707070707070705,-0.005315611
4.242424242424242,2.121212121212121,0.008970864
4.242424242424242,2.171717171717172,-0.01139224
4.242424242424242,2.2222222222222223,-0.013099566
4.242424242424242,2.2727272727272725,-0.00096194795
4.242424242424242,2.323232323232323,-0.024108095
4.242424242424242,2.3737373737373737,-9.612545e-05
4.242424242424242,2.4242424242424243,-0.006612817
4.242424242424242,2.474747474747475,0.008028564
4.242424242424242,2.525252525252525,-0.000704915
4.242424242424242,2.575757575757576,-0.015173195
4.242424242424242,2.6262626262626263,0.002003442
4.242424242424242,2.676767676767677,-0.0024687925
4.242424242424242,2.727272727272727,0.0023627453
4.242424242424242,2.7777777777777777,0.007618011
4.242424242424242,2.8282828282828283,-0.005062925
4.242424242424242,2.878787878787879,0.0074929693
4.242424242424242,2.929292929292929,0.01068161
4.242424242424242,2.97979797979798,-0.026366314
4.242424242424242,3.0303030303030303,0.0069544064
4.242424242424242,3.080808080808081,-0.0032303762
4.242424242424242,3.131313131313131,0.0059697744
4.242424242424242,3.1818181818181817,-0.0062477593
4.242424242424242,3.2323232323232323,0.0164734
4.242424242424242,3.282828282828283,-0.017078118
4.242424242424242,3.333333333333333,0.0009625459
4.242424242424242,3.383838383838384,-0.002864521
4.242424242424242,3.4343434343434343,0.010167992
4.242424242424242,3.484848484848485,-0.00657954
4.242424242424242,3.5353535353535355,-0.0039991247
4.242424242424242,3.5858585858585856,-0.017973578
4.242424242424242,3.636363636363636,-0.0037838358
4.242424242424242,3.686868686868687,0.002323953
4.242424242424242,3.7373737373737375,-0.0073217927
4.242424242424242,3.787878787878788,-0.0040373993
4.242424242424242,3.8383838383838382,0.012062691
4.242424242424242,3.888888888888889,-0.006938396
4.242424242424242,3.939393939393939,-0.015164529
4.242424242424242,3.9898989898989896,0.020242106
4.242424242424242,4.040404040404041,-0.008075133
4.242424242424242,4.090909090909091,0.0009412498
4.242424242424242,4.141414141414141,0.0027298247
4.242424242424242,4.191919191919192,0.0054410547
4.242424242424242,4.242424242424242,-0.024758287
4.242424242424242,4.292929292929293,0.002106024
4.242424242424242,4.343434343434343,0.0025360426
4.242424242424242,4.393939393939394,-0.0073184227
4.242424242424242,4.444444444444445,-0.013799183
4.242424242424242,4.494949494949495,-0.0021034009
4.242424242424242,4.545454545454545,0.008919094
4.242424242424242,4.595959595959596,0.0018319325
4.242424242424242,4.646464646464646,0.0050422805
4.242424242424242,4.696969696969697,-0.010074852
4.242424242424242,4.747474747474747,-0.013393091
4.242424242424242,4.797979797979798,-0.0045022876
4.242424242424242,4.848484848484849,-0.0016011619
4.242424242424242,4.898989898989899,-0.016086118
4.242424242424242,4.94949494949495,0.0018065942
4.242424242424242,5.0,0.018641932
4.343434343434343,0.0,-0.012010439
4.343434343434343,0.0505050505050505,-0.0007190026
4.343434343434343,0.101010101010101,0.0014386876
4.343434343434343,0.1515151515151515,-0.0014949882
4.343434343434343,0.202020202020202,-0.0045063365
4.343434343434343,0.2525252525252525,0.0030658692
4.343434343434343,0.303030303030303,0.009810793
4.343434343434343,0.3535353535353535,-0.005398742
4.343434343434343,0.404040404040404,-0.004205779
4.343434343434343,0.4545454545454545,0.004069875
4.343434343434343,0.5050505050505051,-0.0031910243
4.343434343434343,0.5555555555555556,0.008826714
4.343434343434343,0.6060606060606061,0.0066462415
4.343434343434343,0.6565656565656566,-0.021909663
4.343434343434343,0.7070707070707071,0.0048445687
4.343434343434343,0.7575757575757576,0.006883501
4.343434343434343,0.8080808080808081,0.016444298
4.343434343434343,0.8585858585858586,-0.00097258604
4.343434343434343,0.9090909090909092,-0.009725763
4.343434343434343,0.9595959595959596,0.009053502
4.343434343434343,1.0101010101010102,-0.009080928
4.343434343434343,1.0606060606060606,0.011592087
4.343434343434343,1.1111111111111112,-0.014673602
4.343434343434343,1.1616161616161615,0.017191013
4.343434343434343,1.2121212121212122,-0.00367319
4.343434343434343,1.2626262626262623,0.02357583
4.343434343434343,1.3131313131313131,-0.004597221
4.343434343434343,1.3636363636363635,-0.00058640674
4.343434343434343,1.414141414141414,-0.012418878
4.343434343434343,1.4646464646464643,-0.00023634954
4.343434343434343,1.5151515151515151,-0.020428922
4.343434343434343,1.5656565656565655,0.0019053655
4.343434343434343,1.616161616161616,0.0057569924
4.343434343434343,1.6666666666666667,-0.005177616
4.343434343434343,1.7171717171717171,0.009197075
4.343434343434343,1.7676767676767675,0.009861821
4.343434343434343,1.818181818181818,0.0005695873
4.343434343434343,1.8686868686868687,0.0015881913
4.343434343434343,1.9191919191919191,0.0065109865
4.343434343434343,1.9696969696969695,0.00020065617
4.343434343434343,2.0202020202020203,0.00847867
4.343434343434343,2.0707070707070705,0.020752015
4.343434343434343,2.121212121212121,-0.0038090255
4.343434343434343,2.171717171717172,-0.009460004
4.343434343434343,2.2222222222222223,-0.0045903833
4.343434343434343,2.2727272727272725,-0.0069423686
4.343434343434343,2.323232323232323,0.0030009863
4.343434343434343,2.3737373737373737,-0.013898493
4.343434343434343,2.4242424242424243,0.012990328
4.343434343434343,2.474747474747475,-0.018040061
4.343434343434343,2.525252525252525,0.018376606
4.343434343434343,2.575757575757576,-0.007219073
4.343434343434343,2.6262626262626263,0.0062894546
4.343434343434343,2.676767676767677,-0.00068520923
4.343434343434343,2.727272727272727,-0.012115036
4.343434343434343,2.7777777777777777,-0.0052856556
4.343434343434343,2.8282828282828283,-0.015568547
4.343434343434343,2.878787878787879,-0.012001843
4.343434343434343,2.929292929292929,0.0027368553
4.343434343434343,2.97979797979798,-0.0061299354
4.343434343434343,3.0303030303030303,0.009846591
4.343434343434343,3.080808080808081,0.01621305
4.343434343434343,3.131313131313131,0.0050662565
4.343434343434343,3.1818181818181817,-0.0012649436
4.343434343434343,3.2323232323232323,0.00034502524
4.343434343434343,3.282828282828283,0.0131474035
4.343434343434343,3.333333333333333,-0.006877241
4.343434343434343,3.383838383838384,-0.0010271779
4.343434343434343,3.4343434343434343,0.003767105
4.343434343434343,3.484848484848485,0.0066397893
4.343434343434343,3.5353535353535355,0.00059104816
4.343434343434343,3.5858585858585856,0.0069895517
4.343434343434343,3.636363636363636,-0.0016035781
4.343434343434343,3.686868686868687,-0.010922007
4.343434343434343,3.7373737373737375,0.00024783323
4.343434343434343,3.787878787878788,0.004938628
4.343434343434343,3.8383838383838382,-0.0057333056
4.343434343434343,3.888888888888889,0.006898083
4.343434343434343,3.939393939393939,0.0067670695
4.343434343434343,3.9898989898989896,0.00541685
4.343434343434343,4.040404040404041,-0.0017832504
4.343434343434343,4.090909090909091,-0.007599224
4.343434343434343,4.141414141414141,0.0048812213
4.343434343434343,4.191919191919192,-0.014561625
4.343434343434343,4.242424242424242,0.009352383
4.343434343434343,4.292929292929293,0.0030303437
4.343434343434343,4.343434343434343,-0.005343929
4.343434343434343,4.393939393939394,-0.0028863351
4.343434343434343,4.444444444444445,0.009647671
4.343434343434343,4.494949494949495,0.01728597
4.343434343434343,4.545454545454545,-0.008043005
4.343434343434343,4.595959595959596,-0.002873122
4.343434343434343,4.646464646464646,-0.012584628
4.343434343434343,4.696969696969697,0.0008387813
4.343434343434343,4.747474747474747,0.009973886
4.343434343434343,4.797979797979798,-0.007661278
4.343434343434343,4.848484848484849,-0.0036840795
4.343434343434343,4.898989898989899,-0.0016042771
4.343434343434343,4.94949494949495,0.0073148883
4.343434343434343,5.0,-0.004989534
4.444444444444445,0.0,-0.00305604
4.444444444444445,0.0505050505050505,0.0097807115
4.444444444444445,0.101010101010101,0.009052548
4.444444444444445,0.1515151515151515,-0.009018055
4.444444444444445,0.202020202020202,-0.002280528
4.444444444444445,0.2525252525252525,-0.009480227
4.444444444444445,0.303030303030303,-0.0015365807
4.444444444444445,0.3535353535353535,0.010321265
4.444444444444445,0.404040404040404,0.0017955326
4.444444444444445,0.4545454545454545,-0.0027217828
4.444444444444445,0.5050505050505051,0.0015856089
4.444444444444445,0.5555555555555556,0.011139295
4.444444444444445,0.6060606060606061,-0.0057134884
4.444444444444445,0.6565656565656566,-0.00987097
4.444444444444445,0.7070707070707071,-0.016782878
4.444444444444445,0.7575757575757576,0.018284801
4.444444444444445,0.8080808080808081,-0.014018647
4.444444444444445,0.8585858585858586,-0.0013450742
4.444444444444445,0.9090909090909092,-0.005799045
4.444444444444445,0.9595959595959596,0.010302584
4.444444444444445,1.0101010101010102,0.0016683164
4.444444444444445,1.0606060606060606,0.0013005995
4.444444444444445,1.1111111111111112,0.0033813717
4.444444444444445,1.1616161616161615,0.010259317
4.444444444444445,1.2121212121212122,-0.011549469
4.444444444444445,1.2626262626262623,0.002105891
4.444444444444445,1.3131313131313131,0.0007529366
4.444444444444445,1.3636363636363635,0.0043962626
4.444444444444445,1.414141414141414,0.00029413583
4.444444444444445,1.4646464646464643,0.0018214739
4.444444444444445,1.5151515151515151,0.00034710937
4.444444444444445,1.5656565656565655,-0.018955015
4.444444444444445,1.616161616161616,0.0054954425
4.444444444444445,1.6666666666666667,0.0019790235
4.444444444444445,1.7171717171717171,-0.0033105703
4.444444444444445,1.7676767676767675,-0.013217003
4.444444444444445,1.818181818181818,-0.0024350062
4.444444444444445,1.8686868686868687,-0.004956028
4.444444444444445,1.9191919191919191,0.016506795
4.444444444444445,1.9696969696969695,0.007990935
4.444444444444445,2.0202020202020203,0.0069583645
4.444444444444445,2.0707070707070705,-0.009322998
4.444444444444445,2.121212121212121,0.0018523267
4.444444444444445,2.171717171717172,0.0003921268
4.444444444444445,2.2222222222222223,-0.010234347
4.444444444444445,2.2727272727272725,0.0031960462
4.444444444444445,2.323232323232323,-0.008433935
4.444444444444445,2.3737373737373737,-0.021094108
4.444444444444445,2.4242424242424243,0.0051832846
4.444444444444445,2.474747474747475,0.0062235855
4.444444444444445,2.525252525252525,0.00017574317
4.444444444444445,2.575757575757576,0.013758806
4.444444444444445,2.6262626262626263,-0.0002409877
4.444444444444445,2.676767676767677,-0.0011441737
4.444444444444445,2.727272727272727,-0.002840603
4.444444444444445,2.7777777777777777,-0.0010638472
4.444444444444445,2.8282828282828283,0.0034224535
4.444444444444445,2.878787878787879,-0.0021973252
4.444444444444445,2.929292929292929,-0.0009440522
4.444444444444445,2.97979797979798,-0.0051483978
4.444444444444445,3.0303030303030303,0.0051379413
4.444444444444445,3.080808080808081,0.003945278
4.444444444444445,3.131313131313131,0.005612776
4.444444444444445,3.1818181818181817,-6.5356624e-05
4.444444444444445,3.2323232323232323,-0.004982566
4.444444444444445,3.282828282828283,0.0047082114
4.444444444444445,3.333333333333333,-0.005913009
4.444444444444445,3.383838383838384,-0.0041513173
4.444444444444445,3.4343434343434343,0.005321888
4.444444444444445,3.484848484848485,0.0131767625
4.444444444444445,3.5353535353535355,-0.007898051
4.444444444444445,3.5858585858585856,-0.0050881784
4.444444444444445,3.636363636363636,0.0023661386
4.444444444444445,3.686868686868687,0.012172428
4.444444444444445,3.7373737373737375,0.002148704
4.444444444444445,3.787878787878788,0.012481821
4.444444444444445,3.8383838383838382,0.024610743
4.444444444444445,3.888888888888889,0.0014153295
4.444444444444445,3.939393939393939,0.018376768
4.444444444444445,3.9898989898989896,-0.0022766185
4.444444444444445,4.040404040404041,0.009624824
4.444444444444445,4.090909090909091,0.0004533285
4.444444444444445,4.141414141414141,-0.020376984
4.444444444444445,4.191919191919192,-0.010922636
4.444444444444445,4.242424242424242,-0.001738384
4.444444444444445,4.292929292929293,-0.010654321
4.444444444444445,4.343434343434343,0.009267496
4.444444444444445,4.393939393939394,-0.0016234397
4.444444444444445,4.444444444444445,0.0036853713
4.444444444444445,4.494949494949495,-0.002603956
4.444444444444445,4.545454545454545,0.0012695534
4.444444444444445,4.595959595959596,-0.017026076
4.444444444444445,4.646464646464646,0.00642218
4.444444444444445,4.696969696969697,-0.006823133
4.444444444444445,4.747474747474747,-0.016458346
4.444444444444445,4.797979797979798,0.0015697401
4.444444444444445,4.848484848484849,-0.003624445
4.444444444444445,4.898989898989899,-0.0012838764
4.444444444444445,4.94949494949495,-0.0030779822
4.444444444444445,5.0,-0.01713757
4.545454545454545,0.0,0.0023439815
4.545454545454545,0.0505050505050505,-0.004025553
4.545454545454545,0.101010101010101,-0.014023015
4.545454545454545,0.1515151515151515,-0.00866064
4.545454545454545,0.202020202020202,0.008337364
4.545454545454545,0.2525252525252525,0.0017862885
4.545454545454545,0.303030303030303,0.010022734
4.545454545454545,0.3535353535353535,-0.0067657125
4.545454545454545,0.404040404040404,0.0002751591
4.545454545454545,0.4545454545454545,-0.01037028
4.545454545454545,0.5050505050505051,0.014250038
4.545454545454545,0.5555555555555556,0.0036614847
4.545454545454545,0.6060606060606061,0.0084892595
4.545454545454545,0.6565656565656566,0.0047359723
4.545454545454545,0.7070707070707071,0.005418957
4.545454545454545,0.7575757575757576,2.2529142e-05
4.545454545454545,0.8080808080808081,-0.0054354863
4.545454545454545,0.8585858585858586,0.0018075302
4.545454545454545,0.9090909090909092,-0.0076960786
4.545454545454545,0.9595959595959596,-0.010346392
4.545454545454545,1.0101010101010102,0.007314629
4.545454545454545,1.0606060606060606,0.016726516
4.545454545454545,1.1111111111111112,0.0035546285
4.545454545454545,1.1616161616161615,0.0030347952
4.545454545454545,1.2121212121212122,0.00048062688
4.545454545454545,1.2626262626262623,0.0050322297
4.545454545454545,1.3131313131313131,-0.00025565602
4.545454545454545,1.3636363636363635,-0.01853471
4.545454545454545,1.414141414141414,0.002129386
4.545454545454545,1.4646464646464643,0.008061029
4.545454545454545,1.5151515151515151,0.007021246
4.545454545454545,1.5656565656565655,-0.006485925
4.545454545454545,1.616161616161616,-0.004729516
4.545454545454545,1.6666666666666667,0.022190707
4.545454545454545,1.7171717171717171,-0.018683907
4.545454545454545,1.7676767676767675,-0.013732751
4.545454545454545,1.818181818181818,-0.0101326555
4.545454545454545,1.8686868686868687,0.013659646
4.545454545454545,1.9191919191919191,0.011893959
4.545454545454545,1.9696969696969695,-0.02780085
4.545454545454545,2.0202020202020203,-0.01031031
4.545454545454545,2.0707070707070705,-0.007022933
4.545454545454545,2.121212121212121,0.008099242
4.545454545454545,2.171717171717172,0.008948581
4.545454545454545,2.2222222222222223,-0.012265124
4.545454545454545,2.2727272727272725,0.007861263
4.545454545454545,2.323232323232323,-0.020957153
4.545454545454545,2.3737373737373737,0.0045382404
4.545454545454545,2.4242424242424243,-0.0043907342
4.545454545454545,2.474747474747475,0.0048361127
4.545454545454545,2.525252525252525,0.009263718
4.545454545454545,2.575757575757576,0.0006930986
4.545454545454545,2.6262626262626263,0.014818024
4.545454545454545,2.676767676767677,-0.009132124
4.545454545454545,2.727272727272727,-0.016069287
4.545454545454545,2.7777777777777777,-0.0059667556
4.545454545454545,2.8282828282828283,0.007912061
4.545454545454545,2.878787878787879,0.011138909
4.545454545454545,2.929292929292929,0.014326399
4.545454545454545,2.97979797979798,0.0034999289
4.545454545454545,3.0303030303030303,0.0029265732
4.545454545454545,3.080808080808081,0.009981994
4.545454545454545,3.131313131313131,0.009345366
4.545454545454545,3.1818181818181817,0.00085682276
4.545454545454545,3.2323232323232323,-0.0059050154
4.545454545454545,3.282828282828283,-0.006033742
4.545454545454545,3.333333333333333,0.006896741
4.545454545454545,3.383838383838384,0.0072258497
4.545454545454545,3.4343434343434343,-0.0042390106
4.545454545454545,3.484848484848485,0.013261003
4.545454545454545,3.5353535353535355,-0.010672546
4.545454545454545,3.5858585858585856,0.0062431926
4.545454545454545,3.636363636363636,-0.024506608
4.545454545454545,3.686868686868687,0.013008988
4.545454545454545,3.7373737373737375,-0.013570464
4.545454545454545,3.787878787878788,0.0040118163
4.545454545454545,3.8383838383838382,0.01012945
4.545454545454545,3.888888888888889,-0.0007218152
4.545454545454545,3.939393939393939,0.00031169396
4.545454545454545,3.9898989898989896,-0.007559849
4.545454545454545,4.040404040404041,-0.007956191
4.545454545454545,4.090909090909091,-0.0068681696
4.545454545454545,4.141414141414141,0.019091075
4.545454545454545,4.191919191919192,-0.0049425983
4.545454545454545,4.242424242424242,-0.000630879
4.545454545454545,4.292929292929293,0.00950359
4.545454545454545,4.343434343434343,0.0066921753
4.545454545454545,4.393939393939394,0.0012500713
4.545454545454545,4.444444444444445,0.0050854622
4.545454545454545,4.494949494949495,-0.010646655
4.545454545454545,4.545454545454545,-0.0046477253
4.545454545454545,4.595959595959596,-0.009152674
4.545454545454545,4.646464646464646,-0.0040090084
4.545454545454545,4.696969696969697,-0.00088860776
4.545454545454545,4.747474747474747,-0.009508648
4.545454545454545,4.797979797979798,0.0028014295
4.545454545454545,4.848484848484849,0.0006467004
4.545454545454545,4.898989898989899,-0.02057403
4.545454545454545,4.94949494949495,0.011129963
4.545454545454545,5.0,-0.007580298
4.646464646464646,0.0,0.0009775605
4.646464646464646,0.0505050505050505,0.008891483
4.646464646464646,0.101010101010101,0.0034602701
4.646464646464646,0.1515151515151515,-0.0011394428
4.646464646464646,0.202020202020202,0.014566701
4.646464646464646,0.2525252525252525,-0.011309463
4.646464646464646,0.303030303030303,0.012330804
4.646464646464646,0.3535353535353535,0.008789023
4.646464646464646,0.404040404040404,0.007664128
4.646464646464646,0.4545454545454545,0.004324735
4.646464646464646,0.5050505050505051,-0.010184042
4.646464646464646,0.5555555555555556,0.00012393371
4.646464646464646,0.6060606060606061,0.0066951523
4.646464646464646,0.6565656565656566,0.012033629
4.646464646464646,0.7070707070707071,0.008298293
4.646464646464646,0.7575757575757576,-0.009191604
4.646464646464646,0.8080808080808081,0.009582315
4.646464646464646,0.8585858585858586,0.0027241537
4.646464646464646,0.9090909090909092,0.00991579
4.646464646464646,0.9595959595959596,0.0038257097
4.646464646464646,1.0101010101010102,-0.0050297845
4.646464646464646,1.0606060606060606,0.015228251
4.646464646464646,1.1111111111111112,-0.025021318
4.646464646464646,1.1616161616161615,-0.0062520555
4.646464646464646,1.2121212121212122,-0.0045196577
4.646464646464646,1.2626262626262623,-0.0057200813
4.646464646464646,1.3131313131313131,0.017311065
4.646464646464646,1.3636363636363635,0.0040453165
4.646464646464646,1.414141414141414,0.005910706
4.646464646464646,1.4646464646464643,0.0052067777
4.646464646464646,1.5151515151515151,0.0026302584
4.646464646464646,1.5656565656565655,0.014625488
4.646464646464646,1.616161616161616,0.008067932
4.646464646464646,1.6666666666666667,0.02106061
4.646464646464646,1.7171717171717171,0.0012502444
4.646464646464646,1.7676767676767675,-0.010741942
4.646464646464646,1.818181818181818,-0.0004460187
4.646464646464646,1.8686868686868687,-0.007740861
4.646464646464646,1.9191919191919191,0.0144761475
4.646464646464646,1.9696969696969695,-0.01809449
4.646464646464646,2.0202020202020203,0.007144214
4.646464646464646,2.0707070707070705,0.014725445
4.646464646464646,2.121212121212121,-0.017723858
4.646464646464646,2.171717171717172,0.00048360912
4.646464646464646,2.2222222222222223,0.002034358
4.646464646464646,2.2727272727272725,-0.006890958
4.646464646464646,2.323232323232323,-0.005412123
4.646464646464646,2.3737373737373737,0.02046507
4.646464646464646,2.4242424242424243,-0.00588472
4.646464646464646,2.474747474747475,-0.008352399
4.646464646464646,2.525252525252525,0.00050243316
4.646464646464646,2.575757575757576,0.004375613
4.646464646464646,2.6262626262626263,0.013833051
4.646464646464646,2.676767676767677,-0.013894257
4.646464646464646,2.727272727272727,0.0038976541
4.646464646464646,2.7777777777777777,-0.015383917
4.646464646464646,2.8282828282828283,-0.020174908
4.646464646464646,2.878787878787879,0.008569829
4.646464646464646,2.929292929292929,0.00046529065
4.646464646464646,2.97979797979798,-0.0034989836
4.646464646464646,3.0303030303030303,-0.008770003
4.646464646464646,3.080808080808081,-0.0038342467
4.646464646464646,3.131313131313131,-0.00059068657
4.646464646464646,3.1818181818181817,0.0076058647
4.646464646464646,3.2323232323232323,-0.009748003
4.646464646464646,3.282828282828283,0.00901384
4.646464646464646,3.333333333333333,-0.0043347687
4.646464646464646,3.383838383838384,-0.015084133
4.646464646464646,3.4343434343434343,0.02263351
4.646464646464646,3.484848484848485,0.008894507
4.646464646464646,3.5353535353535355,0.0073551363
4.646464646464646,3.5858585858585856,-0.006224141
4.646464646464646,3.636363636363636,-0.0056827585
4.646464646464646,3.686868686868687,-0.014246464
4.646464646464646,3.7373737373737375,0.0049835863
4.646464646464646,3.787878787878788,-0.013945032
4.646464646464646,3.8383838383838382,-0.028043937
4.646464646464646,3.888888888888889,0.004811321
4.646464646464646,3.939393939393939,0.0032968963
4.646464646464646,3.9898989898989896,0.01493607
4.646464646464646,4.040404040404041,0.016916562
4.646464646464646,4.090909090909091,0.00159589
4.646464646464646,4.141414141414141,0.01024785
4.646464646464646,4.191919191919192,0.0012853768
4.646464646464646,4.242424242424242,-0.0046378276
4.646464646464646,4.292929292929293,0.013842717
4.646464646464646,4.343434343434343,-0.0068437015
4.646464646464646,4.393939393939394,-0.0036559447
4.646464646464646,4.444444444444445,0.0040884074
4.646464646464646,4.494949494949495,-0.0013771962
4.646464646464646,4.545454545454545,-0.004822222
4.646464646464646,4.595959595959596,-0.009596376
4.646464646464646,4.646464646464646,0.008839973
4.646464646464646,4.696969696969697,-0.01103223
4.646464646464646,4.747474747474747,0.0046134074
4.646464646464646,4.797979797979798,-0.006266279
4.646464646464646,4.848484848484849,-0.00059072766
4.646464646464646,4.898989898989899,0.014323563
4.646464646464646,4.94949494949495,-0.003214779
4.646464646464646,5.0,-0.003206534
4.747474747474747,0.0,-0.013816353
4.747474747474747,0.0505050505050505,-0.0036659157
4.747474747474747,0.101010101010101,-0.013767681
4.747474747474747,0.1515151515151515,-0.0065750903
4.747474747474747,0.202020202020202,0.01819729
4.747474747474747,0.2525252525252525,-0.005204964
4.747474747474747,0.303030303030303,0.014799478
4.747474747474747,0.3535353535353535,0.004248008
4.747474747474747,0.404040404040404,-0.0030355917
4.747474747474747,0.4545454545454545,0.00070468266
4.747474747474747,0.5050505050505051,-0.015127924
4.747474747474747,0.5555555555555556,0.013581115
4.747474747474747,0.6060606060606061,0.0032402705
4.747474747474747,0.6565656565656566,-0.010680902
4.747474747474747,0.7070707070707071,0.00089590234
4.747474747474747,0.7575757575757576,0.03131156
4.747474747474747,0.8080808080808081,-0.008544709
4.747474747474747,0.8585858585858586,-0.008357695
4.747474747474747,0.9090909090909092,0.012985942
4.747474747474747,0.9595959595959596,-0.007110929
4.747474747474747,1.0101010101010102,0.0028089636
4.747474747474747,1.0606060606060606,0.0015296164
4.747474747474747,1.1111111111111112,0.0009397149
4.747474747474747,1.1616161616161615,0.008745917
4.747474747474747,1.2121212121212122,-0.012265471
4.747474747474747,1.2626262626262623,0.013209213
4.747474747474747,1.3131313131313131,0.010341977
4.747474747474747,1.3636363636363635,-0.0049460796
4.747474747474747,1.414141414141414,-0.033865374
4.747474747474747,1.4646464646464643,0.02095019
4.747474747474747,1.5151515151515151,0.002728019
4.747474747474747,1.5656565656565655,-0.0003041708
4.747474747474747,1.616161616161616,0.0008612233
4.747474747474747,1.6666666666666667,-0.017298318
4.747474747474747,1.7171717171717171,0.00081092585
4.747474747474747,1.7676767676767675,0.012689827
4.747474747474747,1.818181818181818,-0.0034340038
4.747474747474747,1.8686868686868687,0.009877837
4.747474747474747,1.9191919191919191,0.013732529
4.747474747474747,1.9696969696969695,-0.003295292
4.747474747474747,2.0202020202020203,-0.0054072873
4.747474747474747,2.0707070707070705,0.005175154
4.747474747474747,2.121212121212121,-0.011346107
4.747474747474747,2.171717171717172,0.0047118566
4.747474747474747,2.2222222222222223,0.019203104
4.747474747474747,2.2727272727272725,0.0047514
4.747474747474747,2.323232323232323,0.0056736544
4.747474747474747,2.3737373737373737,0.0024627927
4.747474747474747,2.4242424242424243,0.028882677
4.747474747474747,2.474747474747475,-0.0055563306
4.747474747474747,2.525252525252525,0.0001724693
4.747474747474747,2.575757575757576,-0.0039582923
4.747474747474747,2.6262626262626263,-0.010047814
4.747474747474747,2.676767676767677,0.0015763555
4.747474747474747,2.727272727272727,-0.027295815
4.747474747474747,2.7777777777777777,-0.0012834908
4.747474747474747,2.8282828282828283,-0.004433964
4.747474747474747,2.878787878787879,-0.017998695
4.747474747474747,2.929292929292929,-0.004873202
4.747474747474747,2.97979797979798,-0.0036019657
4.747474747474747,3.0303030303030303,-0.002588383
4.747474747474747,3.080808080808081,0.013558588
4.747474747474747,3.131313131313131,-0.006274254
4.747474747474747,3.1818181818181817,0.0047283433
4.747474747474747,3.2323232323232323,-0.006854686
4.747474747474747,3.282828282828283,0.014168455
4.747474747474747,3.333333333333333,0.0085789105
4.747474747474747,3.383838383838384,0.008829494
4.747474747474747,3.4343434343434343,-0.009653112
4.747474747474747,3.484848484848485,-0.013402064
4.747474747474747,3.5353535353535355,0.00033997037
4.747474747474747,3.5858585858585856,-0.0044582007
4.747474747474747,3.636363636363636,0.0015176776
4.747474747474747,3.686868686868687,0.016231015
4.747474747474747,3.7373737373737375,-0.0042967927
4.747474747474747,3.787878787878788,-0.0016159532
4.747474747474747,3.8383838383838382,-0.01027697
4.747474747474747,3.888888888888889,-0.009918713
4.747474747474747,3.939393939393939,0.0029410406
4.747474747474747,3.9898989898989896,-0.0035959466
4.747474747474747,4.040404040404041,-0.0013289135
4.747474747474747,4.090909090909091,-0.0009766665
4.747474747474747,4.141414141414141,-0.019935066
4.747474747474747,4.191919191919192,0.0011608057
4.747474747474747,4.242424242424242,-0.0067296294
4.747474747474747,4.292929292929293,0.008545035
4.747474747474747,4.343434343434343,-0.0117938565
4.747474747474747,4.393939393939394,-0.009540549
4.747474747474747,4.444444444444445,-0.009696737
4.747474747474747,4.494949494949495,0.003141363
4.747474747474747,4.545454545454545,0.012000208
4.747474747474747,4.595959595959596,-0.0018317159
4.747474747474747,4.646464646464646,-0.001804518
4.747474747474747,4.696969696969697,-0.0010347468
4.747474747474747,4.747474747474747,-0.0010869846
4.747474747474747,4.797979797979798,0.0057822457
4.747474747474747,4.848484848484849,0.017499538
4.747474747474747,4.898989898989899,2.0349557e-05
4.747474747474747,4.94949494949495,0.003650095
4.747474747474747,5.0,-0.008946719
4.848484848484849,0.0,-0.0036259172
4.848484848484849,0.0505050505050505,0.01179726
4.848484848484849,0.101010101010101,0.008268132
4.848484848484849,0.1515151515151515,0.014577297
4.848484848484849,0.202020202020202,-0.010294356
4.848484848484849,0.2525252525252525,-0.012957319
4.848484848484849,0.303030303030303,0.002842133
4.848484848484849,0.3535353535353535,-0.022019466
4.848484848484849,0.404040404040404,0.0054911277
4.848484848484849,0.4545454545454545,-0.012930695
4.848484848484849,0.5050505050505051,0.004510806
4.848484848484849,0.5555555555555556,-0.0039536534
4.848484848484849,0.6060606060606061,0.017161552
4.848484848484849,0.6565656565656566,0.0015392881
4.848484848484849,0.7070707070707071,-0.014651801
4.848484848484849,0.7575757575757576,-0.0051706964
4.848484848484849,0.8080808080808081,-0.008793549
4.848484848484849,0.8585858585858586,-0.008100995
4.848484848484849,0.9090909090909092,0.0067886654
4.848484848484849,0.9595959595959596,0.0033716168
4.848484848484849,1.0101010101010102,-0.005290454
4.848484848484849,1.0606060606060606,0.009324967
4.848484848484849,1.1111111111111112,0.006762214
4.848484848484849,1.1616161616161615,0.001437866
4.848484848484849,1.2121212121212122,0.02182328
4.848484848484849,1.2626262626262623,0.0003764793
4.848484848484849,1.3131313131313131,0.0021775013
4.848484848484849,1.3636363636363635,0.023951909
4.848484848484849,1.414141414141414,0.0040238495
4.848484848484849,1.4646464646464643,0.016874338
4.848484848484849,1.5151515151515151,-0.027439084
4.848484848484849,1.5656565656565655,-0.019040486
4.848484848484849,1.616161616161616,0.009187806
4.848484848484849,1.6666666666666667,0.0012344545
4.848484848484849,1.7171717171717171,0.028273681
4.848484848484849,1.7676767676767675,0.0047407886
4.848484848484849,1.818181818181818,-0.019149128
4.848484848484849,1.8686868686868687,-0.015384353
4.848484848484849,1.9191919191919191,-0.006529981
4.848484848484849,1.9696969696969695,0.0016414928
4.848484848484849,2.0202020202020203,-0.0019700201
4.848484848484849,2.0707070707070705,0.010387151
4.848484848484849,2.121212121212121,-0.0039085294
4.848484848484849,2.171717171717172,0.010207838
4.848484848484849,2.2222222222222223,-0.012268578
4.848484848484849,2.2727272727272725,-0.02057999
4.848484848484849,2.323232323232323,0.005987722
4.848484848484849,2.3737373737373737,-0.0013595745
4.848484848484849,2.4242424242424243,-0.002192591
4.848484848484849,2.474747474747475,-0.0047011203
4.848484848484849,2.525252525252525,-0.009500816
4.848484848484849,2.575757575757576,-0.0068083988
4.848484848484849,2.6262626262626263,-0.009808987
4.848484848484849,2.676767676767677,-0.0075195837
4.848484848484849,2.727272727272727,-0.010324863
4.848484848484849,2.7777777777777777,-0.018080289
4.848484848484849,2.8282828282828283,0.0021794334
4.848484848484849,2.878787878787879,0.006857624
4.848484848484849,2.929292929292929,0.0043733804
4.848484848484849,2.97979797979798,-0.019561762
4.848484848484849,3.0303030303030303,0.012915894
4.848484848484849,3.080808080808081,-0.01697738
4.848484848484849,3.131313131313131,-0.0120251775
4.848484848484849,3.1818181818181817,-0.01646543
4.848484848484849,3.2323232323232323,-0.007896558
4.848484848484849,3.282828282828283,-0.013139449
4.848484848484849,3.333333333333333,0.012117757
4.848484848484849,3.383838383838384,0.009332025
4.848484848484849,3.4343434343434343,-0.0026052373
4.848484848484849,3.484848484848485,0.015151707
4.848484848484849,3.5353535353535355,-0.015211733
4.848484848484849,3.5858585858585856,-0.0116699785
4.848484848484849,3.636363636363636,-0.02033406
4.848484848484849,3.686868686868687,-0.000826046
4.848484848484849,3.7373737373737375,0.014479997
4.848484848484849,3.787878787878788,0.0015355913
4.848484848484849,3.8383838383838382,-0.0019014782
4.848484848484849,3.888888888888889,-0.009898109
4.848484848484849,3.939393939393939,0.0037907534
4.848484848484849,3.9898989898989896,0.019210685
4.848484848484849,4.040404040404041,0.0003124547
4.848484848484849,4.090909090909091,0.003133165
4.848484848484849,4.141414141414141,-0.012002359
4.848484848484849,4.191919191919192,-0.0022739538
4.848484848484849,4.242424242424242,-0.00238401
4.848484848484849,4.292929292929293,-0.006827204
4.848484848484849,4.343434343434343,0.0046212873
4.848484848484849,4.393939393939394,-0.009165003
4.848484848484849,4.444444444444445,-0.016651528
4.848484848484849,4.494949494949495,0.007060098
4.848484848484849,4.545454545454545,0.009033957
4.848484848484849,4.595959595959596,-0.0038248824
4.848484848484849,4.646464646464646,0.0019789392
4.848484848484849,4.696969696969697,-0.00032255566
4.848484848484849,4.747474747474747,-0.009255486
4.848484848484849,4.797979797979798,0.011699923
4.848484848484849,4.848484848484849,0.0024731674
4.848484848484849,4.898989898989899,-0.021509914
4.848484848484849,4.94949494949495,0.012150318
4.848484848484849,5.0,-0.0033008328
4.94949494949495,0.0,-0.0051569394
4.94949494949495,0.0505050505050505,0.00022917015
4.94949494949495,0.101010101010101,-0.0067462176
4.94949494949495,0.1515151515151515,0.013092829
4.94949494949495,0.202020202020202,-0.016657313
4.94949494949495,0.2525252525252525,0.0032850464
4.94949494949495,0.303030303030303,-0.008491258
4.94949494949495,0.3535353535353535,0.009747982
4.94949494949495,0.404040404040404,-0.0037322182
4.94949494949495,0.4545454545454545,0.0060909186
4.94949494949495,0.5050505050505051,-0.007589855
4.94949494949495,0.5555555555555556,-0.0064923605
4.94949494949495,0.6060606060606061,-0.013370387
4.94949494949495,0.6565656565656566,0.0116971275
4.94949494949495,0.7070707070707071,-0.005579738
4.94949494949495,0.7575757575757576,0.0038680658
4.94949494949495,0.8080808080808081,-0.0049107554
4.94949494949495,0.8585858585858586,-0.00325215
4.94949494949495,0.9090909090909092,0.0013093096
4.94949494949495,0.9595959595959596,0.006242612
4.94949494949495,1.0101010101010102,0.0067927623
4.94949494949495,1.0606060606060606,0.003959449
4.94949494949495,1.1111111111111112,0.0066949064
4.94949494949495,1.1616161616161615,-0.0019622361
4.94949494949495,1.2121212121212122,-0.0032004304
4.94949494949495,1.2626262626262623,0.0020433473
4.94949494949495,1.3131313131313131,-0.019621532
4.94949494949495,1.3636363636363635,-0.005470468
4.94949494949495,1.414141414141414,-0.0013450417
4.94949494949495,1.4646464646464643,0.00525965
4.94949494949495,1.5151515151515151,0.012340812
4.94949494949495,1.5656565656565655,0.0019075802
4.94949494949495,1.616161616161616,-0.001931096
4.94949494949495,1.6666666666666667,0.015767058
4.94949494949495,1.7171717171717171,0.0011904353
4.94949494949495,1.7676767676767675,0.0028997941
4.94949494949495,1.818181818181818,-0.020928122
4.94949494949495,1.8686868686868687,-0.0004476542
4.94949494949495,1.9191919191919191,0.00111118
4.94949494949495,1.9696969696969695,0.0038851942
4.94949494949495,2.0202020202020203,0.005478768
4.94949494949495,2.0707070707070705,-0.013495665
4.94949494949495,2.121212121212121,-0.0044743526
4.94949494949495,2.171717171717172,-0.0070999605
4.94949494949495,2.2222222222222223,-0.017512571
4.94949494949495,2.2727272727272725,0.009016333
4.94949494949495,2.323232323232323,-0.013840047
4.94949494949495,2.3737373737373737,-0.008077334
4.94949494949495,2.4242424242424243,0.012065165
4.94949494949495,2.474747474747475,0.001894015
4.94949494949495,2.525252525252525,-0.006532776
4.94949494949495,2.575757575757576,-0.0023592098
4.94949494949495,2.6262626262626263,0.006057451
4.94949494949495,2.676767676767677,-0.003558703
4.94949494949495,2.727272727272727,0.01464441
4.94949494949495,2.7777777777777777,-0.00823672
4.94949494949495,2.8282828282828283,-0.0035768952
4.94949494949495,2.878787878787879,-0.009380689
4.94949494949495,2.929292929292929,0.014365062
4.94949494949495,2.97979797979798,0.015855119
4.94949494949495,3.0303030303030303,-0.012674946
4.94949494949495,3.080808080808081,-0.003829055
4.94949494949495,3.131313131313131,0.008315309
4.94949494949495,3.1818181818181817,0.018437397
4.94949494949495,3.2323232323232323,0.00021685973
4.94949494949495,3.282828282828283,0.002876242
4.94949494949495,3.333333333333333,0.0039912644
4.94949494949495,3.383838383838384,0.024587013
4.94949494949495,3.4343434343434343,0.004567311
4.94949494949495,3.484848484848485,0.011066061
4.94949494949495,3.5353535353535355,0.009169553
4.94949494949495,3.5858585858585856,-0.0023127766
4.94949494949495,3.636363636363636,-0.014986675
4.94949494949495,3.686868686868687,0.006427391
4.94949494949495,3.7373737373737375,0.0018222902
4.94949494949495,3.787878787878788,-0.010757185
4.94949494949495,3.8383838383838382,0.015721424
4.94949494949495,3.888888888888889,0.010094727
4.94949494949495,3.939393939393939,0.0040294253
4.94949494949495,3.9898989898989896,0.016145533
4.94949494949495,4.040404040404041,0.004475519
4.94949494949495,4.090909090909091,0.005499113
4.94949494949495,4.141414141414141,0.0021999367
4.94949494949495,4.191919191919192,-0.00019641423
4.94949494949495,4.242424242424242,0.0020199595
4.94949494949495,4.292929292929293,-0.0030520721
4.94949494949495,4.343434343434343,-0.0011879883
4.94949494949495,4.393939393939394,0.008017855
4.94949494949495,4.444444444444445,-0.0038705054
4.94949494949495,4.494949494949495,0.015607979
4.94949494949495,4.545454545454545,0.000496443
4.94949494949495,4.595959595959596,-0.0033324524
4.94949494949495,4.646464646464646,0.009817765
4.94949494949495,4.696969696969697,0.010983758
4.94949494949495,4.747474747474747,-0.0025671127
4.94949494949495,4.797979797979798,-0.022621775
4.94949494949495,4.848484848484849,0.0016864269
4.94949494949495,4.898989898989899,-0.016143134
4.94949494949495,4.94949494949495,-0.000110939596
4.94949494949495,5.0,0.012098066
5.05050505050505,0.0,-0.014476906
5.05050505050505,0.0505050505050505,0.013612878
5.05050505050505,0.101010101010101,-0.013062708
5.05050505050505,0.1515151515151515,0.016407432
5.05050505050505,0.202020202020202,-0.003393166
5.05050505050505,0.2525252525252525,0.0013347899
5.05050505050505,0.303030303030303,-0.009141298
5.05050505050505,0.3535353535353535,-0.0015479597
5.05050505050505,0.404040404040404,0.003950341
5.05050505050505,0.4545454545454545,-0.0009881415
5.05050505050505,0.5050505050505051,-0.018138774
5.05050505050505,0.5555555555555556,-0.006933608
5.05050505050505,0.6060606060606061,0.01377083
5.05050505050505,0.6565656565656566,0.010369852
5.05050505050505,0.7070707070707071,0.005220459
5.05050505050505,0.7575757575757576,-0.020087352
5.05050505050505,0.8080808080808081,-0.007871567
5.05050505050505,0.8585858585858586,0.0007242458
5.05050505050505,0.9090909090909092,-0.019583851
5.05050505050505,0.9595959595959596,-0.001682676
5.05050505050505,1.0101010101010102,-0.0009407275
5.05050505050505,1.0606060606060606,-0.0150211565
5.05050505050505,1.1111111111111112,0.009083237
5.05050505050505,1.1616161616161615,-0.0062731877
5.05050505050505,1.2121212121212122,0.013455494
5.05050505050505,1.2626262626262623,0.0032771772
5.05050505050505,1.3131313131313131,0.013408823
5.05050505050505,1.3636363636363635,0.012158557
5.05050505050505,1.414141414141414,0.009588516
5.05050505050505,1.4646464646464643,0.0051367376
5.05050505050505,1.5151515151515151,0.0057630655
5.05050505050505,1.5656565656565655,0.00077857834
5.05050505050505,1.616161616161616,-0.01061162
5.05050505050505,1.6666666666666667,0.020423068
5.05050505050505,1.7171717171717171,0.0065092593
5.05050505050505,1.7676767676767675,-0.010072094
5.05050505050505,1.818181818181818,0.0035781362
5.05050505050505,1.8686868686868687,-0.010799493
5.05050505050505,1.9191919191919191,0.0004710597
5.05050505050505,1.9696969696969695,0.022014014
5.05050505050505,2.0202020202020203,0.0075880405
5.05050505050505,2.0707070707070705,-0.015863134
5.05050505050505,2.121212121212121,-0.006730678
5.05050505050505,2.171717171717172,-0.012264569
5.05050505050505,2.2222222222222223,0.013401838
5.05050505050505,2.2727272727272725,-0.011620847
5.05050505050505,2.323232323232323,0.014780147
5.05050505050505,2.3737373737373737,0.015603762
5.05050505050505,2.4242424242424243,-0.003231433
5.05050505050505,2.474747474747475,0.021190187
5.05050505050505,2.525252525252525,0.007877871
5.05050505050505,2.575757575757576,-0.019625552
5.05050505050505,2.6262626262626263,-0.0052603255
5.05050505050505,2.676767676767677,0.026399681
5.05050505050505,2.727272727272727,0.011718551
5.05050505050505,2.7777777777777777,0.012722933
5.05050505050505,2.8282828282828283,-0.006997715
5.05050505050505,2.878787878787879,-0.010969721
5.05050505050505,2.929292929292929,-0.0055166096
5.05050505050505,2.97979797979798,-0.003263216
5.05050505050505,3.0303030303030303,0.006205294
5.05050505050505,3.080808080808081,-0.014098611
5.05050505050505,3.131313131313131,-0.004153948
5.05050505050505,3.1818181818181817,0.030686814
5.05050505050505,3.2323232323232323,0.0037013951
5.05050505050505,3.282828282828283,-0.0072843563
5.05050505050505,3.333333333333333,-0.009289583
5.05050505050505,3.383838383838384,0.0089833755
5.05050505050505,3.4343434343434343,-0.0048385924
5.05050505050505,3.484848484848485,0.00032833297
5.05050505050505,3.5353535353535355,-0.0010948953
5.05050505050505,3.5858585858585856,0.004666703
5.05050505050505,3.636363636363636,-0.011001536
5.05050505050505,3.686868686868687,0.008703535
5.05050505050505,3.7373737373737375,0.009143403
5.05050505050505,3.787878787878788,-0.009333758
5.05050505050505,3.8383838383838382,-0.019243427
5.05050505050505,3.888888888888889,0.005441842
5.05050505050505,3.939393939393939,0.016741568
5.05050505050505,3.9898989898989896,-0.0014575509
5.05050505050505,4.040404040404041,-0.006634991
5.05050505050505,4.090909090909091,0.01212149
5.05050505050505,4.141414141414141,0.009221743
5.05050505050505,4.191919191919192,0.005710628
5.05050505050505,4.242424242424242,-0.007049512
5.05050505050505,4.292929292929293,0.02053587
5.05050505050505,4.343434343434343,0.009570579
5.05050505050505,4.393939393939394,-0.010222344
5.05050505050505,4.444444444444445,0.0029085164
5.05050505050505,4.494949494949495,-0.0008251824
5.05050505050505,4.545454545454545,0.015195056
5.05050505050505,4.595959595959596,-0.003584267
5.05050505050505,4.646464646464646,-0.006102549
5.05050505050505,4.696969696969697,-0.01506093
5.05050505050505,4.747474747474747,-0.007732543
5.05050505050505,4.797979797979798,0.010847911
5.05050505050505,4.848484848484849,0.014872429
5.05050505050505,4.898989898989899,0.0060415487
5.05050505050505,4.94949494949495,-0.011257244
5.05050505050505,5.0,0.003761575
5.151515151515151,0.0,0.019592931
5.151515151515151,0.0505050505050505,-0.0079581635
5.151515151515151,0.101010101010101,0.0045394874
5.151515151515151,0.1515151515151515,-0.025069937
5.151515151515151,0.202020202020202,0.004042589
5.151515151515151,0.2525252525252525,-0.015217982
5.151515151515151,0.303030303030303,-0.005133729
5.151515151515151,0.3535353535353535,-0.013806459
5.151515151515151,0.404040404040404,-0.005332194
5.151515151515151,0.4545454545454545,0.010821458
5.151515151515151,0.5050505050505051,0.0064074104
5.151515151515151,0.5555555555555556,-0.01729613
5.151515151515151,0.6060606060606061,-0.021478297
5.151515151515151,0.6565656565656566,0.0049733594
5.151515151515151,0.7070707070707071,-0.012689047
5.151515151515151,0.7575757575757576,-0.002423277
5.151515151515151,0.8080808080808081,-0.010745846
5.151515151515151,0.8585858585858586,-0.006819858
5.151515151515151,0.9090909090909092,0.010070197
5.151515151515151,0.9595959595959596,-0.00827936
5.151515151515151,1.0101010101010102,0.006613953
5.151515151515151,1.0606060606060606,-0.00032974873
5.151515151515151,1.1111111111111112,-0.0013994985
5.151515151515151,1.1616161616161615,0.010257868
5.151515151515151,1.2121212121212122,-0.019717177
5.151515151515151,1.2626262626262623,0.005998078
5.151515151515151,1.3131313131313131,0.0136115085
5.151515151515151,1.3636363636363635,-0.0017306472
5.151515151515151,1.414141414141414,0.007555464
5.151515151515151,1.4646464646464643,-0.0014636565
5.151515151515151,1.5151515151515151,-0.00094298227
5.151515151515151,1.5656565656565655,0.0029657914
5.151515151515151,1.616161616161616,0.0011924135
5.151515151515151,1.6666666666666667,0.0011674839
5.151515151515151,1.7171717171717171,-0.005673036
5.151515151515151,1.7676767676767675,-0.01753294
5.151515151515151,1.818181818181818,-0.0050047683
5.151515151515151,1.8686868686868687,-0.008111429
5.151515151515151,1.9191919191919191,0.020269457
5.151515151515151,1.9696969696969695,-0.025688011
5.151515151515151,2.0202020202020203,0.010234973
5.151515151515151,2.0707070707070705,-0.0053078556
5.151515151515151,2.121212121212121,0.025092024
5.151515151515151,2.171717171717172,0.009496951
5.151515151515151,2.2222222222222223,0.014498698
5.151515151515151,2.2727272727272725,0.019099774
5.151515151515151,2.323232323232323,-0.0041487375
5.151515151515151,2.3737373737373737,-0.021543767
5.151515151515151,2.4242424242424243,-0.011843921
5.151515151515151,2.474747474747475,-0.00132715
5.151515151515151,2.525252525252525,-0.006129738
5.151515151515151,2.575757575757576,0.010654757
5.151515151515151,2.6262626262626263,-0.0136100035
5.151515151515151,2.676767676767677,0.011837615
5.151515151515151,2.727272727272727,-0.011673826
5.151515151515151,2.7777777777777777,-0.002507725
5.151515151515151,2.8282828282828283,0.0033264845
5.151515151515151,2.878787878787879,0.011230511
5.151515151515151,2.929292929292929,0.018761743
5.151515151515151,2.97979797979798,0.0027363996
5.151515151515151,3.0303030303030303,0.0028011473
5.151515151515151,3.080808080808081,0.0072817877
5.151515151515151,3.131313131313131,0.00024031429
5.151515151515151,3.1818181818181817,0.023937905
5.151515151515151,3.2323232323232323,-0.013129955
5.151515151515151,3.282828282828283,-0.0048624827
5.151515151515151,3.333333333333333,0.004012764
5.151515151515151,3.383838383838384,0.010767758
5.151515151515151,3.4343434343434343,0.025870694
5.151515151515151,3.484848484848485,-0.007386666
5.151515151515151,3.5353535353535355,0.0032965299
5.151515151515151,3.5858585858585856,0.028114237
5.151515151515151,3.636363636363636,-0.00879488
5.151515151515151,3.686868686868687,-0.0033060166
5.151515151515151,3.7373737373737375,0.0064570275
5.151515151515151,3.787878787878788,0.0017840362
5.151515151515151,3.8383838383838382,-0.011289931
5.151515151515151,3.888888888888889,-0.0036023112
5.151515151515151,3.939393939393939,-0.023833055
5.151515151515151,3.9898989898989896,0.013506853
5.151515151515151,4.040404040404041,-0.0040650815
5.151515151515151,4.090909090909091,-0.0030150434
5.151515151515151,4.141414141414141,-0.015348396
5.151515151515151,4.191919191919192,0.016021354
5.151515151515151,4.242424242424242,-0.010694472
5.151515151515151,4.292929292929293,0.00084529165
5.151515151515151,4.343434343434343,0.0033887022
5.151515151515151,4.393939393939394,-0.01223061
5.151515151515151,4.444444444444445,0.001982169
5.151515151515151,4.494949494949495,0.0038515371
5.151515151515151,4.545454545454545,-0.00073158037
5.151515151515151,4.595959595959596,0.008780375
5.151515151515151,4.646464646464646,0.0012963341
5.151515151515151,4.696969696969697,-0.006663824
5.151515151515151,4.747474747474747,0.0049214847
5.151515151515151,4.797979797979798,-0.009834228
5.151515151515151,4.848484848484849,-0.012953417
5.151515151515151,4.898989898989899,-0.01500258
5.151515151515151,4.94949494949495,0.01155816
5.151515151515151,5.0,-0.007528656
5.252525252525253,0.0,0.0058993767
5.252525252525253,0.0505050505050505,-0.013305653
5.252525252525253,0.101010101010101,0.01276455
5.252525252525253,0.1515151515151515,-0.0115099605
5.252525252525253,0.202020202020202,0.014542961
5.252525252525253,0.2525252525252525,0.0021978319
5.252525252525253,0.303030303030303,-0.0026515746
5.252525252525253,0.3535353535353535,0.0077492623
5.252525252525253,0.404040404040404,0.001298554
5.252525252525253,0.4545454545454545,0.010439496
5.252525252525253,0.5050505050505051,-0.017788975
5.252525252525253,0.5555555555555556,0.003559875
5.252525252525253,0.6060606060606061,-0.00054039777
5.252525252525253,0.6565656565656566,0.0007127835
5.252525252525253,0.7070707070707071,-0.008058504
5.252525252525253,0.7575757575757576,-0.003507413
5.252525252525253,0.8080808080808081,0.011279785
5.252525252525253,0.8585858585858586,0.00025866166
5.252525252525253,0.9090909090909092,-0.0014947264
5.252525252525253,0.9595959595959596,0.003950698
5.252525252525253,1.0101010101010102,0.019742353
5.252525252525253,1.0606060606060606,-0.0044041737
5.252525252525253,1.1111111111111112,0.023815414
5.252525252525253,1.1616161616161615,-0.0034589143
5.252525252525253,1.2121212121212122,0.026948316
5.252525252525253,1.2626262626262623,-0.008544124
5.252525252525253,1.3131313131313131,-0.0027781322
5.252525252525253,1.3636363636363635,0.0077729165
5.252525252525253,1.414141414141414,-0.004392333
5.252525252525253,1.4646464646464643,0.011729096
5.252525252525253,1.5151515151515151,0.013973611
5.252525252525253,1.5656565656565655,-0.004125586
5.252525252525253,1.616161616161616,0.0068935594
5.252525252525253,1.6666666666666667,0.00033526015
5.252525252525253,1.7171717171717171,-0.0029772941
5.252525252525253,1.7676767676767675,-0.01170076
5.252525252525253,1.818181818181818,0.015237687
5.252525252525253,1.8686868686868687,0.012984881
5.252525252525253,1.9191919191919191,0.006588834
5.252525252525253,1.9696969696969695,-0.008222662
5.252525252525253,2.0202020202020203,-0.0014632517
5.252525252525253,2.0707070707070705,0.007788861
5.252525252525253,2.121212121212121,0.00640334
5.252525252525253,2.171717171717172,0.008075235
5.252525252525253,2.2222222222222223,0.005731524
5.252525252525253,2.2727272727272725,0.013903805
5.252525252525253,2.323232323232323,-0.0023513318
5.252525252525253,2.3737373737373737,-0.0053862734
5.252525252525253,2.4242424242424243,-0.011607324
5.252525252525253,2.474747474747475,-0.0148636205
5.252525252525253,2.525252525252525,0.0013496126
5.252525252525253,2.575757575757576,0.0135462135
5.252525252525253,2.6262626262626263,0.019504122
5.252525252525253,2.676767676767677,0.010814121
5.252525252525253,2.727272727272727,0.007843427
5.252525252525253,2.7777777777777777,0.018615505
5.252525252525253,2.8282828282828283,0.0067279562
5.252525252525253,2.878787878787879,-0.004322131
5.252525252525253,2.929292929292929,0.01800506
5.252525252525253,2.97979797979798,0.013338027
5.252525252525253,3.0303030303030303,-0.0031845751
5.252525252525253,3.080808080808081,0.011182889
5.252525252525253,3.131313131313131,0.018907325
5.252525252525253,3.1818181818181817,0.0019988827
5.252525252525253,3.2323232323232323,-0.0017826782
5.252525252525253,3.282828282828283,-0.0026258389
5.252525252525253,3.333333333333333,0.0075135767
5.252525252525253,3.383838383838384,0.0018278615
5.252525252525253,3.4343434343434343,-0.009977544
5.252525252525253,3.484848484848485,0.004580718
5.252525252525253,3.5353535353535355,0.007924372
5.252525252525253,3.5858585858585856,-0.0096434755
5.252525252525253,3.636363636363636,0.0046591265
5.252525252525253,3.686868686868687,0.013539252
5.252525252525253,3.7373737373737375,-0.014592956
5.252525252525253,3.787878787878788,0.0037469375
5.252525252525253,3.8383838383838382,0.0074607264
5.252525252525253,3.888888888888889,0.0026590028
5.252525252525253,3.939393939393939,-0.010854178
5.252525252525253,3.9898989898989896,-0.015084643
5.252525252525253,4.040404040404041,-0.004339471
5.252525252525253,4.090909090909091,0.009574882
5.252525252525253,4.141414141414141,0.012541283
5.252525252525253,4.191919191919192,-0.010384563
5.252525252525253,4.242424242424242,0.005251074
5.252525252525253,4.292929292929293,-0.008383288
5.252525252525253,4.343434343434343,0.017227905
5.252525252525253,4.393939393939394,-0.011731188
5.252525252525253,4.444444444444445,0.007272883
5.252525252525253,4.494949494949495,-0.017194627
5.252525252525253,4.545454545454545,0.023837749
5.252525252525253,4.595959595959596,-0.011649108
5.252525252525253,4.646464646464646,-0.0020503656
5.252525252525253,4.696969696969697,-0.0053757867
5.252525252525253,4.747474747474747,0.01296782
5.252525252525253,4.797979797979798,-0.01613877
5.252525252525253,4.848484848484849,-0.00815597
5.252525252525253,4.898989898989899,-0.0015099928
5.252525252525253,4.94949494949495,-0.0050207064
5.252525252525253,5.0,0.008036778
5.353535353535354,0.0,-0.011333381
5.353535353535354,0.0505050505050505,-0.0074351854
5.353535353535354,0.101010101010101,-0.007013434
5.353535353535354,0.1515151515151515,-0.004217899
5.353535353535354,0.202020202020202,-0.015332636
5.353535353535354,0.2525252525252525,-0.019342981
5.353535353535354,0.303030303030303,0.003510491
5.353535353535354,0.3535353535353535,-0.006404718
5.353535353535354,0.404040404040404,0.00019135747
5.353535353535354,0.4545454545454545,-0.007149955
5.353535353535354,0.5050505050505051,-0.0070253024
5.353535353535354,0.5555555555555556,0.0077002654
5.353535353535354,0.6060606060606061,0.009396787
5.353535353535354,0.6565656565656566,0.010826958
5.353535353535354,0.7070707070707071,-0.0065191556
5.353535353535354,0.7575757575757576,0.0028633073
5.353535353535354,0.8080808080808081,0.0010145679
5.353535353535354,0.8585858585858586,0.0009791278
5.353535353535354,0.9090909090909092,-0.008082834
5.353535353535354,0.9595959595959596,0.014418098
5.353535353535354,1.0101010101010102,-0.0064604525
5.353535353535354,1.0606060606060606,0.00048113524
5.353535353535354,1.1111111111111112,0.013825704
5.353535353535354,1.1616161616161615,-0.0066657583
5.353535353535354,1.2121212121212122,0.007876792
5.353535353535354,1.2626262626262623,-0.0015957335
5.353535353535354,1.3131313131313131,-0.0010303135
5.353535353535354,1.3636363636363635,0.002740739
5.353535353535354,1.414141414141414,0.0115765305
5.353535353535354,1.4646464646464643,-0.0021968593
5.353535353535354,1.5151515151515151,0.0042154733
5.353535353535354,1.5656565656565655,-0.0032665783
5.353535353535354,1.616161616161616,0.023412764
5.353535353535354,1.6666666666666667,-0.00535188
5.353535353535354,1.7171717171717171,0.010548261
5.353535353535354,1.7676767676767675,-0.004031358
5.353535353535354,1.818181818181818,0.0064544273
5.353535353535354,1.8686868686868687,-0.0063148835
5.353535353535354,1.9191919191919191,-0.012809436
5.353535353535354,1.9696969696969695,9.232764e-05
5.353535353535354,2.0202020202020203,0.012330047
5.353535353535354,2.0707070707070705,0.0062384973
5.353535353535354,2.121212121212121,0.0152134225
5.353535353535354,2.171717171717172,-0.0049762065
5.353535353535354,2.2222222222222223,0.0075356057
5.353535353535354,2.2727272727272725,-0.0038888976
5.353535353535354,2.323232323232323,0.025921997
5.353535353535354,2.3737373737373737,0.0008543383
5.353535353535354,2.4242424242424243,-0.020308878
5.353535353535354,2.474747474747475,0.006461804
5.353535353535354,2.525252525252525,0.012174529
5.353535353535354,2.575757575757576,0.00031212994
5.353535353535354,2.6262626262626263,0.010824656
5.353535353535354,2.676767676767677,-0.018998515
5.353535353535354,2.727272727272727,-0.027074426
5.353535353535354,2.7777777777777777,-0.00786773
5.353535353535354,2.8282828282828283,-0.0061956397
5.353535353535354,2.878787878787879,0.0182814
5.353535353535354,2.929292929292929,0.004877544
5.353535353535354,2.97979797979798,0.0013667905
5.353535353535354,3.0303030303030303,-0.0075717918
5.353535353535354,3.080808080808081,-0.010642282
5.353535353535354,3.131313131313131,0.019611532
5.353535353535354,3.1818181818181817,-0.0043909973
5.353535353535354,3.2323232323232323,0.008920032
5.353535353535354,3.282828282828283,0.018720558
5.353535353535354,3.333333333333333,0.0024501416
5.353535353535354,3.383838383838384,0.0070175105
5.353535353535354,3.4343434343434343,0.009099079
5.353535353535354,3.484848484848485,-0.007323962
5.353535353535354,3.5353535353535355,-0.0066631553
5.353535353535354,3.5858585858585856,-0.0032770645
5.353535353535354,3.636363636363636,-0.014391551
5.353535353535354,3.686868686868687,-0.012797472
5.353535353535354,3.7373737373737375,-0.0019622953
5.353535353535354,3.787878787878788,0.0019903565
5.353535353535354,3.8383838383838382,-0.0059714764
5.353535353535354,3.888888888888889,-0.010348221
5.353535353535354,3.939393939393939,0.0042101815
5.353535353535354,3.9898989898989896,-0.005489478
5.353535353535354,4.040404040404041,-0.012540193
5.353535353535354,4.090909090909091,-0.012696188
5.353535353535354,4.141414141414141,0.006492337
5.353535353535354,4.191919191919192,0.0023402986
5.353535353535354,4.242424242424242,-0.001553156
5.353535353535354,4.292929292929293,-0.004344737
5.353535353535354,4.343434343434343,-0.01096245
5.353535353535354,4.393939393939394,-0.011229813
5.353535353535354,4.444444444444445,-0.018654797
5.353535353535354,4.494949494949495,-0.021207547
5.353535353535354,4.545454545454545,-0.0067194337
5.353535353535354,4.595959595959596,-0.0075598103
5.353535353535354,4.646464646464646,-0.010449823
5.353535353535354,4.696969696969697,-0.002799243
5.353535353535354,4.747474747474747,0.01210166
5.353535353535354,4.797979797979798,-0.009885204
5.353535353535354,4.848484848484849,0.0035020765
5.353535353535354,4.898989898989899,-0.0026442388
5.353535353535354,4.94949494949495,-0.010631657
5.353535353535354,5.0,-0.007474985
5.454545454545454,0.0,0.0032660028
5.454545454545454,0.0505050505050505,-0.00499297
5.454545454545454,0.101010101010101,-0.014715039
5.454545454545454,0.1515151515151515,0.0050236466
5.454545454545454,0.202020202020202,0.004279914
5.454545454545454,0.2525252525252525,0.010040386
5.454545454545454,0.303030303030303,0.017082352
5.454545454545454,0.3535353535353535,-0.002667045
5.454545454545454,0.404040404040404,-0.005910199
5.454545454545454,0.4545454545454545,0.02361808
5.454545454545454,0.5050505050505051,0.012076123
5.454545454545454,0.5555555555555556,-0.0054879766
5.454545454545454,0.6060606060606061,0.015311497
5.454545454545454,0.6565656565656566,0.0044362834
5.454545454545454,0.7070707070707071,-0.024579337
5.454545454545454,0.7575757575757576,0.006496618
5.454545454545454,0.8080808080808081,0.00024499782
5.454545454545454,0.8585858585858586,0.0025982724
5.454545454545454,0.9090909090909092,0.0073486823
5.454545454545454,0.9595959595959596,-6.0296927e-05
5.454545454545454,1.0101010101010102,-0.007884382
5.454545454545454,1.0606060606060606,0.011371253
5.454545454545454,1.1111111111111112,-0.017366208
5.454545454545454,1.1616161616161615,0.009614792
5.454545454545454,1.2121212121212122,-0.004880823
5.454545454545454,1.2626262626262623,-0.006568364
5.454545454545454,1.3131313131313131,-0.004720822
5.454545454545454,1.3636363636363635,0.0035971708
5.454545454545454,1.414141414141414,0.0053075072
5.454545454545454,1.4646464646464643,0.010079243
5.454545454545454,1.5151515151515151,0.016095113
5.454545454545454,1.5656565656565655,0.01601682
5.454545454545454,1.616161616161616,0.00020138249
5.454545454545454,1.6666666666666667,0.0057323636
5.454545454545454,1.7171717171717171,0.0037203315
5.454545454545454,1.7676767676767675,0.0022609541
5.454545454545454,1.818181818181818,-0.0075446325
5.454545454545454,1.8686868686868687,-0.0033799713
5.454545454545454,1.9191919191919191,0.0041659973
5.454545454545454,1.9696969696969695,0.002289028
5.454545454545454,2.0202020202020203,0.0019433594
5.454545454545454,2.0707070707070705,0.010423648
5.454545454545454,2.121212121212121,-0.0112570925
5.454545454545454,2.171717171717172,-0.00040835649
5.454545454545454,2.2222222222222223,0.007159355
5.454545454545454,2.2727272727272725,0.0034180672
5.454545454545454,2.323232323232323,-0.0067785773
5.454545454545454,2.3737373737373737,0.0017783714
5.454545454545454,2.4242424242424243,-0.0016209768
5.454545454545454,2.474747474747475,-0.00026765742
5.454545454545454,2.525252525252525,-0.0033800795
5.454545454545454,2.575757575757576,0.0061602974
5.454545454545454,2.6262626262626263,-0.0157551
5.454545454545454,2.676767676767677,-0.011856271
5.454545454545454,2.727272727272727,0.0032811796
5.454545454545454,2.7777777777777777,-0.0003522142
5.454545454545454,2.8282828282828283,0.0018906556
5.454545454545454,2.878787878787879,0.010375696
5.454545454545454,2.929292929292929,0.0077936384
5.454545454545454,2.97979797979798,-0.0064982707
5.454545454545454,3.0303030303030303,-0.004809533
5.454545454545454,3.080808080808081,0.0013058728
5.454545454545454,3.131313131313131,0.008354679
5.454545454545454,3.1818181818181817,0.016123451
5.454545454545454,3.2323232323232323,-0.004939594
5.454545454545454,3.282828282828283,0.00304561
5.454545454545454,3.333333333333333,0.021306237
5.454545454545454,3.383838383838384,0.00026654772
5.454545454545454,3.4343434343434343,0.007856672
5.454545454545454,3.484848484848485,0.008128213
5.454545454545454,3.5353535353535355,0.0004477962
5.454545454545454,3.5858585858585856,-0.017439522
5.454545454545454,3.636363636363636,-0.01310476
5.454545454545454,3.686868686868687,-0.014218923
5.454545454545454,3.7373737373737375,-0.0032010027
5.454545454545454,3.787878787878788,0.000116627976
5.454545454545454,3.8383838383838382,0.007528783
5.454545454545454,3.888888888888889,-0.0088496655
5.454545454545454,3.939393939393939,0.008982152
5.454545454545454,3.9898989898989896,-0.016744109
5.454545454545454,4.040404040404041,-0.011447242
5.454545454545454,4.090909090909091,0.002234642
5.454545454545454,4.141414141414141,-0.00936949
5.454545454545454,4.191919191919192,-0.0017544428
5.454545454545454,4.242424242424242,0.008354768
5.454545454545454,4.292929292929293,-0.012516488
5.454545454545454,4.343434343434343,0.0026434802
5.454545454545454,4.393939393939394,0.01294954
5.454545454545454,4.444444444444445,-0.005443984
5.454545454545454,4.494949494949495,0.020500017
5.454545454545454,4.545454545454545,0.00064594497
5.454545454545454,4.595959595959596,0.014481859
5.454545454545454,4.646464646464646,-0.0020686893
5.454545454545454,4.696969696969697,0.015211719
5.454545454545454,4.747474747474747,-0.012341058
5.454545454545454,4.797979797979798,-0.007871248
5.454545454545454,4.848484848484849,-0.007268314
5.454545454545454,4.898989898989899,-0.0026047297
5.454545454545454,4.94949494949495,-0.0018154931
5.454545454545454,5.0,0.0040858984
5.555555555555555,0.0,0.002191277
5.555555555555555,0.0505050505050505,-0.004570873
5.555555555555555,0.101010101010101,-0.006519969
5.555555555555555,0.1515151515151515,-0.003210792
5.555555555555555,0.202020202020202,-0.00506167
5.555555555555555,0.2525252525252525,0.008149547
5.555555555555555,0.303030303030303,0.006836134
5.555555555555555,0.3535353535353535,-0.012236212
5.555555555555555,0.404040404040404,0.009091915
5.555555555555555,0.4545454545454545,-0.0060154335
5.555555555555555,0.5050505050505051,0.008525827
5.555555555555555,0.5555555555555556,-0.0068661924
5.555555555555555,0.6060606060606061,0.011305443
5.555555555555555,0.6565656565656566,-0.0034581302
5.555555555555555,0.7070707070707071,-0.0067395843
5.555555555555555,0.7575757575757576,-0.001624399
5.555555555555555,0.8080808080808081,0.018315015
5.555555555555555,0.8585858585858586,-0.0072652176
5.555555555555555,0.9090909090909092,-0.004410079
5.555555555555555,0.9595959595959596,-0.011563644
5.555555555555555,1.0101010101010102,-0.011074808
5.555555555555555,1.0606060606060606,-0.006043309
5.555555555555555,1.1111111111111112,0.00014458127
5.555555555555555,1.1616161616161615,-0.0021861705
5.555555555555555,1.2121212121212122,-0.01005259
5.555555555555555,1.2626262626262623,0.01269642
5.555555555555555,1.3131313131313131,0.01212203
5.555555555555555,1.3636363636363635,-0.003618496
5.555555555555555,1.414141414141414,0.0111639155
5.555555555555555,1.4646464646464643,0.004140533
5.555555555555555,1.5151515151515151,0.0012140734
5.555555555555555,1.5656565656565655,0.008367193
5.555555555555555,1.616161616161616,-0.0066385856
5.555555555555555,1.6666666666666667,-0.020399112
5.555555555555555,1.7171717171717171,-0.006206883
5.555555555555555,1.7676767676767675,-0.00958494
5.555555555555555,1.818181818181818,-0.005020677
5.555555555555555,1.8686868686868687,0.0045930105
5.555555555555555,1.9191919191919191,-0.013068112
5.555555555555555,1.9696969696969695,0.009302626
5.555555555555555,2.0202020202020203,0.010709624
5.555555555555555,2.0707070707070705,0.013384746
5.555555555555555,2.121212121212121,0.0027829069
5.555555555555555,2.171717171717172,-0.013287661
5.555555555555555,2.2222222222222223,-0.0028916344
5.555555555555555,2.2727272727272725,-0.025182005
5.555555555555555,2.323232323232323,-0.025334686
5.555555555555555,2.3737373737373737,-0.00022988365
5.555555555555555,2.4242424242424243,-0.0055633276
5.555555555555555,2.474747474747475,0.020752601
5.555555555555555,2.525252525252525,-0.008403554
5.555555555555555,2.575757575757576,0.009517559
5.555555555555555,2.6262626262626263,0.0020424777
5.555555555555555,2.676767676767677,-0.008860292
5.555555555555555,2.727272727272727,0.0104969675
5.555555555555555,2.7777777777777777,0.0055681863
5.555555555555555,2.8282828282828283,0.0013751773
5.555555555555555,2.878787878787879,-0.0015331188
5.555555555555555,2.929292929292929,0.012169883
5.555555555555555,2.97979797979798,0.017785981
5.555555555555555,3.0303030303030303,-0.00709164
5.555555555555555,3.080808080808081,-0.009840891
5.555555555555555,3.131313131313131,-0.0017089858
5.555555555555555,3.1818181818181817,0.0026957628
5.555555555555555,3.2323232323232323,0.0031936064
5.555555555555555,3.282828282828283,-0.0069055655
5.555555555555555,3.333333333333333,0.0035005016
5.555555555555555,3.383838383838384,-0.0032124459
5.555555555555555,3.4343434343434343,-0.011872515
5.555555555555555,3.484848484848485,-0.008310905
5.555555555555555,3.5353535353535355,-0.0111441845
5.555555555555555,3.5858585858585856,0.0126170395
5.555555555555555,3.636363636363636,0.0068142377
5.555555555555555,3.686868686868687,0.020168917
5.555555555555555,3.7373737373737375,0.004812907
5.555555555555555,3.787878787878788,0.0031350616
5.555555555555555,3.8383838383838382,-0.0052292338
5.555555555555555,3.888888888888889,-0.0026092126
5.555555555555555,3.939393939393939,-0.021449983
5.555555555555555,3.9898989898989896,0.010247118
5.555555555555555,4.040404040404041,0.021447152
5.555555555555555,4.090909090909091,-0.0034384623
5.555555555555555,4.141414141414141,0.009131002
5.555555555555555,4.191919191919192,-0.024607414
5.555555555555555,4.242424242424242,-0.0045995032
5.555555555555555,4.292929292929293,0.00064018444
5.555555555555555,4.343434343434343,-0.004596543
5.555555555555555,4.393939393939394,-0.0059831957
5.555555555555555,4.444444444444445,0.008440023
5.555555555555555,4.494949494949495,-0.006386957
5.555555555555555,4.545454545454545,-0.012185584
5.555555555555555,4.595959595959596,-0.0018421912
5.555555555555555,4.646464646464646,-0.017404849
5.555555555555555,4.696969696969697,-0.004398851
5.555555555555555,4.747474747474747,0.009787786
5.555555555555555,4.797979797979798,0.01003505
5.555555555555555,4.848484848484849,0.018392159
5.555555555555555,4.898989898989899,-0.007032709
5.555555555555555,4.94949494949495,-0.021381378
5.555555555555555,5.0,0.003657694
5.656565656565657,0.0,-0.021648739
5.656565656565657,0.0505050505050505,0.0097945975
5.656565656565657,0.101010101010101,0.0038047142
5.656565656565657,0.1515151515151515,-0.01927754
5.656565656565657,0.202020202020202,0.0091971215
5.656565656565657,0.2525252525252525,-0.016067678
5.656565656565657,0.303030303030303,-0.013559657
5.656565656565657,0.3535353535353535,-0.0025936614
5.656565656565657,0.404040404040404,0.00086190103
5.656565656565657,0.4545454545454545,-0.0037659965
5.656565656565657,0.5050505050505051,0.009756654
5.656565656565657,0.5555555555555556,-0.008411984
5.656565656565657,0.6060606060606061,-0.009621247
5.656565656565657,0.6565656565656566,-0.005808307
5.656565656565657,0.7070707070707071,0.011524169
5.656565656565657,0.7575757575757576,-0.0055852076
5.656565656565657,0.8080808080808081,-0.0025051895
5.656565656565657,0.8585858585858586,0.02170825
5.656565656565657,0.9090909090909092,-0.01229917
5.656565656565657,0.9595959595959596,0.0030855834
5.656565656565657,1.0101010101010102,-0.004612124
5.656565656565657,1.0606060606060606,-0.010031081
5.656565656565657,1.1111111111111112,-0.033694986
5.656565656565657,1.1616161616161615,0.00783265
5.656565656565657,1.2121212121212122,-0.00343544
5.656565656565657,1.2626262626262623,0.0034807445
5.656565656565657,1.3131313131313131,-0.017184556
5.656565656565657,1.3636363636363635,-0.008929248
5.656565656565657,1.414141414141414,-0.0074567096
5.656565656565657,1.4646464646464643,0.0015086728
5.656565656565657,1.5151515151515151,-0.007863384
5.656565656565657,1.5656565656565655,-0.0035076519
5.656565656565657,1.616161616161616,0.012518025
5.656565656565657,1.6666666666666667,-0.003598852
5.656565656565657,1.7171717171717171,-0.0043994463
5.656565656565657,1.7676767676767675,0.019879144
5.656565656565657,1.818181818181818,-0.0069277766
5.656565656565657,1.8686868686868687,0.0046032085
5.656565656565657,1.9191919191919191,0.0060092136
5.656565656565657,1.9696969696969695,0.008063201
5.656565656565657,2.0202020202020203,0.009796219
5.656565656565657,2.0707070707070705,0.009170622
5.656565656565657,2.121212121212121,-0.0011666276
5.656565656565657,2.171717171717172,0.0021061972
5.656565656565657,2.2222222222222223,0.005228467
5.656565656565657,2.2727272727272725,-0.017686034
5.656565656565657,2.323232323232323,-0.008117372
5.656565656565657,2.3737373737373737,-0.008772771
5.656565656565657,2.4242424242424243,-0.00013254464
5.656565656565657,2.474747474747475,0.011153861
5.656565656565657,2.525252525252525,-0.004465695
5.656565656565657,2.575757575757576,0.013153465
5.656565656565657,2.6262626262626263,0.010380907
5.656565656565657,2.676767676767677,0.022033896
5.656565656565657,2.727272727272727,-0.009078427
5.656565656565657,2.7777777777777777,0.020937135
5.656565656565657,2.8282828282828283,-0.009239965
5.656565656565657,2.878787878787879,-0.005533394
5.656565656565657,2.929292929292929,0.00092596683
5.656565656565657,2.97979797979798,0.0105632795
5.656565656565657,3.0303030303030303,0.008357012
5.656565656565657,3.080808080808081,0.003996295
5.656565656565657,3.131313131313131,-0.0052242894
5.656565656565657,3.1818181818181817,0.018076858
5.656565656565657,3.2323232323232323,-0.0013208438
5.656565656565657,3.282828282828283,-0.010929938
5.656565656565657,3.333333333333333,-0.024860121
5.656565656565657,3.383838383838384,-0.00038849565
5.656565656565657,3.4343434343434343,0.008021039
5.656565656565657,3.484848484848485,-0.0018547378
5.656565656565657,3.5353535353535355,0.005342296
5.656565656565657,3.5858585858585856,-0.0049810586
5.656565656565657,3.636363636363636,0.0089639295
5.656565656565657,3.686868686868687,-0.01269173
5.656565656565657,3.7373737373737375,0.00042280785
5.656565656565657,3.787878787878788,0.009680984
5.656565656565657,3.8383838383838382,-0.017608285
5.656565656565657,3.888888888888889,0.010980932
5.656565656565657,3.939393939393939,0.008579375
5.656565656565657,3.9898989898989896,-0.009562888
5.656565656565657,4.040404040404041,-0.0004678619
5.656565656565657,4.090909090909091,-0.0069082677
5.656565656565657,4.141414141414141,-0.003885729
5.656565656565657,4.191919191919192,0.00045910839
5.656565656565657,4.242424242424242,-0.0037949018
5.656565656565657,4.292929292929293,0.015770217
5.656565656565657,4.343434343434343,-0.00042833228
5.656565656565657,4.393939393939394,0.013539567
5.656565656565657,4.444444444444445,-0.011246844
5.656565656565657,4.494949494949495,-0.0017863909
5.656565656565657,4.545454545454545,0.0020412735
5.656565656565657,4.595959595959596,0.009273928
5.656565656565657,4.646464646464646,-0.0032438375
5.656565656565657,4.696969696969697,0.006851024
5.656565656565657,4.747474747474747,0.010722298
5.656565656565657,4.797979797979798,-0.010002725
5.656565656565657,4.848484848484849,0.009701831
5.656565656565657,4.898989898989899,-0.01724406
5.656565656565657,4.94949494949495,0.016173413
5.656565656565657,5.0,-0.009298601
5.757575757575758,0.0,0.004194206
5.757575757575758,0.0505050505050505,0.020680532
5.757575757575758,0.101010101010101,-0.01234256
5.757575757575758,0.1515151515151515,0.026785024
5.757575757575758,0.202020202020202,0.0030042976
5.757575757575758,0.2525252525252525,-0.013038333
5.757575757575758,0.303030303030303,0.0075121894
5.757575757575758,0.3535353535353535,0.0037293716
5.757575757575758,0.404040404040404,0.0017139992
5.757575757575758,0.4545454545454545,0.005995815
5.757575757575758,0.5050505050505051,-0.0019726276
5.757575757575758,0.5555555555555556,-0.001189168
5.757575757575758,0.6060606060606061,0.009737448
5.757575757575758,0.6565656565656566,0.010727748
5.757575757575758,0.7070707070707071,-0.010264922
5.757575757575758,0.7575757575757576,-0.011302908
5.757575757575758,0.8080808080808081,-0.002908953
5.757575757575758,0.8585858585858586,-0.016867245
5.757575757575758,0.9090909090909092,0.015600812
5.757575757575758,0.9595959595959596,0.018405765
5.757575757575758,1.0101010101010102,-0.0077301427
5.757575757575758,1.0606060606060606,-0.002413354
5.757575757575758,1.1111111111111112,0.023902435
5.757575757575758,1.1616161616161615,-0.005483986
5.757575757575758,1.2121212121212122,0.006437383
5.757575757575758,1.2626262626262623,0.0074955835
5.757575757575758,1.3131313131313131,-0.012053274
5.757575757575758,1.3636363636363635,0.014264871
5.757575757575758,1.414141414141414,-0.007236151
5.757575757575758,1.4646464646464643,0.0027934068
5.757575757575758,1.5151515151515151,-0.008662601
5.757575757575758,1.5656565656565655,0.00845934
5.757575757575758,1.616161616161616,0.006116388
5.757575757575758,1.6666666666666667,-0.008089803
5.757575757575758,1.7171717171717171,-0.0020030127
5.757575757575758,1.7676767676767675,-0.024035586
5.757575757575758,1.818181818181818,0.015633417
5.757575757575758,1.8686868686868687,-0.0062946174
5.757575757575758,1.9191919191919191,0.00804292
5.757575757575758,1.9696969696969695,0.0066761393
5.757575757575758,2.0202020202020203,-0.0051814597
5.757575757575758,2.0707070707070705,0.009539962
5.757575757575758,2.121212121212121,0.007256157
5.757575757575758,2.171717171717172,-0.0057679955
5.757575757575758,2.2222222222222223,-0.008011579
5.757575757575758,2.2727272727272725,-0.011227111
5.757575757575758,2.323232323232323,-0.007824244
5.757575757575758,2.3737373737373737,-0.0051229447
5.757575757575758,2.4242424242424243,-0.008242338
5.757575757575758,2.474747474747475,-0.0102341985
5.757575757575758,2.525252525252525,-0.013928337
5.757575757575758,2.575757575757576,-0.00409752
5.757575757575758,2.6262626262626263,0.008509801
5.757575757575758,2.676767676767677,0.00888195
5.757575757575758,2.727272727272727,0.0058279517
5.757575757575758,2.7777777777777777,0.007854051
5.757575757575758,2.8282828282828283,0.015136889
5.757575757575758,2.878787878787879,0.012510644
5.757575757575758,2.929292929292929,-0.019372137
5.757575757575758,2.97979797979798,-0.012051048
5.757575757575758,3.0303030303030303,-0.010388711
5.757575757575758,3.080808080808081,-0.0014317058
5.757575757575758,3.131313131313131,0.011298641
5.757575757575758,3.1818181818181817,0.005876324
5.757575757575758,3.2323232323232323,0.00020525068
5.757575757575758,3.282828282828283,0.0012478796
5.757575757575758,3.333333333333333,0.0025508576
5.757575757575758,3.383838383838384,-0.004017896
5.757575757575758,3.4343434343434343,-0.017806396
5.757575757575758,3.484848484848485,-0.00080950616
5.757575757575758,3.5353535353535355,-0.017598689
5.757575757575758,3.5858585858585856,0.008209069
5.757575757575758,3.636363636363636,-0.0015008317
5.757575757575758,3.686868686868687,-0.018686583
5.757575757575758,3.7373737373737375,-0.006503501
5.757575757575758,3.787878787878788,0.006934462
5.757575757575758,3.8383838383838382,-0.011080999
5.757575757575758,3.888888888888889,-0.0014727856
5.757575757575758,3.939393939393939,-0.02246403
5.757575757575758,3.9898989898989896,0.00402766
5.757575757575758,4.040404040404041,0.0010358223
5.757575757575758,4.090909090909091,0.0031250801
5.757575757575758,4.141414141414141,0.0019359846
5.757575757575758,4.191919191919192,-0.0040304437
5.757575757575758,4.242424242424242,0.0072846804
5.757575757575758,4.292929292929293,0.014359182
5.757575757575758,4.343434343434343,-0.014370175
5.757575757575758,4.393939393939394,0.0052392483
5.757575757575758,4.444444444444445,-0.0026981567
5.757575757575758,4.494949494949495,0.0001730922
5.757575757575758,4.545454545454545,0.012778736
5.757575757575758,4.595959595959596,-0.0030529653
5.757575757575758,4.646464646464646,-0.00012963104
5.757575757575758,4.696969696969697,0.013425797
5.757575757575758,4.747474747474747,0.008595607
5.757575757575758,4.797979797979798,0.002440347
5.757575757575758,4.848484848484849,0.019769523
5.757575757575758,4.898989898989899,0.005327519
5.757575757575758,4.94949494949495,-0.008788067
5.757575757575758,5.0,-0.002609003
5.858585858585858,0.0,-0.0012772287
5.858585858585858,0.0505050505050505,-0.0038701093
5.858585858585858,0.101010101010101,-0.001087584
5.858585858585858,0.1515151515151515,0.0071350276
5.858585858585858,0.202020202020202,0.00037005678
5.858585858585858,0.2525252525252525,0.0073676775
5.858585858585858,0.303030303030303,-0.010739685
5.858585858585858,0.3535353535353535,-0.008155962
5.858585858585858,0.404040404040404,0.011982216
5.858585858585858,0.4545454545454545,-0.013769507
5.858585858585858,0.5050505050505051,0.01067083
5.858585858585858,0.5555555555555556,0.0050730063
5.858585858585858,0.6060606060606061,0.0047644423
5.858585858585858,0.6565656565656566,0.009100666
5.858585858585858,0.7070707070707071,-0.015010949
5.858585858585858,0.7575757575757576,-0.0011335239
5.858585858585858,0.8080808080808081,-0.01200142
5.858585858585858,0.8585858585858586,-0.007933986
5.858585858585858,0.9090909090909092,-0.027309762
5.858585858585858,0.9595959595959596,-0.0001474955
5.858585858585858,1.0101010101010102,-0.00040016384
5.858585858585858,1.0606060606060606,-0.0011494864
5.858585858585858,1.1111111111111112,0.01458335
5.858585858585858,1.1616161616161615,0.004836253
5.858585858585858,1.2121212121212122,0.014084579
5.858585858585858,1.2626262626262623,-0.022690859
5.858585858585858,1.3131313131313131,0.0039256006
5.858585858585858,1.3636363636363635,-0.0042664153
5.858585858585858,1.414141414141414,0.0036491603
5.858585858585858,1.4646464646464643,0.0080718165
5.858585858585858,1.5151515151515151,-0.015602378
5.858585858585858,1.5656565656565655,-0.00055706804
5.858585858585858,1.616161616161616,-0.0071252785
5.858585858585858,1.6666666666666667,0.0026294983
5.858585858585858,1.7171717171717171,0.011325268
5.858585858585858,1.7676767676767675,0.008828094
5.858585858585858,1.818181818181818,0.009763681
5.858585858585858,1.8686868686868687,0.0035255447
5.858585858585858,1.9191919191919191,-0.005103265
5.858585858585858,1.9696969696969695,0.00048219867
5.858585858585858,2.0202020202020203,0.007788207
5.858585858585858,2.0707070707070705,-0.0008426624
5.858585858585858,2.121212121212121,0.008460555
5.858585858585858,2.171717171717172,0.011856203
5.858585858585858,2.2222222222222223,-0.004465353
5.858585858585858,2.2727272727272725,0.008045015
5.858585858585858,2.323232323232323,0.008308174
5.858585858585858,2.3737373737373737,-0.004116531
5.858585858585858,2.4242424242424243,-0.0019528378
5.858585858585858,2.474747474747475,0.010318246
5.858585858585858,2.525252525252525,-0.0064199558
5.858585858585858,2.575757575757576,-0.0106876325
5.858585858585858,2.6262626262626263,-0.0003808498
5.858585858585858,2.676767676767677,-0.008322976
5.858585858585858,2.727272727272727,0.008178792
5.858585858585858,2.7777777777777777,0.0014809109
5.858585858585858,2.8282828282828283,0.0036889168
5.858585858585858,2.878787878787879,0.005232675
5.858585858585858,2.929292929292929,-0.01135805
5.858585858585858,2.97979797979798,0.02014529
5.858585858585858,3.0303030303030303,-0.0057783904
5.858585858585858,3.080808080808081,-0.0021875747
5.858585858585858,3.131313131313131,0.0035567041
5.858585858585858,3.1818181818181817,0.007510744
5.858585858585858,3.2323232323232323,0.002171924
5.858585858585858,3.282828282828283,0.0040193945
5.858585858585858,3.333333333333333,0.009250243
5.858585858585858,3.383838383838384,-0.0024931922
5.858585858585858,3.4343434343434343,-0.0034730693
5.858585858585858,3.484848484848485,0.008122217
5.858585858585858,3.5353535353535355,-0.006078834
5.858585858585858,3.5858585858585856,-0.008096639
5.858585858585858,3.636363636363636,0.017024856
5.858585858585858,3.686868686868687,-0.009683796
5.858585858585858,3.7373737373737375,0.010864377
5.858585858585858,3.787878787878788,0.018661013
5.858585858585858,3.8383838383838382,0.014962281
5.858585858585858,3.888888888888889,0.010222263
5.858585858585858,3.939393939393939,0.015485637
5.858585858585858,3.9898989898989896,-0.0008855976
5.858585858585858,4.040404040404041,-0.008878784
5.858585858585858,4.090909090909091,-0.0068354756
5.858585858585858,4.141414141414141,-0.00015076662
5.858585858585858,4.191919191919192,-0.0003038459
5.858585858585858,4.242424242424242,-0.00830688
5.858585858585858,4.292929292929293,-0.017835168
5.858585858585858,4.343434343434343,-0.012392414
5.858585858585858,4.393939393939394,0.009374039
5.858585858585858,4.444444444444445,-0.008320447
5.858585858585858,4.494949494949495,0.009133552
5.858585858585858,4.545454545454545,0.0035530005
5.858585858585858,4.595959595959596,0.015981814
5.858585858585858,4.646464646464646,0.0068484414
5.858585858585858,4.696969696969697,-0.0023809038
5.858585858585858,4.747474747474747,-0.008003812
5.858585858585858,4.797979797979798,0.002297456
5.858585858585858,4.848484848484849,-0.0019079573
5.858585858585858,4.898989898989899,-0.0036482026
5.858585858585858,4.94949494949495,-0.006583435
5.858585858585858,5.0,-0.012190016
5.959595959595959,0.0,-0.0105526
5.959595959595959,0.0505050505050505,-0.009370645
5.959595959595959,0.101010101010101,0.0007260561
5.959595959595959,0.1515151515151515,0.0024500112
5.959595959595959,0.202020202020202,-0.014732903
5.959595959595959,0.2525252525252525,-0.0010355143
5.959595959595959,0.303030303030303,-0.0055645662
5.959595959595959,0.3535353535353535,0.003039887
5.959595959595959,0.404040404040404,0.00903524
5.959595959595959,0.4545454545454545,0.005980544
5.959595959595959,0.5050505050505051,-0.01417605
5.959595959595959,0.5555555555555556,-0.0005600193
5.959595959595959,0.6060606060606061,-0.013687875
5.959595959595959,0.6565656565656566,-0.0055676233
5.959595959595959,0.7070707070707071,-0.0036739062
5.959595959595959,0.7575757575757576,0.01523079
5.959595959595959,0.8080808080808081,0.014708421
5.959595959595959,0.8585858585858586,-0.0043668565
5.959595959595959,0.9090909090909092,-0.011750401
5.959595959595959,0.9595959595959596,0.0024909112
5.959595959595959,1.0101010101010102,-0.004163765
5.959595959595959,1.0606060606060606,-0.009129456
5.959595959595959,1.1111111111111112,-0.0102319755
5.959595959595959,1.1616161616161615,0.0015973883
5.959595959595959,1.2121212121212122,0.015596561
5.959595959595959,1.2626262626262623,0.0020122782
5.959595959595959,1.3131313131313131,0.009135116
5.959595959595959,1.3636363636363635,-0.0075193993
5.959595959595959,1.414141414141414,0.027958857
5.959595959595959,1.4646464646464643,0.00416751
5.959595959595959,1.5151515151515151,3.3115342e-05
5.959595959595959,1.5656565656565655,-0.013985548
5.959595959595959,1.616161616161616,0.01589942
5.959595959595959,1.6666666666666667,-0.00780625
5.959595959595959,1.7171717171717171,-0.007495994
5.959595959595959,1.7676767676767675,0.0028144007
5.959595959595959,1.818181818181818,-0.0012884188
5.959595959595959,1.8686868686868687,0.009388713
5.959595959595959,1.9191919191919191,0.0029199242
5.959595959595959,1.9696969696969695,0.017478626
5.959595959595959,2.0202020202020203,-0.008145643
5.959595959595959,2.0707070707070705,0.009247025
5.959595959595959,2.121212121212121,-0.0155294025
5.959595959595959,2.171717171717172,0.001394316
5.959595959595959,2.2222222222222223,0.010945836
5.959595959595959,2.2727272727272725,0.0103496155
5.959595959595959,2.323232323232323,0.00032508772
5.959595959595959,2.3737373737373737,0.009967503
5.959595959595959,2.4242424242424243,0.006327362
5.959595959595959,2.474747474747475,0.007831454
5.959595959595959,2.525252525252525,0.0050983345
5.959595959595959,2.575757575757576,0.015633011
5.959595959595959,2.6262626262626263,0.016903382
5.959595959595959,2.676767676767677,0.018711999
5.959595959595959,2.727272727272727,0.012940467
5.959595959595959,2.7777777777777777,0.0049941954
5.959595959595959,2.8282828282828283,-0.0053318655
5.959595959595959,2.878787878787879,-0.0026645612
5.959595959595959,2.929292929292929,0.003932536
5.959595959595959,2.97979797979798,0.0045422325
5.959595959595959,3.0303030303030303,0.0044877036
5.959595959595959,3.080808080808081,-0.004347334
5.959595959595959,3.131313131313131,0.018583357
5.959595959595959,3.1818181818181817,0.003582782
5.959595959595959,3.2323232323232323,0.0018450203
5.959595959595959,3.282828282828283,0.014721879
5.959595959595959,3.333333333333333,0.009056951
5.959595959595959,3.383838383838384,-0.020051839
5.959595959595959,3.4343434343434343,0.018527616
5.959595959595959,3.484848484848485,-0.01680544
5.959595959595959,3.5353535353535355,0.0065986696
5.959595959595959,3.5858585858585856,-0.005326192
5.959595959595959,3.636363636363636,0.005515633
5.959595959595959,3.686868686868687,0.016462425
5.959595959595959,3.7373737373737375,0.002259529
5.959595959595959,3.787878787878788,0.002735761
5.959595959595959,3.8383838383838382,-0.009556253
5.959595959595959,3.888888888888889,0.0043514175
5.959595959595959,3.939393939393939,-0.01100557
5.959595959595959,3.9898989898989896,0.009130839
5.959595959595959,4.040404040404041,-0.0045959726
5.959595959595959,4.090909090909091,0.021901278
5.959595959595959,4.141414141414141,-0.0068237726
5.959595959595959,4.191919191919192,-0.0022877585
5.959595959595959,4.242424242424242,-0.00087368046
5.959595959595959,4.292929292929293,-0.011191902
5.959595959595959,4.343434343434343,-0.0041402536
5.959595959595959,4.393939393939394,0.0029336766
5.959595959595959,4.444444444444445,-0.00016588633
5.959595959595959,4.494949494949495,0.004729222
5.959595959595959,4.545454545454545,0.010479242
5.959595959595959,4.595959595959596,0.0032106151
5.959595959595959,4.646464646464646,0.011622795
5.959595959595959,4.696969696969697,0.0151987765
5.959595959595959,4.747474747474747,0.011345212
5.959595959595959,4.797979797979798,0.00013782662
5.959595959595959,4.848484848484849,0.015933806
5.959595959595959,4.898989898989899,0.0011106725
5.959595959595959,4.94949494949495,0.0059330533
5.959595959595959,5.0,2.341952e-05
6.0606060606060606,0.0,-0.0046283742
6.0606060606060606,0.0505050505050505,0.0014976015
6.0606060606060606,0.101010101010101,0.0069017755
6.0606060606060606,0.1515151515151515,-0.00382196
6.0606060606060606,0.202020202020202,0.004878944
6.0606060606060606,0.2525252525252525,0.00045184104
6.0606060606060606,0.303030303030303,0.019969353
6.0606060606060606,0.3535353535353535,-0.0069552534
6.0606060606060606,0.404040404040404,0.0051206565
6.0606060606060606,0.4545454545454545,-0.009795308
6.0606060606060606,0.5050505050505051,0.023521712
6.0606060606060606,0.5555555555555556,0.0041813287
6.0606060606060606,0.6060606060606061,-0.001308819
6.0606060606060606,0.6565656565656566,-0.004394487
6.0606060606060606,0.7070707070707071,0.016976181
6.0606060606060606,0.7575757575757576,0.008135418
6.0606060606060606,0.8080808080808081,-0.012320801
6.0606060606060606,0.8585858585858586,0.0151004745
6.0606060606060606,0.9090909090909092,-0.004955301
6.0606060606060606,0.9595959595959596,-0.014515956
6.0606060606060606,1.0101010101010102,0.011304244
6.0606060606060606,1.0606060606060606,-0.0023605898
6.0606060606060606,1.1111111111111112,-0.014099089
6.0606060606060606,1.1616161616161615,0.0003396772
6.0606060606060606,1.2121212121212122,-0.0027385643
6.0606060606060606,1.2626262626262623,0.0005206913
6.0606060606060606,1.3131313131313131,0.00619498
6.0606060606060606,1.3636363636363635,0.012993793
6.0606060606060606,1.414141414141414,0.0037411053
6.0606060606060606,1.4646464646464643,0.0029060808
6.0606060606060606,1.5151515151515151,-0.0014929575
6.0606060606060606,1.5656565656565655,0.0016823827
6.0606060606060606,1.616161616161616,0.0073707863
6.0606060606060606,1.6666666666666667,-0.016902126
6.0606060606060606,1.7171717171717171,0.0030514323
6.0606060606060606,1.7676767676767675,-0.00090921315
6.0606060606060606,1.818181818181818,-0.011586445
6.0606060606060606,1.8686868686868687,-0.0074815396
6.0606060606060606,1.9191919191919191,0.01112181
6.0606060606060606,1.9696969696969695,-0.004421563
6.0606060606060606,2.0202020202020203,0.010719655
6.0606060606060606,2.0707070707070705,0.0017691805
6.0606060606060606,2.121212121212121,-0.012427209
6.0606060606060606,2.171717171717172,0.001012896
6.0606060606060606,2.2222222222222223,0.0019372011
6.0606060606060606,2.2727272727272725,0.00240584
6.0606060606060606,2.323232323232323,0.009057638
6.0606060606060606,2.3737373737373737,0.0011222076
6.0606060606060606,2.4242424242424243,0.0092754485
6.0606060606060606,2.474747474747475,0.0018717255
6.0606060606060606,2.525252525252525,0.01054999
6.0606060606060606,2.575757575757576,-0.00046484018
6.0606060606060606,2.6262626262626263,0.016230203
6.0606060606060606,2.676767676767677,0.0093459105
6.0606060606060606,2.727272727272727,0.006804554
6.0606060606060606,2.7777777777777777,0.022367258
6.0606060606060606,2.8282828282828283,-0.0068588858
6.0606060606060606,2.878787878787879,-0.0130887795
6.0606060606060606,2.929292929292929,-0.012083671
6.0606060606060606,2.97979797979798,-0.014461109
6.0606060606060606,3.0303030303030303,-0.0061927508
6.0606060606060606,3.080808080808081,-0.0040478716
6.0606060606060606,3.131313131313131,0.0045292866
6.0606060606060606,3.1818181818181817,0.0040945965
6.0606060606060606,3.2323232323232323,-0.0060874172
6.0606060606060606,3.282828282828283,0.00983269
6.0606060606060606,3.333333333333333,0.024280798
6.0606060606060606,3.383838383838384,0.011440295
6.0606060606060606,3.4343434343434343,-0.001011459
6.0606060606060606,3.484848484848485,0.0009917446
6.0606060606060606,3.5353535353535355,0.003814586
6.0606060606060606,3.5858585858585856,0.016723262
6.0606060606060606,3.636363636363636,-0.004240948
6.0606060606060606,3.686868686868687,0.018199645
6.0606060606060606,3.7373737373737375,-0.0039397287
6.0606060606060606,3.787878787878788,-0.004608777
6.0606060606060606,3.8383838383838382,0.0051866216
6.0606060606060606,3.888888888888889,0.007784189
6.0606060606060606,3.939393939393939,-0.01590897
6.0606060606060606,3.9898989898989896,0.019877948
6.0606060606060606,4.040404040404041,0.017945915
6.0606060606060606,4.090909090909091,-0.00842764
6.0606060606060606,4.141414141414141,-0.007761236
6.0606060606060606,4.191919191919192,0.0070652026
6.0606060606060606,4.242424242424242,0.00020995743
6.0606060606060606,4.292929292929293,-0.0071481112
6.0606060606060606,4.343434343434343,-0.0021817894
6.0606060606060606,4.393939393939394,0.006545652
6.0606060606060606,4.444444444444445,-0.0132888965
6.0606060606060606,4.494949494949495,-0.0055524074
6.0606060606060606,4.545454545454545,0.0086999405
6.0606060606060606,4.595959595959596,0.0017624176
6.0606060606060606,4.646464646464646,0.0010479935
6.0606060606060606,4.696969696969697,0.011782784
6.0606060606060606,4.747474747474747,-0.00853928
6.0606060606060606,4.797979797979798,0.0018701296
6.0606060606060606,4.848484848484849,-0.00059362635
6.0606060606060606,4.898989898989899,-0.024078524
6.0606060606060606,4.94949494949495,-0.012304182
6.0606060606060606,5.0,-0.00026510443
6.161616161616162,0.0,0.008861871
6.161616161616162,0.0505050505050505,-0.007287083
6.161616161616162,0.101010101010101,0.013803193
6.161616161616162,0.1515151515151515,0.0066841887
6.161616161616162,0.202020202020202,-0.017624091
6.161616161616162,0.2525252525252525,0.0062920735
6.161616161616162,0.303030303030303,-0.007828742
6.161616161616162,0.3535353535353535,-0.0008022477
6.161616161616162,0.404040404040404,0.0093838
6.161616161616162,0.4545454545454545,-0.0042102854
6.161616161616162,0.5050505050505051,-0.0049148616
6.161616161616162,0.5555555555555556,-0.009306524
6.161616161616162,0.6060606060606061,0.009656304
6.161616161616162,0.6565656565656566,0.004625106
6.161616161616162,0.7070707070707071,-0.014208135
6.161616161616162,0.7575757575757576,0.0025074387
6.161616161616162,0.8080808080808081,-0.005702037
6.161616161616162,0.8585858585858586,-0.0005394743
6.161616161616162,0.9090909090909092,-0.007306843
6.161616161616162,0.9595959595959596,-0.010346638
6.161616161616162,1.0101010101010102,0.0076314267
6.161616161616162,1.0606060606060606,0.009210829
6.161616161616162,1.1111111111111112,-0.0065932143
6.161616161616162,1.1616161616161615,0.0024809309
6.161616161616162,1.2121212121212122,0.0073116603
6.161616161616162,1.2626262626262623,0.023288935
6.161616161616162,1.3131313131313131,-0.0106203025
6.161616161616162,1.3636363636363635,-0.005385692
6.161616161616162,1.414141414141414,0.00024973575
6.161616161616162,1.4646464646464643,-0.004300207
6.161616161616162,1.5151515151515151,0.010171878
6.161616161616162,1.5656565656565655,-0.0054850304
6.161616161616162,1.616161616161616,0.016083859
6.161616161616162,1.6666666666666667,0.005863269
6.161616161616162,1.7171717171717171,0.0015758942
6.161616161616162,1.7676767676767675,-0.009828112
6.161616161616162,1.818181818181818,0.0018478159
6.161616161616162,1.8686868686868687,0.01415096
6.161616161616162,1.9191919191919191,0.0042305184
6.161616161616162,1.9696969696969695,0.005434484
6.161616161616162,2.0202020202020203,-0.012116377
6.161616161616162,2.0707070707070705,0.001757367
6.161616161616162,2.121212121212121,0.0025499454
6.161616161616162,2.171717171717172,0.008070029
6.161616161616162,2.2222222222222223,-0.0030779515
6.161616161616162,2.2727272727272725,0.013164128
6.161616161616162,2.323232323232323,0.007719242
6.161616161616162,2.3737373737373737,0.020046799
6.161616161616162,2.4242424242424243,-0.00051542633
6.161616161616162,2.474747474747475,-0.0009019287
6.161616161616162,2.525252525252525,0.009585401
6.161616161616162,2.575757575757576,-0.012275645
6.161616161616162,2.6262626262626263,0.003543228
6.161616161616162,2.676767676767677,-0.0026049688
6.161616161616162,2.727272727272727,0.0065415683
6.161616161616162,2.7777777777777777,-0.004389052
6.161616161616162,2.8282828282828283,-0.0005930287
6.161616161616162,2.878787878787879,-0.012026061
6.161616161616162,2.929292929292929,-0.012769453
6.161616161616162,2.97979797979798,-0.003968346
6.161616161616162,3.0303030303030303,-0.012673337
6.161616161616162,3.080808080808081,-0.0069021955
6.161616161616162,3.131313131313131,0.0023923388
6.161616161616162,3.1818181818181817,0.014039401
6.161616161616162,3.2323232323232323,-0.020282846
6.161616161616162,3.282828282828283,-0.010275602
6.161616161616162,3.333333333333333,0.009761412
6.161616161616162,3.383838383838384,-0.0006743654
6.161616161616162,3.4343434343434343,0.0006586836
6.161616161616162,3.484848484848485,-0.0073528234
6.161616161616162,3.5353535353535355,0.0019450226
6.161616161616162,3.5858585858585856,-0.0071345787
6.161616161616162,3.636363636363636,0.0016818134
6.161616161616162,3.686868686868687,-0.011888638
6.161616161616162,3.7373737373737375,-0.0037875134
6.161616161616162,3.787878787878788,-0.0032115383
6.161616161616162,3.8383838383838382,0.0041276165
6.161616161616162,3.888888888888889,0.0033903916
6.161616161616162,3.939393939393939,0.017734716
6.161616161616162,3.9898989898989896,0.016556699
6.161616161616162,4.040404040404041,-0.00080703624
6.161616161616162,4.090909090909091,-0.0030311558
6.161616161616162,4.141414141414141,0.0032405525
6.161616161616162,4.191919191919192,0.010401466
6.161616161616162,4.242424242424242,0.0059155766
6.161616161616162,4.292929292929293,-0.014803827
6.161616161616162,4.343434343434343,-0.0012040789
6.161616161616162,4.393939393939394,0.0016437974
6.161616161616162,4.444444444444445,0.007806977
6.161616161616162,4.494949494949495,0.0122826435
6.161616161616162,4.545454545454545,0.004453699
6.161616161616162,4.595959595959596,-0.0030239162
6.161616161616162,4.646464646464646,-0.0011587464
6.161616161616162,4.696969696969697,0.004510751
6.161616161616162,4.747474747474747,-0.0036009478
6.161616161616162,4.797979797979798,-0.010252388
6.161616161616162,4.848484848484849,0.0037429945
6.161616161616162,4.898989898989899,-0.0037914922
6.161616161616162,4.94949494949495,0.02650177
6.161616161616162,5.0,-0.016031533
6.262626262626262,0.0,-0.0047765374
6.262626262626262,0.0505050505050505,-0.005845633
6.262626262626262,0.101010101010101,-0.0021724168
6.262626262626262,0.1515151515151515,-0.005731972
6.262626262626262,0.202020202020202,0.0037175966
6.262626262626262,0.2525252525252525,-0.0046105594
6.262626262626262,0.303030303030303,0.021747762
6.262626262626262,0.3535353535353535,0.00021914367
6.262626262626262,0.404040404040404,0.005857738
6.262626262626262,0.4545454545454545,-0.0034419906
6.262626262626262,0.5050505050505051,0.006814432
6.262626262626262,0.5555555555555556,0.0077246036
6.262626262626262,0.6060606060606061,7.647526e-05
6.262626262626262,0.6565656565656566,-0.0025153984
6.262626262626262,0.7070707070707071,0.008438933
6.262626262626262,0.7575757575757576,-0.0026213867
6.262626262626262,0.8080808080808081,-0.0042434097
6.262626262626262,0.8585858585858586,-0.0060805255
6.262626262626262,0.9090909090909092,0.00011438354
6.262626262626262,0.9595959595959596,1.1970907e-05
6.262626262626262,1.0101010101010102,0.006729354
6.262626262626262,1.0606060606060606,-0.0067121736
6.262626262626262,1.1111111111111112,-0.0022999863
6.262626262626262,1.1616161616161615,0.0013960936
6.262626262626262,1.2121212121212122,0.013544011
6.262626262626262,1.2626262626262623,-0.004232841
6.262626262626262,1.3131313131313131,-0.009974878
6.262626262626262,1.3636363636363635,-0.009902269
6.262626262626262,1.414141414141414,-0.0014069983
6.262626262626262,1.4646464646464643,0.008166614
6.262626262626262,1.5151515151515151,0.010789191
6.262626262626262,1.5656565656565655,0.017252998
6.262626262626262,1.616161616161616,0.011660224
6.262626262626262,1.6666666666666667,0.0058683753
6.262626262626262,1.7171717171717171,-0.0011877617
6.262626262626262,1.7676767676767675,-0.0034278496
6.262626262626262,1.818181818181818,-0.0008240478
6.262626262626262,1.8686868686868687,0.008542949
6.262626262626262,1.9191919191919191,-0.00914926
6.262626262626262,1.9696969696969695,0.0053883344
6.262626262626262,2.0202020202020203,-0.00779645
6.262626262626262,2.0707070707070705,0.0115239415
6.262626262626262,2.121212121212121,-0.004312493
6.262626262626262,2.171717171717172,0.004804547
6.262626262626262,2.2222222222222223,-3.7577633e-05
6.262626262626262,2.2727272727272725,-0.002372276
6.262626262626262,2.323232323232323,0.0017538816
6.262626262626262,2.3737373737373737,-0.0034166633
6.262626262626262,2.4242424242424243,-0.004271427
6.262626262626262,2.474747474747475,0.0119912205
6.262626262626262,2.525252525252525,0.008689031
6.262626262626262,2.575757575757576,-0.0060736407
6.262626262626262,2.6262626262626263,0.0011616496
6.262626262626262,2.676767676767677,0.019142365
6.262626262626262,2.727272727272727,-0.011450425
6.262626262626262,2.7777777777777777,0.016090592
6.262626262626262,2.8282828282828283,0.00197424
6.262626262626262,2.878787878787879,-0.0076038674
6.262626262626262,2.929292929292929,-0.0069387415
6.262626262626262,2.97979797979798,-0.0108084725
6.262626262626262,3.0303030303030303,-0.0006485684
6.262626262626262,3.080808080808081,-0.00010432514
6.262626262626262,3.131313131313131,0.012084461
6.262626262626262,3.1818181818181817,-0.0090104565
6.262626262626262,3.2323232323232323,-0.0130528305
6.262626262626262,3.282828282828283,-0.0012543383
6.262626262626262,3.333333333333333,0.012808754
6.262626262626262,3.383838383838384,0.006577393
6.262626262626262,3.4343434343434343,0.0046201996
6.262626262626262,3.484848484848485,-0.0050724605
6.262626262626262,3.5353535353535355,-0.009180205
6.262626262626262,3.5858585858585856,0.0008844913
6.262626262626262,3.636363636363636,0.0062516783
6.262626262626262,3.686868686868687,-0.01836693
6.262626262626262,3.7373737373737375,-0.0045854896
6.262626262626262,3.787878787878788,0.0049610287
6.262626262626262,3.8383838383838382,-0.008524967
6.262626262626262,3.888888888888889,-0.0019241305
6.262626262626262,3.939393939393939,0.0047062207
6.262626262626262,3.9898989898989896,-0.0070752935
6.262626262626262,4.040404040404041,0.00019300527
6.262626262626262,4.090909090909091,0.0074211517
6.262626262626262,4.141414141414141,-0.021299925
6.262626262626262,4.191919191919192,-0.018519653
6.262626262626262,4.242424242424242,-0.00789727
6.262626262626262,4.292929292929293,-0.013833003
6.262626262626262,4.343434343434343,-0.011265942
6.262626262626262,4.393939393939394,0.004917159
6.262626262626262,4.444444444444445,-0.016880963
6.262626262626262,4.494949494949495,-0.010566512
6.262626262626262,4.545454545454545,-0.0033759868
6.262626262626262,4.595959595959596,-0.002788163
6.262626262626262,4.646464646464646,-0.0037837583
6.262626262626262,4.696969696969697,-0.002296314
6.262626262626262,4.747474747474747,-0.011831741
6.262626262626262,4.797979797979798,-0.010347879
6.262626262626262,4.848484848484849,-0.0080837775
6.262626262626262,4.898989898989899,-0.004777122
6.262626262626262,4.94949494949495,0.008160691
6.262626262626262,5.0,0.008076882
6.363636363636363,0.0,0.0056985198
6.363636363636363,0.0505050505050505,-0.004374706
6.363636363636363,0.101010101010101,-0.0071185497
6.363636363636363,0.1515151515151515,0.023389965
6.363636363636363,0.202020202020202,-0.005139697
6.363636363636363,0.2525252525252525,-0.0031407124
6.363636363636363,0.303030303030303,-0.00843063
6.363636363636363,0.3535353535353535,-0.012868315
6.363636363636363,0.404040404040404,0.005520419
6.363636363636363,0.4545454545454545,0.02584942
6.363636363636363,0.5050505050505051,0.004215601
6.363636363636363,0.5555555555555556,0.025588874
6.363636363636363,0.6060606060606061,-0.0124832075
6.363636363636363,0.6565656565656566,-0.009826494
6.363636363636363,0.7070707070707071,0.007373914
6.363636363636363,0.7575757575757576,0.0148312915
6.363636363636363,0.8080808080808081,0.00620392
6.363636363636363,0.8585858585858586,0.0033499792
6.363636363636363,0.9090909090909092,-0.005796454
6.363636363636363,0.9595959595959596,-0.0024162966
6.363636363636363,1.0101010101010102,-0.010534428
6.363636363636363,1.0606060606060606,0.00270736
6.363636363636363,1.1111111111111112,-0.0025277643
6.363636363636363,1.1616161616161615,0.00016658902
6.363636363636363,1.2121212121212122,-0.0020141506
6.363636363636363,1.2626262626262623,0.00050298707
6.363636363636363,1.3131313131313131,0.014853852
6.363636363636363,1.3636363636363635,0.008810616
6.363636363636363,1.414141414141414,0.009759232
6.363636363636363,1.4646464646464643,0.008079181
6.363636363636363,1.5151515151515151,-0.01348467
6.363636363636363,1.5656565656565655,0.011456364
6.363636363636363,1.616161616161616,0.0031596988
6.363636363636363,1.6666666666666667,-0.004552096
6.363636363636363,1.7171717171717171,-0.0018135374
6.363636363636363,1.7676767676767675,-0.003125359
6.363636363636363,1.818181818181818,0.00744454
6.363636363636363,1.8686868686868687,-0.0076139765
6.363636363636363,1.9191919191919191,0.017994298
6.363636363636363,1.9696969696969695,0.006710255
6.363636363636363,2.0202020202020203,0.015392361
6.363636363636363,2.0707070707070705,-0.00846239
6.363636363636363,2.121212121212121,-0.013742686
6.363636363636363,2.171717171717172,-0.0029935308
6.363636363636363,2.2222222222222223,-0.013537677
6.363636363636363,2.2727272727272725,-0.009374998
6.363636363636363,2.323232323232323,0.009662411
6.363636363636363,2.3737373737373737,0.022905983
6.363636363636363,2.4242424242424243,0.0045703147
6.363636363636363,2.474747474747475,0.011689052
6.363636363636363,2.525252525252525,-0.0022257986
6.363636363636363,2.575757575757576,0.0122935455
6.363636363636363,2.6262626262626263,-0.0003687758
6.363636363636363,2.676767676767677,-0.0017743667
6.363636363636363,2.727272727272727,0.015478016
6.363636363636363,2.7777777777777777,0.010848924
6.363636363636363,2.8282828282828283,-0.0038529423
6.363636363636363,2.878787878787879,-0.005037281
6.363636363636363,2.929292929292929,0.00999107
6.363636363636363,2.97979797979798,-0.0071593123
6.363636363636363,3.0303030303030303,0.0028394056
6.363636363636363,3.080808080808081,0.005939877
6.363636363636363,3.131313131313131,0.0031532948
6.363636363636363,3.1818181818181817,0.0027048055
6.363636363636363,3.2323232323232323,0.009632524
6.363636363636363,3.282828282828283,-0.012189303
6.363636363636363,3.333333333333333,-0.0006929556
6.363636363636363,3.383838383838384,0.0006102294
6.363636363636363,3.4343434343434343,0.014769863
6.363636363636363,3.484848484848485,-0.011677722
6.363636363636363,3.5353535353535355,0.0043188925
6.363636363636363,3.5858585858585856,0.0075820982
6.363636363636363,3.636363636363636,0.0026907674
6.363636363636363,3.686868686868687,-0.0016138136
6.363636363636363,3.7373737373737375,0.011750508
6.363636363636363,3.787878787878788,0.0053512203
6.363636363636363,3.8383838383838382,0.012255087
6.363636363636363,3.888888888888889,0.009085783
6.363636363636363,3.939393939393939,0.0016776901
6.363636363636363,3.9898989898989896,-9.964917e-05
6.363636363636363,4.040404040404041,-0.009104782
6.363636363636363,4.090909090909091,0.0039743506
6.363636363636363,4.141414141414141,-0.0055436254
6.363636363636363,4.191919191919192,0.012815341
6.363636363636363,4.242424242424242,0.020180147
6.363636363636363,4.292929292929293,-0.0044383807
6.363636363636363,4.343434343434343,-0.0075520817
6.363636363636363,4.393939393939394,-0.017850168
6.363636363636363,4.444444444444445,-0.0007548937
6.363636363636363,4.494949494949495,-0.0052073584
6.363636363636363,4.545454545454545,-0.010483491
6.363636363636363,4.595959595959596,0.0084242085
6.363636363636363,4.646464646464646,-0.009976255
6.363636363636363,4.696969696969697,0.00733574
6.363636363636363,4.747474747474747,0.012276336
6.363636363636363,4.797979797979798,-0.00757779
6.363636363636363,4.848484848484849,0.016228734
6.363636363636363,4.898989898989899,0.012923408
6.363636363636363,4.94949494949495,-0.0026265471
6.363636363636363,5.0,-0.008315041
6.4646464646464645,0.0,-0.004278397
6.4646464646464645,0.0505050505050505,-0.005277609
6.4646464646464645,0.101010101010101,-0.017987365
6.4646464646464645,0.1515151515151515,-0.0007677789
6.4646464646464645,0.202020202020202,0.007816196
6.4646464646464645,0.2525252525252525,0.0013910506
6.4646464646464645,0.303030303030303,-0.017339554
6.4646464646464645,0.3535353535353535,0.0073913834
6.4646464646464645,0.404040404040404,0.014115385
6.4646464646464645,0.4545454545454545,0.0038143934
6.4646464646464645,0.5050505050505051,-0.000513726
6.4646464646464645,0.5555555555555556,0.008679218
6.4646464646464645,0.6060606060606061,-0.011712745
6.4646464646464645,0.6565656565656566,0.012199718
6.4646464646464645,0.7070707070707071,-0.00940491
6.4646464646464645,0.7575757575757576,0.006608859
6.4646464646464645,0.8080808080808081,0.008220355
6.4646464646464645,0.8585858585858586,0.0038992001
6.4646464646464645,0.9090909090909092,-0.004917003
6.4646464646464645,0.9595959595959596,-0.016896961
6.4646464646464645,1.0101010101010102,0.00056276936
6.4646464646464645,1.0606060606060606,-0.0024051315
6.4646464646464645,1.1111111111111112,0.0091600735
6.4646464646464645,1.1616161616161615,0.00734839
6.4646464646464645,1.2121212121212122,-0.006902631
6.4646464646464645,1.2626262626262623,-0.0091869235
6.4646464646464645,1.3131313131313131,-0.0068665487
6.4646464646464645,1.3636363636363635,-0.0010339433
6.4646464646464645,1.414141414141414,-0.0032694968
6.4646464646464645,1.4646464646464643,0.0124501325
6.4646464646464645,1.5151515151515151,0.006069359
6.4646464646464645,1.5656565656565655,-0.00093769847
6.4646464646464645,1.616161616161616,0.0038322562
6.4646464646464645,1.6666666666666667,0.013406338
6.4646464646464645,1.7171717171717171,-0.004318507
6.4646464646464645,1.7676767676767675,-0.018973447
6.4646464646464645,1.818181818181818,-0.026522502
6.4646464646464645,1.8686868686868687,-0.004328237
6.4646464646464645,1.9191919191919191,0.0093218405
6.4646464646464645,1.9696969696969695,0.0043491526
6.4646464646464645,2.0202020202020203,-0.007768413
6.4646464646464645,2.0707070707070705,-0.0019172848
6.4646464646464645,2.121212121212121,0.011136181
6.4646464646464645,2.171717171717172,-0.012145069
6.4646464646464645,2.2222222222222223,0.02196666
6.4646464646464645,2.2727272727272725,0.0041227126
6.4646464646464645,2.323232323232323,-0.007043505
6.4646464646464645,2.3737373737373737,0.0009847358
6.4646464646464645,2.4242424242424243,0.010420149
6.4646464646464645,2.474747474747475,0.011547408
6.4646464646464645,2.525252525252525,0.0031027356
6.4646464646464645,2.575757575757576,-0.0061429874
6.4646464646464645,2.6262626262626263,0.016676063
6.4646464646464645,2.676767676767677,0.00014784318
6.4646464646464645,2.727272727272727,-0.013251757
6.4646464646464645,2.7777777777777777,-0.008346104
6.4646464646464645,2.8282828282828283,-0.0020934937
6.4646464646464645,2.878787878787879,0.002113834
6.4646464646464645,2.929292929292929,-0.0015933675
6.4646464646464645,2.97979797979798,0.0143813845
6.4646464646464645,3.0303030303030303,-0.008965448
6.4646464646464645,3.080808080808081,0.004655975
6.4646464646464645,3.131313131313131,-0.007802034
6.4646464646464645,3.1818181818181817,-0.007512221
6.4646464646464645,3.2323232323232323,0.0049976595
6.4646464646464645,3.282828282828283,0.009063552
6.4646464646464645,3.333333333333333,-0.0027331011
6.4646464646464645,3.383838383838384,-0.00844499
6.4646464646464645,3.4343434343434343,0.0006740748
6.4646464646464645,3.484848484848485,-0.011771125
6.4646464646464645,3.5353535353535355,-0.023193058
6.4646464646464645,3.5858585858585856,0.0108815385
6.4646464646464645,3.636363636363636,0.017532049
6.4646464646464645,3.686868686868687,-0.013526657
6.4646464646464645,3.7373737373737375,-0.017170949
6.4646464646464645,3.787878787878788,0.0053948206
6.4646464646464645,3.8383838383838382,-0.00464772
6.4646464646464645,3.888888888888889,0.0015511354
6.4646464646464645,3.939393939393939,-0.009331848
6.4646464646464645,3.9898989898989896,0.020511553
6.4646464646464645,4.040404040404041,-4.049783e-05
6.4646464646464645,4.090909090909091,0.026462395
6.4646464646464645,4.141414141414141,0.017450223
6.4646464646464645,4.191919191919192,0.0028887435
6.4646464646464645,4.242424242424242,0.011111222
6.4646464646464645,4.292929292929293,0.011171294
6.4646464646464645,4.343434343434343,-0.007966887
6.4646464646464645,4.393939393939394,0.010229419
6.4646464646464645,4.444444444444445,-0.01074247
6.4646464646464645,4.494949494949495,-0.014498996
6.4646464646464645,4.545454545454545,-0.00523186
6.4646464646464645,4.595959595959596,0.0034382413
6.4646464646464645,4.646464646464646,0.0020375613
6.4646464646464645,4.696969696969697,-0.014713748
6.4646464646464645,4.747474747474747,0.0019777953
6.4646464646464645,4.797979797979798,-0.0032228138
6.4646464646464645,4.848484848484849,0.018926006
6.4646464646464645,4.898989898989899,0.0069036493
6.4646464646464645,4.94949494949495,0.014352598
6.4646464646464645,5.0,0.010864993
6.565656565656566,0.0,-0.0039893733
6.565656565656566,0.0505050505050505,-0.020487279
6.565656565656566,0.101010101010101,-0.0113730235
6.565656565656566,0.1515151515151515,0.009046338
6.565656565656566,0.202020202020202,0.005279921
6.565656565656566,0.2525252525252525,-0.00500513
6.565656565656566,0.303030303030303,0.00037883705
6.565656565656566,0.3535353535353535,-0.010129538
6.565656565656566,0.404040404040404,0.007843694
6.565656565656566,0.4545454545454545,0.013280545
6.565656565656566,0.5050505050505051,-0.005138817
6.565656565656566,0.5555555555555556,-0.0004832517
6.565656565656566,0.6060606060606061,-0.002073307
6.565656565656566,0.6565656565656566,0.004187785
6.565656565656566,0.7070707070707071,0.017955039
6.565656565656566,0.7575757575757576,-0.006994057
6.565656565656566,0.8080808080808081,-0.004367755
6.565656565656566,0.8585858585858586,0.0034429505
6.565656565656566,0.9090909090909092,-0.0053151674
6.565656565656566,0.9595959595959596,-0.017878963
6.565656565656566,1.0101010101010102,0.0057596215
6.565656565656566,1.0606060606060606,-0.0037107212
6.565656565656566,1.1111111111111112,-0.0002148612
6.565656565656566,1.1616161616161615,-0.003246121
6.565656565656566,1.2121212121212122,0.0075419955
6.565656565656566,1.2626262626262623,-0.017302362
6.565656565656566,1.3131313131313131,-0.0064047757
6.565656565656566,1.3636363636363635,-0.000243829
6.565656565656566,1.414141414141414,0.017320348
6.565656565656566,1.4646464646464643,0.0039241984
6.565656565656566,1.5151515151515151,-0.0037047884
6.565656565656566,1.5656565656565655,0.008811249
6.565656565656566,1.616161616161616,0.005373917
6.565656565656566,1.6666666666666667,-0.004842455
6.565656565656566,1.7171717171717171,-0.011632671
6.565656565656566,1.7676767676767675,0.0032757416
6.565656565656566,1.818181818181818,-0.016853573
6.565656565656566,1.8686868686868687,-0.010582253
6.565656565656566,1.9191919191919191,0.014543863
6.565656565656566,1.9696969696969695,-0.0029755437
6.565656565656566,2.0202020202020203,-0.00874104
6.565656565656566,2.0707070707070705,-0.01033205
6.565656565656566,2.121212121212121,-0.004152295
6.565656565656566,2.171717171717172,0.015585501
6.565656565656566,2.2222222222222223,0.0052101803
6.565656565656566,2.2727272727272725,0.010364449
6.565656565656566,2.323232323232323,0.002102499
6.565656565656566,2.3737373737373737,-0.01150296
6.565656565656566,2.4242424242424243,-0.0025832024
6.565656565656566,2.474747474747475,0.0028144037
6.565656565656566,2.525252525252525,-0.0051592565
6.565656565656566,2.575757575757576,0.01522001
6.565656565656566,2.6262626262626263,-0.0042281887
6.565656565656566,2.676767676767677,0.005675636
6.565656565656566,2.727272727272727,0.004795119
6.565656565656566,2.7777777777777777,-0.009628923
6.565656565656566,2.8282828282828283,0.001665197
6.565656565656566,2.878787878787879,0.0017922191
6.565656565656566,2.929292929292929,-0.00614938
6.565656565656566,2.97979797979798,0.0088485535
6.565656565656566,3.0303030303030303,-0.008721304
6.565656565656566,3.080808080808081,-0.013769567
6.565656565656566,3.131313131313131,-0.018487751
6.565656565656566,3.1818181818181817,0.0030561648
6.565656565656566,3.2323232323232323,-0.0042448724
6.565656565656566,3.282828282828283,0.006269863
6.565656565656566,3.333333333333333,-0.0064385426
6.565656565656566,3.383838383838384,0.030598577
6.565656565656566,3.4343434343434343,0.008688741
6.565656565656566,3.484848484848485,0.007331935
6.565656565656566,3.5353535353535355,0.017552188
6.565656565656566,3.5858585858585856,-0.002425061
6.565656565656566,3.636363636363636,0.019880742
6.565656565656566,3.686868686868687,-0.011370365
6.565656565656566,3.7373737373737375,-0.022499586
6.565656565656566,3.787878787878788,-0.0058106957
6.565656565656566,3.8383838383838382,-0.0074903914
6.565656565656566,3.888888888888889,-0.021543678
6.565656565656566,3.939393939393939,-0.0015692854
6.565656565656566,3.9898989898989896,0.00097311154
6.565656565656566,4.040404040404041,0.0025386827
6.565656565656566,4.090909090909091,0.015049229
6.565656565656566,4.141414141414141,0.01313053
6.565656565656566,4.191919191919192,-0.007395356
6.565656565656566,4.242424242424242,-0.018136479
6.565656565656566,4.292929292929293,-0.002881676
6.565656565656566,4.343434343434343,-0.004023031
6.565656565656566,4.393939393939394,0.0072874823
6.565656565656566,4.444444444444445,-0.0049943477
6.565656565656566,4.494949494949495,0.007028453
6.565656565656566,4.545454545454545,0.0034216
6.565656565656566,4.595959595959596,-0.013413481
6.565656565656566,4.646464646464646,0.02590573
6.565656565656566,4.696969696969697,-0.0014419972
6.565656565656566,4.747474747474747,-0.004769419
6.565656565656566,4.797979797979798,-0.0022890337
6.565656565656566,4.848484848484849,0.003704476
6.565656565656566,4.898989898989899,0.010242673
6.565656565656566,4.94949494949495,0.0035092905
6.565656565656566,5.0,-0.0011602573
6.666666666666667,0.0,-0.005128945
6.666666666666667,0.0505050505050505,0.008613727
6.666666666666667,0.101010101010101,0.026177509
6.666666666666667,0.1515151515151515,0.008522546
6.666666666666667,0.202020202020202,0.003442921
6.666666666666667,0.2525252525252525,-0.0021941427
6.666666666666667,0.303030303030303,0.016952101
6.666666666666667,0.3535353535353535,0.007312605
6.666666666666667,0.404040404040404,-0.007095723
6.666666666666667,0.4545454545454545,0.0151057085
6.666666666666667,0.5050505050505051,0.00914308
6.666666666666667,0.5555555555555556,-0.012950124
6.666666666666667,0.6060606060606061,0.009506115
6.666666666666667,0.6565656565656566,-0.013415539
6.666666666666667,0.7070707070707071,0.009584245
6.666666666666667,0.7575757575757576,-0.018344153
6.666666666666667,0.8080808080808081,-0.0059452844
6.666666666666667,0.8585858585858586,-0.01670995
6.666666666666667,0.9090909090909092,-0.013442386
6.666666666666667,0.9595959595959596,-0.0079219015
6.666666666666667,1.0101010101010102,0.0012534657
6.666666666666667,1.0606060606060606,-0.009972168
6.666666666666667,1.1111111111111112,0.00931689
6.666666666666667,1.1616161616161615,-0.010989966
6.666666666666667,1.2121212121212122,0.008816672
6.666666666666667,1.2626262626262623,-0.020325005
6.666666666666667,1.3131313131313131,-0.0035224222
6.666666666666667,1.3636363636363635,0.0010060895
6.666666666666667,1.414141414141414,0.015255436
6.666666666666667,1.4646464646464643,-0.016215004
6.666666666666667,1.5151515151515151,0.005298449
6.666666666666667,1.5656565656565655,-0.01371881
6.666666666666667,1.616161616161616,-0.0062980996
6.666666666666667,1.6666666666666667,-0.0065668123
6.666666666666667,1.7171717171717171,0.0042442763
6.666666666666667,1.7676767676767675,-0.0040122606
6.666666666666667,1.818181818181818,-0.004890125
6.666666666666667,1.8686868686868687,0.009571828
6.666666666666667,1.9191919191919191,-0.008436367
6.666666666666667,1.9696969696969695,-0.003680597
6.666666666666667,2.0202020202020203,0.004170446
6.666666666666667,2.0707070707070705,-0.008712551
6.666666666666667,2.121212121212121,-0.0016223306
6.666666666666667,2.171717171717172,-0.009481206
6.666666666666667,2.2222222222222223,-0.006534964
6.666666666666667,2.2727272727272725,-0.0035851183
6.666666666666667,2.323232323232323,-0.008175648
6.666666666666667,2.3737373737373737,0.0037361
6.666666666666667,2.4242424242424243,0.009122175
6.666666666666667,2.474747474747475,0.0067813024
6.666666666666667,2.525252525252525,0.0005585231
6.666666666666667,2.575757575757576,-0.0133946175
6.666666666666667,2.6262626262626263,-0.0030016883
6.666666666666667,2.676767676767677,0.0015999307
6.666666666666667,2.727272727272727,-0.006769115
6.666666666666667,2.7777777777777777,0.0075044944
6.666666666666667,2.8282828282828283,-0.022600386
6.666666666666667,2.878787878787879,-0.0136175435
6.666666666666667,2.929292929292929,0.01576571
6.666666666666667,2.97979797979798,0.001465188
6.666666666666667,3.0303030303030303,0.01804587
6.666666666666667,3.080808080808081,0.013033205
6.666666666666667,3.131313131313131,0.0018405571
6.666666666666667,3.1818181818181817,-0.019564915
6.666666666666667,3.2323232323232323,0.0014879642
6.666666666666667,3.282828282828283,-0.0093664285
6.666666666666667,3.333333333333333,-0.009505092
6.666666666666667,3.383838383838384,-0.0029936295
6.666666666666667,3.4343434343434343,-0.00651776
6.666666666666667,3.484848484848485,0.0027689692
6.666666666666667,3.5353535353535355,-6.574048e-05
6.666666666666667,3.5858585858585856,-0.018791541
6.666666666666667,3.636363636363636,-0.008827964
6.666666666666667,3.686868686868687,-0.0003510961
6.666666666666667,3.7373737373737375,0.0033106282
6.666666666666667,3.787878787878788,-0.015350965
6.666666666666667,3.8383838383838382,0.01579168
6.666666666666667,3.888888888888889,0.0156273
6.666666666666667,3.939393939393939,0.010339768
6.666666666666667,3.9898989898989896,-0.00644834
6.666666666666667,4.040404040404041,-0.007956817
6.666666666666667,4.090909090909091,0.004747835
6.666666666666667,4.141414141414141,0.006450149
6.666666666666667,4.191919191919192,-0.024694929
6.666666666666667,4.242424242424242,-0.012703917
6.666666666666667,4.292929292929293,0.014028545
6.666666666666667,4.343434343434343,0.0039471593
6.666666666666667,4.393939393939394,-0.002914227
6.666666666666667,4.444444444444445,-0.004724483
6.666666666666667,4.494949494949495,-0.0069937375
6.666666666666667,4.545454545454545,0.004523862
6.666666666666667,4.595959595959596,-0.010905783
6.666666666666667,4.646464646464646,0.009411557
6.666666666666667,4.696969696969697,-0.019316666
6.666666666666667,4.747474747474747,0.0012850973
6.666666666666667,4.797979797979798,-0.010134315
6.666666666666667,4.848484848484849,0.00747944
6.666666666666667,4.898989898989899,0.0020112789
6.666666666666667,4.94949494949495,-0.008995628
6.666666666666667,5.0,-0.0029067986
6.767676767676767,0.0,0.001047126
6.767676767676767,0.0505050505050505,-0.0059436862
6.767676767676767,0.101010101010101,-0.01727795
6.767676767676767,0.1515151515151515,0.010557187
6.767676767676767,0.202020202020202,0.0021678766
6.767676767676767,0.2525252525252525,0.002350204
6.767676767676767,0.303030303030303,0.018141968
6.767676767676767,0.3535353535353535,-0.015329066
6.767676767676767,0.404040404040404,-0.0036523677
6.767676767676767,0.4545454545454545,-0.0151267145
6.767676767676767,0.5050505050505051,0.007930607
6.767676767676767,0.5555555555555556,-0.010631689
6.767676767676767,0.6060606060606061,0.00998486
6.767676767676767,0.6565656565656566,0.0103760455
6.767676767676767,0.7070707070707071,-0.0004009039
6.767676767676767,0.7575757575757576,-0.01590848
6.767676767676767,0.8080808080808081,0.0030711954
6.767676767676767,0.8585858585858586,0.01117589
6.767676767676767,0.9090909090909092,-0.013456972
6.767676767676767,0.9595959595959596,0.010572247
6.767676767676767,1.0101010101010102,-0.015537861
6.767676767676767,1.0606060606060606,-0.009000288
6.767676767676767,1.1111111111111112,0.011800689
6.767676767676767,1.1616161616161615,-0.010849788
6.767676767676767,1.2121212121212122,0.0066620153
6.767676767676767,1.2626262626262623,-0.0072531393
6.767676767676767,1.3131313131313131,0.013528261
6.767676767676767,1.3636363636363635,-0.0013646416
6.767676767676767,1.414141414141414,0.011062331
6.767676767676767,1.4646464646464643,-0.002775273
6.767676767676767,1.5151515151515151,-0.0073012696
6.767676767676767,1.5656565656565655,-0.0090588685
6.767676767676767,1.616161616161616,0.003395512
6.767676767676767,1.6666666666666667,0.009540817
6.767676767676767,1.7171717171717171,-0.0004220863
6.767676767676767,1.7676767676767675,0.0005911993
6.767676767676767,1.818181818181818,-0.0004415971
6.767676767676767,1.8686868686868687,0.006573874
6.767676767676767,1.9191919191919191,-0.018288998
6.767676767676767,1.9696969696969695,0.005157465
6.767676767676767,2.0202020202020203,-0.02181325
6.767676767676767,2.0707070707070705,-0.007443293
6.767676767676767,2.121212121212121,0.0046014087
6.767676767676767,2.171717171717172,0.012225194
6.767676767676767,2.2222222222222223,-0.020475723
6.767676767676767,2.2727272727272725,0.010944718
6.767676767676767,2.323232323232323,0.0042030034
6.767676767676767,2.3737373737373737,-0.0063664815
6.767676767676767,2.4242424242424243,-0.021695642
6.767676767676767,2.474747474747475,0.011429639
6.767676767676767,2.525252525252525,0.008955739
6.767676767676767,2.575757575757576,0.016797636
6.767676767676767,2.6262626262626263,-0.005037193
6.767676767676767,2.676767676767677,-0.0151219675
6.767676767676767,2.727272727272727,-0.0014455023
6.767676767676767,2.7777777777777777,-0.0077094403
6.767676767676767,2.8282828282828283,0.013850906
6.767676767676767,2.878787878787879,0.0006768469
6.767676767676767,2.929292929292929,-0.022055924
6.767676767676767,2.97979797979798,-0.009360391
6.767676767676767,3.0303030303030303,0.016600853
6.767676767676767,3.080808080808081,-0.0055166516
6.767676767676767,3.131313131313131,-0.003103943
6.767676767676767,3.1818181818181817,-0.006468674
6.767676767676767,3.2323232323232323,-0.002268153
6.767676767676767,3.282828282828283,-0.0033779475
6.767676767676767,3.333333333333333,0.0069262707
6.767676767676767,3.383838383838384,-0.0055448357
6.767676767676767,3.4343434343434343,0.013808448
6.767676767676767,3.484848484848485,-0.0036650205
6.767676767676767,3.5353535353535355,-0.00088940974
6.767676767676767,3.5858585858585856,-0.00662988
6.767676767676767,3.636363636363636,-0.0029155526
6.767676767676767,3.686868686868687,0.0010108345
6.767676767676767,3.7373737373737375,0.010123193
6.767676767676767,3.787878787878788,-0.008158229
6.767676767676767,3.8383838383838382,-0.001858606
6.767676767676767,3.888888888888889,-0.0076410566
6.767676767676767,3.939393939393939,-0.0037494358
6.767676767676767,3.9898989898989896,-0.00862883
6.767676767676767,4.040404040404041,-0.008098255
6.767676767676767,4.090909090909091,-0.0021431558
6.767676767676767,4.141414141414141,-0.011151552
6.767676767676767,4.191919191919192,0.0014144385
6.767676767676767,4.242424242424242,-0.0032688905
6.767676767676767,4.292929292929293,0.008507035
6.767676767676767,4.343434343434343,-0.0018483993
6.767676767676767,4.393939393939394,-0.011319292
6.767676767676767,4.444444444444445,-0.00034083938
6.767676767676767,4.494949494949495,0.015095572
6.767676767676767,4.545454545454545,-0.0011943084
6.767676767676767,4.595959595959596,0.01464293
6.767676767676767,4.646464646464646,0.008833335
6.767676767676767,4.696969696969697,0.01137796
6.767676767676767,4.747474747474747,0.007793199
6.767676767676767,4.797979797979798,0.0007684005
6.767676767676767,4.848484848484849,-0.014407286
6.767676767676767,4.898989898989899,0.005401078
6.767676767676767,4.94949494949495,-0.0013687263
6.767676767676767,5.0,-0.004707719
6.8686868686868685,0.0,-0.0068345238
6.8686868686868685,0.0505050505050505,0.008514193
6.8686868686868685,0.101010101010101,-0.008422428
6.8686868686868685,0.1515151515151515,-0.0107466085
6.8686868686868685,0.202020202020202,-0.009010617
6.8686868686868685,0.2525252525252525,-0.0063629746
6.8686868686868685,0.303030303030303,-0.010870141
6.8686868686868685,0.3535353535353535,-0.00028106562
6.8686868686868685,0.404040404040404,-0.001531384
6.8686868686868685,0.4545454545454545,0.010988679
6.8686868686868685,0.5050505050505051,-0.00033113817
6.8686868686868685,0.5555555555555556,-0.008920388
6.8686868686868685,0.6060606060606061,-0.013073756
6.8686868686868685,0.6565656565656566,0.0014662222
6.8686868686868685,0.7070707070707071,0.00867012
6.8686868686868685,0.7575757575757576,0.032090776
6.8686868686868685,0.8080808080808081,-0.0010487986
6.8686868686868685,0.8585858585858586,-0.0012251695
6.8686868686868685,0.9090909090909092,-0.0010804381
6.8686868686868685,0.9595959595959596,-0.014534186
6.8686868686868685,1.0101010101010102,-0.0051156143
6.8686868686868685,1.0606060606060606,0.009907003
6.8686868686868685,1.1111111111111112,0.007906494
6.8686868686868685,1.1616161616161615,-0.003417028
6.8686868686868685,1.2121212121212122,-0.018583145
6.8686868686868685,1.2626262626262623,0.006896669
6.8686868686868685,1.3131313131313131,0.008880993
6.8686868686868685,1.3636363636363635,0.012050648
6.8686868686868685,1.414141414141414,-0.005951094
6.8686868686868685,1.4646464646464643,-0.003993092
6.8686868686868685,1.5151515151515151,-0.003001388
6.8686868686868685,1.5656565656565655,-0.00014673006
6.8686868686868685,1.616161616161616,-0.0017559614
6.8686868686868685,1.6666666666666667,-0.0072651636
6.8686868686868685,1.7171717171717171,-0.0052171913
6.8686868686868685,1.7676767676767675,0.0037568186
6.8686868686868685,1.818181818181818,0.005935607
6.8686868686868685,1.8686868686868687,0.0020674306
6.8686868686868685,1.9191919191919191,0.014827877
6.8686868686868685,1.9696969696969695,0.009587778
6.8686868686868685,2.0202020202020203,-0.00341787
6.8686868686868685,2.0707070707070705,-0.010058722
6.8686868686868685,2.121212121212121,-0.010774323
6.8686868686868685,2.171717171717172,-0.022288825
6.8686868686868685,2.2222222222222223,0.008113047
6.8686868686868685,2.2727272727272725,0.0013623956
6.8686868686868685,2.323232323232323,-0.0030091696
6.8686868686868685,2.3737373737373737,-0.0026545716
6.8686868686868685,2.4242424242424243,-0.0023642085
6.8686868686868685,2.474747474747475,0.027750196
6.8686868686868685,2.525252525252525,-0.00048772863
6.8686868686868685,2.575757575757576,0.009577809
6.8686868686868685,2.6262626262626263,-0.0012049185
6.8686868686868685,2.676767676767677,-8.940046e-05
6.8686868686868685,2.727272727272727,-0.016240232
6.8686868686868685,2.7777777777777777,-0.005534864
6.8686868686868685,2.8282828282828283,0.008154556
6.8686868686868685,2.878787878787879,-0.00039249207
6.8686868686868685,2.929292929292929,0.013504636
6.8686868686868685,2.97979797979798,-0.0004840381
6.8686868686868685,3.0303030303030303,-0.00711446
6.8686868686868685,3.080808080808081,-0.0072996607
6.8686868686868685,3.131313131313131,-0.0141130835
6.8686868686868685,3.1818181818181817,0.0034884994
6.8686868686868685,3.2323232323232323,-0.01341203
6.8686868686868685,3.282828282828283,0.0034243576
6.8686868686868685,3.333333333333333,0.0019632268
6.8686868686868685,3.383838383838384,-0.0016600111
6.8686868686868685,3.4343434343434343,-0.0033331667
6.8686868686868685,3.484848484848485,0.010084988
6.8686868686868685,3.5353535353535355,0.009129181
6.8686868686868685,3.5858585858585856,0.005135545
6.8686868686868685,3.636363636363636,-0.008764105
6.8686868686868685,3.686868686868687,-0.014057948
6.8686868686868685,3.7373737373737375,-0.0069062463
6.8686868686868685,3.787878787878788,0.003960992
6.8686868686868685,3.8383838383838382,-0.002924386
6.8686868686868685,3.888888888888889,0.0037514898
6.8686868686868685,3.939393939393939,-0.011075293
6.8686868686868685,3.9898989898989896,0.0037509971
6.8686868686868685,4.040404040404041,0.006156877
6.8686868686868685,4.090909090909091,-0.009164139
6.8686868686868685,4.141414141414141,-0.000642345
6.8686868686868685,4.191919191919192,-0.0033351313
6.8686868686868685,4.242424242424242,0.0056792083
6.8686868686868685,4.292929292929293,0.0050634136
6.8686868686868685,4.343434343434343,0.018924112
6.8686868686868685,4.393939393939394,-0.0075317635
6.8686868686868685,4.444444444444445,0.010589749
6.8686868686868685,4.494949494949495,-0.00010384923
6.8686868686868685,4.545454545454545,0.0041770483
6.8686868686868685,4.595959595959596,0.0016313597
6.8686868686868685,4.646464646464646,-0.0026724592
6.8686868686868685,4.696969696969697,0.0019580056
6.8686868686868685,4.747474747474747,0.00827979
6.8686868686868685,4.797979797979798,-0.007302268
6.8686868686868685,4.848484848484849,-0.018403681
6.8686868686868685,4.898989898989899,0.0018816873
6.8686868686868685,4.94949494949495,-0.014522165
6.8686868686868685,5.0,0.014667082
6.96969696969697,0.0,0.009349684
6.96969696969697,0.0505050505050505,0.0025753053
6.96969696969697,0.101010101010101,0.009158173
6.96969696969697,0.1515151515151515,-0.005319825
6.96969696969697,0.202020202020202,0.006224501
6.96969696969697,0.2525252525252525,0.0012310407
6.96969696969697,0.303030303030303,-0.0017781615
6.96969696969697,0.3535353535353535,0.029330546
6.96969696969697,0.404040404040404,0.00462767
6.96969696969697,0.4545454545454545,-0.006264359
6.96969696969697,0.5050505050505051,-0.01377159
6.96969696969697,0.5555555555555556,-0.016635388
6.96969696969697,0.6060606060606061,-0.0043344027
6.96969696969697,0.6565656565656566,0.02270435
6.96969696969697,0.7070707070707071,0.020011656
6.96969696969697,0.7575757575757576,-0.02116958
6.96969696969697,0.8080808080808081,0.0035138717
6.96969696969697,0.8585858585858586,-0.009149424
6.96969696969697,0.9090909090909092,-0.0028648311
6.96969696969697,0.9595959595959596,0.018737262
6.96969696969697,1.0101010101010102,0.00072054274
6.96969696969697,1.0606060606060606,7.797196e-06
6.96969696969697,1.1111111111111112,-0.001400318
6.96969696969697,1.1616161616161615,0.009105306
6.96969696969697,1.2121212121212122,-0.010649498
6.96969696969697,1.2626262626262623,0.004575485
6.96969696969697,1.3131313131313131,0.0015436618
6.96969696969697,1.3636363636363635,-0.007441653
6.96969696969697,1.414141414141414,-0.0147902
6.96969696969697,1.4646464646464643,0.0056921607
6.96969696969697,1.5151515151515151,-0.011462495
6.96969696969697,1.5656565656565655,-0.019049037
6.96969696969697,1.616161616161616,0.009906712
6.96969696969697,1.6666666666666667,-0.009967308
6.96969696969697,1.7171717171717171,-0.02304296
6.96969696969697,1.7676767676767675,-0.018701173
6.96969696969697,1.818181818181818,0.016571006
6.96969696969697,1.8686868686868687,-0.005442659
6.96969696969697,1.9191919191919191,0.0036863375
6.96969696969697,1.9696969696969695,-0.0017834435
6.96969696969697,2.0202020202020203,-0.0070948685
6.96969696969697,2.0707070707070705,0.0024787209
6.96969696969697,2.121212121212121,0.0074450374
6.96969696969697,2.171717171717172,0.015205289
6.96969696969697,2.2222222222222223,0.004149245
6.96969696969697,2.2727272727272725,0.020801645
6.96969696969697,2.323232323232323,0.0014931498
6.96969696969697,2.3737373737373737,-0.0041593066
6.96969696969697,2.4242424242424243,0.012188113
6.96969696969697,2.474747474747475,0.0086058155
6.96969696969697,2.525252525252525,0.00898801
6.96969696969697,2.575757575757576,-0.0043200706
6.96969696969697,2.6262626262626263,-0.00011584565
6.96969696969697,2.676767676767677,0.0019051908
6.96969696969697,2.727272727272727,0.004535163
6.96969696969697,2.7777777777777777,-0.0027221898
6.96969696969697,2.8282828282828283,0.004377744
6.96969696969697,2.878787878787879,0.0066741235
6.96969696969697,2.929292929292929,-0.008114345
6.96969696969697,2.97979797979798,-0.0116771255
6.96969696969697,3.0303030303030303,-0.0026683116
6.96969696969697,3.080808080808081,-0.012189316
6.96969696969697,3.131313131313131,0.0014258777
6.96969696969697,3.1818181818181817,-0.0031570669
6.96969696969697,3.2323232323232323,0.014236835
6.96969696969697,3.282828282828283,0.010125264
6.96969696969697,3.333333333333333,-0.007147459
6.96969696969697,3.383838383838384,0.0034461224
6.96969696969697,3.4343434343434343,0.008802022
6.96969696969697,3.484848484848485,-0.00716422
6.96969696969697,3.5353535353535355,-0.013230517
6.96969696969697,3.5858585858585856,0.010481868
6.96969696969697,3.636363636363636,-0.017053356
6.96969696969697,3.686868686868687,0.006004591
6.96969696969697,3.7373737373737375,0.01829581
6.96969696969697,3.787878787878788,-0.003407631
6.96969696969697,3.8383838383838382,-0.0051121986
6.96969696969697,3.888888888888889,0.0023932334
6.96969696969697,3.939393939393939,0.009544809
6.96969696969697,3.9898989898989896,0.0016341786
6.96969696969697,4.040404040404041,-0.0030999822
6.96969696969697,4.090909090909091,0.0015972714
6.96969696969697,4.141414141414141,0.008302737
6.96969696969697,4.191919191919192,-0.014217868
6.96969696969697,4.242424242424242,-0.0009449474
6.96969696969697,4.292929292929293,0.0007646692
6.96969696969697,4.343434343434343,0.0015851547
6.96969696969697,4.393939393939394,-0.0038410185
6.96969696969697,4.444444444444445,-0.014129188
6.96969696969697,4.494949494949495,-0.010182603
6.96969696969697,4.545454545454545,0.004253366
6.96969696969697,4.595959595959596,0.0098757
6.96969696969697,4.646464646464646,-0.013338558
6.96969696969697,4.696969696969697,-0.020718472
6.96969696969697,4.747474747474747,-0.018923322
6.96969696969697,4.797979797979798,0.024196025
6.96969696969697,4.848484848484849,-0.002442377
6.96969696969697,4.898989898989899,-0.0026635616
6.96969696969697,4.94949494949495,-0.00675529
6.96969696969697,5.0,-0.011246924
7.070707070707071,0.0,0.018602604
7.070707070707071,0.0505050505050505,0.006256696
7.070707070707071,0.101010101010101,0.0028849463
7.070707070707071,0.1515151515151515,0.008962987
7.070707070707071,0.202020202020202,0.008840014
7.070707070707071,0.2525252525252525,0.0041073603
7.070707070707071,0.303030303030303,-0.016067784
7.070707070707071,0.3535353535353535,0.014667542
7.070707070707071,0.404040404040404,0.014608654
7.070707070707071,0.4545454545454545,-0.01638853
7.070707070707071,0.5050505050505051,0.00985434
7.070707070707071,0.5555555555555556,0.00011346701
7.070707070707071,0.6060606060606061,0.003140886
7.070707070707071,0.6565656565656566,0.010813081
7.070707070707071,0.7070707070707071,0.0016363498
7.070707070707071,0.7575757575757576,-0.018501885
7.070707070707071,0.8080808080808081,-0.0067279427
7.070707070707071,0.8585858585858586,-0.018205944
7.070707070707071,0.9090909090909092,-0.0016954289
7.070707070707071,0.9595959595959596,-0.009746317
7.070707070707071,1.0101010101010102,-0.0055930037
7.070707070707071,1.0606060606060606,-0.0026452902
7.070707070707071,1.1111111111111112,0.002448411
7.070707070707071,1.1616161616161615,0.0046548387
7.070707070707071,1.2121212121212122,0.003468239
7.070707070707071,1.2626262626262623,-0.0018216309
7.070707070707071,1.3131313131313131,-0.001291708
7.070707070707071,1.3636363636363635,0.007775542
7.070707070707071,1.414141414141414,0.0030303972
7.070707070707071,1.4646464646464643,-0.008394461
7.070707070707071,1.5151515151515151,0.0049008736
7.070707070707071,1.5656565656565655,0.00900213
7.070707070707071,1.616161616161616,-0.014860044
7.070707070707071,1.6666666666666667,0.00937418
7.070707070707071,1.7171717171717171,-0.005453174
7.070707070707071,1.7676767676767675,0.0048534716
7.070707070707071,1.818181818181818,0.0069946107
7.070707070707071,1.8686868686868687,-0.0028342337
7.070707070707071,1.9191919191919191,-0.0011592065
7.070707070707071,1.9696969696969695,0.0022056538
7.070707070707071,2.0202020202020203,0.011435766
7.070707070707071,2.0707070707070705,0.00042469992
7.070707070707071,2.121212121212121,-0.001286618
7.070707070707071,2.171717171717172,-0.0032013038
7.070707070707071,2.2222222222222223,0.013020575
7.070707070707071,2.2727272727272725,0.0005820586
7.070707070707071,2.323232323232323,-0.014115343
7.070707070707071,2.3737373737373737,-0.005787767
7.070707070707071,2.4242424242424243,-0.011051533
7.070707070707071,2.474747474747475,0.013300304
7.070707070707071,2.525252525252525,-0.0041862917
7.070707070707071,2.575757575757576,-0.0043831323
7.070707070707071,2.6262626262626263,0.010452756
7.070707070707071,2.676767676767677,0.0075658266
7.070707070707071,2.727272727272727,0.013442823
7.070707070707071,2.7777777777777777,-5.7693742e-05
7.070707070707071,2.8282828282828283,-0.01643362
7.070707070707071,2.878787878787879,-0.0075285845
7.070707070707071,2.929292929292929,-0.008185959
7.070707070707071,2.97979797979798,0.00022914265
7.070707070707071,3.0303030303030303,-0.007729488
7.070707070707071,3.080808080808081,-0.00039141005
7.070707070707071,3.131313131313131,0.0030586403
7.070707070707071,3.1818181818181817,-0.0026915877
7.070707070707071,3.2323232323232323,-0.0021813123
7.070707070707071,3.282828282828283,0.0036167859
7.070707070707071,3.333333333333333,-0.010170993
7.070707070707071,3.383838383838384,0.007204318
7.070707070707071,3.4343434343434343,-0.0010523298
7.070707070707071,3.484848484848485,0.018706087
7.070707070707071,3.5353535353535355,0.0089922305
7.070707070707071,3.5858585858585856,-0.0023518912
7.070707070707071,3.636363636363636,0.011221051
7.070707070707071,3.686868686868687,-0.012755296
7.070707070707071,3.7373737373737375,0.019688495
7.070707070707071,3.787878787878788,0.011931819
7.070707070707071,3.8383838383838382,-0.0095345685
7.070707070707071,3.888888888888889,0.006892605
7.070707070707071,3.939393939393939,-0.0003748741
7.070707070707071,3.9898989898989896,-0.013567429
7.070707070707071,4.040404040404041,-0.009309434
7.070707070707071,4.090909090909091,-0.004104326
7.070707070707071,4.141414141414141,0.016298464
7.070707070707071,4.191919191919192,-0.0039645755
7.070707070707071,4.242424242424242,-0.008092941
7.070707070707071,4.292929292929293,-0.008157676
7.070707070707071,4.343434343434343,-0.0017908802
7.070707070707071,4.393939393939394,-0.0073335
7.070707070707071,4.444444444444445,-0.008155755
7.070707070707071,4.494949494949495,0.011422392
7.070707070707071,4.545454545454545,0.0016099726
7.070707070707071,4.595959595959596,0.011248847
7.070707070707071,4.646464646464646,0.00095035514
7.070707070707071,4.696969696969697,0.0066804634
7.070707070707071,4.747474747474747,0.002249457
7.070707070707071,4.797979797979798,-0.008516902
7.070707070707071,4.848484848484849,0.004524131
7.070707070707071,4.898989898989899,-0.007356429
7.070707070707071,4.94949494949495,0.014618097
7.070707070707071,5.0,0.0005668653
7.171717171717171,0.0,-0.006240271
7.171717171717171,0.0505050505050505,-0.00308724
7.171717171717171,0.101010101010101,0.0018612052
7.171717171717171,0.1515151515151515,0.00026730623
7.171717171717171,0.202020202020202,0.013893702
7.171717171717171,0.2525252525252525,-0.014594411
7.171717171717171,0.303030303030303,0.007733556
7.171717171717171,0.3535353535353535,0.012817215
7.171717171717171,0.404040404040404,0.019221976
7.171717171717171,0.4545454545454545,0.015146862
7.171717171717171,0.5050505050505051,-0.009400398
7.171717171717171,0.5555555555555556,0.017596425
7.171717171717171,0.6060606060606061,0.004703059
7.171717171717171,0.6565656565656566,-0.011514455
7.171717171717171,0.7070707070707071,-0.0067676357
7.171717171717171,0.7575757575757576,0.009793416
7.171717171717171,0.8080808080808081,0.007851172
7.171717171717171,0.8585858585858586,0.009229854
7.171717171717171,0.9090909090909092,-0.013558963
7.171717171717171,0.9595959595959596,-0.0040456746
7.171717171717171,1.0101010101010102,-0.0069360887
7.171717171717171,1.0606060606060606,0.0038842713
7.171717171717171,1.1111111111111112,-0.009864745
7.171717171717171,1.1616161616161615,0.002474398
7.171717171717171,1.2121212121212122,0.013209456
7.171717171717171,1.2626262626262623,0.0051168073
7.171717171717171,1.3131313131313131,0.0020717299
7.171717171717171,1.3636363636363635,0.0042361794
7.171717171717171,1.414141414141414,0.008553113
7.171717171717171,1.4646464646464643,-0.0075233863
7.171717171717171,1.5151515151515151,-0.00731553
7.171717171717171,1.5656565656565655,-0.003498858
7.171717171717171,1.616161616161616,0.0014683414
7.171717171717171,1.6666666666666667,0.0033751673
7.171717171717171,1.7171717171717171,-0.0056040036
7.171717171717171,1.7676767676767675,-0.0033349292
7.171717171717171,1.818181818181818,0.020713959
7.171717171717171,1.8686868686868687,0.002683397
7.171717171717171,1.9191919191919191,-0.0049091713
7.171717171717171,1.9696969696969695,0.00086711836
7.171717171717171,2.0202020202020203,-0.0019213901
7.171717171717171,2.0707070707070705,-0.00020139964
7.171717171717171,2.121212121212121,0.013420833
7.171717171717171,2.171717171717172,0.008771296
7.171717171717171,2.2222222222222223,0.009378947
7.171717171717171,2.2727272727272725,0.00023886969
7.171717171717171,2.323232323232323,0.015275574
7.171717171717171,2.3737373737373737,-0.0008036366
7.171717171717171,2.4242424242424243,-0.009117053
7.171717171717171,2.474747474747475,-0.011944958
7.171717171717171,2.525252525252525,0.009197462
7.171717171717171,2.575757575757576,0.002894705
7.171717171717171,2.6262626262626263,-0.008790956
7.171717171717171,2.676767676767677,0.013807706
7.171717171717171,2.727272727272727,-0.0069903797
7.171717171717171,2.7777777777777777,-0.012263665
7.171717171717171,2.8282828282828283,-0.019690756
7.171717171717171,2.878787878787879,0.023512304
7.171717171717171,2.929292929292929,0.0035396817
7.171717171717171,2.97979797979798,-0.0010606183
7.171717171717171,3.0303030303030303,-0.024085078
7.171717171717171,3.080808080808081,-0.012640176
7.171717171717171,3.131313131313131,-0.004252816
7.171717171717171,3.1818181818181817,0.0024079594
7.171717171717171,3.2323232323232323,-0.0024080689
7.171717171717171,3.282828282828283,-0.0068307356
7.171717171717171,3.333333333333333,0.0028334593
7.171717171717171,3.383838383838384,-0.007549531
7.171717171717171,3.4343434343434343,-0.00022665905
7.171717171717171,3.484848484848485,0.0004516039
7.171717171717171,3.5353535353535355,-0.0004923624
7.171717171717171,3.5858585858585856,0.0068854396
7.171717171717171,3.636363636363636,-0.006404033
7.171717171717171,3.686868686868687,-0.008518563
7.171717171717171,3.7373737373737375,0.0057390714
7.171717171717171,3.787878787878788,-0.0102566965
7.171717171717171,3.8383838383838382,0.0055304444
7.171717171717171,3.888888888888889,0.012585986
7.171717171717171,3.939393939393939,0.0023174598
7.171717171717171,3.9898989898989896,-0.017316544
7.171717171717171,4.040404040404041,-0.0030073572
7.171717171717171,4.090909090909091,0.008933703
7.171717171717171,4.141414141414141,-0.0028854327
7.171717171717171,4.191919191919192,-0.007255284
7.171717171717171,4.242424242424242,0.0046565956
7.171717171717171,4.292929292929293,-0.008316802
7.171717171717171,4.343434343434343,-0.008464823
7.171717171717171,4.393939393939394,-0.0038647857
7.171717171717171,4.444444444444445,-0.001513156
7.171717171717171,4.494949494949495,0.008186391
7.171717171717171,4.545454545454545,-0.0025432347
7.171717171717171,4.595959595959596,-0.0047535333
7.171717171717171,4.646464646464646,-0.007802076
7.171717171717171,4.696969696969697,0.0077855727
7.171717171717171,4.747474747474747,0.0009862868
7.171717171717171,4.797979797979798,-0.007541188
7.171717171717171,4.848484848484849,0.009054679
7.171717171717171,4.898989898989899,-0.011227487
7.171717171717171,4.94949494949495,0.0021909948
7.171717171717171,5.0,-0.00092126813
7.272727272727272,0.0,0.0057554925
7.272727272727272,0.0505050505050505,-0.010247281
7.272727272727272,0.101010101010101,0.0019418835
7.272727272727272,0.1515151515151515,0.015901795
7.272727272727272,0.202020202020202,-0.007810332
7.272727272727272,0.2525252525252525,0.0018075843
7.272727272727272,0.303030303030303,0.0056829103
7.272727272727272,0.3535353535353535,-0.013145383
7.272727272727272,0.404040404040404,-0.00037264978
7.272727272727272,0.4545454545454545,-0.011747897
7.272727272727272,0.5050505050505051,-0.005241218
7.272727272727272,0.5555555555555556,0.0085526
7.272727272727272,0.6060606060606061,0.0071516633
7.272727272727272,0.6565656565656566,0.008549722
7.272727272727272,0.7070707070707071,0.006970289
7.272727272727272,0.7575757575757576,-0.007869401
7.272727272727272,0.8080808080808081,0.006859224
7.272727272727272,0.8585858585858586,-0.002887989
7.272727272727272,0.9090909090909092,0.0016147172
7.272727272727272,0.9595959595959596,-0.0018717072
7.272727272727272,1.0101010101010102,0.0070613124
7.272727272727272,1.0606060606060606,0.0012637053
7.272727272727272,1.1111111111111112,-0.0022613672
7.272727272727272,1.1616161616161615,-0.0040762383
7.272727272727272,1.2121212121212122,-0.0060971356
7.272727272727272,1.2626262626262623,-0.013476679
7.272727272727272,1.3131313131313131,0.008310711
7.272727272727272,1.3636363636363635,0.0023480523
7.272727272727272,1.414141414141414,0.002394105
7.272727272727272,1.4646464646464643,-0.001523378
7.272727272727272,1.5151515151515151,0.01350302
7.272727272727272,1.5656565656565655,0.003163374
7.272727272727272,1.616161616161616,0.001729681
7.272727272727272,1.6666666666666667,-0.015979672
7.272727272727272,1.7171717171717171,-0.00882601
7.272727272727272,1.7676767676767675,-0.0072851055
7.272727272727272,1.818181818181818,0.010816148
7.272727272727272,1.8686868686868687,0.006899361
7.272727272727272,1.9191919191919191,0.0014659239
7.272727272727272,1.9696969696969695,-0.0025986421
7.272727272727272,2.0202020202020203,0.012287657
7.272727272727272,2.0707070707070705,0.0040214416
7.272727272727272,2.121212121212121,0.0029235512
7.272727272727272,2.171717171717172,-0.014843645
7.272727272727272,2.2222222222222223,-0.01288714
7.272727272727272,2.2727272727272725,0.008229717
7.272727272727272,2.323232323232323,-0.018816033
7.272727272727272,2.3737373737373737,-0.002439352
7.272727272727272,2.4242424242424243,0.018318346
7.272727272727272,2.474747474747475,-0.0053038755
7.272727272727272,2.525252525252525,-0.008198762
7.272727272727272,2.575757575757576,-0.008232146
7.272727272727272,2.6262626262626263,0.005506033
7.272727272727272,2.676767676767677,-0.011416276
7.272727272727272,2.727272727272727,0.01873597
7.272727272727272,2.7777777777777777,0.013694991
7.272727272727272,2.8282828282828283,-0.012571822
7.272727272727272,2.878787878787879,-0.016220339
7.272727272727272,2.929292929292929,-0.0056633023
7.272727272727272,2.97979797979798,0.006658836
7.272727272727272,3.0303030303030303,0.0025084203
7.272727272727272,3.080808080808081,0.0076260334
7.272727272727272,3.131313131313131,-0.009630534
7.272727272727272,3.1818181818181817,-0.005952125
7.272727272727272,3.2323232323232323,-0.0022646142
7.272727272727272,3.282828282828283,0.008945121
7.272727272727272,3.333333333333333,-0.00071126583
7.272727272727272,3.383838383838384,0.0019750216
7.272727272727272,3.4343434343434343,-0.0008805552
7.272727272727272,3.484848484848485,0.004658045
7.272727272727272,3.5353535353535355,0.007454571
7.272727272727272,3.5858585858585856,-0.0067454744
7.272727272727272,3.636363636363636,-0.008672813
7.272727272727272,3.686868686868687,-0.020061122
7.272727272727272,3.7373737373737375,0.022044275
7.272727272727272,3.787878787878788,-0.0033671304
7.272727272727272,3.8383838383838382,-0.0007664714
7.272727272727272,3.888888888888889,0.006008157
7.272727272727272,3.939393939393939,0.007986276
7.272727272727272,3.9898989898989896,-0.01382484
7.272727272727272,4.040404040404041,-0.0068698595
7.272727272727272,4.090909090909091,0.0031536291
7.272727272727272,4.141414141414141,-0.012173927
7.272727272727272,4.191919191919192,-0.0023235148
7.272727272727272,4.242424242424242,-0.0011819366
7.272727272727272,4.292929292929293,-0.007065277
7.272727272727272,4.343434343434343,0.008570378
7.272727272727272,4.393939393939394,-0.006065718
7.272727272727272,4.444444444444445,-0.025028296
7.272727272727272,4.494949494949495,-0.005181498
7.272727272727272,4.545454545454545,-0.0039558825
7.272727272727272,4.595959595959596,-7.207863e-05
7.272727272727272,4.646464646464646,-0.018654048
7.272727272727272,4.696969696969697,-0.012592603
7.272727272727272,4.747474747474747,0.0044495515
7.272727272727272,4.797979797979798,0.01587877
7.272727272727272,4.848484848484849,0.01102635
7.272727272727272,4.898989898989899,0.00122405
7.272727272727272,4.94949494949495,-0.0062825885
7.272727272727272,5.0,-0.006169579
7.373737373737374,0.0,0.008369726
7.373737373737374,0.0505050505050505,-0.002127602
7.373737373737374,0.101010101010101,-0.010377539
7.373737373737374,0.1515151515151515,-0.005319015
7.373737373737374,0.202020202020202,-0.0144796
7.373737373737374,0.2525252525252525,-0.007402247
7.373737373737374,0.303030303030303,-0.019904697
7.373737373737374,0.3535353535353535,-0.008090559
7.373737373737374,0.404040404040404,-0.02649179
7.373737373737374,0.4545454545454545,0.0064520473
7.373737373737374,0.5050505050505051,0.016631806
7.373737373737374,0.5555555555555556,-0.0060978457
7.373737373737374,0.6060606060606061,-0.005548334
7.373737373737374,0.6565656565656566,0.0120730065
7.373737373737374,0.7070707070707071,-0.007267538
7.373737373737374,0.7575757575757576,-0.0025774625
7.373737373737374,0.8080808080808081,0.0073358407
7.373737373737374,0.8585858585858586,-0.0064726654
7.373737373737374,0.9090909090909092,0.0045664078
7.373737373737374,0.9595959595959596,-0.0050605256
7.373737373737374,1.0101010101010102,-0.0007941095
7.373737373737374,1.0606060606060606,0.0022638908
7.373737373737374,1.1111111111111112,0.013922833
7.373737373737374,1.1616161616161615,-0.0016495939
7.373737373737374,1.2121212121212122,-0.008620852
7.373737373737374,1.2626262626262623,0.0104114935
7.373737373737374,1.3131313131313131,-0.00189624
7.373737373737374,1.3636363636363635,0.02050599
7.373737373737374,1.414141414141414,-0.0035288301
7.373737373737374,1.4646464646464643,0.009141534
7.373737373737374,1.5151515151515151,0.0059207296
7.373737373737374,1.5656565656565655,0.007283052
7.373737373737374,1.616161616161616,0.005198004
7.373737373737374,1.6666666666666667,0.004003963
7.373737373737374,1.7171717171717171,-0.0016163653
7.373737373737374,1.7676767676767675,0.003812868
7.373737373737374,1.818181818181818,0.002818248
7.373737373737374,1.8686868686868687,-0.0025985425
7.373737373737374,1.9191919191919191,-0.0017636137
7.373737373737374,1.9696969696969695,0.012899055
7.373737373737374,2.0202020202020203,-0.018099295
7.373737373737374,2.0707070707070705,0.0004499081
7.373737373737374,2.121212121212121,-0.0051141963
7.373737373737374,2.171717171717172,0.016922873
7.373737373737374,2.2222222222222223,-0.010092571
7.373737373737374,2.2727272727272725,0.025517168
7.373737373737374,2.323232323232323,0.0027151748
7.373737373737374,2.3737373737373737,-0.0045277686
7.373737373737374,2.4242424242424243,0.0077830176
7.373737373737374,2.474747474747475,0.005624421
7.373737373737374,2.525252525252525,-0.0173392
7.373737373737374,2.575757575757576,0.0011513482
7.373737373737374,2.6262626262626263,0.0059696455
7.373737373737374,2.676767676767677,0.014009592
7.373737373737374,2.727272727272727,0.012665086
7.373737373737374,2.7777777777777777,0.005665709
7.373737373737374,2.8282828282828283,0.014182316
7.373737373737374,2.878787878787879,0.008785027
7.373737373737374,2.929292929292929,0.017131854
7.373737373737374,2.97979797979798,0.0050623184
7.373737373737374,3.0303030303030303,-0.0056516114
7.373737373737374,3.080808080808081,-0.00094561465
7.373737373737374,3.131313131313131,0.0027651445
7.373737373737374,3.1818181818181817,0.002960791
7.373737373737374,3.2323232323232323,0.0120845195
7.373737373737374,3.282828282828283,-0.02080183
7.373737373737374,3.333333333333333,0.008232543
7.373737373737374,3.383838383838384,-0.005484462
7.373737373737374,3.4343434343434343,0.0034564147
7.373737373737374,3.484848484848485,0.012200155
7.373737373737374,3.5353535353535355,-0.0043524737
7.373737373737374,3.5858585858585856,-0.017363233
7.373737373737374,3.636363636363636,-0.014413521
7.373737373737374,3.686868686868687,0.014536579
7.373737373737374,3.7373737373737375,0.012042756
7.373737373737374,3.787878787878788,-0.009513401
7.373737373737374,3.8383838383838382,-0.02294916
7.373737373737374,3.888888888888889,-0.008339797
7.373737373737374,3.939393939393939,0.02156796
7.373737373737374,3.9898989898989896,0.010796829
7.373737373737374,4.040404040404041,-0.0081565445
7.373737373737374,4.090909090909091,0.0071144733
7.373737373737374,4.141414141414141,-0.0024212277
7.373737373737374,4.191919191919192,0.009910399
7.373737373737374,4.242424242424242,0.005513077
7.373737373737374,4.292929292929293,0.00629536
7.373737373737374,4.343434343434343,0.0017592075
7.373737373737374,4.393939393939394,0.01633922
7.373737373737374,4.444444444444445,0.0125994105
7.373737373737374,4.494949494949495,-0.006335592
7.373737373737374,4.545454545454545,-0.008656108
7.373737373737374,4.595959595959596,0.0028539677
7.373737373737374,4.646464646464646,-0.005404288
7.373737373737374,4.696969696969697,-0.00069027964
7.373737373737374,4.747474747474747,-0.009001881
7.373737373737374,4.797979797979798,0.0016361605
7.373737373737374,4.848484848484849,-0.0056978446
7.373737373737374,4.898989898989899,-0.0017199715
7.373737373737374,4.94949494949495,0.01949495
7.373737373737374,5.0,-0.015725067
7.474747474747475,0.0,-0.0011967476
7.474747474747475,0.0505050505050505,0.0067688124
7.474747474747475,0.101010101010101,-0.025501616
7.474747474747475,0.1515151515151515,0.01388676
7.474747474747475,0.202020202020202,0.020713732
7.474747474747475,0.2525252525252525,-0.004157007
7.474747474747475,0.303030303030303,0.01739789
7.474747474747475,0.3535353535353535,-0.01508153
7.474747474747475,0.404040404040404,0.009417457
7.474747474747475,0.4545454545454545,0.011770522
7.474747474747475,0.5050505050505051,-0.00885588
7.474747474747475,0.5555555555555556,-0.008974352
7.474747474747475,0.6060606060606061,-0.004500139
7.474747474747475,0.6565656565656566,-0.0128183365
7.474747474747475,0.7070707070707071,-0.000905513
7.474747474747475,0.7575757575757576,0.015685435
7.474747474747475,0.8080808080808081,0.0062888404
7.474747474747475,0.8585858585858586,-0.0013983508
7.474747474747475,0.9090909090909092,-0.008341673
7.474747474747475,0.9595959595959596,-0.010642942
7.474747474747475,1.0101010101010102,-0.0049662855
7.474747474747475,1.0606060606060606,-0.008965734
7.474747474747475,1.1111111111111112,0.0023386877
7.474747474747475,1.1616161616161615,0.001332287
7.474747474747475,1.2121212121212122,0.01753488
7.474747474747475,1.2626262626262623,-0.015643774
7.474747474747475,1.3131313131313131,0.0026428832
7.474747474747475,1.3636363636363635,0.0058936565
7.474747474747475,1.414141414141414,-0.00695807
7.474747474747475,1.4646464646464643,-0.009822604
7.474747474747475,1.5151515151515151,0.009073857
7.474747474747475,1.5656565656565655,0.0013120052
7.474747474747475,1.616161616161616,0.003665435
7.474747474747475,1.6666666666666667,0.008943644
7.474747474747475,1.7171717171717171,0.009901598
7.474747474747475,1.7676767676767675,0.010685539
7.474747474747475,1.818181818181818,0.008817961
7.474747474747475,1.8686868686868687,0.0011932405
7.474747474747475,1.9191919191919191,-0.016899914
7.474747474747475,1.9696969696969695,-0.006570671
7.474747474747475,2.0202020202020203,-0.0141324485
7.474747474747475,2.0707070707070705,0.01786226
7.474747474747475,2.121212121212121,-0.001869096
7.474747474747475,2.171717171717172,0.0045671216
7.474747474747475,2.2222222222222223,0.0050913338
7.474747474747475,2.2727272727272725,0.0012447594
7.474747474747475,2.323232323232323,-0.007764352
7.474747474747475,2.3737373737373737,-0.009075336
7.474747474747475,2.4242424242424243,0.016591987
7.474747474747475,2.474747474747475,-0.009774589
7.474747474747475,2.525252525252525,-0.014376608
7.474747474747475,2.575757575757576,-0.010792183
7.474747474747475,2.6262626262626263,-0.010316092
7.474747474747475,2.676767676767677,0.0049125715
7.474747474747475,2.727272727272727,-0.009918734
7.474747474747475,2.7777777777777777,0.0037739868
7.474747474747475,2.8282828282828283,-0.009471526
7.474747474747475,2.878787878787879,0.004156656
7.474747474747475,2.929292929292929,-0.007409192
7.474747474747475,2.97979797979798,-0.02030718
7.474747474747475,3.0303030303030303,0.007459039
7.474747474747475,3.080808080808081,-0.0023346113
7.474747474747475,3.131313131313131,-0.017168304
7.474747474747475,3.1818181818181817,-0.015648266
7.474747474747475,3.2323232323232323,0.011608803
7.474747474747475,3.282828282828283,-0.017281651
7.474747474747475,3.333333333333333,0.006240199
7.474747474747475,3.383838383838384,0.0019563332
7.474747474747475,3.4343434343434343,0.009567277
7.474747474747475,3.484848484848485,0.0099168625
7.474747474747475,3.5353535353535355,-0.0075354497
7.474747474747475,3.5858585858585856,0.0138516305
7.474747474747475,3.636363636363636,-0.010876934
7.474747474747475,3.686868686868687,-0.0068776743
7.474747474747475,3.7373737373737375,-0.0003409338
7.474747474747475,3.787878787878788,-0.01296161
7.474747474747475,3.8383838383838382,0.01018327
7.474747474747475,3.888888888888889,0.020943135
7.474747474747475,3.939393939393939,0.00223124
7.474747474747475,3.9898989898989896,0.0004033441
7.474747474747475,4.040404040404041,-0.0011042067
7.474747474747475,4.090909090909091,0.012095886
7.474747474747475,4.141414141414141,0.008461919
7.474747474747475,4.191919191919192,0.010998335
7.474747474747475,4.242424242424242,-0.028670525
7.474747474747475,4.292929292929293,0.0043270257
7.474747474747475,4.343434343434343,0.023624584
7.474747474747475,4.393939393939394,-0.00946018
7.474747474747475,4.444444444444445,0.016827792
7.474747474747475,4.494949494949495,0.0046523423
7.474747474747475,4.545454545454545,-0.009479422
7.474747474747475,4.595959595959596,-0.005273602
7.474747474747475,4.646464646464646,-0.0017596318
7.474747474747475,4.696969696969697,0.016842324
7.474747474747475,4.747474747474747,-5.598508e-05
7.474747474747475,4.797979797979798,-0.012838374
7.474747474747475,4.848484848484849,0.0016975225
7.474747474747475,4.898989898989899,0.008452434
7.474747474747475,4.94949494949495,0.0028028907
7.474747474747475,5.0,0.0092066545
7.575757575757575,0.0,0.019825818
7.575757575757575,0.0505050505050505,-0.010555791
7.575757575757575,0.101010101010101,-0.007873882
7.575757575757575,0.1515151515151515,-0.0031694626
7.575757575757575,0.202020202020202,-0.000930894
7.575757575757575,0.2525252525252525,-0.003923635
7.575757575757575,0.303030303030303,-0.019273264
7.575757575757575,0.3535353535353535,-0.009188507
7.575757575757575,0.404040404040404,0.01127413
7.575757575757575,0.4545454545454545,0.014187533
7.575757575757575,0.5050505050505051,-0.0030123433
7.575757575757575,0.5555555555555556,-0.016901737
7.575757575757575,0.6060606060606061,0.009281692
7.575757575757575,0.6565656565656566,-0.011235092
7.575757575757575,0.7070707070707071,-0.010524919
7.575757575757575,0.7575757575757576,-0.0044678273
7.575757575757575,0.8080808080808081,0.0052318806
7.575757575757575,0.8585858585858586,-0.0033875336
7.575757575757575,0.9090909090909092,-0.017577482
7.575757575757575,0.9595959595959596,-0.006524283
7.575757575757575,1.0101010101010102,0.008076578
7.575757575757575,1.0606060606060606,0.0044449097
7.575757575757575,1.1111111111111112,0.0012085723
7.575757575757575,1.1616161616161615,0.007943896
7.575757575757575,1.2121212121212122,-0.0026919697
7.575757575757575,1.2626262626262623,0.016320014
7.575757575757575,1.3131313131313131,0.014558833
7.575757575757575,1.3636363636363635,0.008513883
7.575757575757575,1.414141414141414,0.013052909
7.575757575757575,1.4646464646464643,0.008631715
7.575757575757575,1.5151515151515151,-0.0053796605
7.575757575757575,1.5656565656565655,0.0053914385
7.575757575757575,1.616161616161616,-0.0018788452
7.575757575757575,1.6666666666666667,-0.01650947
7.575757575757575,1.7171717171717171,0.0061965915
7.575757575757575,1.7676767676767675,-0.011270289
7.575757575757575,1.818181818181818,0.0040504686
7.575757575757575,1.8686868686868687,0.0021921862
7.575757575757575,1.9191919191919191,-0.011547995
7.575757575757575,1.9696969696969695,0.01519834
7.575757575757575,2.0202020202020203,-0.018380981
7.575757575757575,2.0707070707070705,0.012185363
7.575757575757575,2.121212121212121,-0.0018739583
7.575757575757575,2.171717171717172,0.010788237
7.575757575757575,2.2222222222222223,0.0014058129
7.575757575757575,2.2727272727272725,-0.009915912
7.575757575757575,2.323232323232323,-0.015487273
7.575757575757575,2.3737373737373737,-0.013351368
7.575757575757575,2.4242424242424243,-0.016684487
7.575757575757575,2.474747474747475,-0.0184798
7.575757575757575,2.525252525252525,0.00025999302
7.575757575757575,2.575757575757576,0.007676464
7.575757575757575,2.6262626262626263,-0.0010271973
7.575757575757575,2.676767676767677,-0.011638461
7.575757575757575,2.727272727272727,-0.0017423255
7.575757575757575,2.7777777777777777,-0.009778326
7.575757575757575,2.8282828282828283,0.00073844456
7.575757575757575,2.878787878787879,0.0021612935
7.575757575757575,2.929292929292929,-0.024143143
7.575757575757575,2.97979797979798,0.006280608
7.575757575757575,3.0303030303030303,0.006040344
7.575757575757575,3.080808080808081,-0.0006171113
7.575757575757575,3.131313131313131,-0.0027243954
7.575757575757575,3.1818181818181817,0.0205282
7.575757575757575,3.2323232323232323,-0.0066359094
7.575757575757575,3.282828282828283,0.0045864717
7.575757575757575,3.333333333333333,-0.016872136
7.575757575757575,3.383838383838384,0.00031868118
7.575757575757575,3.4343434343434343,-0.0024884779
7.575757575757575,3.484848484848485,-0.012434697
7.575757575757575,3.5353535353535355,0.016212447
7.575757575757575,3.5858585858585856,0.001512343
7.575757575757575,3.636363636363636,0.014580625
7.575757575757575,3.686868686868687,0.008593719
7.575757575757575,3.7373737373737375,0.004116729
7.575757575757575,3.787878787878788,-0.0038296466
7.575757575757575,3.8383838383838382,0.002071065
7.575757575757575,3.888888888888889,-0.008450275
7.575757575757575,3.939393939393939,0.002616454
7.575757575757575,3.9898989898989896,-0.007906077
7.575757575757575,4.040404040404041,-0.003534576
7.575757575757575,4.090909090909091,-0.0042795865
7.575757575757575,4.141414141414141,0.016889542
7.575757575757575,4.191919191919192,0.012128044
7.575757575757575,4.242424242424242,-0.00085170794
7.575757575757575,4.292929292929293,0.010406969
7.575757575757575,4.343434343434343,-0.005241701
7.575757575757575,4.393939393939394,-0.00513188
7.575757575757575,4.444444444444445,0.004295359
7.575757575757575,4.494949494949495,0.018150508
7.575757575757575,4.545454545454545,-0.011508614
7.575757575757575,4.595959595959596,-0.0030584629
7.575757575757575,4.646464646464646,0.0080767255
7.575757575757575,4.696969696969697,0.00795666
7.575757575757575,4.747474747474747,0.0022354657
7.575757575757575,4.797979797979798,-0.0005132211
7.575757575757575,4.848484848484849,0.0073803132
7.575757575757575,4.898989898989899,0.0150207905
7.575757575757575,4.94949494949495,0.0082055945
7.575757575757575,5.0,-0.0005669469
7.6767676767676765,0.0,-0.019874215
7.6767676767676765,0.0505050505050505,0.009982309
7.6767676767676765,0.101010101010101,3.2241227e-05
7.6767676767676765,0.1515151515151515,0.0007818755
7.6767676767676765,0.202020202020202,-0.010705228
7.6767676767676765,0.2525252525252525,-0.010210169
7.6767676767676765,0.303030303030303,0.017321866
7.6767676767676765,0.3535353535353535,0.0054200767
7.6767676767676765,0.404040404040404,0.0030537248
7.6767676767676765,0.4545454545454545,0.01136446
7.6767676767676765,0.5050505050505051,0.0068444777
7.6767676767676765,0.5555555555555556,0.0026910815
7.6767676767676765,0.6060606060606061,0.0082103405
7.6767676767676765,0.6565656565656566,0.0027511492
7.6767676767676765,0.7070707070707071,-0.0038933638
7.6767676767676765,0.7575757575757576,-0.002022609
7.6767676767676765,0.8080808080808081,0.020943014
7.6767676767676765,0.8585858585858586,-0.0038392742
7.6767676767676765,0.9090909090909092,0.005313023
7.6767676767676765,0.9595959595959596,0.025650343
7.6767676767676765,1.0101010101010102,-0.00066637894
7.6767676767676765,1.0606060606060606,-0.0008388976
7.6767676767676765,1.1111111111111112,0.00506919
7.6767676767676765,1.1616161616161615,-0.009045271
7.6767676767676765,1.2121212121212122,-0.0013790902
7.6767676767676765,1.2626262626262623,0.013361674
7.6767676767676765,1.3131313131313131,0.010657829
7.6767676767676765,1.3636363636363635,0.00938225
7.6767676767676765,1.414141414141414,-0.005762946
7.6767676767676765,1.4646464646464643,0.0026595842
7.6767676767676765,1.5151515151515151,-0.0051507675
7.6767676767676765,1.5656565656565655,0.018257
7.6767676767676765,1.616161616161616,0.009204496
7.6767676767676765,1.6666666666666667,0.000476162
7.6767676767676765,1.7171717171717171,0.0075020054
7.6767676767676765,1.7676767676767675,-0.016819013
7.6767676767676765,1.818181818181818,-0.00036870624
7.6767676767676765,1.8686868686868687,-0.00058542966
7.6767676767676765,1.9191919191919191,0.0066864914
7.6767676767676765,1.9696969696969695,-0.004365733
7.6767676767676765,2.0202020202020203,-0.023380324
7.6767676767676765,2.0707070707070705,0.018583957
7.6767676767676765,2.121212121212121,-0.017244456
7.6767676767676765,2.171717171717172,-0.002750453
7.6767676767676765,2.2222222222222223,0.004532167
7.6767676767676765,2.2727272727272725,0.012953895
7.6767676767676765,2.323232323232323,0.000587473
7.6767676767676765,2.3737373737373737,-0.008122622
7.6767676767676765,2.4242424242424243,-0.0017149198
7.6767676767676765,2.474747474747475,0.009732901
7.6767676767676765,2.525252525252525,-0.009835247
7.6767676767676765,2.575757575757576,0.0012940812
7.6767676767676765,2.6262626262626263,-0.011072023
7.6767676767676765,2.676767676767677,-0.0012957403
7.6767676767676765,2.727272727272727,0.010055799
7.6767676767676765,2.7777777777777777,-0.013748045
7.6767676767676765,2.8282828282828283,0.011979991
7.6767676767676765,2.878787878787879,-0.022044677
7.6767676767676765,2.929292929292929,-0.011458145
7.6767676767676765,2.97979797979798,-0.014537255
7.6767676767676765,3.0303030303030303,-0.0023849558
7.6767676767676765,3.080808080808081,-0.016215006
7.6767676767676765,3.131313131313131,-0.0031372113
7.6767676767676765,3.1818181818181817,-0.0072177593
7.6767676767676765,3.2323232323232323,-0.001940938
7.6767676767676765,3.282828282828283,-0.00072345964
7.6767676767676765,3.333333333333333,-0.007745716
7.6767676767676765,3.383838383838384,0.0026013355
7.6767676767676765,3.4343434343434343,0.012001798
7.6767676767676765,3.484848484848485,-0.010787457
7.6767676767676765,3.5353535353535355,0.012962092
7.6767676767676765,3.5858585858585856,-0.0018015773
7.6767676767676765,3.636363636363636,-0.019301295
7.6767676767676765,3.686868686868687,0.0028462305
7.6767676767676765,3.7373737373737375,0.007962567
7.6767676767676765,3.787878787878788,-0.0026019518
7.6767676767676765,3.8383838383838382,0.0030697566
7.6767676767676765,3.888888888888889,-0.0079912655
7.6767676767676765,3.939393939393939,0.006080788
7.6767676767676765,3.9898989898989896,-0.008028496
7.6767676767676765,4.040404040404041,-0.0005720788
7.6767676767676765,4.090909090909091,-0.0024344379
7.6767676767676765,4.141414141414141,0.009149489
7.6767676767676765,4.191919191919192,-0.021186335
7.6767676767676765,4.242424242424242,-0.012563103
7.6767676767676765,4.292929292929293,0.018411841
7.6767676767676765,4.343434343434343,0.008629192
7.6767676767676765,4.393939393939394,-0.019795472
7.6767676767676765,4.444444444444445,0.0041093826
7.6767676767676765,4.494949494949495,0.0005441644
7.6767676767676765,4.545454545454545,0.0024019105
7.6767676767676765,4.595959595959596,-0.0033817063
7.6767676767676765,4.646464646464646,-0.011024437
7.6767676767676765,4.696969696969697,0.002338138
7.6767676767676765,4.747474747474747,-0.004720325
7.6767676767676765,4.797979797979798,-0.013284554
7.6767676767676765,4.848484848484849,0.019493451
7.6767676767676765,4.898989898989899,0.007995835
7.6767676767676765,4.94949494949495,-0.00010960267
7.6767676767676765,5.0,-0.0013873476
7.777777777777778,0.0,-0.019486329
7.777777777777778,0.0505050505050505,-0.007052865
7.777777777777778,0.101010101010101,-0.009286442
7.777777777777778,0.1515151515151515,0.005382293
7.777777777777778,0.202020202020202,-0.019314585
7.777777777777778,0.2525252525252525,0.0017587143
7.777777777777778,0.303030303030303,0.012172441
7.777777777777778,0.3535353535353535,0.009002021
7.777777777777778,0.404040404040404,0.011507851
7.777777777777778,0.4545454545454545,0.00027491795
7.777777777777778,0.5050505050505051,-0.014959322
7.777777777777778,0.5555555555555556,-0.0018092378
7.777777777777778,0.6060606060606061,-0.016709322
7.777777777777778,0.6565656565656566,0.0037687414
7.777777777777778,0.7070707070707071,-0.018265145
7.777777777777778,0.7575757575757576,0.0048899734
7.777777777777778,0.8080808080808081,-0.0055806884
7.777777777777778,0.8585858585858586,0.003729448
7.777777777777778,0.9090909090909092,-0.0068785367
7.777777777777778,0.9595959595959596,-0.014576402
7.777777777777778,1.0101010101010102,-0.0061080437
7.777777777777778,1.0606060606060606,-0.0067617884
7.777777777777778,1.1111111111111112,-0.019144876
7.777777777777778,1.1616161616161615,0.009340372
7.777777777777778,1.2121212121212122,-0.004341937
7.777777777777778,1.2626262626262623,0.014776188
7.777777777777778,1.3131313131313131,0.0076932865
7.777777777777778,1.3636363636363635,0.023313344
7.777777777777778,1.414141414141414,-0.004670937
7.777777777777778,1.4646464646464643,0.005347719
7.777777777777778,1.5151515151515151,0.018560413
7.777777777777778,1.5656565656565655,-0.0011687782
7.777777777777778,1.616161616161616,0.006693155
7.777777777777778,1.6666666666666667,-0.00060952146
7.777777777777778,1.7171717171717171,-0.0014286321
7.777777777777778,1.7676767676767675,-0.013090907
7.777777777777778,1.818181818181818,0.00032584593
7.777777777777778,1.8686868686868687,0.014419122
7.777777777777778,1.9191919191919191,-0.0063306508
7.777777777777778,1.9696969696969695,-0.0003063541
7.777777777777778,2.0202020202020203,0.015843851
7.777777777777778,2.0707070707070705,-0.004675918
7.777777777777778,2.121212121212121,-0.0003230066
7.777777777777778,2.171717171717172,0.0072000003
7.777777777777778,2.2222222222222223,0.0051841573
7.777777777777778,2.2727272727272725,-0.004835424
7.777777777777778,2.323232323232323,0.013702333
7.777777777777778,2.3737373737373737,0.001882313
7.777777777777778,2.4242424242424243,-0.01295392
7.777777777777778,2.474747474747475,-0.0013154013
7.777777777777778,2.525252525252525,0.000895971
7.777777777777778,2.575757575757576,-0.0044053704
7.777777777777778,2.6262626262626263,0.002057698
7.777777777777778,2.676767676767677,-0.01006186
7.777777777777778,2.727272727272727,0.011124646
7.777777777777778,2.7777777777777777,-0.0074516665
7.777777777777778,2.8282828282828283,-0.009709926
7.777777777777778,2.878787878787879,-5.4891872e-05
7.777777777777778,2.929292929292929,0.008581771
7.777777777777778,2.97979797979798,0.00803221
7.777777777777778,3.0303030303030303,0.00905379
7.777777777777778,3.080808080808081,0.017206728
7.777777777777778,3.131313131313131,0.0032258097
7.777777777777778,3.1818181818181817,0.00549984
7.777777777777778,3.2323232323232323,-0.006421884
7.777777777777778,3.282828282828283,0.002286619
7.777777777777778,3.333333333333333,-0.00537037
7.777777777777778,3.383838383838384,0.0053352606
7.777777777777778,3.4343434343434343,-0.010596037
7.777777777777778,3.484848484848485,-0.022213569
7.777777777777778,3.5353535353535355,0.0070677125
7.777777777777778,3.5858585858585856,-0.0021388542
7.777777777777778,3.636363636363636,-0.0048952685
7.777777777777778,3.686868686868687,0.005013054
7.777777777777778,3.7373737373737375,-0.009222452
7.777777777777778,3.787878787878788,0.0015941572
7.777777777777778,3.8383838383838382,-0.0064893523
7.777777777777778,3.888888888888889,0.00490356
7.777777777777778,3.939393939393939,-0.0028043042
7.777777777777778,3.9898989898989896,0.009410037
7.777777777777778,4.040404040404041,-0.0011338216
7.777777777777778,4.090909090909091,-0.008615462
7.777777777777778,4.141414141414141,0.001382835
7.777777777777778,4.191919191919192,0.00013346405
7.777777777777778,4.242424242424242,0.0033505235
7.777777777777778,4.292929292929293,-0.0024309675
7.777777777777778,4.343434343434343,-0.0065055043
7.777777777777778,4.393939393939394,-0.0033003055
7.777777777777778,4.444444444444445,0.013748613
7.777777777777778,4.494949494949495,-0.010332028
7.777777777777778,4.545454545454545,0.0005953902
7.777777777777778,4.595959595959596,-0.0020764573
7.777777777777778,4.646464646464646,-0.009889133
7.777777777777778,4.696969696969697,-0.010607333
7.777777777777778,4.747474747474747,0.007062268
7.777777777777778,4.797979797979798,-0.0022877548
7.777777777777778,4.848484848484849,-0.00030369358
7.777777777777778,4.898989898989899,0.007900131
7.777777777777778,4.94949494949495,-0.0022298282
7.777777777777778,5.0,0.015081108
7.878787878787879,0.0,0.0059972215
7.878787878787879,0.0505050505050505,-0.0033899758
7.878787878787879,0.101010101010101,0.0015489509
7.878787878787879,0.1515151515151515,-0.0027943824
7.878787878787879,0.202020202020202,0.00870868
7.878787878787879,0.2525252525252525,0.0076262346
7.878787878787879,0.303030303030303,0.0069617685
7.878787878787879,0.3535353535353535,0.00440859
7.878787878787879,0.404040404040404,-0.0015868737
7.878787878787879,0.4545454545454545,0.016983613
7.878787878787879,0.5050505050505051,-0.0005595614
7.878787878787879,0.5555555555555556,-0.0045469725
7.878787878787879,0.6060606060606061,0.012942348
7.878787878787879,0.6565656565656566,0.001953326
7.878787878787879,0.7070707070707071,-0.017752778
7.878787878787879,0.7575757575757576,0.015089851
7.878787878787879,0.8080808080808081,-0.004761846
7.878787878787879,0.8585858585858586,0.011132714
7.878787878787879,0.9090909090909092,0.021900944
7.878787878787879,0.9595959595959596,0.0035306634
7.878787878787879,1.0101010101010102,0.0044739475
7.878787878787879,1.0606060606060606,0.0071916613
7.878787878787879,1.1111111111111112,-0.019299876
7.878787878787879,1.1616161616161615,0.009975112
7.878787878787879,1.2121212121212122,-0.013777537
7.878787878787879,1.2626262626262623,0.011541244
7.878787878787879,1.3131313131313131,-0.010929987
7.878787878787879,1.3636363636363635,-0.008713886
7.878787878787879,1.414141414141414,0.0022347309
7.878787878787879,1.4646464646464643,0.002528359
7.878787878787879,1.5151515151515151,0.0021688957
7.878787878787879,1.5656565656565655,0.0046998495
7.878787878787879,1.616161616161616,0.0032675457
7.878787878787879,1.6666666666666667,-0.00095395086
7.878787878787879,1.7171717171717171,-0.001826999
7.878787878787879,1.7676767676767675,0.0033828123
7.878787878787879,1.818181818181818,-0.006900221
7.878787878787879,1.8686868686868687,0.00047023315
7.878787878787879,1.9191919191919191,0.005487117
7.878787878787879,1.9696969696969695,-0.0199506
7.878787878787879,2.0202020202020203,-0.00948732
7.878787878787879,2.0707070707070705,-0.0028690589
7.878787878787879,2.121212121212121,-0.009024558
7.878787878787879,2.171717171717172,-0.015298161
7.878787878787879,2.2222222222222223,-0.012186867
7.878787878787879,2.2727272727272725,0.01145892
7.878787878787879,2.323232323232323,0.0020151415
7.878787878787879,2.3737373737373737,-0.004259152
7.878787878787879,2.4242424242424243,-0.001506912
7.878787878787879,2.474747474747475,-0.021062665
7.878787878787879,2.525252525252525,-0.006301612
7.878787878787879,2.575757575757576,0.012424034
7.878787878787879,2.6262626262626263,-0.00025852563
7.878787878787879,2.676767676767677,-0.005408519
7.878787878787879,2.727272727272727,-0.0034802994
7.878787878787879,2.7777777777777777,-0.007818117
7.878787878787879,2.8282828282828283,-0.0048852027
7.878787878787879,2.878787878787879,0.0071803504
7.878787878787879,2.929292929292929,0.018486416
7.878787878787879,2.97979797979798,-0.024315251
7.878787878787879,3.0303030303030303,-0.0047010556
7.878787878787879,3.080808080808081,0.00438073
7.878787878787879,3.131313131313131,0.0077026705
7.878787878787879,3.1818181818181817,-0.0014850955
7.878787878787879,3.2323232323232323,0.0024941391
7.878787878787879,3.282828282828283,0.0053944383
7.878787878787879,3.333333333333333,0.0005898291
7.878787878787879,3.383838383838384,0.002875377
7.878787878787879,3.4343434343434343,-0.0062532495
7.878787878787879,3.484848484848485,0.015168472
7.878787878787879,3.5353535353535355,-0.006100851
7.878787878787879,3.5858585858585856,-0.018375158
7.878787878787879,3.636363636363636,0.011845414
7.878787878787879,3.686868686868687,0.013882135
7.878787878787879,3.7373737373737375,0.0013712543
7.878787878787879,3.787878787878788,-0.008419946
7.878787878787879,3.8383838383838382,-0.016440988
7.878787878787879,3.888888888888889,-0.0006394191
7.878787878787879,3.939393939393939,-0.0020140195
7.878787878787879,3.9898989898989896,0.0029955718
7.878787878787879,4.040404040404041,-0.0135312565
7.878787878787879,4.090909090909091,0.008332006
7.878787878787879,4.141414141414141,-0.0013048399
7.878787878787879,4.191919191919192,0.0058363955
7.878787878787879,4.242424242424242,-0.0038578329
7.878787878787879,4.292929292929293,-0.016579194
7.878787878787879,4.343434343434343,-0.0022729493
7.878787878787879,4.393939393939394,0.006312239
7.878787878787879,4.444444444444445,-0.0015819756
7.878787878787879,4.494949494949495,-0.0019969225
7.878787878787879,4.545454545454545,0.0046645263
7.878787878787879,4.595959595959596,0.005603392
7.878787878787879,4.646464646464646,0.009167395
7.878787878787879,4.696969696969697,-0.01983752
7.878787878787879,4.747474747474747,-0.00015853818
7.878787878787879,4.797979797979798,0.00033756232
7.878787878787879,4.848484848484849,-0.014661212
7.878787878787879,4.898989898989899,-0.0032681238
7.878787878787879,4.94949494949495,-0.0059295585
7.878787878787879,5.0,0.008652521
7.979797979797979,0.0,0.004256573
7.979797979797979,0.0505050505050505,-0.002335445
7.979797979797979,0.101010101010101,-0.0071753063
7.979797979797979,0.1515151515151515,-0.022448406
7.979797979797979,0.202020202020202,0.0055248025
7.979797979797979,0.2525252525252525,0.008857057
7.979797979797979,0.303030303030303,-0.013390332
7.979797979797979,0.3535353535353535,-0.0040026964
7.979797979797979,0.404040404040404,0.0074689863
7.979797979797979,0.4545454545454545,-0.0039048723
7.979797979797979,0.5050505050505051,0.007475174
7.979797979797979,0.5555555555555556,-0.004455646
7.979797979797979,0.6060606060606061,0.010798193
7.979797979797979,0.6565656565656566,0.02620593
7.979797979797979,0.7070707070707071,0.0068642288
7.979797979797979,0.7575757575757576,0.015354714
7.979797979797979,0.8080808080808081,-0.0019500683
7.979797979797979,0.8585858585858586,-0.014005751
7.979797979797979,0.9090909090909092,0.004377126
7.979797979797979,0.9595959595959596,-0.0005925628
7.979797979797979,1.0101010101010102,0.01814086
7.979797979797979,1.0606060606060606,0.00951407
7.979797979797979,1.1111111111111112,-0.01203335
7.979797979797979,1.1616161616161615,-0.0051428843
7.979797979797979,1.2121212121212122,-0.008533352
7.979797979797979,1.2626262626262623,-0.005986783
7.979797979797979,1.3131313131313131,-0.0029865934
7.979797979797979,1.3636363636363635,-0.0071901344
7.979797979797979,1.414141414141414,-0.014356969
7.979797979797979,1.4646464646464643,0.0063409084
7.979797979797979,1.5151515151515151,-0.0054079248
7.979797979797979,1.5656565656565655,0.01326453
7.979797979797979,1.616161616161616,0.0029634354
7.979797979797979,1.6666666666666667,0.0017156629
7.979797979797979,1.7171717171717171,0.008127212
7.979797979797979,1.7676767676767675,-0.006369061
7.979797979797979,1.818181818181818,-0.01346676
7.979797979797979,1.8686868686868687,0.0065217605
7.979797979797979,1.9191919191919191,-0.013508291
7.979797979797979,1.9696969696969695,0.021090852
7.979797979797979,2.0202020202020203,-0.008325138
7.979797979797979,2.0707070707070705,-0.009411794
7.979797979797979,2.121212121212121,-0.008664024
7.979797979797979,2.171717171717172,0.003974232
7.979797979797979,2.2222222222222223,0.0033468786
7.979797979797979,2.2727272727272725,0.0023106975
7.979797979797979,2.323232323232323,-0.012114312
7.979797979797979,2.3737373737373737,-0.012591102
7.979797979797979,2.4242424242424243,-0.00010216501
7.979797979797979,2.474747474747475,0.009779313
7.979797979797979,2.525252525252525,0.0007485913
7.979797979797979,2.575757575757576,-0.018819597
7.979797979797979,2.6262626262626263,0.019783128
7.979797979797979,2.676767676767677,0.003803824
7.979797979797979,2.727272727272727,0.00041838654
7.979797979797979,2.7777777777777777,0.0028444666
7.979797979797979,2.8282828282828283,-0.021614712
7.979797979797979,2.878787878787879,-0.005391823
7.979797979797979,2.929292929292929,0.0030410865
7.979797979797979,2.97979797979798,-0.0035033454
7.979797979797979,3.0303030303030303,0.011711049
7.979797979797979,3.080808080808081,-0.008915714
7.979797979797979,3.131313131313131,0.017047383
7.979797979797979,3.1818181818181817,-0.017130809
7.979797979797979,3.2323232323232323,0.01091896
7.979797979797979,3.282828282828283,0.019015947
7.979797979797979,3.333333333333333,-0.0029939492
7.979797979797979,3.383838383838384,0.0024317594
7.979797979797979,3.4343434343434343,-0.005523358
7.979797979797979,3.484848484848485,-0.0073259408
7.979797979797979,3.5353535353535355,0.005038687
7.979797979797979,3.5858585858585856,-0.0018185996
7.979797979797979,3.636363636363636,-0.007621927
7.979797979797979,3.686868686868687,-0.008477222
7.979797979797979,3.7373737373737375,0.0066410713
7.979797979797979,3.787878787878788,0.023913745
7.979797979797979,3.8383838383838382,0.004669826
7.979797979797979,3.888888888888889,0.007512773
7.979797979797979,3.939393939393939,-0.0038456675
7.979797979797979,3.9898989898989896,-0.00066300307
7.979797979797979,4.040404040404041,0.0069459877
7.979797979797979,4.090909090909091,-0.007470712
7.979797979797979,4.141414141414141,0.0020769804
7.979797979797979,4.191919191919192,-0.0012689319
7.979797979797979,4.242424242424242,-0.011077787
7.979797979797979,4.292929292929293,0.015005163
7.979797979797979,4.343434343434343,0.0052925926
7.979797979797979,4.393939393939394,-0.01558287
7.979797979797979,4.444444444444445,-0.0022035346
7.979797979797979,4.494949494949495,-0.008878109
7.979797979797979,4.545454545454545,-0.0023165415
7.979797979797979,4.595959595959596,-0.0048117326
7.979797979797979,4.646464646464646,-0.00878404
7.979797979797979,4.696969696969697,0.00039074742
7.979797979797979,4.747474747474747,0.0003500647
7.979797979797979,4.797979797979798,-0.013603416
7.979797979797979,4.848484848484849,-0.0037147764
7.979797979797979,4.898989898989899,-0.00040006835
7.979797979797979,4.94949494949495,0.0058461498
7.979797979797979,5.0,0.005806361
8.080808080808081,0.0,0.002778542
8.080808080808081,0.0505050505050505,0.0073419535
8.080808080808081,0.101010101010101,-0.0037356482
8.080808080808081,0.1515151515151515,-0.0039519346
8.080808080808081,0.202020202020202,-0.012448597
8.080808080808081,0.2525252525252525,-0.004259602
8.080808080808081,0.303030303030303,-0.009261073
8.080808080808081,0.3535353535353535,0.0033485373
8.080808080808081,0.404040404040404,0.010248674
8.080808080808081,0.4545454545454545,-0.006913897
8.080808080808081,0.5050505050505051,-0.005325083
8.080808080808081,0.5555555555555556,-0.020061066
8.080808080808081,0.6060606060606061,0.0053749816
8.080808080808081,0.6565656565656566,0.004246957
8.080808080808081,0.7070707070707071,-0.0039820797
8.080808080808081,0.7575757575757576,0.0043050935
8.080808080808081,0.8080808080808081,-0.00069639145
8.080808080808081,0.8585858585858586,-0.019186826
8.080808080808081,0.9090909090909092,-0.011858599
8.080808080808081,0.9595959595959596,0.013959893
8.080808080808081,1.0101010101010102,0.003179024
8.080808080808081,1.0606060606060606,0.01048527
8.080808080808081,1.1111111111111112,-0.008889532
8.080808080808081,1.1616161616161615,-0.0014948477
8.080808080808081,1.2121212121212122,0.000115214556
8.080808080808081,1.2626262626262623,-0.0036487423
8.080808080808081,1.3131313131313131,-0.0014563268
8.080808080808081,1.3636363636363635,0.011415577
8.080808080808081,1.414141414141414,0.020192318
8.080808080808081,1.4646464646464643,-0.011988294
8.080808080808081,1.5151515151515151,-0.00089694007
8.080808080808081,1.5656565656565655,0.010135099
8.080808080808081,1.616161616161616,-0.005187065
8.080808080808081,1.6666666666666667,0.0080090165
8.080808080808081,1.7171717171717171,-0.007448427
8.080808080808081,1.7676767676767675,0.019110214
8.080808080808081,1.818181818181818,0.0032271834
8.080808080808081,1.8686868686868687,-0.005433308
8.080808080808081,1.9191919191919191,-0.020223824
8.080808080808081,1.9696969696969695,0.007815577
8.080808080808081,2.0202020202020203,0.018362489
8.080808080808081,2.0707070707070705,-0.0047440794
8.080808080808081,2.121212121212121,-0.0038593148
8.080808080808081,2.171717171717172,0.0036727604
8.080808080808081,2.2222222222222223,0.0034480111
8.080808080808081,2.2727272727272725,0.0055541317
8.080808080808081,2.323232323232323,0.0035217123
8.080808080808081,2.3737373737373737,0.007673864
8.080808080808081,2.4242424242424243,0.0074501825
8.080808080808081,2.474747474747475,0.014870533
8.080808080808081,2.525252525252525,-0.0005145475
8.080808080808081,2.575757575757576,0.0025272914
8.080808080808081,2.6262626262626263,0.007950484
8.080808080808081,2.676767676767677,0.012641831
8.080808080808081,2.727272727272727,-0.00040396556
8.080808080808081,2.7777777777777777,-0.0019124413
8.080808080808081,2.8282828282828283,-0.004378064
8.080808080808081,2.878787878787879,-9.368259e-05
8.080808080808081,2.929292929292929,0.002567961
8.080808080808081,2.97979797979798,-3.0752984e-05
8.080808080808081,3.0303030303030303,-0.011646342
8.080808080808081,3.080808080808081,-0.004601042
8.080808080808081,3.131313131313131,0.0018153297
8.080808080808081,3.1818181818181817,0.0018499712
8.080808080808081,3.2323232323232323,0.007205038
8.080808080808081,3.282828282828283,-0.0028325424
8.080808080808081,3.333333333333333,0.00093731
8.080808080808081,3.383838383838384,0.016573755
8.080808080808081,3.4343434343434343,0.011299828
8.080808080808081,3.484848484848485,0.006332632
8.080808080808081,3.5353535353535355,0.0023538992
8.080808080808081,3.5858585858585856,0.000846077
8.080808080808081,3.636363636363636,0.016273547
8.080808080808081,3.686868686868687,0.014943406
8.080808080808081,3.7373737373737375,0.004516902
8.080808080808081,3.787878787878788,0.006814153
8.080808080808081,3.8383838383838382,-0.027387835
8.080808080808081,3.888888888888889,-0.00043744355
8.080808080808081,3.939393939393939,-0.0013210587
8.080808080808081,3.9898989898989896,-0.0020210233
8.080808080808081,4.040404040404041,-0.001481992
8.080808080808081,4.090909090909091,-0.002067626
8.080808080808081,4.141414141414141,-0.004151967
8.080808080808081,4.191919191919192,-0.0056130807
8.080808080808081,4.242424242424242,-0.015219647
8.080808080808081,4.292929292929293,-0.0068677994
8.080808080808081,4.343434343434343,-0.012074375
8.080808080808081,4.393939393939394,0.0027414626
8.080808080808081,4.444444444444445,0.015931971
8.080808080808081,4.494949494949495,0.008239222
8.080808080808081,4.545454545454545,0.0017494884
8.080808080808081,4.595959595959596,0.0037811676
8.080808080808081,4.646464646464646,-0.005250972
8.080808080808081,4.696969696969697,0.011867751
8.080808080808081,4.747474747474747,0.0044894055
8.080808080808081,4.797979797979798,0.0060208826
8.080808080808081,4.848484848484849,0.00082709803
8.080808080808081,4.898989898989899,0.003816434
8.080808080808081,4.94949494949495,-0.010023962
8.080808080808081,5.0,-0.0022075707
8.181818181818182,0.0,-0.0065251654
8.181818181818182,0.0505050505050505,-0.024851378
8.181818181818182,0.101010101010101,0.006142761
8.181818181818182,0.1515151515151515,0.009891844
8.181818181818182,0.202020202020202,-0.016560538
8.181818181818182,0.2525252525252525,0.001756712
8.181818181818182,0.303030303030303,0.008857656
8.181818181818182,0.3535353535353535,0.00022398322
8.181818181818182,0.404040404040404,-0.0024084076
8.181818181818182,0.4545454545454545,0.014238217
8.181818181818182,0.5050505050505051,0.008160249
8.181818181818182,0.5555555555555556,0.0026553539
8.181818181818182,0.6060606060606061,-0.0023162956
8.181818181818182,0.6565656565656566,0.020548308
8.181818181818182,0.7070707070707071,0.004368107
8.181818181818182,0.7575757575757576,0.011093195
8.181818181818182,0.8080808080808081,0.01684391
8.181818181818182,0.8585858585858586,-0.001141566
8.181818181818182,0.9090909090909092,0.0037000924
8.181818181818182,0.9595959595959596,0.0025122147
8.181818181818182,1.0101010101010102,0.01163751
8.181818181818182,1.0606060606060606,-0.008765969
8.181818181818182,1.1111111111111112,-0.0067370483
8.181818181818182,1.1616161616161615,-0.0065271417
8.181818181818182,1.2121212121212122,-0.0075391317
8.181818181818182,1.2626262626262623,-0.0010021805
8.181818181818182,1.3131313131313131,-0.023608897
8.181818181818182,1.3636363636363635,0.022464849
8.181818181818182,1.414141414141414,-0.013241872
8.181818181818182,1.4646464646464643,-0.001972821
8.181818181818182,1.5151515151515151,0.0029198723
8.181818181818182,1.5656565656565655,-0.01213263
8.181818181818182,1.616161616161616,0.007370628
8.181818181818182,1.6666666666666667,0.009276221
8.181818181818182,1.7171717171717171,0.006291629
8.181818181818182,1.7676767676767675,-0.0023619088
8.181818181818182,1.818181818181818,-0.00022938488
8.181818181818182,1.8686868686868687,-0.027809188
8.181818181818182,1.9191919191919191,-0.008419364
8.181818181818182,1.9696969696969695,-0.0067213783
8.181818181818182,2.0202020202020203,0.0013255943
8.181818181818182,2.0707070707070705,-0.01203613
8.181818181818182,2.121212121212121,0.013335301
8.181818181818182,2.171717171717172,-0.020355199
8.181818181818182,2.2222222222222223,0.002778891
8.181818181818182,2.2727272727272725,0.003914109
8.181818181818182,2.323232323232323,-0.0066960133
8.181818181818182,2.3737373737373737,-0.0008302459
8.181818181818182,2.4242424242424243,0.00069178484
8.181818181818182,2.474747474747475,-0.0026345532
8.181818181818182,2.525252525252525,0.0074213627
8.181818181818182,2.575757575757576,0.0028996835
8.181818181818182,2.6262626262626263,-0.004380805
8.181818181818182,2.676767676767677,-0.013862486
8.181818181818182,2.727272727272727,-0.0077125356
8.181818181818182,2.7777777777777777,-0.0031686204
8.181818181818182,2.8282828282828283,-0.016128872
8.181818181818182,2.878787878787879,-0.009478936
8.181818181818182,2.929292929292929,-0.003737842
8.181818181818182,2.97979797979798,-0.008723973
8.181818181818182,3.0303030303030303,0.007443948
8.181818181818182,3.080808080808081,-0.0017409076
8.181818181818182,3.131313131313131,-0.009177995
8.181818181818182,3.1818181818181817,-0.021325346
8.181818181818182,3.2323232323232323,-0.0041317046
8.181818181818182,3.282828282828283,-0.0047646347
8.181818181818182,3.333333333333333,0.0050317985
8.181818181818182,3.383838383838384,0.002704333
8.181818181818182,3.4343434343434343,-0.00043285996
8.181818181818182,3.484848484848485,0.010355928
8.181818181818182,3.5353535353535355,0.013417055
8.181818181818182,3.5858585858585856,-0.0011890244
8.181818181818182,3.636363636363636,-0.0007687754
8.181818181818182,3.686868686868687,0.0059474665
8.181818181818182,3.7373737373737375,0.0057237213
8.181818181818182,3.787878787878788,0.026638305
8.181818181818182,3.8383838383838382,-0.011070211
8.181818181818182,3.888888888888889,0.01026766
8.181818181818182,3.939393939393939,0.0028653361
8.181818181818182,3.9898989898989896,-0.0010950179
8.181818181818182,4.040404040404041,0.023805419
8.181818181818182,4.090909090909091,-0.004191719
8.181818181818182,4.141414141414141,0.0068311626
8.181818181818182,4.191919191919192,0.017866971
8.181818181818182,4.242424242424242,-0.0002269979
8.181818181818182,4.292929292929293,0.007491136
8.181818181818182,4.343434343434343,-0.011757766
8.181818181818182,4.393939393939394,0.0026725188
8.181818181818182,4.444444444444445,-0.0022947388
8.181818181818182,4.494949494949495,0.005409282
8.181818181818182,4.545454545454545,0.0069398154
8.181818181818182,4.595959595959596,0.01856332
8.181818181818182,4.646464646464646,-0.007977822
8.181818181818182,4.696969696969697,0.010260933
8.181818181818182,4.747474747474747,0.011465468
8.181818181818182,4.797979797979798,8.7531356e-05
8.181818181818182,4.848484848484849,-0.0030345868
8.181818181818182,4.898989898989899,-0.0107232565
8.181818181818182,4.94949494949495,-0.0013236935
8.181818181818182,5.0,0.010314196
8.282828282828282,0.0,-0.008721564
8.282828282828282,0.0505050505050505,0.0018639108
8.282828282828282,0.101010101010101,0.01756929
8.282828282828282,0.1515151515151515,0.012286991
8.282828282828282,0.202020202020202,0.0059398212
8.282828282828282,0.2525252525252525,0.0068849465
8.282828282828282,0.303030303030303,-0.005112751
8.282828282828282,0.3535353535353535,0.008036489
8.282828282828282,0.404040404040404,0.015612283
8.282828282828282,0.4545454545454545,-0.005413697
8.282828282828282,0.5050505050505051,-0.009857931
8.282828282828282,0.5555555555555556,-0.0068335617
8.282828282828282,0.6060606060606061,-0.0032688566
8.282828282828282,0.6565656565656566,-0.00832155
8.282828282828282,0.7070707070707071,0.019630518
8.282828282828282,0.7575757575757576,0.005921814
8.282828282828282,0.8080808080808081,-0.006365259
8.282828282828282,0.8585858585858586,-0.0019995722
8.282828282828282,0.9090909090909092,-0.021503799
8.282828282828282,0.9595959595959596,0.001274123
8.282828282828282,1.0101010101010102,0.0037832859
8.282828282828282,1.0606060606060606,0.017934032
8.282828282828282,1.1111111111111112,0.009434896
8.282828282828282,1.1616161616161615,-0.0067235515
8.282828282828282,1.2121212121212122,0.007305397
8.282828282828282,1.2626262626262623,0.022495683
8.282828282828282,1.3131313131313131,0.0011136931
8.282828282828282,1.3636363636363635,-0.028413752
8.282828282828282,1.414141414141414,-0.008056258
8.282828282828282,1.4646464646464643,0.014204752
8.282828282828282,1.5151515151515151,0.008032902
8.282828282828282,1.5656565656565655,0.0074475133
8.282828282828282,1.616161616161616,-0.015367748
8.282828282828282,1.6666666666666667,-0.010531069
8.282828282828282,1.7171717171717171,0.0006793759
8.282828282828282,1.7676767676767675,-0.014702606
8.282828282828282,1.818181818181818,-0.017135277
8.282828282828282,1.8686868686868687,0.00072755653
8.282828282828282,1.9191919191919191,-0.0016361964
8.282828282828282,1.9696969696969695,-0.01810411
8.282828282828282,2.0202020202020203,0.0014328131
8.282828282828282,2.0707070707070705,0.0016073139
8.282828282828282,2.121212121212121,0.0072218305
8.282828282828282,2.171717171717172,-0.018005876
8.282828282828282,2.2222222222222223,0.014340768
8.282828282828282,2.2727272727272725,-0.0046598315
8.282828282828282,2.323232323232323,0.0062112124
8.282828282828282,2.3737373737373737,0.00017969879
8.282828282828282,2.4242424242424243,-0.0043220916
8.282828282828282,2.474747474747475,-0.0034770817
8.282828282828282,2.525252525252525,0.00973678
8.282828282828282,2.575757575757576,0.011764115
8.282828282828282,2.6262626262626263,-0.0012562298
8.282828282828282,2.676767676767677,0.012133569
8.282828282828282,2.727272727272727,0.009353993
8.282828282828282,2.7777777777777777,-0.0007802137
8.282828282828282,2.8282828282828283,-0.014647196
8.282828282828282,2.878787878787879,-0.01957121
8.282828282828282,2.929292929292929,0.0010173093
8.282828282828282,2.97979797979798,-0.003440544
8.282828282828282,3.0303030303030303,0.012444955
8.282828282828282,3.080808080808081,0.00057037495
8.282828282828282,3.131313131313131,0.009481422
8.282828282828282,3.1818181818181817,0.009635106
8.282828282828282,3.2323232323232323,0.0069314544
8.282828282828282,3.282828282828283,0.012281692
8.282828282828282,3.333333333333333,0.008122485
8.282828282828282,3.383838383838384,-0.013509595
8.282828282828282,3.4343434343434343,-0.0062316936
8.282828282828282,3.484848484848485,0.021779021
8.282828282828282,3.5353535353535355,0.01459807
8.282828282828282,3.5858585858585856,-0.009968167
8.282828282828282,3.636363636363636,-0.00088425475
8.282828282828282,3.686868686868687,-0.0035750847
8.282828282828282,3.7373737373737375,-0.017775923
8.282828282828282,3.787878787878788,0.00029816045
8.282828282828282,3.8383838383838382,0.003638566
8.282828282828282,3.888888888888889,-0.007048423
8.282828282828282,3.939393939393939,0.007806423
8.282828282828282,3.9898989898989896,0.012412779
8.282828282828282,4.040404040404041,-0.012911436
8.282828282828282,4.090909090909091,0.006971865
8.282828282828282,4.141414141414141,0.005588057
8.282828282828282,4.191919191919192,0.0043986095
8.282828282828282,4.242424242424242,0.006742097
8.282828282828282,4.292929292929293,-0.005763672
8.282828282828282,4.343434343434343,-0.008451021
8.282828282828282,4.393939393939394,-0.005701018
8.282828282828282,4.444444444444445,-0.0037457426
8.282828282828282,4.494949494949495,0.004300782
8.282828282828282,4.545454545454545,-0.00612854
8.282828282828282,4.595959595959596,-0.011323478
8.282828282828282,4.646464646464646,-0.001000999
8.282828282828282,4.696969696969697,0.013949869
8.282828282828282,4.747474747474747,0.022390954
8.282828282828282,4.797979797979798,-0.004463383
8.282828282828282,4.848484848484849,-0.0030372103
8.282828282828282,4.898989898989899,-0.015758287
8.282828282828282,4.94949494949495,-0.0068768393
8.282828282828282,5.0,0.0008256628
8.383838383838384,0.0,0.011377604
8.383838383838384,0.0505050505050505,0.018511396
8.383838383838384,0.101010101010101,0.0011072598
8.383838383838384,0.1515151515151515,0.00027208665
8.383838383838384,0.202020202020202,-0.0034830219
8.383838383838384,0.2525252525252525,-0.0033875469
8.383838383838384,0.303030303030303,0.0065079033
8.383838383838384,0.3535353535353535,0.021759553
8.383838383838384,0.404040404040404,0.0032101981
8.383838383838384,0.4545454545454545,0.013262187
8.383838383838384,0.5050505050505051,0.0041160714
8.383838383838384,0.5555555555555556,0.011093289
8.383838383838384,0.6060606060606061,0.007825479
8.383838383838384,0.6565656565656566,-0.013453346
8.383838383838384,0.7070707070707071,-0.005075151
8.383838383838384,0.7575757575757576,-0.0045029926
8.383838383838384,0.8080808080808081,0.0046417406
8.383838383838384,0.8585858585858586,-0.019985588
8.383838383838384,0.9090909090909092,-0.0074090837
8.383838383838384,0.9595959595959596,0.0070106243
8.383838383838384,1.0101010101010102,-0.013938172
8.383838383838384,1.0606060606060606,0.008465547
8.383838383838384,1.1111111111111112,-0.01719148
8.383838383838384,1.1616161616161615,0.005333135
8.383838383838384,1.2121212121212122,-0.011904173
8.383838383838384,1.2626262626262623,0.003420745
8.383838383838384,1.3131313131313131,-0.0030019544
8.383838383838384,1.3636363636363635,0.010044896
8.383838383838384,1.414141414141414,0.0069228914
8.383838383838384,1.4646464646464643,0.010484875
8.383838383838384,1.5151515151515151,-0.0015103018
8.383838383838384,1.5656565656565655,-0.022976927
8.383838383838384,1.616161616161616,-0.0012443467
8.383838383838384,1.6666666666666667,-0.0079963375
8.383838383838384,1.7171717171717171,0.007430132
8.383838383838384,1.7676767676767675,-0.008086096
8.383838383838384,1.818181818181818,-0.005073367
8.383838383838384,1.8686868686868687,-0.0069348323
8.383838383838384,1.9191919191919191,0.008880488
8.383838383838384,1.9696969696969695,-0.015326682
8.383838383838384,2.0202020202020203,-0.0049719345
8.383838383838384,2.0707070707070705,0.005914135
8.383838383838384,2.121212121212121,0.011191374
8.383838383838384,2.171717171717172,0.0015398634
8.383838383838384,2.2222222222222223,-0.012935089
8.383838383838384,2.2727272727272725,-0.0057088607
8.383838383838384,2.323232323232323,0.01383413
8.383838383838384,2.3737373737373737,0.0062519694
8.383838383838384,2.4242424242424243,-0.0065228427
8.383838383838384,2.474747474747475,-0.008380246
8.383838383838384,2.525252525252525,-0.012592163
8.383838383838384,2.575757575757576,0.0031412968
8.383838383838384,2.6262626262626263,0.00519009
8.383838383838384,2.676767676767677,0.005709442
8.383838383838384,2.727272727272727,0.016640054
8.383838383838384,2.7777777777777777,0.021911902
8.383838383838384,2.8282828282828283,-0.009768599
8.383838383838384,2.878787878787879,-0.018607846
8.383838383838384,2.929292929292929,-0.0023924713
8.383838383838384,2.97979797979798,0.0056434185
8.383838383838384,3.0303030303030303,0.0033930577
8.383838383838384,3.080808080808081,0.015300394
8.383838383838384,3.131313131313131,0.026910326
8.383838383838384,3.1818181818181817,0.006581173
8.383838383838384,3.2323232323232323,-0.011971418
8.383838383838384,3.282828282828283,-0.019604664
8.383838383838384,3.333333333333333,-0.007572481
8.383838383838384,3.383838383838384,-0.010059766
8.383838383838384,3.4343434343434343,-0.004608847
8.383838383838384,3.484848484848485,-0.0077026114
8.383838383838384,3.5353535353535355,-0.013131576
8.383838383838384,3.5858585858585856,-0.0005098711
8.383838383838384,3.636363636363636,0.014956646
8.383838383838384,3.686868686868687,0.008451079
8.383838383838384,3.7373737373737375,-0.004244852
8.383838383838384,3.787878787878788,0.013252272
8.383838383838384,3.8383838383838382,-0.0004667817
8.383838383838384,3.888888888888889,-0.005346533
8.383838383838384,3.939393939393939,0.016594328
8.383838383838384,3.9898989898989896,-0.0034037086
8.383838383838384,4.040404040404041,-0.012554861
8.383838383838384,4.090909090909091,-0.01186705
8.383838383838384,4.141414141414141,0.0013201685
8.383838383838384,4.191919191919192,0.0034073526
8.383838383838384,4.242424242424242,-0.02676281
8.383838383838384,4.292929292929293,-0.0141618615
8.383838383838384,4.343434343434343,0.013185614
8.383838383838384,4.393939393939394,-0.0021153023
8.383838383838384,4.444444444444445,-0.0103164585
8.383838383838384,4.494949494949495,0.01673021
8.383838383838384,4.545454545454545,0.017247807
8.383838383838384,4.595959595959596,0.009333771
8.383838383838384,4.646464646464646,-0.013966127
8.383838383838384,4.696969696969697,0.0018160479
8.383838383838384,4.747474747474747,-0.020046974
8.383838383838384,4.797979797979798,-0.014949337
8.383838383838384,4.848484848484849,0.0059594647
8.383838383838384,4.898989898989899,-0.003635046
8.383838383838384,4.94949494949495,-0.0022756958
8.383838383838384,5.0,-0.006242551
8.484848484848484,0.0,-0.007193115
8.484848484848484,0.0505050505050505,-0.00070994825
8.484848484848484,0.101010101010101,-0.0073833656
8.484848484848484,0.1515151515151515,-0.0070516635
8.484848484848484,0.202020202020202,0.0045421976
8.484848484848484,0.2525252525252525,0.0026176448
8.484848484848484,0.303030303030303,-0.012157589
8.484848484848484,0.3535353535353535,-0.0025591021
8.484848484848484,0.404040404040404,-0.01124182
8.484848484848484,0.4545454545454545,0.012277945
8.484848484848484,0.5050505050505051,0.0002917253
8.484848484848484,0.5555555555555556,0.018709052
8.484848484848484,0.6060606060606061,-0.00311555
8.484848484848484,0.6565656565656566,0.002730621
8.484848484848484,0.7070707070707071,-0.007915363
8.484848484848484,0.7575757575757576,-0.00011404871
8.484848484848484,0.8080808080808081,-0.0013276085
8.484848484848484,0.8585858585858586,0.0186727
8.484848484848484,0.9090909090909092,0.00707289
8.484848484848484,0.9595959595959596,-0.0017224977
8.484848484848484,1.0101010101010102,-0.00010970978
8.484848484848484,1.0606060606060606,-0.005859563
8.484848484848484,1.1111111111111112,0.020283982
8.484848484848484,1.1616161616161615,-0.001150817
8.484848484848484,1.2121212121212122,0.0017730084
8.484848484848484,1.2626262626262623,0.009313292
8.484848484848484,1.3131313131313131,-0.011518586
8.484848484848484,1.3636363636363635,0.004223569
8.484848484848484,1.414141414141414,0.0008605599
8.484848484848484,1.4646464646464643,-0.014867496
8.484848484848484,1.5151515151515151,-0.008434724
8.484848484848484,1.5656565656565655,-0.009810561
8.484848484848484,1.616161616161616,0.003518472
8.484848484848484,1.6666666666666667,0.01342134
8.484848484848484,1.7171717171717171,0.010194528
8.484848484848484,1.7676767676767675,-0.010779692
8.484848484848484,1.818181818181818,0.0077118673
8.484848484848484,1.8686868686868687,0.0046834904
8.484848484848484,1.9191919191919191,-0.0072195637
8.484848484848484,1.9696969696969695,-0.007201
8.484848484848484,2.0202020202020203,-0.013939331
8.484848484848484,2.0707070707070705,0.019778902
8.484848484848484,2.121212121212121,0.006587372
8.484848484848484,2.171717171717172,0.007485946
8.484848484848484,2.2222222222222223,-0.008065506
8.484848484848484,2.2727272727272725,0.0044040624
8.484848484848484,2.323232323232323,0.011274018
8.484848484848484,2.3737373737373737,0.0017676444
8.484848484848484,2.4242424242424243,-0.004462187
8.484848484848484,2.474747474747475,0.011843849
8.484848484848484,2.525252525252525,-0.01675591
8.484848484848484,2.575757575757576,-0.006371254
8.484848484848484,2.6262626262626263,-0.00614012
8.484848484848484,2.676767676767677,0.00046396043
8.484848484848484,2.727272727272727,-0.0041010836
8.484848484848484,2.7777777777777777,-0.0057263323
8.484848484848484,2.8282828282828283,0.006794228
8.484848484848484,2.878787878787879,0.0112357875
8.484848484848484,2.929292929292929,-0.016474247
8.484848484848484,2.97979797979798,0.015933817
8.484848484848484,3.0303030303030303,-0.007915603
8.484848484848484,3.080808080808081,0.004745154
8.484848484848484,3.131313131313131,0.0011929478
8.484848484848484,3.1818181818181817,0.007931173
8.484848484848484,3.2323232323232323,-0.016798636
8.484848484848484,3.282828282828283,-0.0018157167
8.484848484848484,3.333333333333333,0.0010119784
8.484848484848484,3.383838383838384,-0.0042478293
8.484848484848484,3.4343434343434343,-0.0006213635
8.484848484848484,3.484848484848485,-0.0104438
8.484848484848484,3.5353535353535355,0.008785351
8.484848484848484,3.5858585858585856,-0.0119869495
8.484848484848484,3.636363636363636,-0.006851797
8.484848484848484,3.686868686868687,-0.002373685
8.484848484848484,3.7373737373737375,0.008433381
8.484848484848484,3.787878787878788,0.012985794
8.484848484848484,3.8383838383838382,-0.009412797
8.484848484848484,3.888888888888889,-0.0051149363
8.484848484848484,3.939393939393939,-0.016933944
8.484848484848484,3.9898989898989896,0.0050834506
8.484848484848484,4.040404040404041,-0.025458483
8.484848484848484,4.090909090909091,-0.0026584622
8.484848484848484,4.141414141414141,-0.0023985573
8.484848484848484,4.191919191919192,0.006579165
8.484848484848484,4.242424242424242,0.0021163486
8.484848484848484,4.292929292929293,0.00016201235
8.484848484848484,4.343434343434343,0.00402681
8.484848484848484,4.393939393939394,-0.011960516
8.484848484848484,4.444444444444445,-0.007155907
8.484848484848484,4.494949494949495,-0.017703798
8.484848484848484,4.545454545454545,0.009136853
8.484848484848484,4.595959595959596,-0.003575318
8.484848484848484,4.646464646464646,0.013388985
8.484848484848484,4.696969696969697,0.004156738
8.484848484848484,4.747474747474747,-0.0068560923
8.484848484848484,4.797979797979798,0.008290538
8.484848484848484,4.848484848484849,0.009297827
8.484848484848484,4.898989898989899,-0.0065082964
8.484848484848484,4.94949494949495,-0.0055882786
8.484848484848484,5.0,-0.011415988
8.585858585858587,0.0,-0.015391764
8.585858585858587,0.0505050505050505,-0.01188112
8.585858585858587,0.101010101010101,-0.020378547
8.585858585858587,0.1515151515151515,0.0049875644
8.585858585858587,0.202020202020202,-0.01093505
8.585858585858587,0.2525252525252525,-0.00797296
8.585858585858587,0.303030303030303,-0.00065263716
8.585858585858587,0.3535353535353535,-0.0006783448
8.585858585858587,0.404040404040404,0.0047573242
8.585858585858587,0.4545454545454545,-0.014886296
8.585858585858587,0.5050505050505051,0.0033368585
8.585858585858587,0.5555555555555556,-0.010335957
8.585858585858587,0.6060606060606061,-0.01039572
8.585858585858587,0.6565656565656566,-0.00070431
8.585858585858587,0.7070707070707071,0.010616125
8.585858585858587,0.7575757575757576,-0.0046982425
8.585858585858587,0.8080808080808081,0.0061386633
8.585858585858587,0.8585858585858586,0.020885818
8.585858585858587,0.9090909090909092,0.008254902
8.585858585858587,0.9595959595959596,0.004373697
8.585858585858587,1.0101010101010102,0.0014847518
8.585858585858587,1.0606060606060606,-0.0070568416
8.585858585858587,1.1111111111111112,0.009726157
8.585858585858587,1.1616161616161615,0.005251265
8.585858585858587,1.2121212121212122,0.017175596
8.585858585858587,1.2626262626262623,0.006461357
8.585858585858587,1.3131313131313131,0.010270527
8.585858585858587,1.3636363636363635,0.009106898
8.585858585858587,1.414141414141414,-0.0079723485
8.585858585858587,1.4646464646464643,0.0022829545
8.585858585858587,1.5151515151515151,0.00070503005
8.585858585858587,1.5656565656565655,0.004716808
8.585858585858587,1.616161616161616,0.0209966
8.585858585858587,1.6666666666666667,-0.00809199
8.585858585858587,1.7171717171717171,-0.010998025
8.585858585858587,1.7676767676767675,-0.010835792
8.585858585858587,1.818181818181818,0.019017898
8.585858585858587,1.8686868686868687,0.017954659
8.585858585858587,1.9191919191919191,-0.0058741993
8.585858585858587,1.9696969696969695,0.0001800809
8.585858585858587,2.0202020202020203,0.012229316
8.585858585858587,2.0707070707070705,-0.011284692
8.585858585858587,2.121212121212121,0.01187835
8.585858585858587,2.171717171717172,-0.007427984
8.585858585858587,2.2222222222222223,0.002585618
8.585858585858587,2.2727272727272725,-5.8244015e-05
8.585858585858587,2.323232323232323,-0.0066843657
8.585858585858587,2.3737373737373737,0.0046365852
8.585858585858587,2.4242424242424243,-0.0035162165
8.585858585858587,2.474747474747475,-0.008645181
8.585858585858587,2.525252525252525,-0.0051084785
8.585858585858587,2.575757575757576,0.0108884545
8.585858585858587,2.6262626262626263,-0.016863486
8.585858585858587,2.676767676767677,0.0069149965
8.585858585858587,2.727272727272727,-0.0021537591
8.585858585858587,2.7777777777777777,0.0046105427
8.585858585858587,2.8282828282828283,0.0007408667
8.585858585858587,2.878787878787879,-0.007126766
8.585858585858587,2.929292929292929,0.0221551
8.585858585858587,2.97979797979798,-0.0028645815
8.585858585858587,3.0303030303030303,-0.011878278
8.585858585858587,3.080808080808081,-0.0007529067
8.585858585858587,3.131313131313131,-0.025153246
8.585858585858587,3.1818181818181817,0.0131480135
8.585858585858587,3.2323232323232323,0.002781056
8.585858585858587,3.282828282828283,0.001016179
8.585858585858587,3.333333333333333,-0.008318901
8.585858585858587,3.383838383838384,0.00080730184
8.585858585858587,3.4343434343434343,0.007992938
8.585858585858587,3.484848484848485,-0.01663627
8.585858585858587,3.5353535353535355,0.023976112
8.585858585858587,3.5858585858585856,0.0087209875
8.585858585858587,3.636363636363636,0.010759615
8.585858585858587,3.686868686868687,0.016354227
8.585858585858587,3.7373737373737375,-0.030253923
8.585858585858587,3.787878787878788,-0.0017634185
8.585858585858587,3.8383838383838382,0.006778098
8.585858585858587,3.888888888888889,-1.7525852e-05
8.585858585858587,3.939393939393939,-0.012441522
8.585858585858587,3.9898989898989896,0.014180372
8.585858585858587,4.040404040404041,-0.008310645
8.585858585858587,4.090909090909091,0.0140872905
8.585858585858587,4.141414141414141,0.0053136903
8.585858585858587,4.191919191919192,0.014497354
8.585858585858587,4.242424242424242,-0.0084339315
8.585858585858587,4.292929292929293,-0.0043651173
8.585858585858587,4.343434343434343,0.0038062904
8.585858585858587,4.393939393939394,-0.0017690393
8.585858585858587,4.444444444444445,0.0023560906
8.585858585858587,4.494949494949495,0.0049744993
8.585858585858587,4.545454545454545,-0.006472245
8.585858585858587,4.595959595959596,-0.0032472992
8.585858585858587,4.646464646464646,-0.010479207
8.585858585858587,4.696969696969697,0.022054734
8.585858585858587,4.747474747474747,-0.016851012
8.585858585858587,4.797979797979798,-0.0052296687
8.585858585858587,4.848484848484849,-0.0069303005
8.585858585858587,4.898989898989899,-0.0014844112
8.585858585858587,4.94949494949495,0.0052521294
8.585858585858587,5.0,-0.005328836
8.686868686868687,0.0,-0.012276394
8.686868686868687,0.0505050505050505,0.0083865775
8.686868686868687,0.101010101010101,-0.0031661475
8.686868686868687,0.1515151515151515,-0.014703326
8.686868686868687,0.202020202020202,0.016236553
8.686868686868687,0.2525252525252525,0.0047365865
8.686868686868687,0.303030303030303,0.010424601
8.686868686868687,0.3535353535353535,-0.0062522483
8.686868686868687,0.404040404040404,0.0027030471
8.686868686868687,0.4545454545454545,0.007862938
8.686868686868687,0.5050505050505051,-0.011142629
8.686868686868687,0.5555555555555556,-0.012352654
8.686868686868687,0.6060606060606061,0.003463527
8.686868686868687,0.6565656565656566,0.013321256
8.686868686868687,0.7070707070707071,0.005641267
8.686868686868687,0.7575757575757576,-0.0037380736
8.686868686868687,0.8080808080808081,0.0030716427
8.686868686868687,0.8585858585858586,0.006282113
8.686868686868687,0.9090909090909092,-0.005090867
8.686868686868687,0.9595959595959596,-0.007295413
8.686868686868687,1.0101010101010102,-0.0016370275
8.686868686868687,1.0606060606060606,-0.0025000554
8.686868686868687,1.1111111111111112,-0.0063726823
8.686868686868687,1.1616161616161615,-0.010130658
8.686868686868687,1.2121212121212122,0.011007181
8.686868686868687,1.2626262626262623,-0.015143499
8.686868686868687,1.3131313131313131,-0.0010187114
8.686868686868687,1.3636363636363635,0.002356119
8.686868686868687,1.414141414141414,0.0030525029
8.686868686868687,1.4646464646464643,0.0031837448
8.686868686868687,1.5151515151515151,0.0045574727
8.686868686868687,1.5656565656565655,0.006621674
8.686868686868687,1.616161616161616,-0.015370031
8.686868686868687,1.6666666666666667,0.004549108
8.686868686868687,1.7171717171717171,0.0024337554
8.686868686868687,1.7676767676767675,0.019831661
8.686868686868687,1.818181818181818,-0.012457883
8.686868686868687,1.8686868686868687,0.009163179
8.686868686868687,1.9191919191919191,0.008110919
8.686868686868687,1.9696969696969695,0.020355292
8.686868686868687,2.0202020202020203,-0.0024133092
8.686868686868687,2.0707070707070705,0.0067914296
8.686868686868687,2.121212121212121,-0.006992821
8.686868686868687,2.171717171717172,0.005563198
8.686868686868687,2.2222222222222223,-0.0026676252
8.686868686868687,2.2727272727272725,-0.005404526
8.686868686868687,2.323232323232323,-0.00672674
8.686868686868687,2.3737373737373737,-0.0014905744
8.686868686868687,2.4242424242424243,0.014191672
8.686868686868687,2.474747474747475,0.019582672
8.686868686868687,2.525252525252525,0.011589931
8.686868686868687,2.575757575757576,0.014176062
8.686868686868687,2.6262626262626263,-0.0036204734
8.686868686868687,2.676767676767677,-0.0004391374
8.686868686868687,2.727272727272727,-0.0010846786
8.686868686868687,2.7777777777777777,-0.0061221467
8.686868686868687,2.8282828282828283,-0.0025502478
8.686868686868687,2.878787878787879,-0.0003551362
8.686868686868687,2.929292929292929,0.0069191903
8.686868686868687,2.97979797979798,0.0012128119
8.686868686868687,3.0303030303030303,-0.016847933
8.686868686868687,3.080808080808081,0.0020033843
8.686868686868687,3.131313131313131,0.018712696
8.686868686868687,3.1818181818181817,-0.031587187
8.686868686868687,3.2323232323232323,-0.0019284318
8.686868686868687,3.282828282828283,0.0085103875
8.686868686868687,3.333333333333333,-0.009169167
8.686868686868687,3.383838383838384,0.0022805152
8.686868686868687,3.4343434343434343,-0.002524671
8.686868686868687,3.484848484848485,-0.004753032
8.686868686868687,3.5353535353535355,-0.0037227317
8.686868686868687,3.5858585858585856,-0.0074025756
8.686868686868687,3.636363636363636,-0.0034276673
8.686868686868687,3.686868686868687,0.006789579
8.686868686868687,3.7373737373737375,-0.0012839211
8.686868686868687,3.787878787878788,-0.010946264
8.686868686868687,3.8383838383838382,0.0044819713
8.686868686868687,3.888888888888889,0.011502129
8.686868686868687,3.939393939393939,-0.009438019
8.686868686868687,3.9898989898989896,0.01757679
8.686868686868687,4.040404040404041,0.010594791
8.686868686868687,4.090909090909091,-0.008711368
8.686868686868687,4.141414141414141,0.0011927641
8.686868686868687,4.191919191919192,0.00761172
8.686868686868687,4.242424242424242,0.0012967075
8.686868686868687,4.292929292929293,-0.0050169
8.686868686868687,4.343434343434343,-0.0026296505
8.686868686868687,4.393939393939394,0.0056341556
8.686868686868687,4.444444444444445,-0.011357094
8.686868686868687,4.494949494949495,-0.015049161
8.686868686868687,4.545454545454545,-0.0057092765
8.686868686868687,4.595959595959596,-0.010011947
8.686868686868687,4.646464646464646,0.005869014
8.686868686868687,4.696969696969697,0.010625098
8.686868686868687,4.747474747474747,0.0047598723
8.686868686868687,4.797979797979798,-0.0025512108
8.686868686868687,4.848484848484849,0.0046067527
8.686868686868687,4.898989898989899,0.004187207
8.686868686868687,4.94949494949495,-0.008227472
8.686868686868687,5.0,0.019416755
8.787878787878787,0.0,-0.015443276
8.787878787878787,0.0505050505050505,0.0012711595
8.787878787878787,0.101010101010101,0.04220885
8.787878787878787,0.1515151515151515,-0.01940229
8.787878787878787,0.202020202020202,-0.0018960264
8.787878787878787,0.2525252525252525,-0.004410156
8.787878787878787,0.303030303030303,0.0036546385
8.787878787878787,0.3535353535353535,-0.016450854
8.787878787878787,0.404040404040404,-0.005983962
8.787878787878787,0.4545454545454545,-0.0041120825
8.787878787878787,0.5050505050505051,-0.009026968
8.787878787878787,0.5555555555555556,0.0033946736
8.787878787878787,0.6060606060606061,0.0006848021
8.787878787878787,0.6565656565656566,-0.007870467
8.787878787878787,0.7070707070707071,0.0063241306
8.787878787878787,0.7575757575757576,0.004904855
8.787878787878787,0.8080808080808081,0.010636685
8.787878787878787,0.8585858585858586,0.0037937753
8.787878787878787,0.9090909090909092,0.019620214
8.787878787878787,0.9595959595959596,-0.0072085485
8.787878787878787,1.0101010101010102,0.0072272574
8.787878787878787,1.0606060606060606,0.0059500234
8.787878787878787,1.1111111111111112,-0.010888544
8.787878787878787,1.1616161616161615,-0.0049999314
8.787878787878787,1.2121212121212122,-0.011851228
8.787878787878787,1.2626262626262623,0.010765902
8.787878787878787,1.3131313131313131,0.023651093
8.787878787878787,1.3636363636363635,0.004852741
8.787878787878787,1.414141414141414,0.002540154
8.787878787878787,1.4646464646464643,0.0002814287
8.787878787878787,1.5151515151515151,-0.01154061
8.787878787878787,1.5656565656565655,-0.013854312
8.787878787878787,1.616161616161616,-0.00052647904
8.787878787878787,1.6666666666666667,0.006318569
8.787878787878787,1.7171717171717171,0.01942365
8.787878787878787,1.7676767676767675,0.0075738165
8.787878787878787,1.818181818181818,0.015399781
8.787878787878787,1.8686868686868687,-0.011565068
8.787878787878787,1.9191919191919191,0.0036069963
8.787878787878787,1.9696969696969695,0.001133846
8.787878787878787,2.0202020202020203,0.01759054
8.787878787878787,2.0707070707070705,0.004938418
8.787878787878787,2.121212121212121,-0.005684797
8.787878787878787,2.171717171717172,0.0015363594
8.787878787878787,2.2222222222222223,0.010388375
8.787878787878787,2.2727272727272725,-0.006964346
8.787878787878787,2.323232323232323,-0.006088607
8.787878787878787,2.3737373737373737,-0.0020539302
8.787878787878787,2.4242424242424243,-0.00031996056
8.787878787878787,2.474747474747475,-0.0107889855
8.787878787878787,2.525252525252525,-0.033614457
8.787878787878787,2.575757575757576,0.004071261
8.787878787878787,2.6262626262626263,0.0232244
8.787878787878787,2.676767676767677,-0.0063180714
8.787878787878787,2.727272727272727,0.0039526755
8.787878787878787,2.7777777777777777,-0.009786595
8.787878787878787,2.8282828282828283,0.005689967
8.787878787878787,2.878787878787879,0.001034136
8.787878787878787,2.929292929292929,0.00898822
8.787878787878787,2.97979797979798,-0.01554283
8.787878787878787,3.0303030303030303,-0.021104885
8.787878787878787,3.080808080808081,-0.0050425036
8.787878787878787,3.131313131313131,0.01813963
8.787878787878787,3.1818181818181817,-0.01220044
8.787878787878787,3.2323232323232323,-0.0036281438
8.787878787878787,3.282828282828283,0.010974814
8.787878787878787,3.333333333333333,-0.006468775
8.787878787878787,3.383838383838384,-0.013357409
8.787878787878787,3.4343434343434343,0.014619798
8.787878787878787,3.484848484848485,0.010897849
8.787878787878787,3.5353535353535355,-0.0035434482
8.787878787878787,3.5858585858585856,-0.0039104004
8.787878787878787,3.636363636363636,-0.014204223
8.787878787878787,3.686868686868687,0.002892701
8.787878787878787,3.7373737373737375,-0.010274167
8.787878787878787,3.787878787878788,-0.014831354
8.787878787878787,3.8383838383838382,0.00927371
8.787878787878787,3.888888888888889,0.010192459
8.787878787878787,3.939393939393939,0.018045524
8.787878787878787,3.9898989898989896,-0.00046437746
8.787878787878787,4.040404040404041,0.0065891366
8.787878787878787,4.090909090909091,0.0023183841
8.787878787878787,4.141414141414141,-0.0044574374
8.787878787878787,4.191919191919192,0.014944294
8.787878787878787,4.242424242424242,0.0071812216
8.787878787878787,4.292929292929293,-0.009565778
8.787878787878787,4.343434343434343,0.000935426
8.787878787878787,4.393939393939394,0.007979321
8.787878787878787,4.444444444444445,-0.006066347
8.787878787878787,4.494949494949495,0.01626694
8.787878787878787,4.545454545454545,-0.013431705
8.787878787878787,4.595959595959596,0.006768295
8.787878787878787,4.646464646464646,-0.003226382
8.787878787878787,4.696969696969697,-0.007022845
8.787878787878787,4.747474747474747,-0.014857194
8.787878787878787,4.797979797979798,-0.010484914
8.787878787878787,4.848484848484849,0.0003399863
8.787878787878787,4.898989898989899,-0.010029108
8.787878787878787,4.94949494949495,0.00018826235
8.787878787878787,5.0,-0.004917125
8.88888888888889,0.0,-0.0049723643
8.88888888888889,0.0505050505050505,0.0074319937
8.88888888888889,0.101010101010101,0.0066832593
8.88888888888889,0.1515151515151515,-0.006439616
8.88888888888889,0.202020202020202,0.021807678
8.88888888888889,0.2525252525252525,0.011883613
8.88888888888889,0.303030303030303,-0.015165064
8.88888888888889,0.3535353535353535,-0.004625318
8.88888888888889,0.404040404040404,0.011822277
8.88888888888889,0.4545454545454545,-0.01437653
8.88888888888889,0.5050505050505051,0.01529809
8.88888888888889,0.5555555555555556,-0.0029943194
8.88888888888889,0.6060606060606061,-0.008784998
8.88888888888889,0.6565656565656566,0.0018888297
8.88888888888889,0.7070707070707071,0.0005264365
8.88888888888889,0.7575757575757576,-0.0025902665
8.88888888888889,0.8080808080808081,-0.012735318
8.88888888888889,0.8585858585858586,0.003491398
8.88888888888889,0.9090909090909092,-0.0005187407
8.88888888888889,0.9595959595959596,0.0009566544
8.88888888888889,1.0101010101010102,0.0076155174
8.88888888888889,1.0606060606060606,0.004511562
8.88888888888889,1.1111111111111112,-0.0022500742
8.88888888888889,1.1616161616161615,0.009426461
8.88888888888889,1.2121212121212122,-0.013766712
8.88888888888889,1.2626262626262623,0.008276746
8.88888888888889,1.3131313131313131,0.001418536
8.88888888888889,1.3636363636363635,-0.006431324
8.88888888888889,1.414141414141414,0.012329017
8.88888888888889,1.4646464646464643,0.0028126452
8.88888888888889,1.5151515151515151,0.003143094
8.88888888888889,1.5656565656565655,-0.0066923653
8.88888888888889,1.616161616161616,0.0030752388
8.88888888888889,1.6666666666666667,-0.004669504
8.88888888888889,1.7171717171717171,0.00491763
8.88888888888889,1.7676767676767675,0.0004626114
8.88888888888889,1.818181818181818,-0.018093007
8.88888888888889,1.8686868686868687,0.0014580331
8.88888888888889,1.9191919191919191,-0.00877118
8.88888888888889,1.9696969696969695,-0.003362554
8.88888888888889,2.0202020202020203,0.008817633
8.88888888888889,2.0707070707070705,-0.0036498343
8.88888888888889,2.121212121212121,-0.0026862386
8.88888888888889,2.171717171717172,-0.009808055
8.88888888888889,2.2222222222222223,0.0076829945
8.88888888888889,2.2727272727272725,-0.015191461
8.88888888888889,2.323232323232323,-0.0020189916
8.88888888888889,2.3737373737373737,-0.001549178
8.88888888888889,2.4242424242424243,0.008017578
8.88888888888889,2.474747474747475,0.008295215
8.88888888888889,2.525252525252525,0.007441812
8.88888888888889,2.575757575757576,0.004429272
8.88888888888889,2.6262626262626263,-0.013876615
8.88888888888889,2.676767676767677,-0.009512378
8.88888888888889,2.727272727272727,0.018546307
8.88888888888889,2.7777777777777777,0.00030621345
8.88888888888889,2.8282828282828283,-0.014138914
8.88888888888889,2.878787878787879,0.005079942
8.88888888888889,2.929292929292929,0.012333794
8.88888888888889,2.97979797979798,0.0117341
8.88888888888889,3.0303030303030303,0.0043430757
8.88888888888889,3.080808080808081,0.003061963
8.88888888888889,3.131313131313131,0.0016113739
8.88888888888889,3.1818181818181817,-0.0031739944
8.88888888888889,3.2323232323232323,-0.012063305
8.88888888888889,3.282828282828283,-0.00014413134
8.88888888888889,3.333333333333333,-0.0017513044
8.88888888888889,3.383838383838384,0.004540096
8.88888888888889,3.4343434343434343,0.012031795
8.88888888888889,3.484848484848485,0.008830979
8.88888888888889,3.5353535353535355,-0.0144714555
8.88888888888889,3.5858585858585856,0.014743718
8.88888888888889,3.636363636363636,-0.0070415074
8.88888888888889,3.686868686868687,-0.029894544
8.88888888888889,3.7373737373737375,0.005276144
8.88888888888889,3.787878787878788,3.6812256e-05
8.88888888888889,3.8383838383838382,0.0069878404
8.88888888888889,3.888888888888889,0.01883902
8.88888888888889,3.939393939393939,-0.012226991
8.88888888888889,3.9898989898989896,-0.005030951
8.88888888888889,4.040404040404041,0.013255345
8.88888888888889,4.090909090909091,-0.0039015312
8.88888888888889,4.141414141414141,-0.012705699
8.88888888888889,4.191919191919192,-0.0011105952
8.88888888888889,4.242424242424242,-0.0042941906
8.88888888888889,4.292929292929293,-0.0012177519
8.88888888888889,4.343434343434343,-0.006222711
8.88888888888889,4.393939393939394,0.0072235474
8.88888888888889,4.444444444444445,-0.013048055
8.88888888888889,4.494949494949495,0.0047879443
8.88888888888889,4.545454545454545,0.006525116
8.88888888888889,4.595959595959596,-0.023858855
8.88888888888889,4.646464646464646,0.011187862
8.88888888888889,4.696969696969697,0.010147718
8.88888888888889,4.747474747474747,-0.0036506876
8.88888888888889,4.797979797979798,-0.008509971
8.88888888888889,4.848484848484849,0.0075516943
8.88888888888889,4.898989898989899,-0.009148286
8.88888888888889,4.94949494949495,0.0031107313
8.88888888888889,5.0,-0.014559099
8.98989898989899,0.0,0.0040727635
8.98989898989899,0.0505050505050505,-0.006364014
8.98989898989899,0.101010101010101,-0.00026597385
8.98989898989899,0.1515151515151515,0.0075327205
8.98989898989899,0.202020202020202,0.0102059245
8.98989898989899,0.2525252525252525,-0.006858675
8.98989898989899,0.303030303030303,-0.0034670914
8.98989898989899,0.3535353535353535,0.0104159415
8.98989898989899,0.404040404040404,-0.011462276
8.98989898989899,0.4545454545454545,0.0050172918
8.98989898989899,0.5050505050505051,0.0035107918
8.98989898989899,0.5555555555555556,0.0020567304
8.98989898989899,0.6060606060606061,0.0048283567
8.98989898989899,0.6565656565656566,-0.013421471
8.98989898989899,0.7070707070707071,0.018880744
8.98989898989899,0.7575757575757576,-0.027073387
8.98989898989899,0.8080808080808081,0.008387282
8.98989898989899,0.8585858585858586,0.008791232
8.98989898989899,0.9090909090909092,-0.008032405
8.98989898989899,0.9595959595959596,0.032481752
8.98989898989899,1.0101010101010102,0.0035689827
8.98989898989899,1.0606060606060606,0.01537204
8.98989898989899,1.1111111111111112,0.0024562431
8.98989898989899,1.1616161616161615,-0.00867969
8.98989898989899,1.2121212121212122,0.007004163
8.98989898989899,1.2626262626262623,0.011993811
8.98989898989899,1.3131313131313131,-0.007138406
8.98989898989899,1.3636363636363635,-0.00051665696
8.98989898989899,1.414141414141414,0.022212233
8.98989898989899,1.4646464646464643,-0.013879154
8.98989898989899,1.5151515151515151,0.004247911
8.98989898989899,1.5656565656565655,0.008526557
8.98989898989899,1.616161616161616,0.00094201486
8.98989898989899,1.6666666666666667,-0.010395316
8.98989898989899,1.7171717171717171,0.0070412913
8.98989898989899,1.7676767676767675,-0.0034425147
8.98989898989899,1.818181818181818,0.0019470496
8.98989898989899,1.8686868686868687,0.01335471
8.98989898989899,1.9191919191919191,0.00873816
8.98989898989899,1.9696969696969695,0.007744562
8.98989898989899,2.0202020202020203,0.003078719
8.98989898989899,2.0707070707070705,-0.015926357
8.98989898989899,2.121212121212121,-0.012364315
8.98989898989899,2.171717171717172,-0.02246371
8.98989898989899,2.2222222222222223,0.0069603836
8.98989898989899,2.2727272727272725,0.003888005
8.98989898989899,2.323232323232323,-0.025334736
8.98989898989899,2.3737373737373737,-0.0036357082
8.98989898989899,2.4242424242424243,0.008773059
8.98989898989899,2.474747474747475,-0.0043531954
8.98989898989899,2.525252525252525,-0.011709634
8.98989898989899,2.575757575757576,-0.008443357
8.98989898989899,2.6262626262626263,0.0055921865
8.98989898989899,2.676767676767677,-0.015487926
8.98989898989899,2.727272727272727,-0.018328998
8.98989898989899,2.7777777777777777,0.01163782
8.98989898989899,2.8282828282828283,0.00043260655
8.98989898989899,2.878787878787879,-0.0018102799
8.98989898989899,2.929292929292929,0.015715007
8.98989898989899,2.97979797979798,0.0051161423
8.98989898989899,3.0303030303030303,0.0020985364
8.98989898989899,3.080808080808081,-0.0063638655
8.98989898989899,3.131313131313131,0.016873837
8.98989898989899,3.1818181818181817,0.011373657
8.98989898989899,3.2323232323232323,-0.014559654
8.98989898989899,3.282828282828283,0.0075054476
8.98989898989899,3.333333333333333,0.016478445
8.98989898989899,3.383838383838384,0.009711555
8.98989898989899,3.4343434343434343,-0.008755024
8.98989898989899,3.484848484848485,-0.021068558
8.98989898989899,3.5353535353535355,0.002290828
8.98989898989899,3.5858585858585856,-0.018002259
8.98989898989899,3.636363636363636,0.004632986
8.98989898989899,3.686868686868687,0.012226969
8.98989898989899,3.7373737373737375,-0.027098352
8.98989898989899,3.787878787878788,0.006603511
8.98989898989899,3.8383838383838382,-0.00021298313
8.98989898989899,3.888888888888889,-0.0038382565
8.98989898989899,3.939393939393939,0.004950335
8.98989898989899,3.9898989898989896,0.0018957367
8.98989898989899,4.040404040404041,0.009895118
8.98989898989899,4.090909090909091,-0.0097487755
8.98989898989899,4.141414141414141,0.00834326
8.98989898989899,4.191919191919192,-0.0122369025
8.98989898989899,4.242424242424242,0.01628302
8.98989898989899,4.292929292929293,-0.0019612638
8.98989898989899,4.343434343434343,-0.00798048
8.98989898989899,4.393939393939394,0.0016384711
8.98989898989899,4.444444444444445,0.017084641
8.98989898989899,4.494949494949495,0.010019524
8.98989898989899,4.545454545454545,0.020188566
8.98989898989899,4.595959595959596,0.007855908
8.98989898989899,4.646464646464646,-0.023661816
8.98989898989899,4.696969696969697,-0.008505507
8.98989898989899,4.747474747474747,-0.0044513666
8.98989898989899,4.797979797979798,0.0015468193
8.98989898989899,4.848484848484849,0.0033981772
8.98989898989899,4.898989898989899,-0.005018675
8.98989898989899,4.94949494949495,-0.0046522287
8.98989898989899,5.0,-0.009336958
9.09090909090909,0.0,0.012888968
9.09090909090909,0.0505050505050505,-0.015122666
9.09090909090909,0.101010101010101,-0.0002579109
9.09090909090909,0.1515151515151515,-0.0070663285
9.09090909090909,0.202020202020202,-0.02124823
9.09090909090909,0.2525252525252525,-0.0099329585
9.09090909090909,0.303030303030303,-0.0068340693
9.09090909090909,0.3535353535353535,0.009744697
9.09090909090909,0.404040404040404,-0.0005854301
9.09090909090909,0.4545454545454545,0.003194487
9.09090909090909,0.5050505050505051,0.0050318176
9.09090909090909,0.5555555555555556,0.004033094
9.09090909090909,0.6060606060606061,-0.002084667
9.09090909090909,0.6565656565656566,0.008045318
9.09090909090909,0.7070707070707071,-0.000256493
9.09090909090909,0.7575757575757576,-0.01115076
9.09090909090909,0.8080808080808081,-0.0026920931
9.09090909090909,0.8585858585858586,-0.010490053
9.09090909090909,0.9090909090909092,0.000552477
9.09090909090909,0.9595959595959596,-0.0021941604
9.09090909090909,1.0101010101010102,-0.002823254
9.09090909090909,1.0606060606060606,-0.0054120943
9.09090909090909,1.1111111111111112,-0.0052766204
9.09090909090909,1.1616161616161615,-0.007164736
9.09090909090909,1.2121212121212122,-0.010022847
9.09090909090909,1.2626262626262623,0.019934058
9.09090909090909,1.3131313131313131,-0.0061291447
9.09090909090909,1.3636363636363635,-0.014777248
9.09090909090909,1.414141414141414,-0.00019762911
9.09090909090909,1.4646464646464643,-0.012839801
9.09090909090909,1.5151515151515151,0.0013599461
9.09090909090909,1.5656565656565655,-0.0036790892
9.09090909090909,1.616161616161616,0.0017481169
9.09090909090909,1.6666666666666667,-0.010177776
9.09090909090909,1.7171717171717171,-0.0008964078
9.09090909090909,1.7676767676767675,0.0149367815
9.09090909090909,1.818181818181818,0.023453806
9.09090909090909,1.8686868686868687,-0.0030708418
9.09090909090909,1.9191919191919191,-0.008087409
9.09090909090909,1.9696969696969695,-0.0025825088
9.09090909090909,2.0202020202020203,-0.010807898
9.09090909090909,2.0707070707070705,0.0054899757
9.09090909090909,2.121212121212121,0.016455935
9.09090909090909,2.171717171717172,-0.011047152
9.09090909090909,2.2222222222222223,0.0012785157
9.09090909090909,2.2727272727272725,-0.0053471806
9.09090909090909,2.323232323232323,-0.0013191694
9.09090909090909,2.3737373737373737,-0.011636378
9.09090909090909,2.4242424242424243,0.0077246088
9.09090909090909,2.474747474747475,-0.0018185559
9.09090909090909,2.525252525252525,-0.0003742599
9.09090909090909,2.575757575757576,-0.006207999
9.09090909090909,2.6262626262626263,-0.0002930214
9.09090909090909,2.676767676767677,-0.021599215
9.09090909090909,2.727272727272727,-0.018411497
9.09090909090909,2.7777777777777777,0.0021904462
9.09090909090909,2.8282828282828283,0.0037536954
9.09090909090909,2.878787878787879,-0.018485995
9.09090909090909,2.929292929292929,-0.007595718
9.09090909090909,2.97979797979798,-0.0041702646
9.09090909090909,3.0303030303030303,0.013775144
9.09090909090909,3.080808080808081,0.00866523
9.09090909090909,3.131313131313131,-0.019324768
9.09090909090909,3.1818181818181817,0.009904284
9.09090909090909,3.2323232323232323,0.010509011
9.09090909090909,3.282828282828283,0.0009835602
9.09090909090909,3.333333333333333,0.0028781327
9.09090909090909,3.383838383838384,-0.0036657285
9.09090909090909,3.4343434343434343,0.012029524
9.09090909090909,3.484848484848485,0.0045298035
9.09090909090909,3.5353535353535355,-0.0031674209
9.09090909090909,3.5858585858585856,-0.0031292224
9.09090909090909,3.636363636363636,0.0063588433
9.09090909090909,3.686868686868687,0.0025054305
9.09090909090909,3.7373737373737375,-0.00874725
9.09090909090909,3.787878787878788,0.020289509
9.09090909090909,3.8383838383838382,0.004219855
9.09090909090909,3.888888888888889,0.0019869308
9.09090909090909,3.939393939393939,-0.011235098
9.09090909090909,3.9898989898989896,-0.00030060613
9.09090909090909,4.040404040404041,-0.00046665748
9.09090909090909,4.090909090909091,-0.0071311877
9.09090909090909,4.141414141414141,-0.009065117
9.09090909090909,4.191919191919192,0.0018255793
9.09090909090909,4.242424242424242,-0.02028841
9.09090909090909,4.292929292929293,0.009836425
9.09090909090909,4.343434343434343,-0.0014773747
9.09090909090909,4.393939393939394,-0.004732407
9.09090909090909,4.444444444444445,0.0012628224
9.09090909090909,4.494949494949495,0.0072639817
9.09090909090909,4.545454545454545,-0.01834269
9.09090909090909,4.595959595959596,0.011720688
9.09090909090909,4.646464646464646,0.0027326052
9.09090909090909,4.696969696969697,0.0053210096
9.09090909090909,4.747474747474747,0.0041628284
9.09090909090909,4.797979797979798,0.0011533399
9.09090909090909,4.848484848484849,0.0113676675
9.09090909090909,4.898989898989899,0.0025320607
9.09090909090909,4.94949494949495,0.005219277
9.09090909090909,5.0,0.015091922
9.191919191919192,0.0,-0.012315052
9.191919191919192,0.0505050505050505,0.0036362456
9.191919191919192,0.101010101010101,0.006149455
9.191919191919192,0.1515151515151515,0.0030179406
9.191919191919192,0.202020202020202,-0.00090470735
9.191919191919192,0.2525252525252525,0.004208627
9.191919191919192,0.303030303030303,0.010732609
9.191919191919192,0.3535353535353535,0.028678639
9.191919191919192,0.404040404040404,-0.009664469
9.191919191919192,0.4545454545454545,0.008149204
9.191919191919192,0.5050505050505051,0.0023920662
9.191919191919192,0.5555555555555556,-0.01366296
9.191919191919192,0.6060606060606061,-0.009547429
9.191919191919192,0.6565656565656566,-0.014839688
9.191919191919192,0.7070707070707071,-0.016667962
9.191919191919192,0.7575757575757576,-0.016661556
9.191919191919192,0.8080808080808081,-0.0015645784
9.191919191919192,0.8585858585858586,-0.011213218
9.191919191919192,0.9090909090909092,0.012145328
9.191919191919192,0.9595959595959596,0.010598703
9.191919191919192,1.0101010101010102,0.0052294685
9.191919191919192,1.0606060606060606,-0.006689679
9.191919191919192,1.1111111111111112,-0.0014802855
9.191919191919192,1.1616161616161615,0.0002579822
9.191919191919192,1.2121212121212122,-0.006013841
9.191919191919192,1.2626262626262623,0.000832353
9.191919191919192,1.3131313131313131,-0.013500037
9.191919191919192,1.3636363636363635,0.0030399247
9.191919191919192,1.414141414141414,0.007874453
9.191919191919192,1.4646464646464643,-0.0064416328
9.191919191919192,1.5151515151515151,-0.01217504
9.191919191919192,1.5656565656565655,0.0024368505
9.191919191919192,1.616161616161616,-0.0035580485
9.191919191919192,1.6666666666666667,0.010955164
9.191919191919192,1.7171717171717171,0.001133372
9.191919191919192,1.7676767676767675,0.019389281
9.191919191919192,1.818181818181818,0.002863733
9.191919191919192,1.8686868686868687,-0.006919799
9.191919191919192,1.9191919191919191,0.021682627
9.191919191919192,1.9696969696969695,-0.0054469365
9.191919191919192,2.0202020202020203,-0.0016061268
9.191919191919192,2.0707070707070705,0.008988823
9.191919191919192,2.121212121212121,0.016998764
9.191919191919192,2.171717171717172,0.0023828659
9.191919191919192,2.2222222222222223,0.009004465
9.191919191919192,2.2727272727272725,0.0049073137
9.191919191919192,2.323232323232323,0.00832564
9.191919191919192,2.3737373737373737,0.012814208
9.191919191919192,2.4242424242424243,-0.0006525426
9.191919191919192,2.474747474747475,0.00921356
9.191919191919192,2.525252525252525,0.0027025377
9.191919191919192,2.575757575757576,0.0077878945
9.191919191919192,2.6262626262626263,0.00022865948
9.191919191919192,2.676767676767677,0.0037528502
9.191919191919192,2.727272727272727,-0.0075526475
9.191919191919192,2.7777777777777777,-0.0022491682
9.191919191919192,2.8282828282828283,0.020403907
9.191919191919192,2.878787878787879,0.013028173
9.191919191919192,2.929292929292929,0.0074481987
9.191919191919192,2.97979797979798,6.835661e-05
9.191919191919192,3.0303030303030303,0.005375492
9.191919191919192,3.080808080808081,-0.011423944
9.191919191919192,3.131313131313131,-0.013087755
9.191919191919192,3.1818181818181817,-0.018233577
9.191919191919192,3.2323232323232323,0.03404701
9.191919191919192,3.282828282828283,-0.010807899
9.191919191919192,3.333333333333333,0.0029388785
9.191919191919192,3.383838383838384,-0.010662102
9.191919191919192,3.4343434343434343,0.0035036085
9.191919191919192,3.484848484848485,0.017225156
9.191919191919192,3.5353535353535355,-0.0019511612
9.191919191919192,3.5858585858585856,-0.0036349792
9.191919191919192,3.636363636363636,0.003581506
9.191919191919192,3.686868686868687,0.0069611836
9.191919191919192,3.7373737373737375,0.01051102
9.191919191919192,3.787878787878788,0.011756597
9.191919191919192,3.8383838383838382,-0.0009592778
9.191919191919192,3.888888888888889,0.011496571
9.191919191919192,3.939393939393939,-0.0064589623
9.191919191919192,3.9898989898989896,-0.0032082798
9.191919191919192,4.040404040404041,0.016265452
9.191919191919192,4.090909090909091,-0.022925327
9.191919191919192,4.141414141414141,-0.003755887
9.191919191919192,4.191919191919192,-0.010432933
9.191919191919192,4.242424242424242,0.0008606976
9.191919191919192,4.292929292929293,0.011959685
9.191919191919192,4.343434343434343,-0.021384837
9.191919191919192,4.393939393939394,0.014822334
9.191919191919192,4.444444444444445,0.00088659604
9.191919191919192,4.494949494949495,-0.0007098895
9.191919191919192,4.545454545454545,0.0051535773
9.191919191919192,4.595959595959596,0.006601637
9.191919191919192,4.646464646464646,-0.0054398016
9.191919191919192,4.696969696969697,-0.020660145
9.191919191919192,4.747474747474747,0.00701955
9.191919191919192,4.797979797979798,-0.0038234969
9.191919191919192,4.848484848484849,-0.010589655
9.191919191919192,4.898989898989899,-0.02077518
9.191919191919192,4.94949494949495,-0.0034852445
9.191919191919192,5.0,-0.00032210228
9.292929292929292,0.0,-0.009099568
9.292929292929292,0.0505050505050505,0.015435275
9.292929292929292,0.101010101010101,-0.008570418
9.292929292929292,0.1515151515151515,0.016219683
9.292929292929292,0.202020202020202,-0.013334112
9.292929292929292,0.2525252525252525,-0.0045277923
9.292929292929292,0.303030303030303,0.0053965435
9.292929292929292,0.3535353535353535,-0.008766995
9.292929292929292,0.404040404040404,0.01721081
9.292929292929292,0.4545454545454545,-0.015417757
9.292929292929292,0.5050505050505051,-0.009218294
9.292929292929292,0.5555555555555556,-0.013483448
9.292929292929292,0.6060606060606061,-0.010723822
9.292929292929292,0.6565656565656566,-0.006175333
9.292929292929292,0.7070707070707071,-0.016528545
9.292929292929292,0.7575757575757576,0.008730388
9.292929292929292,0.8080808080808081,-0.01768542
9.292929292929292,0.8585858585858586,-0.007182516
9.292929292929292,0.9090909090909092,0.008850015
9.292929292929292,0.9595959595959596,0.012371213
9.292929292929292,1.0101010101010102,-0.013565489
9.292929292929292,1.0606060606060606,0.013150838
9.292929292929292,1.1111111111111112,0.018488556
9.292929292929292,1.1616161616161615,-0.0060837977
9.292929292929292,1.2121212121212122,0.004486896
9.292929292929292,1.2626262626262623,0.0019255653
9.292929292929292,1.3131313131313131,-0.0058146063
9.292929292929292,1.3636363636363635,-0.0021971085
9.292929292929292,1.414141414141414,-0.0137706455
9.292929292929292,1.4646464646464643,0.009049989
9.292929292929292,1.5151515151515151,0.021595512
9.292929292929292,1.5656565656565655,-0.003956541
9.292929292929292,1.616161616161616,-0.0033399044
9.292929292929292,1.6666666666666667,0.008815671
9.292929292929292,1.7171717171717171,2.0882679e-05
9.292929292929292,1.7676767676767675,0.015347757
9.292929292929292,1.818181818181818,-0.010021163
9.292929292929292,1.8686868686868687,-0.0042787064
9.292929292929292,1.9191919191919191,-0.0032017152
9.292929292929292,1.9696969696969695,0.0033197238
9.292929292929292,2.0202020202020203,0.0010592741
9.292929292929292,2.0707070707070705,-0.0010341154
9.292929292929292,2.121212121212121,-0.005169848
9.292929292929292,2.171717171717172,0.0068492596
9.292929292929292,2.2222222222222223,-0.0035332572
9.292929292929292,2.2727272727272725,0.002160912
9.292929292929292,2.323232323232323,-0.01844766
9.292929292929292,2.3737373737373737,-0.0008087305
9.292929292929292,2.4242424242424243,-0.0078156525
9.292929292929292,2.474747474747475,0.0028846436
9.292929292929292,2.525252525252525,-0.0044167507
9.292929292929292,2.575757575757576,-0.0008179429
9.292929292929292,2.6262626262626263,-0.005531263
9.292929292929292,2.676767676767677,-0.009846408
9.292929292929292,2.727272727272727,0.004329215
9.292929292929292,2.7777777777777777,-0.0030800842
9.292929292929292,2.8282828282828283,0.021449642
9.292929292929292,2.878787878787879,0.010586617
9.292929292929292,2.929292929292929,-0.015576537
9.292929292929292,2.97979797979798,0.0010653662
9.292929292929292,3.0303030303030303,-0.020447673
9.292929292929292,3.080808080808081,0.013902848
9.292929292929292,3.131313131313131,-0.0036555764
9.292929292929292,3.1818181818181817,0.008850664
9.292929292929292,3.2323232323232323,0.0044802562
9.292929292929292,3.282828282828283,0.0005233562
9.292929292929292,3.333333333333333,-0.0115163075
9.292929292929292,3.383838383838384,-0.0036817347
9.292929292929292,3.4343434343434343,-0.005556731
9.292929292929292,3.484848484848485,-0.0021102792
9.292929292929292,3.5353535353535355,0.011478894
9.292929292929292,3.5858585858585856,0.0125646265
9.292929292929292,3.636363636363636,0.009306134
9.292929292929292,3.686868686868687,-0.009176714
9.292929292929292,3.7373737373737375,-0.00392821
9.292929292929292,3.787878787878788,0.00789494
9.292929292929292,3.8383838383838382,0.0011603121
9.292929292929292,3.888888888888889,-0.00075946085
9.292929292929292,3.939393939393939,-0.014193207
9.292929292929292,3.9898989898989896,0.0032610681
9.292929292929292,4.040404040404041,-0.0048636068
9.292929292929292,4.090909090909091,0.004318445
9.292929292929292,4.141414141414141,0.0044982317
9.292929292929292,4.191919191919192,0.0117621375
9.292929292929292,4.242424242424242,-0.017338
9.292929292929292,4.292929292929293,-0.011901725
9.292929292929292,4.343434343434343,-0.013181007
9.292929292929292,4.393939393939394,0.012809877
9.292929292929292,4.444444444444445,0.00029154727
9.292929292929292,4.494949494949495,0.0013147843
9.292929292929292,4.545454545454545,-0.0015780667
9.292929292929292,4.595959595959596,-0.0012441806
9.292929292929292,4.646464646464646,0.0003105181
9.292929292929292,4.696969696969697,-0.007587872
9.292929292929292,4.747474747474747,-0.008666778
9.292929292929292,4.797979797979798,-0.00041754497
9.292929292929292,4.848484848484849,-0.0020735934
9.292929292929292,4.898989898989899,-0.0010176328
9.292929292929292,4.94949494949495,-0.0048918477
9.292929292929292,5.0,-0.012859517
9.393939393939394,0.0,0.009545793
9.393939393939394,0.0505050505050505,0.0012684759
9.393939393939394,0.101010101010101,0.013098003
9.393939393939394,0.1515151515151515,0.0129761
9.393939393939394,0.202020202020202,-0.011573606
9.393939393939394,0.2525252525252525,-0.010350589
9.393939393939394,0.303030303030303,0.005269127
9.393939393939394,0.3535353535353535,-0.0057530836
9.393939393939394,0.404040404040404,0.013081254
9.393939393939394,0.4545454545454545,-0.0038245353
9.393939393939394,0.5050505050505051,0.0071277246
9.393939393939394,0.5555555555555556,0.0052651274
9.393939393939394,0.6060606060606061,0.0029591147
9.393939393939394,0.6565656565656566,0.0028386232
9.393939393939394,0.7070707070707071,-0.0034484086
9.393939393939394,0.7575757575757576,0.009733071
9.393939393939394,0.8080808080808081,0.010650087
9.393939393939394,0.8585858585858586,0.01956829
9.393939393939394,0.9090909090909092,0.006145165
9.393939393939394,0.9595959595959596,0.0073059774
9.393939393939394,1.0101010101010102,-0.0043488345
9.393939393939394,1.0606060606060606,-0.0064728465
9.393939393939394,1.1111111111111112,-0.011630276
9.393939393939394,1.1616161616161615,0.016045505
9.393939393939394,1.2121212121212122,-0.000671845
9.393939393939394,1.2626262626262623,0.0029903315
9.393939393939394,1.3131313131313131,0.00840226
9.393939393939394,1.3636363636363635,0.021492364
9.393939393939394,1.414141414141414,0.001755231
9.393939393939394,1.4646464646464643,-0.009924218
9.393939393939394,1.5151515151515151,-0.012589639
9.393939393939394,1.5656565656565655,0.0033174925
9.393939393939394,1.616161616161616,0.025276184
9.393939393939394,1.6666666666666667,-0.015583864
9.393939393939394,1.7171717171717171,0.013671062
9.393939393939394,1.7676767676767675,0.0010800344
9.393939393939394,1.818181818181818,-0.00941859
9.393939393939394,1.8686868686868687,-0.012413175
9.393939393939394,1.9191919191919191,0.005151298
9.393939393939394,1.9696969696969695,0.0018547253
9.393939393939394,2.0202020202020203,-0.013158438
9.393939393939394,2.0707070707070705,0.021299684
9.393939393939394,2.121212121212121,0.009362184
9.393939393939394,2.171717171717172,-0.0009411696
9.393939393939394,2.2222222222222223,0.013395497
9.393939393939394,2.2727272727272725,0.008152246
9.393939393939394,2.323232323232323,0.013355036
9.393939393939394,2.3737373737373737,-0.0143059725
9.393939393939394,2.4242424242424243,0.0066170357
9.393939393939394,2.474747474747475,0.0031347733
9.393939393939394,2.525252525252525,-0.014911707
9.393939393939394,2.575757575757576,-0.0057500848
9.393939393939394,2.6262626262626263,0.0076246387
9.393939393939394,2.676767676767677,0.011912505
9.393939393939394,2.727272727272727,0.012967054
9.393939393939394,2.7777777777777777,-0.004429849
9.393939393939394,2.8282828282828283,-0.007447178
9.393939393939394,2.878787878787879,-0.009835545
9.393939393939394,2.929292929292929,-0.016336136
9.393939393939394,2.97979797979798,-0.00995568
9.393939393939394,3.0303030303030303,-0.007682759
9.393939393939394,3.080808080808081,-0.0021454997
9.393939393939394,3.131313131313131,-0.009825613
9.393939393939394,3.1818181818181817,0.0036620505
9.393939393939394,3.2323232323232323,-0.0035815083
9.393939393939394,3.282828282828283,0.0017761011
9.393939393939394,3.333333333333333,-0.0004068902
9.393939393939394,3.383838383838384,-0.011550232
9.393939393939394,3.4343434343434343,-0.0014333451
9.393939393939394,3.484848484848485,0.026148593
9.393939393939394,3.5353535353535355,-0.011753467
9.393939393939394,3.5858585858585856,0.005240948
9.393939393939394,3.636363636363636,-0.004867641
9.393939393939394,3.686868686868687,-0.0027455883
9.393939393939394,3.7373737373737375,-0.009401569
9.393939393939394,3.787878787878788,0.016375212
9.393939393939394,3.8383838383838382,0.0076303864
9.393939393939394,3.888888888888889,0.014149414
9.393939393939394,3.939393939393939,-0.0010380029
9.393939393939394,3.9898989898989896,0.006651278
9.393939393939394,4.040404040404041,0.0043417066
9.393939393939394,4.090909090909091,-0.009615524
9.393939393939394,4.141414141414141,-0.0005519822
9.393939393939394,4.191919191919192,-0.0033856395
9.393939393939394,4.242424242424242,0.004672958
9.393939393939394,4.292929292929293,-0.0068031303
9.393939393939394,4.343434343434343,0.017893812
9.393939393939394,4.393939393939394,-0.007110164
9.393939393939394,4.444444444444445,-0.010923658
9.393939393939394,4.494949494949495,0.004979779
9.393939393939394,4.545454545454545,0.010775033
9.393939393939394,4.595959595959596,-0.0003544323
9.393939393939394,4.646464646464646,0.010317652
9.393939393939394,4.696969696969697,-0.0038112628
9.393939393939394,4.747474747474747,0.005691908
9.393939393939394,4.797979797979798,-0.010980901
9.393939393939394,4.848484848484849,0.0010159314
9.393939393939394,4.898989898989899,-0.0059214304
9.393939393939394,4.94949494949495,-0.011306883
9.393939393939394,5.0,-0.0043206327
9.494949494949497,0.0,-0.0004501635
9.494949494949497,0.0505050505050505,0.0055625755
9.494949494949497,0.101010101010101,-0.02866092
9.494949494949497,0.1515151515151515,-0.0016863538
9.494949494949497,0.202020202020202,-0.010440068
9.494949494949497,0.2525252525252525,-0.0003263907
9.494949494949497,0.303030303030303,0.006803315
9.494949494949497,0.3535353535353535,-0.012239231
9.494949494949497,0.404040404040404,0.008022602
9.494949494949497,0.4545454545454545,-0.016313182
9.494949494949497,0.5050505050505051,0.0036158902
9.494949494949497,0.5555555555555556,-0.0049683773
9.494949494949497,0.6060606060606061,-0.0010766472
9.494949494949497,0.6565656565656566,0.0044171717
9.494949494949497,0.7070707070707071,-0.00015555661
9.494949494949497,0.7575757575757576,0.0038880801
9.494949494949497,0.8080808080808081,-0.00076604326
9.494949494949497,0.8585858585858586,0.0076674023
9.494949494949497,0.9090909090909092,0.0019660548
9.494949494949497,0.9595959595959596,0.0024175511
9.494949494949497,1.0101010101010102,0.02734653
9.494949494949497,1.0606060606060606,0.007427078
9.494949494949497,1.1111111111111112,0.0046464596
9.494949494949497,1.1616161616161615,-0.0037107873
9.494949494949497,1.2121212121212122,-0.013193489
9.494949494949497,1.2626262626262623,0.0013756449
9.494949494949497,1.3131313131313131,0.010456738
9.494949494949497,1.3636363636363635,-0.00826635
9.494949494949497,1.414141414141414,-0.007514633
9.494949494949497,1.4646464646464643,-0.0057906765
9.494949494949497,1.5151515151515151,-0.0017867659
9.494949494949497,1.5656565656565655,-0.0033203177
9.494949494949497,1.616161616161616,-0.008237346
9.494949494949497,1.6666666666666667,-0.017671721
9.494949494949497,1.7171717171717171,-0.006820133
9.494949494949497,1.7676767676767675,0.0006609081
9.494949494949497,1.818181818181818,0.0037022855
9.494949494949497,1.8686868686868687,0.0015474827
9.494949494949497,1.9191919191919191,-0.00516568
9.494949494949497,1.9696969696969695,0.0018036043
9.494949494949497,2.0202020202020203,0.0013003201
9.494949494949497,2.0707070707070705,0.009435137
9.494949494949497,2.121212121212121,0.0014251547
9.494949494949497,2.171717171717172,0.00088933384
9.494949494949497,2.2222222222222223,0.00049515156
9.494949494949497,2.2727272727272725,-0.005562776
9.494949494949497,2.323232323232323,0.0062761884
9.494949494949497,2.3737373737373737,0.014932485
9.494949494949497,2.4242424242424243,0.008758636
9.494949494949497,2.474747474747475,-0.000966509
9.494949494949497,2.525252525252525,0.0005448874
9.494949494949497,2.575757575757576,-0.004860949
9.494949494949497,2.6262626262626263,0.008192882
9.494949494949497,2.676767676767677,0.011316642
9.494949494949497,2.727272727272727,0.0013256909
9.494949494949497,2.7777777777777777,0.0034961086
9.494949494949497,2.8282828282828283,-0.0013877426
9.494949494949497,2.878787878787879,0.011364843
9.494949494949497,2.929292929292929,0.003951845
9.494949494949497,2.97979797979798,-0.009614087
9.494949494949497,3.0303030303030303,0.003751193
9.494949494949497,3.080808080808081,-0.009787151
9.494949494949497,3.131313131313131,-0.008561055
9.494949494949497,3.1818181818181817,0.0011717698
9.494949494949497,3.2323232323232323,0.00187338
9.494949494949497,3.282828282828283,0.002380095
9.494949494949497,3.333333333333333,-0.025116887
9.494949494949497,3.383838383838384,0.012995637
9.494949494949497,3.4343434343434343,0.017925888
9.494949494949497,3.484848484848485,-0.009671485
9.494949494949497,3.5353535353535355,-6.9064515e-07
9.494949494949497,3.5858585858585856,-0.008454244
9.494949494949497,3.636363636363636,0.006146921
9.494949494949497,3.686868686868687,0.03313959
9.494949494949497,3.7373737373737375,-0.0033374007
9.494949494949497,3.787878787878788,0.008271837
9.494949494949497,3.8383838383838382,0.019091394
9.494949494949497,3.888888888888889,0.011052442
9.494949494949497,3.939393939393939,-0.0033737873
9.494949494949497,3.9898989898989896,-0.0010134011
9.494949494949497,4.040404040404041,-0.0003155044
9.494949494949497,4.090909090909091,0.00672545
9.494949494949497,4.141414141414141,0.007776493
9.494949494949497,4.191919191919192,-0.01284983
9.494949494949497,4.242424242424242,0.016016802
9.494949494949497,4.292929292929293,-0.002305816
9.494949494949497,4.343434343434343,-0.0010625044
9.494949494949497,4.393939393939394,-0.0014995582
9.494949494949497,4.444444444444445,-0.0043426333
9.494949494949497,4.494949494949495,0.002230432
9.494949494949497,4.545454545454545,-0.014984382
9.494949494949497,4.595959595959596,0.00032275022
9.494949494949497,4.646464646464646,-0.008630058
9.494949494949497,4.696969696969697,0.0021149886
9.494949494949497,4.747474747474747,-0.006535407
9.494949494949497,4.797979797979798,-0.00033835138
9.494949494949497,4.848484848484849,0.01240599
9.494949494949497,4.898989898989899,-0.012528052
9.494949494949497,4.94949494949495,0.008879921
9.494949494949497,5.0,-0.0037034105
9.595959595959595,0.0,0.010623737
9.595959595959595,0.0505050505050505,0.0077128415
9.595959595959595,0.101010101010101,-0.02610029
9.595959595959595,0.1515151515151515,-0.022147574
9.595959595959595,0.202020202020202,-0.023831
9.595959595959595,0.2525252525252525,0.010624627
9.595959595959595,0.303030303030303,0.0034350546
9.595959595959595,0.3535353535353535,0.013409685
9.595959595959595,0.404040404040404,0.011634982
9.595959595959595,0.4545454545454545,-0.013668801
9.595959595959595,0.5050505050505051,0.009719542
9.595959595959595,0.5555555555555556,0.015147914
9.595959595959595,0.6060606060606061,-0.005664192
9.595959595959595,0.6565656565656566,0.010098241
9.595959595959595,0.7070707070707071,0.0072826254
9.595959595959595,0.7575757575757576,-0.004220769
9.595959595959595,0.8080808080808081,-0.003958804
9.595959595959595,0.8585858585858586,-0.01896741
9.595959595959595,0.9090909090909092,0.012238322
9.595959595959595,0.9595959595959596,-0.017103659
9.595959595959595,1.0101010101010102,0.007476226
9.595959595959595,1.0606060606060606,0.004438837
9.595959595959595,1.1111111111111112,0.0143489335
9.595959595959595,1.1616161616161615,0.02680365
9.595959595959595,1.2121212121212122,-0.00600672
9.595959595959595,1.2626262626262623,0.010413897
9.595959595959595,1.3131313131313131,0.012823512
9.595959595959595,1.3636363636363635,-0.006060663
9.595959595959595,1.414141414141414,-0.013780571
9.595959595959595,1.4646464646464643,-0.0016092686
9.595959595959595,1.5151515151515151,-0.0011997324
9.595959595959595,1.5656565656565655,0.00917277
9.595959595959595,1.616161616161616,-0.001061377
9.595959595959595,1.6666666666666667,-0.006781459
9.595959595959595,1.7171717171717171,-0.0064403075
9.595959595959595,1.7676767676767675,0.006357032
9.595959595959595,1.818181818181818,0.015458448
9.595959595959595,1.8686868686868687,0.0061400523
9.595959595959595,1.9191919191919191,-0.00766752
9.595959595959595,1.9696969696969695,-0.008365032
9.595959595959595,2.0202020202020203,-0.010928926
9.595959595959595,2.0707070707070705,-0.010177205
9.595959595959595,2.121212121212121,0.0047086664
9.595959595959595,2.171717171717172,-0.0065384083
9.595959595959595,2.2222222222222223,0.010811184
9.595959595959595,2.2727272727272725,0.01937328
9.595959595959595,2.323232323232323,-0.008220207
9.595959595959595,2.3737373737373737,-0.017327277
9.595959595959595,2.4242424242424243,0.01379433
9.595959595959595,2.474747474747475,0.0027052944
9.595959595959595,2.525252525252525,-0.0068296576
9.595959595959595,2.575757575757576,-0.0032829929
9.595959595959595,2.6262626262626263,-0.0055432264
9.595959595959595,2.676767676767677,-0.012104644
9.595959595959595,2.727272727272727,0.014802363
9.595959595959595,2.7777777777777777,-0.009955865
9.595959595959595,2.8282828282828283,0.0029982638
9.595959595959595,2.878787878787879,-0.0006318586
9.595959595959595,2.929292929292929,-0.015083926
9.595959595959595,2.97979797979798,-0.0063060042
9.595959595959595,3.0303030303030303,0.001581221
9.595959595959595,3.080808080808081,0.01918127
9.595959595959595,3.131313131313131,-0.010221816
9.595959595959595,3.1818181818181817,-0.007999235
9.595959595959595,3.2323232323232323,0.016097153
9.595959595959595,3.282828282828283,-0.0039626467
9.595959595959595,3.333333333333333,-0.009365847
9.595959595959595,3.383838383838384,0.012435024
9.595959595959595,3.4343434343434343,0.0064036706
9.595959595959595,3.484848484848485,0.0059029097
9.595959595959595,3.5353535353535355,-0.011312006
9.595959595959595,3.5858585858585856,-0.008290341
9.595959595959595,3.636363636363636,-0.0039276117
9.595959595959595,3.686868686868687,0.0071659354
9.595959595959595,3.7373737373737375,0.015158221
9.595959595959595,3.787878787878788,0.012263341
9.595959595959595,3.8383838383838382,0.01850795
9.595959595959595,3.888888888888889,-0.0345311
9.595959595959595,3.939393939393939,-0.001423462
9.595959595959595,3.9898989898989896,0.00091120665
9.595959595959595,4.040404040404041,0.0061056125
9.595959595959595,4.090909090909091,0.001812324
9.595959595959595,4.141414141414141,0.007265783
9.595959595959595,4.191919191919192,-0.013623107
9.595959595959595,4.242424242424242,0.00973606
9.595959595959595,4.292929292929293,0.0070128418
9.595959595959595,4.343434343434343,-0.0066368626
9.595959595959595,4.393939393939394,-0.00968254
9.595959595959595,4.444444444444445,-0.0054143183
9.595959595959595,4.494949494949495,0.003179555
9.595959595959595,4.545454545454545,-0.0020893996
9.595959595959595,4.595959595959596,-0.0100306505
9.595959595959595,4.646464646464646,0.0036741765
9.595959595959595,4.696969696969697,0.008994666
9.595959595959595,4.747474747474747,0.00044580727
9.595959595959595,4.797979797979798,0.003366646
9.595959595959595,4.848484848484849,0.006590814
9.595959595959595,4.898989898989899,-0.0121401055
9.595959595959595,4.94949494949495,-0.0004822993
9.595959595959595,5.0,-0.007643139
9.696969696969695,0.0,0.0009767413
9.696969696969695,0.0505050505050505,-0.0072673014
9.696969696969695,0.101010101010101,-0.003060964
9.696969696969695,0.1515151515151515,-0.0062208236
9.696969696969695,0.202020202020202,0.016656114
9.696969696969695,0.2525252525252525,0.01758162
9.696969696969695,0.303030303030303,-0.012379698
9.696969696969695,0.3535353535353535,0.023775792
9.696969696969695,0.404040404040404,0.01558588
9.696969696969695,0.4545454545454545,0.009871168
9.696969696969695,0.5050505050505051,0.0015474377
9.696969696969695,0.5555555555555556,0.006057458
9.696969696969695,0.6060606060606061,-0.007676167
9.696969696969695,0.6565656565656566,4.2561907e-05
9.696969696969695,0.7070707070707071,-0.008383385
9.696969696969695,0.7575757575757576,-0.0013794842
9.696969696969695,0.8080808080808081,-0.0053619384
9.696969696969695,0.8585858585858586,-0.012008171
9.696969696969695,0.9090909090909092,0.0037687286
9.696969696969695,0.9595959595959596,-0.011495021
9.696969696969695,1.0101010101010102,0.0068939244
9.696969696969695,1.0606060606060606,0.010441811
9.696969696969695,1.1111111111111112,-0.004858897
9.696969696969695,1.1616161616161615,-0.009317042
9.696969696969695,1.2121212121212122,0.004633628
9.696969696969695,1.2626262626262623,0.017639719
9.696969696969695,1.3131313131313131,0.00037531354
9.696969696969695,1.3636363636363635,-0.006599268
9.696969696969695,1.414141414141414,-0.0009900458
9.696969696969695,1.4646464646464643,0.01027967
9.696969696969695,1.5151515151515151,0.012821638
9.696969696969695,1.5656565656565655,-0.010073591
9.696969696969695,1.616161616161616,0.00012439117
9.696969696969695,1.6666666666666667,0.014369238
9.696969696969695,1.7171717171717171,0.018426554
9.696969696969695,1.7676767676767675,0.009070238
9.696969696969695,1.818181818181818,-0.009600558
9.696969696969695,1.8686868686868687,0.0023278098
9.696969696969695,1.9191919191919191,-8.03857e-05
9.696969696969695,1.9696969696969695,0.002635808
9.696969696969695,2.0202020202020203,-0.016789729
9.696969696969695,2.0707070707070705,-0.0047340966
9.696969696969695,2.121212121212121,-0.002806832
9.696969696969695,2.171717171717172,-0.00913196
9.696969696969695,2.2222222222222223,-0.0015704155
9.696969696969695,2.2727272727272725,-0.0034579732
9.696969696969695,2.323232323232323,-0.00020336838
9.696969696969695,2.3737373737373737,0.004238242
9.696969696969695,2.4242424242424243,-0.009467912
9.696969696969695,2.474747474747475,-0.0026914286
9.696969696969695,2.525252525252525,0.0142592555
9.696969696969695,2.575757575757576,-0.012545719
9.696969696969695,2.6262626262626263,0.01936189
9.696969696969695,2.676767676767677,-0.00830378
9.696969696969695,2.727272727272727,-0.007112484
9.696969696969695,2.7777777777777777,-0.0018611755
9.696969696969695,2.8282828282828283,0.0038195183
9.696969696969695,2.878787878787879,0.00028064253
9.696969696969695,2.929292929292929,-0.01806393
9.696969696969695,2.97979797979798,0.0055000195
9.696969696969695,3.0303030303030303,-0.01626855
9.696969696969695,3.080808080808081,-0.006842203
9.696969696969695,3.131313131313131,0.020101847
9.696969696969695,3.1818181818181817,0.016168296
9.696969696969695,3.2323232323232323,-0.0060883895
9.696969696969695,3.282828282828283,-0.017644823
9.696969696969695,3.333333333333333,0.01309682
9.696969696969695,3.383838383838384,-0.0061647827
9.696969696969695,3.4343434343434343,0.0010691007
9.696969696969695,3.484848484848485,-0.014743122
9.696969696969695,3.5353535353535355,0.0062531456
9.696969696969695,3.5858585858585856,-0.00029382115
9.696969696969695,3.636363636363636,-0.0047210385
9.696969696969695,3.686868686868687,0.0057026423
9.696969696969695,3.7373737373737375,-0.015784407
9.696969696969695,3.787878787878788,-0.0048533846
9.696969696969695,3.8383838383838382,0.002788314
9.696969696969695,3.888888888888889,0.009411234
9.696969696969695,3.939393939393939,0.007651734
9.696969696969695,3.9898989898989896,-0.0028752254
9.696969696969695,4.040404040404041,0.008349111
9.696969696969695,4.090909090909091,-0.010390231
9.696969696969695,4.141414141414141,-0.0044146976
9.696969696969695,4.191919191919192,-0.004135864
9.696969696969695,4.242424242424242,-0.004469488
9.696969696969695,4.292929292929293,-0.00066630245
9.696969696969695,4.343434343434343,0.0015775104
9.696969696969695,4.393939393939394,0.0042367275
9.696969696969695,4.444444444444445,-0.011752995
9.696969696969695,4.494949494949495,0.014461805
9.696969696969695,4.545454545454545,0.00288973
9.696969696969695,4.595959595959596,-0.005746169
9.696969696969695,4.646464646464646,-0.0048566167
9.696969696969695,4.696969696969697,-0.0041723377
9.696969696969695,4.747474747474747,0.0020862932
9.696969696969695,4.797979797979798,-0.0015469233
9.696969696969695,4.848484848484849,-0.010754087
9.696969696969695,4.898989898989899,-0.0065550786
9.696969696969695,4.94949494949495,-0.0053782198
9.696969696969695,5.0,-0.003389994
9.797979797979798,0.0,-0.0027358346
9.797979797979798,0.0505050505050505,0.014905911
9.797979797979798,0.101010101010101,0.008558448
9.797979797979798,0.1515151515151515,0.006347153
9.797979797979798,0.202020202020202,0.0027581658
9.797979797979798,0.2525252525252525,0.0042363275
9.797979797979798,0.303030303030303,-0.01780702
9.797979797979798,0.3535353535353535,-0.0024731862
9.797979797979798,0.404040404040404,-0.0061342884
9.797979797979798,0.4545454545454545,-0.0090702735
9.797979797979798,0.5050505050505051,0.01278562
9.797979797979798,0.5555555555555556,0.0056228307
9.797979797979798,0.6060606060606061,0.007513568
9.797979797979798,0.6565656565656566,-0.0033822295
9.797979797979798,0.7070707070707071,0.004836869
9.797979797979798,0.7575757575757576,-0.023813333
9.797979797979798,0.8080808080808081,-0.010339166
9.797979797979798,0.8585858585858586,0.021631893
9.797979797979798,0.9090909090909092,-0.001782822
9.797979797979798,0.9595959595959596,0.0056128725
9.797979797979798,1.0101010101010102,0.0062927864
9.797979797979798,1.0606060606060606,0.0072206417
9.797979797979798,1.1111111111111112,-0.0027927842
9.797979797979798,1.1616161616161615,-0.009896361
9.797979797979798,1.2121212121212122,-0.01981378
9.797979797979798,1.2626262626262623,0.000403232
9.797979797979798,1.3131313131313131,-0.006282665
9.797979797979798,1.3636363636363635,-0.009207187
9.797979797979798,1.414141414141414,-0.0028777753
9.797979797979798,1.4646464646464643,-0.010535935
9.797979797979798,1.5151515151515151,-0.015973601
9.797979797979798,1.5656565656565655,-0.001525072
9.797979797979798,1.616161616161616,0.0023078704
9.797979797979798,1.6666666666666667,0.010065213
9.797979797979798,1.7171717171717171,0.0012130932
9.797979797979798,1.7676767676767675,0.0053709447
9.797979797979798,1.818181818181818,-0.008084065
9.797979797979798,1.8686868686868687,0.017690985
9.797979797979798,1.9191919191919191,0.0017855657
9.797979797979798,1.9696969696969695,0.0051633776
9.797979797979798,2.0202020202020203,-0.004628526
9.797979797979798,2.0707070707070705,-0.0063362955
9.797979797979798,2.121212121212121,-0.0014516239
9.797979797979798,2.171717171717172,0.0019475698
9.797979797979798,2.2222222222222223,0.005093548
9.797979797979798,2.2727272727272725,0.00992577
9.797979797979798,2.323232323232323,0.005884928
9.797979797979798,2.3737373737373737,-0.0043801763
9.797979797979798,2.4242424242424243,0.0053800154
9.797979797979798,2.474747474747475,-0.008575882
9.797979797979798,2.525252525252525,0.011938044
9.797979797979798,2.575757575757576,-0.017810328
9.797979797979798,2.6262626262626263,-0.0078027803
9.797979797979798,2.676767676767677,0.013136409
9.797979797979798,2.727272727272727,0.016823402
9.797979797979798,2.7777777777777777,-0.0088881105
9.797979797979798,2.8282828282828283,-0.016380101
9.797979797979798,2.878787878787879,0.0076978127
9.797979797979798,2.929292929292929,-0.0044341055
9.797979797979798,2.97979797979798,0.0067427913
9.797979797979798,3.0303030303030303,0.005320756
9.797979797979798,3.080808080808081,-0.009793001
9.797979797979798,3.131313131313131,0.00066171936
9.797979797979798,3.1818181818181817,0.00050344854
9.797979797979798,3.2323232323232323,0.0007133211
9.797979797979798,3.282828282828283,0.025245892
9.797979797979798,3.333333333333333,0.00457732
9.797979797979798,3.383838383838384,-0.017109947
9.797979797979798,3.4343434343434343,0.0053178356
9.797979797979798,3.484848484848485,0.0048257452
9.797979797979798,3.5353535353535355,0.0038770472
9.797979797979798,3.5858585858585856,-0.014578798
9.797979797979798,3.636363636363636,-0.0027786244
9.797979797979798,3.686868686868687,0.0052191466
9.797979797979798,3.7373737373737375,0.0021804166
9.797979797979798,3.787878787878788,-0.0075093294
9.797979797979798,3.8383838383838382,0.008835036
9.797979797979798,3.888888888888889,-0.0008072364
9.797979797979798,3.939393939393939,-0.008849188
9.797979797979798,3.9898989898989896,-0.0025326388
9.797979797979798,4.040404040404041,0.022355683
9.797979797979798,4.090909090909091,1.9187433e-05
9.797979797979798,4.141414141414141,-0.00547435
9.797979797979798,4.191919191919192,-0.009131019
9.797979797979798,4.242424242424242,0.0075043123
9.797979797979798,4.292929292929293,0.011795797
9.797979797979798,4.343434343434343,-0.011524095
9.797979797979798,4.393939393939394,0.0098053645
9.797979797979798,4.444444444444445,0.00320374
9.797979797979798,4.494949494949495,-0.012384926
9.797979797979798,4.545454545454545,-0.005734097
9.797979797979798,4.595959595959596,-0.011852671
9.797979797979798,4.646464646464646,-0.014291329
9.797979797979798,4.696969696969697,-0.00034565982
9.797979797979798,4.747474747474747,0.0055072843
9.797979797979798,4.797979797979798,0.004950305
9.797979797979798,4.848484848484849,-0.026271166
9.797979797979798,4.898989898989899,0.007944354
9.797979797979798,4.94949494949495,0.0006097987
9.797979797979798,5.0,0.00093182124
9.8989898989899,0.0,-0.0044499566
9.8989898989899,0.0505050505050505,-0.0010989191
9.8989898989899,0.101010101010101,-0.0059979204
9.8989898989899,0.1515151515151515,-0.0059108064
9.8989898989899,0.202020202020202,-0.008782978
9.8989898989899,0.2525252525252525,-0.0022808497
9.8989898989899,0.303030303030303,-0.006104198
9.8989898989899,0.3535353535353535,-0.008808842
9.8989898989899,0.404040404040404,0.0020789737
9.8989898989899,0.4545454545454545,-0.012473379
9.8989898989899,0.5050505050505051,0.009503728
9.8989898989899,0.5555555555555556,-0.0017678669
9.8989898989899,0.6060606060606061,-0.0068401587
9.8989898989899,0.6565656565656566,-0.00464599
9.8989898989899,0.7070707070707071,0.006652682
9.8989898989899,0.7575757575757576,-0.004136108
9.8989898989899,0.8080808080808081,-0.003234283
9.8989898989899,0.8585858585858586,0.00029982725
9.8989898989899,0.9090909090909092,-0.0031289177
9.8989898989899,0.9595959595959596,-0.001379539
9.8989898989899,1.0101010101010102,0.0034014645
9.8989898989899,1.0606060606060606,0.020079799
9.8989898989899,1.1111111111111112,-0.013628628
9.8989898989899,1.1616161616161615,-0.0252471
9.8989898989899,1.2121212121212122,0.01735619
9.8989898989899,1.2626262626262623,-0.010211802
9.8989898989899,1.3131313131313131,-5.2903983e-05
9.8989898989899,1.3636363636363635,0.010841517
9.8989898989899,1.414141414141414,-0.012665033
9.8989898989899,1.4646464646464643,-0.0053514824
9.8989898989899,1.5151515151515151,-0.0009786005
9.8989898989899,1.5656565656565655,0.010693709
9.8989898989899,1.616161616161616,-0.008627527
9.8989898989899,1.6666666666666667,-0.0015208451
9.8989898989899,1.7171717171717171,0.002754819
9.8989898989899,1.7676767676767675,-0.007817181
9.8989898989899,1.818181818181818,-0.0011857426
9.8989898989899,1.8686868686868687,0.0031185185
9.8989898989899,1.9191919191919191,-0.013899757
9.8989898989899,1.9696969696969695,-0.0011936808
9.8989898989899,2.0202020202020203,-0.005071901
9.8989898989899,2.0707070707070705,-0.009503306
9.8989898989899,2.121212121212121,0.007818981
9.8989898989899,2.171717171717172,0.0022614724
9.8989898989899,2.2222222222222223,0.022719765
9.8989898989899,2.2727272727272725,-0.00653793
9.8989898989899,2.323232323232323,0.009357103
9.8989898989899,2.3737373737373737,-0.01941296
9.8989898989899,2.4242424242424243,-0.015318501
9.8989898989899,2.474747474747475,0.0073509966
9.8989898989899,2.525252525252525,-0.020478385
9.8989898989899,2.575757575757576,-0.0077966335
9.8989898989899,2.6262626262626263,0.007272091
9.8989898989899,2.676767676767677,0.0023876033
9.8989898989899,2.727272727272727,0.0074008554
9.8989898989899,2.7777777777777777,0.015607547
9.8989898989899,2.8282828282828283,0.005938683
9.8989898989899,2.878787878787879,0.0028922262
9.8989898989899,2.929292929292929,0.0064515457
9.8989898989899,2.97979797979798,-0.0075568333
9.8989898989899,3.0303030303030303,0.003808302
9.8989898989899,3.080808080808081,-0.00010536981
9.8989898989899,3.131313131313131,0.013148854
9.8989898989899,3.1818181818181817,0.00046317506
9.8989898989899,3.2323232323232323,0.00897769
9.8989898989899,3.282828282828283,-0.007934965
9.8989898989899,3.333333333333333,-0.0058910656
9.8989898989899,3.383838383838384,0.015401074
9.8989898989899,3.4343434343434343,0.010875342
9.8989898989899,3.484848484848485,-0.0007013139
9.8989898989899,3.5353535353535355,0.0018600343
9.8989898989899,3.5858585858585856,-0.0012035277
9.8989898989899,3.636363636363636,-0.019222131
9.8989898989899,3.686868686868687,-0.010896696
9.8989898989899,3.7373737373737375,0.014351718
9.8989898989899,3.787878787878788,0.008197776
9.8989898989899,3.8383838383838382,0.0012760127
9.8989898989899,3.888888888888889,0.00095405657
9.8989898989899,3.939393939393939,0.018579014
9.8989898989899,3.9898989898989896,-0.014000048
9.8989898989899,4.040404040404041,-0.001616782
9.8989898989899,4.090909090909091,-0.0113805495
9.8989898989899,4.141414141414141,0.002342274
9.8989898989899,4.191919191919192,-0.010851636
9.8989898989899,4.242424242424242,0.0048154327
9.8989898989899,4.292929292929293,0.008387139
9.8989898989899,4.343434343434343,-0.00077460316
9.8989898989899,4.393939393939394,0.017662719
9.8989898989899,4.444444444444445,0.0059598326
9.8989898989899,4.494949494949495,-0.0129239
9.8989898989899,4.545454545454545,-0.010224902
9.8989898989899,4.595959595959596,-0.011248392
9.8989898989899,4.646464646464646,0.008341687
9.8989898989899,4.696969696969697,0.009791384
9.8989898989899,4.747474747474747,0.014070983
9.8989898989899,4.797979797979798,0.007295096
9.8989898989899,4.848484848484849,0.0046176864
9.8989898989899,4.898989898989899,-0.0010949546
9.8989898989899,4.94949494949495,0.018557476
9.8989898989899,5.0,-0.022151796
10.0,0.0,0.009302164
10.0,0.0505050505050505,0.016466342
10.0,0.101010101010101,0.013798932
10.0,0.1515151515151515,0.0073824762
10.0,0.202020202020202,-0.015668929
10.0,0.2525252525252525,-0.0005932914
10.0,0.303030303030303,-0.011456127
10.0,0.3535353535353535,0.006263664
10.0,0.404040404040404,-0.0013723939
10.0,0.4545454545454545,-0.007454123
10.0,0.5050505050505051,0.008603816
10.0,0.5555555555555556,0.015646715
10.0,0.6060606060606061,0.013382122
10.0,0.6565656565656566,-6.0992108e-05
10.0,0.7070707070707071,0.00039604455
10.0,0.7575757575757576,-0.001805643
10.0,0.8080808080808081,-0.008156584
10.0,0.8585858585858586,0.0056937463
10.0,0.9090909090909092,-0.013829432
10.0,0.9595959595959596,0.010817349
10.0,1.0101010101010102,-0.014838587
10.0,1.0606060606060606,-0.01717971
10.0,1.1111111111111112,-0.0024707979
10.0,1.1616161616161615,0.0074986224
10.0,1.2121212121212122,-0.011684504
10.0,1.2626262626262623,0.004037011
10.0,1.3131313131313131,0.012923371
10.0,1.3636363636363635,-0.0086288825
10.0,1.414141414141414,-0.004403809
10.0,1.4646464646464643,0.011935393
10.0,1.5151515151515151,0.00699356
10.0,1.5656565656565655,0.0132717835
10.0,1.616161616161616,-0.01117101
10.0,1.6666666666666667,0.00070059224
10.0,1.7171717171717171,0.006281429
10.0,1.7676767676767675,0.018614134
10.0,1.818181818181818,-0.0019777394
10.0,1.8686868686868687,0.018756012
10.0,1.9191919191919191,0.00838529
10.0,1.9696969696969695,-0.0014788159
10.0,2.0202020202020203,-0.013152331
10.0,2.0707070707070705,-0.00021194304
10.0,2.121212121212121,-0.013232287
10.0,2.171717171717172,-0.0034254484
10.0,2.2222222222222223,0.0012097268
10.0,2.2727272727272725,0.018160036
10.0,2.323232323232323,0.0035290464
10.0,2.3737373737373737,0.007153427
10.0,2.4242424242424243,-0.004852782
10.0,2.474747474747475,0.015847279
10.0,2.525252525252525,0.015596948
10.0,2.575757575757576,-0.007685722
10.0,2.6262626262626263,0.005426327
10.0,2.676767676767677,-0.011758964
10.0,2.727272727272727,0.01562718
10.0,2.7777777777777777,-0.014737306
10.0,2.8282828282828283,0.0026300985
10.0,2.878787878787879,4.4040403e-06
10.0,2.929292929292929,0.0011922327
10.0,2.97979797979798,-0.012865048
10.0,3.0303030303030303,0.012466053
10.0,3.080808080808081,-0.013867651
10.0,3.131313131313131,0.0042799837
10.0,3.1818181818181817,0.008444411
10.0,3.2323232323232323,-0.006954773
10.0,3.282828282828283,0.017098581
10.0,3.333333333333333,-0.0030377256
10.0,3.383838383838384,0.0068366234
10.0,3.4343434343434343,0.008124401
10.0,3.484848484848485,-0.023456432
10.0,3.5353535353535355,0.006371137
10.0,3.5858585858585856,0.009739436
10.0,3.636363636363636,-0.0028066123
10.0,3.686868686868687,0.00749616
10.0,3.7373737373737375,0.0072969142
10.0,3.787878787878788,0.00075848907
10.0,3.8383838383838382,0.025084857
10.0,3.888888888888889,0.012586476
10.0,3.939393939393939,0.0022998066
10.0,3.9898989898989896,0.0012980531
10.0,4.040404040404041,-0.009672571
10.0,4.090909090909091,0.00427724
10.0,4.141414141414141,-0.012849061
10.0,4.191919191919192,0.0029293431
10.0,4.242424242424242,-0.010283536
10.0,4.292929292929293,-0.006862467
10.0,4.343434343434343,0.0010597261
10.0,4.393939393939394,-0.0014316022
10.0,4.444444444444445,0.005898201
10.0,4.494949494949495,0.0016717701
10.0,4.545454545454545,0.013842098
10.0,4.595959595959596,-0.012705476
10.0,4.646464646464646,-0.004187088
10.0,4.696969696969697,-0.016621836
10.0,4.747474747474747,-0.00051696383
10.0,4.797979797979798,-0.00077950745
10.0,4.848484848484849,-0.010599405
10.0,4.898989898989899,0.008226976
10.0,4.94949494949495,-0.008545987
10.0,5.0,0.007941169
