t,x1,y1
0.0,0.0,0.0
0.0,0.050505050505050504,0.1580013959733499
0.0,0.10101010101010101,0.3120334456984871
0.0,0.15151515151515152,0.4582265217274104
0.0,0.20202020202020202,0.5929079290546404
0.0,0.25252525252525254,0.7126941713788629
0.0,0.30303030303030304,0.8145759520503357
0.0,0.35353535353535354,0.8959937742913359
0.0,0.40404040404040403,0.9549022414440739
0.0,0.45454545454545453,0.9898214418809327
0.0,0.5050505050505051,0.9998741276738751
0.0,0.5555555555555556,0.984807753012208
0.0,0.6060606060606061,0.9450008187146685
0.0,0.6565656565656566,0.8814533634475821
0.0,0.7070707070707071,0.7957618405308323
0.0,0.7575757575757576,0.6900790114821119
0.0,0.8080808080808081,0.5670598638627709
0.0,0.8585858585858586,0.4297949120891718
0.0,0.9090909090909091,0.28173255684143006
0.0,0.9595959595959596,0.12659245357374938
0.0,1.0101010101010102,-0.03172793349806786
0.0,1.0606060606060606,-0.18925124436040983
0.0,1.1111111111111112,-0.34202014332566866
0.0,1.1616161616161615,-0.4861967361004685
0.0,1.2121212121212122,-0.6181589862206053
0.0,1.2626262626262625,-0.7345917086575329
0.0,1.3131313131313131,-0.8325698546347713
0.0,1.3636363636363635,-0.909631995354518
0.0,1.4141414141414141,-0.9638421585599419
0.0,1.4646464646464645,-0.9938384644612541
0.0,1.5151515151515151,-0.998867339183008
0.0,1.5656565656565655,-0.9788024462147789
0.0,1.6161616161616161,-0.9341478602651068
0.0,1.6666666666666667,-0.8660254037844386
0.0,1.7171717171717171,-0.7761464642917572
0.0,1.7676767676767677,-0.6667690005162917
0.0,1.8181818181818181,-0.5406408174555982
0.0,1.8686868686868687,-0.4009305354066141
0.0,1.9191919191919191,-0.2511479871810794
0.0,1.9696969696969697,-0.09505604330418256
0.0,2.0202020202020203,0.06342391965656492
0.0,2.0707070707070705,0.2203105327865396
0.0,2.121212121212121,0.3716624556603268
0.0,2.1717171717171717,0.513677391573406
0.0,2.2222222222222223,0.6427876096865391
0.0,2.2727272727272725,0.7557495743542578
0.0,2.323232323232323,0.8497254299495142
0.0,2.3737373737373737,0.9223542941045814
0.0,2.4242424242424243,0.9718115683235418
0.0,2.474747474747475,0.9968547759519424
0.0,2.525252525252525,0.9968547759519424
0.0,2.5757575757575757,0.9718115683235419
0.0,2.6262626262626263,0.9223542941045816
0.0,2.676767676767677,0.8497254299495145
0.0,2.727272727272727,0.7557495743542594
0.0,2.7777777777777777,0.6427876096865404
0.0,2.8282828282828283,0.5136773915734072
0.0,2.878787878787879,0.3716624556603282
0.0,2.929292929292929,0.22031053278654106
0.0,2.9797979797979797,0.06342391965656465
0.0,3.0303030303030303,-0.09505604330418282
0.0,3.080808080808081,-0.25114798718107967
0.0,3.131313131313131,-0.4009305354066128
0.0,3.1818181818181817,-0.540640817455597
0.0,3.2323232323232323,-0.6667690005162913
0.0,3.282828282828283,-0.7761464642917567
0.0,3.3333333333333335,-0.8660254037844387
0.0,3.3838383838383836,-0.9341478602651062
0.0,3.4343434343434343,-0.9788024462147785
0.0,3.484848484848485,-0.998867339183008
0.0,3.5353535353535355,-0.9938384644612542
0.0,3.5858585858585856,-0.9638421585599426
0.0,3.6363636363636362,-0.909631995354519
0.0,3.686868686868687,-0.8325698546347721
0.0,3.7373737373737375,-0.7345917086575339
0.0,3.7878787878787876,-0.6181589862206057
0.0,3.8383838383838382,-0.48619673610046904
0.0,3.888888888888889,-0.3420201433256688
0.0,3.9393939393939394,-0.18925124436041
0.0,3.9898989898989896,-0.03172793349806891
0.0,4.040404040404041,0.12659245357375007
0.0,4.090909090909091,0.28173255684142906
0.0,4.141414141414141,0.4297949120891697
0.0,4.191919191919192,0.5670598638627706
0.0,4.242424242424242,0.6900790114821109
0.0,4.292929292929293,0.7957618405308324
0.0,4.343434343434343,0.8814533634475816
0.0,4.393939393939394,0.9450008187146677
0.0,4.444444444444445,0.984807753012208
0.0,4.494949494949495,0.999874127673875
0.0,4.545454545454545,0.9898214418809329
0.0,4.595959595959596,0.9549022414440742
0.0,4.646464646464646,0.8959937742913363
0.0,4.696969696969697,0.8145759520503351
0.0,4.747474747474747,0.7126941713788632
0.0,4.797979797979798,0.592907929054642
0.0,4.848484848484849,0.45822652172741013
0.0,4.898989898989899,0.31203344569848823
0.0,4.94949494949495,0.15800139597334906
0.0,5.0,6.123233995736766e-16
0.10101010101010101,0.0,0.0
0.10101010101010101,0.050505050505050504,0.05830419993298175
0.10101010101010101,0.10101010101010101,0.11514366877397962
0.10101010101010101,0.15151515151515152,0.1690904727316208
0.10101010101010101,0.20202020202020202,0.21878934818577597
0.10101010101010101,0.25252525252525254,0.2629917489219699
0.10101010101010101,0.30303030303030304,0.3005872123873666
0.10101010101010101,0.35353535353535354,0.3306312569782632
0.10101010101010101,0.40404040404040403,0.35236910951722455
0.10101010101010101,0.45454545454545453,0.36525466683289465
0.10101010101010101,0.5050505050505051,0.36896421508545574
0.10101010101010101,0.5555555555555556,0.36340456217778644
0.10101010101010101,0.6060606060606061,0.3487153789480744
0.10101010101010101,0.6565656565656566,0.3252656903279223
0.10101010101010101,0.7070707070707071,0.2936446046158532
0.10101010101010101,0.7575757575757576,0.25464651376747216
0.10101010101010101,0.8080808080808081,0.20925113650388866
0.10101010101010101,0.8585858585858586,0.15859890559987244
0.10101010101010101,0.9090909090909091,0.10396231767777223
0.10101010101010101,0.9595959595959596,0.04671396526405074
0.10101010101010101,1.0101010101010102,-0.011707945785768344
0.10101010101010101,1.0606060606060606,-0.06983572721481555
0.10101010101010101,1.1111111111111112,-0.12620907995604255
0.10101010101010101,1.1616161616161615,-0.17941178009051403
0.10101010101010101,1.2121212121212122,-0.22810725754001923
0.10101010101010101,1.2626262626262625,-0.271072173678159
0.10101010101010101,1.3131313131313131,-0.3072271543156928
0.10101010101010101,1.3636363636363635,-0.33566390597923845
0.10101010101010101,1.4141414141414141,-0.3556680342621412
0.10101010101010101,1.4646464646464645,-0.36673699099981444
0.10101010101010101,1.5151515151515151,-0.3685926993966219
0.10101010101010101,1.5656565656565655,-0.36118853993305094
0.10101010101010101,1.6161616161616161,-0.34471052155166054
0.10101010101010101,1.6666666666666667,-0.319572608699013
0.10101010101010101,1.7171717171717171,-0.2864063216186789
0.10101010101010101,1.7676767676767677,-0.2460448711590713
0.10101010101010101,1.8181818181818181,-0.1995022266650014
0.10101010101010101,1.8686868686868687,-0.1479476428140386
0.10101010101010101,1.9191919191919191,-0.09267628534017144
0.10101010101010101,1.9696969696969697,-0.03507669359187199
0.10101010101010101,2.0202020202020203,0.023404102662570488
0.10101010101010101,2.0707070707070705,0.08129693583906504
0.10101010101010101,2.121212121212121,0.13714740929287517
0.10101010101010101,2.1717171717171717,0.18955243499494148
0.10101010101010101,2.2222222222222223,0.23719548222174378
0.10101010101010101,2.2727272727272725,0.27887965173325857
0.10101010101010101,2.323232323232323,0.3135577445421539
0.10101010101010101,2.3737373737373737,0.3403585698799038
0.10101010101010101,2.4242424242424243,0.3586088314452443
0.10101010101010101,2.474747474747475,0.36785004210376104
0.10101010101010101,2.525252525252525,0.36785004210376104
0.10101010101010101,2.5757575757575757,0.3586088314452443
0.10101010101010101,2.6262626262626263,0.34035856987990387
0.10101010101010101,2.676767676767677,0.313557744542154
0.10101010101010101,2.727272727272727,0.2788796517332592
0.10101010101010101,2.7777777777777777,0.23719548222174422
0.10101010101010101,2.8282828282828283,0.18955243499494195
0.10101010101010101,2.878787878787879,0.1371474092928757
0.10101010101010101,2.929292929292929,0.08129693583906558
0.10101010101010101,2.9797979797979797,0.023404102662570387
0.10101010101010101,3.0303030303030303,-0.035076693591872085
0.10101010101010101,3.080808080808081,-0.09267628534017154
0.10101010101010101,3.131313131313131,-0.1479476428140381
0.10101010101010101,3.1818181818181817,-0.19950222666500095
0.10101010101010101,3.2323232323232323,-0.24604487115907114
0.10101010101010101,3.282828282828283,-0.28640632161867874
0.10101010101010101,3.3333333333333335,-0.31957260869901305
0.10101010101010101,3.3838383838383836,-0.3447105215516604
0.10101010101010101,3.4343434343434343,-0.36118853993305083
0.10101010101010101,3.484848484848485,-0.3685926993966219
0.10101010101010101,3.5353535353535355,-0.3667369909998145
0.10101010101010101,3.5858585858585856,-0.35566803426214144
0.10101010101010101,3.6363636363636362,-0.3356639059792388
0.10101010101010101,3.686868686868687,-0.30722715431569314
0.10101010101010101,3.7373737373737375,-0.2710721736781594
0.10101010101010101,3.7878787878787876,-0.22810725754001937
0.10101010101010101,3.8383838383838382,-0.17941178009051423
0.10101010101010101,3.888888888888889,-0.12620907995604264
0.10101010101010101,3.9393939393939394,-0.06983572721481561
0.10101010101010101,3.9898989898989896,-0.011707945785768734
0.10101010101010101,4.040404040404041,0.046713965264051
0.10101010101010101,4.090909090909091,0.10396231767777185
0.10101010101010101,4.141414141414141,0.15859890559987166
0.10101010101010101,4.191919191919192,0.20925113650388857
0.10101010101010101,4.242424242424242,0.25464651376747177
0.10101010101010101,4.292929292929293,0.29364460461585323
0.10101010101010101,4.343434343434343,0.32526569032792213
0.10101010101010101,4.393939393939394,0.34871537894807414
0.10101010101010101,4.444444444444445,0.36340456217778644
0.10101010101010101,4.494949494949495,0.3689642150854557
0.10101010101010101,4.545454545454545,0.3652546668328947
0.10101010101010101,4.595959595959596,0.35236910951722467
0.10101010101010101,4.646464646464646,0.33063125697826334
0.10101010101010101,4.696969696969697,0.3005872123873663
0.10101010101010101,4.747474747474747,0.26299174892196997
0.10101010101010101,4.797979797979798,0.21878934818577656
0.10101010101010101,4.848484848484849,0.1690904727316207
0.10101010101010101,4.898989898989899,0.11514366877398002
0.10101010101010101,4.94949494949495,0.05830419993298144
0.10101010101010101,5.0,2.25953863840598e-16
0.20202020202020202,0.0,0.0
0.20202020202020202,0.050505050505050504,0.021514871491378987
0.20202020202020202,0.10101010101010101,0.04248924159092542
0.20202020202020202,0.15151515151515152,0.06239618750311346
0.20202020202020202,0.20202020202020202,0.08073560250051114
0.20202020202020202,0.25252525252525254,0.09704675971633424
0.20202020202020202,0.30303030303030304,0.11091988662737316
0.20202020202020202,0.35353535353535354,0.12200645945055578
0.20202020202020202,0.40404040404040403,0.13002795883502358
0.20202020202020202,0.45454545454545453,0.13478286688727548
0.20202020202020202,0.5050505050505051,0.1361517297485558
0.20202020202020202,0.5555555555555556,0.13410015854128995
0.20202020202020202,0.6060606060606061,0.1286796932941235
0.20202020202020202,0.6565656565656566,0.1200265081418472
0.20202020202020202,0.7070707070707071,0.10835799032846412
0.20202020202020202,0.7575757575757576,0.09396727895644492
0.20202020202020202,0.8080808080808081,0.07721590068092936
0.20202020202020202,0.8585858585858586,0.05852468735660253
0.20202020202020202,0.9090909090909091,0.038363203806144705
0.20202020202020202,0.9595959595959596,0.017237951308208516
0.20202020202020202,1.0101010101010102,-0.004320356840474286
0.20202020202020202,1.0606060606060606,-0.02577012802269517
0.20202020202020202,1.1111111111111112,-0.04657249631108288
0.20202020202020202,1.1616161616161615,-0.0662048599779071
0.20202020202020202,1.2121212121212122,-0.08417401041203891
0.20202020202020202,1.2626262626262625,-0.10002852261549071
0.20202020202020202,1.3131313131313131,-0.11337009600272464
0.20202020202020202,1.3636363636363635,-0.12386356059664232
0.20202020202020202,1.4141414141414141,-0.13124529724337486
0.20202020202020202,1.4646464646464645,-0.1353298603113599
0.20202020202020202,1.5151515151515151,-0.13601463649778694
0.20202020202020202,1.5656565656565655,-0.13328242270283708
0.20202020202020202,1.6161616161616161,-0.12720185820978677
0.20202020202020202,1.6666666666666667,-0.1179257003136512
0.20202020202020202,1.7171717171717171,-0.10568698671840782
0.20202020202020202,1.7676767676767677,-0.09079318111191166
0.20202020202020202,1.8181818181818181,-0.07361844899467357
0.20202020202020202,1.8686868686868687,-0.054594257810848826
0.20202020202020202,1.9191919191919191,-0.034198537527040676
0.20202020202020202,1.9696969696969697,-0.012943673969269197
0.20202020202020202,2.0202020202020203,0.008636363447831183
0.20202020202020202,2.0707070707070705,0.02999943621953267
0.20202020202020202,2.121212121212121,0.05060885647523648
0.20202020202020202,2.1717171717171717,0.06994686977064864
0.20202020202020202,2.2222222222222223,0.08752766223020704
0.20202020202020202,2.2727272727272725,0.10290956527142821
0.20202020202020202,2.323232323232323,0.1157061513013729
0.20202020202020202,2.3737373737373737,0.1255959416366726
0.20202020202020202,2.4242424242424243,0.1323304827625896
0.20202020202020202,2.474747474747475,0.13574058803753186
0.20202020202020202,2.525252525252525,0.13574058803753186
0.20202020202020202,2.5757575757575757,0.1323304827625896
0.20202020202020202,2.6262626262626263,0.12559594163667262
0.20202020202020202,2.676767676767677,0.11570615130137295
0.20202020202020202,2.727272727272727,0.10290956527142843
0.20202020202020202,2.7777777777777777,0.0875276622302072
0.20202020202020202,2.8282828282828283,0.0699468697706488
0.20202020202020202,2.878787878787879,0.05060885647523667
0.20202020202020202,2.929292929292929,0.029999436219532872
0.20202020202020202,2.9797979797979797,0.008636363447831145
0.20202020202020202,3.0303030303030303,-0.012943673969269232
0.20202020202020202,3.080808080808081,-0.03419853752704072
0.20202020202020202,3.131313131313131,-0.054594257810848645
0.20202020202020202,3.1818181818181817,-0.0736184489946734
0.20202020202020202,3.2323232323232323,-0.09079318111191159
0.20202020202020202,3.282828282828283,-0.10568698671840776
0.20202020202020202,3.3333333333333335,-0.11792570031365121
0.20202020202020202,3.3838383838383836,-0.1272018582097867
0.20202020202020202,3.4343434343434343,-0.13328242270283702
0.20202020202020202,3.484848484848485,-0.13601463649778694
0.20202020202020202,3.5353535353535355,-0.13532986031135993
0.20202020202020202,3.5858585858585856,-0.13124529724337497
0.20202020202020202,3.6363636363636362,-0.12386356059664246
0.20202020202020202,3.686868686868687,-0.11337009600272475
0.20202020202020202,3.7373737373737375,-0.10002852261549085
0.20202020202020202,3.7878787878787876,-0.08417401041203897
0.20202020202020202,3.8383838383838382,-0.06620485997790716
0.20202020202020202,3.888888888888889,-0.04657249631108291
0.20202020202020202,3.9393939393939394,-0.025770128022695193
0.20202020202020202,3.9898989898989896,-0.00432035684047443
0.20202020202020202,4.040404040404041,0.01723795130820861
0.20202020202020202,4.090909090909091,0.03836320380614457
0.20202020202020202,4.141414141414141,0.05852468735660225
0.20202020202020202,4.191919191919192,0.07721590068092933
0.20202020202020202,4.242424242424242,0.09396727895644479
0.20202020202020202,4.292929292929293,0.10835799032846413
0.20202020202020202,4.343434343434343,0.12002650814184714
0.20202020202020202,4.393939393939394,0.12867969329412338
0.20202020202020202,4.444444444444445,0.13410015854128995
0.20202020202020202,4.494949494949495,0.1361517297485558
0.20202020202020202,4.545454545454545,0.1347828668872755
0.20202020202020202,4.595959595959596,0.13002795883502363
0.20202020202020202,4.646464646464646,0.12200645945055584
0.20202020202020202,4.696969696969697,0.11091988662737308
0.20202020202020202,4.747474747474747,0.09704675971633428
0.20202020202020202,4.797979797979798,0.08073560250051134
0.20202020202020202,4.848484848484849,0.062396187503113425
0.20202020202020202,4.898989898989899,0.04248924159092557
0.20202020202020202,4.94949494949495,0.021514871491378873
0.20202020202020202,5.0,8.337938517463497e-17
0.30303030303030304,0.0,0.0
0.30303030303030304,0.050505050505050504,0.00793921700019252
0.30303030303030304,0.10101010101010101,0.01567898322326168
0.30303030303030304,0.15151515151515152,0.02302485853891417
0.30303030303030304,0.20202020202020202,0.029792298231931507
0.30303030303030304,0.25252525252525254,0.035811289175594146
0.30303030303030304,0.30303030303030304,0.04093062093930384
0.30303030303030304,0.35353535353535354,0.04502168453068773
0.30303030303030304,0.40404040404040403,0.047981703339339175
0.30303030303030304,0.45454545454545453,0.0497363151137073
0.30303030303030304,0.5050505050505051,0.05024144010613701
0.30303030303030304,0.5555555555555556,0.0494843884541038
0.30303030303030304,0.6060606060606061,0.047484178977765516
0.30303030303030304,0.6565656565656566,0.04429106138492777
0.30303030303030304,0.7070707070707071,0.039985253886696576
0.30303030303030304,0.7575757575757576,0.034674927937718494
0.30303030303030304,0.8080808080808081,0.028493490728813062
0.30303030303030304,0.8585858585858586,0.02159623370182213
0.30303030303030304,0.9090909090909091,0.014156431283432821
0.30303030303030304,0.9595959595959596,0.006360987846451144
0.30303030303030304,1.0101010101010102,-0.001594257743465287
0.30303030303030304,1.0606060606060606,-0.009509452035393298
0.30303030303030304,1.1111111111111112,-0.017185747756035225
0.30303030303030304,1.1616161616161615,-0.0244302992951912
0.30303030303030304,1.2121212121212122,-0.031061107416115393
0.30303030303030304,1.2626262626262625,-0.036911591480862954
0.30303030303030304,1.3131313131313131,-0.0418347743261654
0.30303030303030304,1.3636363636363635,-0.04570697465645005
0.30303030303030304,1.4141414141414141,-0.04843091419288494
0.30303030303030304,1.4646464646464645,-0.04993816151995819
0.30303030303030304,1.5151515151515151,-0.050190851234734636
0.30303030303030304,1.5656565656565655,-0.04918263520993903
0.30303030303030304,1.6161616161616161,-0.04693884207302274
0.30303030303030304,1.6666666666666667,-0.043515840894745694
0.30303030303030304,1.7171717171717171,-0.03899962507283024
0.30303030303030304,1.7676767676767677,-0.033503651986677346
0.30303030303030304,1.8181818181818181,-0.027165992695820505
0.30303030303030304,1.8686868686868687,-0.020145863288026703
0.30303030303030304,1.9191919191919191,-0.012619625017290815
0.30303030303030304,1.9696969696969697,-0.004776353717146227
0.30303030303030304,2.0202020202020203,0.003186910204522347
0.30303030303030304,2.0707070707070705,0.011070111858476152
0.30303030303030304,2.121212121212121,0.018675207697591872
0.30303030303030304,2.1717171717171717,0.025811140810945772
0.30303030303030304,2.2222222222222223,0.032298640698068565
0.30303030303030304,2.2727272727272725,0.037974726942372174
0.30303030303030304,2.323232323232323,0.04269680364146248
0.30303030303030304,2.3737373737373737,0.0463462417331477
0.30303030303030304,2.4242424242424243,0.0488313592211513
0.30303030303030304,2.474747474747475,0.050089724430635175
0.30303030303030304,2.525252525252525,0.050089724430635175
0.30303030303030304,2.5757575757575757,0.04883135922115131
0.30303030303030304,2.6262626262626263,0.04634624173314771
0.30303030303030304,2.676767676767677,0.0426968036414625
0.30303030303030304,2.727272727272727,0.03797472694237226
0.30303030303030304,2.7777777777777777,0.03229864069806863
0.30303030303030304,2.8282828282828283,0.025811140810945835
0.30303030303030304,2.878787878787879,0.018675207697591942
0.30303030303030304,2.929292929292929,0.011070111858476225
0.30303030303030304,2.9797979797979797,0.0031869102045223325
0.30303030303030304,3.0303030303030303,-0.00477635371714624
0.30303030303030304,3.080808080808081,-0.012619625017290829
0.30303030303030304,3.131313131313131,-0.020145863288026637
0.30303030303030304,3.1818181818181817,-0.027165992695820443
0.30303030303030304,3.2323232323232323,-0.033503651986677326
0.30303030303030304,3.282828282828283,-0.03899962507283022
0.30303030303030304,3.3333333333333335,-0.043515840894745694
0.30303030303030304,3.3838383838383836,-0.046938842073022714
0.30303030303030304,3.4343434343434343,-0.04918263520993901
0.30303030303030304,3.484848484848485,-0.050190851234734636
0.30303030303030304,3.5353535353535355,-0.049938161519958196
0.30303030303030304,3.5858585858585856,-0.04843091419288498
0.30303030303030304,3.6363636363636362,-0.0457069746564501
0.30303030303030304,3.686868686868687,-0.04183477432616544
0.30303030303030304,3.7373737373737375,-0.036911591480863
0.30303030303030304,3.7878787878787876,-0.031061107416115414
0.30303030303030304,3.8383838383838382,-0.024430299295191228
0.30303030303030304,3.888888888888889,-0.017185747756035232
0.30303030303030304,3.9393939393939394,-0.009509452035393306
0.30303030303030304,3.9898989898989896,-0.0015942577434653398
0.30303030303030304,4.040404040404041,0.0063609878464511785
0.30303030303030304,4.090909090909091,0.014156431283432771
0.30303030303030304,4.141414141414141,0.021596233701822024
0.30303030303030304,4.191919191919192,0.028493490728813048
0.30303030303030304,4.242424242424242,0.03467492793771844
0.30303030303030304,4.292929292929293,0.039985253886696576
0.30303030303030304,4.343434343434343,0.04429106138492775
0.30303030303030304,4.393939393939394,0.047484178977765475
0.30303030303030304,4.444444444444445,0.0494843884541038
0.30303030303030304,4.494949494949495,0.050241440106137
0.30303030303030304,4.545454545454545,0.049736315113707304
0.30303030303030304,4.595959595959596,0.04798170333933919
0.30303030303030304,4.646464646464646,0.04502168453068775
0.30303030303030304,4.696969696969697,0.04093062093930381
0.30303030303030304,4.747474747474747,0.03581128917559416
0.30303030303030304,4.797979797979798,0.029792298231931583
0.30303030303030304,4.848484848484849,0.023024858538914155
0.30303030303030304,4.898989898989899,0.015678983223261736
0.30303030303030304,4.94949494949495,0.007939217000192478
0.30303030303030304,5.0,3.0767882230173324e-17
0.40404040404040403,0.0,0.0
0.40404040404040403,0.050505050505050504,0.002929655731450803
0.40404040404040403,0.10101010101010101,0.005785711999336421
0.40404040404040403,0.15151515151515152,0.008496418322202066
0.40404040404040403,0.20202020202020202,0.010993675732273505
0.40404040404040403,0.25252525252525254,0.013214747572887528
0.40404040404040403,0.30303030303030304,0.015103835582748772
0.40404040404040403,0.35353535353535354,0.016613481672273327
0.40404040404040403,0.40404040404040403,0.01770576017628167
0.40404040404040403,0.45454545454545453,0.018353230631003335
0.40404040404040403,0.5050505050505051,0.018539627139517317
0.40404040404040403,0.5555555555555556,0.018260267007236063
0.40404040404040403,0.6060606060606061,0.017522168381601498
0.40404040404040403,0.6565656565656566,0.016343873940622415
0.40404040404040403,0.7070707070707071,0.014754985059589061
0.40404040404040403,0.7575757575757576,0.012795418158732426
0.40404040404040403,0.8080808080808081,0.010514401914027954
0.40404040404040403,0.8585858585858586,0.007969240523437005
0.40404040404040403,0.9090909090909091,0.005223874098087092
0.40404040404040403,0.9595959595959596,0.0023472723445640293
0.40404040404040403,1.0101010101010102,-0.0005882981074128144
0.40404040404040403,1.0606060606060606,-0.0035090892033522838
0.40404040404040403,1.1111111111111112,-0.006341724179036228
0.40404040404040403,1.1616161616161615,-0.009015040947927213
0.40404040404040403,1.2121212121212122,-0.01146187985095065
0.40404040404040403,1.2626262626262625,-0.013620770856402906
0.40404040404040403,1.3131313131313131,-0.015437477823773976
0.40404040404040403,1.3636363636363635,-0.016866361036144795
0.40404040404040403,1.4141414141414141,-0.017871523771317347
0.40404040404040403,1.4646464646464645,-0.018427714107261933
0.40404040404040403,1.5151515151515151,-0.018520959306524722
0.40404040404040403,1.5656565656565655,-0.018148916842449063
0.40404040404040403,1.6161616161616161,-0.01732093324865167
0.40404040404040403,1.6666666666666667,-0.01605780931332416
0.40404040404040403,1.7171717171717171,-0.01439127751720087
0.40404040404040403,1.7676767676767677,-0.012363204843112641
0.40404040404040403,1.8181818181818181,-0.010024540984322669
0.40404040404040403,1.8686868686868687,-0.007434038374988434
0.40404040404040403,1.9191919191919191,-0.004656776198429827
0.40404040404040403,1.9696969696969697,-0.00176252545339603
0.40404040404040403,2.0202020202020203,0.0011760038484993594
0.40404040404040403,2.0707070707070705,0.004084989319878738
0.40404040404040403,2.121212121212121,0.006891350780052675
0.40404040404040403,2.1717171717171717,0.009524586191590094
0.40404040404040403,2.2222222222222223,0.011918542828199832
0.40404040404040403,2.2727272727272725,0.0140130791782492
0.40404040404040403,2.323232323232323,0.0157555758332096
0.40404040404040403,2.3737373737373737,0.017102257404153085
0.40404040404040403,2.4242424242424243,0.018019292256819516
0.40404040404040403,2.474747474747475,0.01848364243746495
0.40404040404040403,2.525252525252525,0.01848364243746495
0.40404040404040403,2.5757575757575757,0.018019292256819516
0.40404040404040403,2.6262626262626263,0.01710225740415309
0.40404040404040403,2.676767676767677,0.015755575833209606
0.40404040404040403,2.727272727272727,0.014013079178249227
0.40404040404040403,2.7777777777777777,0.011918542828199855
0.40404040404040403,2.8282828282828283,0.009524586191590119
0.40404040404040403,2.878787878787879,0.0068913507800527005
0.40404040404040403,2.929292929292929,0.004084989319878766
0.40404040404040403,2.9797979797979797,0.0011760038484993542
0.40404040404040403,3.0303030303030303,-0.0017625254533960347
0.40404040404040403,3.080808080808081,-0.004656776198429832
0.40404040404040403,3.131313131313131,-0.00743403837498841
0.40404040404040403,3.1818181818181817,-0.010024540984322646
0.40404040404040403,3.2323232323232323,-0.012363204843112633
0.40404040404040403,3.282828282828283,-0.014391277517200861
0.40404040404040403,3.3333333333333335,-0.016057809313324165
0.40404040404040403,3.3838383838383836,-0.01732093324865166
0.40404040404040403,3.4343434343434343,-0.018148916842449056
0.40404040404040403,3.484848484848485,-0.018520959306524722
0.40404040404040403,3.5353535353535355,-0.018427714107261933
0.40404040404040403,3.5858585858585856,-0.01787152377131736
0.40404040404040403,3.6363636363636362,-0.016866361036144816
0.40404040404040403,3.686868686868687,-0.01543747782377399
0.40404040404040403,3.7373737373737375,-0.013620770856402925
0.40404040404040403,3.7878787878787876,-0.011461879850950658
0.40404040404040403,3.8383838383838382,-0.009015040947927223
0.40404040404040403,3.888888888888889,-0.006341724179036231
0.40404040404040403,3.9393939393939394,-0.003509089203352287
0.40404040404040403,3.9898989898989896,-0.0005882981074128341
0.40404040404040403,4.040404040404041,0.002347272344564042
0.40404040404040403,4.090909090909091,0.005223874098087074
0.40404040404040403,4.141414141414141,0.007969240523436965
0.40404040404040403,4.191919191919192,0.01051440191402795
0.40404040404040403,4.242424242424242,0.012795418158732409
0.40404040404040403,4.292929292929293,0.014754985059589063
0.40404040404040403,4.343434343434343,0.016343873940622405
0.40404040404040403,4.393939393939394,0.017522168381601484
0.40404040404040403,4.444444444444445,0.018260267007236063
0.40404040404040403,4.494949494949495,0.018539627139517317
0.40404040404040403,4.545454545454545,0.01835323063100334
0.40404040404040403,4.595959595959596,0.017705760176281678
0.40404040404040403,4.646464646464646,0.016613481672273337
0.40404040404040403,4.696969696969697,0.015103835582748758
0.40404040404040403,4.747474747474747,0.013214747572887531
0.40404040404040403,4.797979797979798,0.010993675732273533
0.40404040404040403,4.848484848484849,0.00849641832220206
0.40404040404040403,4.898989898989899,0.0057857119993364415
0.40404040404040403,4.94949494949495,0.0029296557314507877
0.40404040404040403,5.0,1.1353676630585205e-17
0.5050505050505051,0.0,0.0
0.5050505050505051,0.050505050505050504,0.001081074204750218
0.5050505050505051,0.10101010101010101,0.0021349894226305446
0.5050505050505051,0.15151515151515152,0.003135268960886105
0.5050505050505051,0.20202020202020202,0.004056783574247393
0.5050505050505051,0.25252525252525254,0.00487638276742489
0.5050505050505051,0.30303030303030304,0.005573476387006114
0.5050505050505051,0.35353535353535354,0.0061305518918739945
0.5050505050505051,0.40404040404040403,0.006533614307163934
0.5050505050505051,0.45454545454545453,0.006772537809138296
0.5050505050505051,0.5050505050505051,0.0068413201083848295
0.5050505050505051,0.5555555555555556,0.006738233240667675
0.5050505050505051,0.6060606060606061,0.006465866977229627
0.5050505050505051,0.6565656565656566,0.006031063763982365
0.5050505050505051,0.7070707070707071,0.005444746824056811
0.5050505050505051,0.7575757575757576,0.004721645742159602
0.5050505050505051,0.8080808080808081,0.0038799264246666045
0.5050505050505051,0.8585858585858586,0.002940734731678334
0.5050505050505051,0.9090909090909091,0.0019276652460144534
0.5050505050505051,0.9595959595959596,0.0008661685248509038
0.5050505050505051,1.0101010101010102,-0.00021708827484395732
0.5050505050505051,1.0606060606060606,-0.0012948913345640835
0.5050505050505051,1.1111111111111112,-0.002340163845873352
0.5050505050505051,1.1616161616161615,-0.003326646240015633
0.5050505050505051,1.2121212121212122,-0.0042295558866477356
0.5050505050505051,1.2626262626262625,-0.005026209688596645
0.5050505050505051,1.3131313131313131,-0.005696593931677065
0.5050505050505051,1.3636363636363635,-0.0062238670736751356
0.5050505050505051,1.4141414141414141,-0.006594782841321696
0.5050505050505051,1.4646464646464645,-0.006800023006118563
0.5050505050505051,1.5151515151515151,-0.006834431478949559
0.5050505050505051,1.5656565656565655,-0.006697143842499276
0.5050505050505051,1.6161616161616161,-0.0063916090673373244
0.5050505050505051,1.6666666666666667,-0.005925502866111789
0.5050505050505051,1.7171717171717171,-0.005310534862587108
0.5050505050505051,1.7676767676767677,-0.0045621544198687315
0.5050505050505051,1.8181818181818181,-0.003699162518063459
0.5050505050505051,1.8686868686868687,-0.0027432394318711723
0.5050505050505051,1.9191919191919191,-0.0017184000738968085
0.5050505050505051,1.9696969696969697,-0.0006503906866690243
0.5050505050505051,2.0202020202020203,0.0004339579601969319
0.5050505050505051,2.0707070707070705,0.0015074046185672792
0.5050505050505051,2.121212121212121,0.0025429819224905563
0.5050505050505051,2.1717171717171717,0.0035146738683691924
0.5050505050505051,2.2222222222222223,0.0043980693947943215
0.5050505050505051,2.2727272727272725,0.0051709756426655375
0.5050505050505051,2.323232323232323,0.005813975489138408
0.5050505050505051,2.3737373737373737,0.006310915348907712
0.5050505050505051,2.4242424242424243,0.006649310988174053
0.5050505050505051,2.474747474747475,0.0068206611563449366
0.5050505050505051,2.525252525252525,0.0068206611563449366
0.5050505050505051,2.5757575757575757,0.006649310988174054
0.5050505050505051,2.6262626262626263,0.006310915348907714
0.5050505050505051,2.676767676767677,0.00581397548913841
0.5050505050505051,2.727272727272727,0.005170975642665549
0.5050505050505051,2.7777777777777777,0.004398069394794329
0.5050505050505051,2.8282828282828283,0.003514673868369201
0.5050505050505051,2.878787878787879,0.002542981922490566
0.5050505050505051,2.929292929292929,0.0015074046185672891
0.5050505050505051,2.9797979797979797,0.00043395796019693
0.5050505050505051,3.0303030303030303,-0.0006503906866690261
0.5050505050505051,3.080808080808081,-0.0017184000738968105
0.5050505050505051,3.131313131313131,-0.002743239431871163
0.5050505050505051,3.1818181818181817,-0.003699162518063451
0.5050505050505051,3.2323232323232323,-0.004562154419868729
0.5050505050505051,3.282828282828283,-0.005310534862587105
0.5050505050505051,3.3333333333333335,-0.00592550286611179
0.5050505050505051,3.3838383838383836,-0.00639160906733732
0.5050505050505051,3.4343434343434343,-0.0066971438424992735
0.5050505050505051,3.484848484848485,-0.006834431478949559
0.5050505050505051,3.5353535353535355,-0.006800023006118564
0.5050505050505051,3.5858585858585856,-0.006594782841321701
0.5050505050505051,3.6363636363636362,-0.0062238670736751425
0.5050505050505051,3.686868686868687,-0.00569659393167707
0.5050505050505051,3.7373737373737375,-0.005026209688596652
0.5050505050505051,3.7878787878787876,-0.004229555886647738
0.5050505050505051,3.8383838383838382,-0.003326646240015637
0.5050505050505051,3.888888888888889,-0.0023401638458733533
0.5050505050505051,3.9393939393939394,-0.0012948913345640846
0.5050505050505051,3.9898989898989896,-0.00021708827484396453
0.5050505050505051,4.040404040404041,0.0008661685248509086
0.5050505050505051,4.090909090909091,0.0019276652460144467
0.5050505050505051,4.141414141414141,0.0029407347316783195
0.5050505050505051,4.191919191919192,0.0038799264246666032
0.5050505050505051,4.242424242424242,0.004721645742159595
0.5050505050505051,4.292929292929293,0.005444746824056812
0.5050505050505051,4.343434343434343,0.006031063763982362
0.5050505050505051,4.393939393939394,0.006465866977229622
0.5050505050505051,4.444444444444445,0.006738233240667675
0.5050505050505051,4.494949494949495,0.0068413201083848295
0.5050505050505051,4.545454545454545,0.0067725378091382975
0.5050505050505051,4.595959595959596,0.006533614307163937
0.5050505050505051,4.646464646464646,0.006130551891873997
0.5050505050505051,4.696969696969697,0.005573476387006109
0.5050505050505051,4.747474747474747,0.004876382767424892
0.5050505050505051,4.797979797979798,0.004056783574247404
0.5050505050505051,4.848484848484849,0.003135268960886103
0.5050505050505051,4.898989898989899,0.002134989422630552
0.5050505050505051,4.94949494949495,0.0010810742047502125
0.5050505050505051,5.0,4.189627744527754e-18
0.6060606060606061,0.0,0.0
0.6060606060606061,0.050505050505050504,0.0003989279093887081
0.6060606060606061,0.10101010101010101,0.0007878338630175666
0.6060606060606061,0.15151515151515152,0.001156947678930685
0.6060606060606061,0.20202020202020202,0.0014969963976625325
0.6060606060606061,0.25252525252525254,0.0017994372395902288
0.6060606060606061,0.30303030303030304,0.002056672218545256
0.6060606060606061,0.35353535353535354,0.0022622390201136548
0.6060606060606061,0.40404040404040403,0.002410973349337549
0.6060606060606061,0.45454545454545453,0.002499138669282893
0.6060606060606061,0.5050505050505051,0.002524520071152257
0.6060606060606061,0.5555555555555556,0.0024864799177167795
0.6060606060606061,0.6060606060606061,0.0023859738621806017
0.6060606060606061,0.6565656565656566,0.0022255268400482964
0.6060606060606061,0.7070707070707071,0.002009169637132953
0.6060606060606061,0.7575757575757576,0.0017423376272575383
0.6060606060606061,0.8080808080808081,0.0014317342235835465
0.6060606060606061,0.8585858585858586,0.0010851624739730565
0.6060606060606061,0.9090909090909091,0.0007113290310830169
0.6060606060606061,0.9595959595959596,0.0003196254218986836
0.6060606060606061,1.0101010101010102,-8.010788829829741e-05
0.6060606060606061,1.0606060606060606,-0.0004778287102896484
0.6060606060606061,1.1111111111111112,-0.0008635454130338753
0.6060606060606061,1.1616161616161615,-0.001227567935645886
0.6060606060606061,1.2121212121212122,-0.001560751223264024
0.6060606060606061,1.2626262626262625,-0.0018547249711544141
0.6060606060606061,1.3131313131313131,-0.0021021039053701223
0.6060606060606061,1.3636363636363635,-0.002296673317247548
0.6060606060606061,1.4141414141414141,-0.0024335451907011732
0.6060606060606061,1.4646464646464645,-0.0025092810000519527
0.6060606060606061,1.5151515151515151,-0.0025219780934350095
0.6060606060606061,1.5656565656565655,-0.002471317491643403
0.6060606060606061,1.6161616161616161,-0.0023585719015947826
0.6060606060606061,1.6666666666666667,-0.0021865737431048414
0.6060606060606061,1.7171717171717171,-0.001959643992206075
0.6060606060606061,1.7676767676767677,-0.0016834836286258364
0.6060606060606061,1.8181818181818181,-0.0013650304145043262
0.6060606060606061,1.8686868686868687,-0.0010122846023894211
0.6060606060606061,1.9191919191919191,-0.0006341079511109453
0.6060606060606061,1.9696969696969697,-0.00024000109870229316
0.6060606060606061,2.0202020202020203,0.00016013511474353336
0.6060606060606061,2.0707070707070705,0.0005562483781831317
0.6060606060606061,2.121212121212121,0.0009383874460188676
0.6060606060606061,2.1717171717171717,0.0012969521355063695
0.6060606060606061,2.2222222222222223,0.001622934504682904
0.6060606060606061,2.2727272727272725,0.0019081451518909514
0.6060606060606061,2.323232323232323,0.0021454189517499988
0.6060606060606061,2.3737373737373737,0.002328795059031636
0.6060606060606061,2.4242424242424243,0.0024536666583405546
0.6060606060606061,2.474747474747475,0.0025168966975566026
0.6060606060606061,2.525252525252525,0.0025168966975566026
0.6060606060606061,2.5757575757575757,0.002453666658340555
0.6060606060606061,2.6262626262626263,0.0023287950590316366
0.6060606060606061,2.676767676767677,0.0021454189517499996
0.6060606060606061,2.727272727272727,0.0019081451518909553
0.6060606060606061,2.7777777777777777,0.001622934504682907
0.6060606060606061,2.8282828282828283,0.0012969521355063725
0.6060606060606061,2.878787878787879,0.0009383874460188711
0.6060606060606061,2.929292929292929,0.0005562483781831354
0.6060606060606061,2.9797979797979797,0.00016013511474353265
0.6060606060606061,3.0303030303030303,-0.00024000109870229384
0.6060606060606061,3.080808080808081,-0.000634107951110946
0.6060606060606061,3.131313131313131,-0.0010122846023894177
0.6060606060606061,3.1818181818181817,-0.001365030414504323
0.6060606060606061,3.2323232323232323,-0.0016834836286258354
0.6060606060606061,3.282828282828283,-0.001959643992206074
0.6060606060606061,3.3333333333333335,-0.0021865737431048414
0.6060606060606061,3.3838383838383836,-0.0023585719015947813
0.6060606060606061,3.4343434343434343,-0.0024713174916434024
0.6060606060606061,3.484848484848485,-0.0025219780934350095
0.6060606060606061,3.5353535353535355,-0.002509281000051953
0.6060606060606061,3.5858585858585856,-0.002433545190701175
0.6060606060606061,3.6363636363636362,-0.0022966733172475507
0.6060606060606061,3.686868686868687,-0.002102103905370124
0.6060606060606061,3.7373737373737375,-0.0018547249711544165
0.6060606060606061,3.7878787878787876,-0.001560751223264025
0.6060606060606061,3.8383838383838382,-0.0012275679356458873
0.6060606060606061,3.888888888888889,-0.0008635454130338756
0.6060606060606061,3.9393939393939394,-0.00047782871028964884
0.6060606060606061,3.9898989898989896,-8.010788829830007e-05
0.6060606060606061,4.040404040404041,0.00031962542189868534
0.6060606060606061,4.090909090909091,0.0007113290310830143
0.6060606060606061,4.141414141414141,0.001085162473973051
0.6060606060606061,4.191919191919192,0.001431734223583546
0.6060606060606061,4.242424242424242,0.0017423376272575357
0.6060606060606061,4.292929292929293,0.0020091696371329535
0.6060606060606061,4.343434343434343,0.0022255268400482955
0.6060606060606061,4.393939393939394,0.0023859738621806
0.6060606060606061,4.444444444444445,0.0024864799177167795
0.6060606060606061,4.494949494949495,0.0025245200711522565
0.6060606060606061,4.545454545454545,0.0024991386692828936
0.6060606060606061,4.595959595959596,0.00241097334933755
0.6060606060606061,4.646464646464646,0.002262239020113656
0.6060606060606061,4.696969696969697,0.002056672218545254
0.6060606060606061,4.747474747474747,0.0017994372395902295
0.6060606060606061,4.797979797979798,0.0014969963976625364
0.6060606060606061,4.848484848484849,0.0011569476789306844
0.6060606060606061,4.898989898989899,0.0007878338630175695
0.6060606060606061,4.94949494949495,0.000398927909388706
0.6060606060606061,5.0,1.5460173130553537e-18
0.7070707070707071,0.0,0.0
0.7070707070707071,0.050505050505050504,0.00014720865245879724
0.7070707070707071,0.10101010101010101,0.00029071909637492865
0.7070707070707071,0.15151515151515152,0.000426926030424133
0.7070707070707071,0.20202020202020202,0.0005524076336831321
0.7070707070707071,0.25252525252525254,0.0006640115293767246
0.7070707070707071,0.30303030303030304,0.0007589339795889995
0.7070707070707071,0.35353535353535354,0.0008347903213915055
0.7070707070707071,0.40404040404040403,0.0008896748748762769
0.7070707070707071,0.45454545454545453,0.0009222088180707767
0.7070707070707071,0.5050505050505051,0.0009315748260104809
0.7070707070707071,0.5555555555555556,0.0009175376037586126
0.7070707070707071,0.6060606060606061,0.0008804497975379316
0.7070707070707071,0.6565656565656566,0.0008212431354738107
0.7070707070707071,0.7070707070707071,0.0007414050205128229
0.7070707070707071,0.7575757575757576,0.0006429411635547512
0.7070707070707071,0.8080808080808081,0.0005283251955368004
0.7070707070707071,0.8585858585858586,0.0004004365243264425
0.7070707070707071,0.9090909090909091,0.0002624879975958804
0.7070707070707071,0.9595959595959596,0.00011794518894749353
0.7070707070707071,1.0101010101010102,-2.9560664997799748e-05
0.7070707070707071,1.0606060606060606,-0.00017632388933541785
0.7070707070707071,1.1111111111111112,-0.00031865746566713015
0.7070707070707071,1.1616161616161615,-0.0004529856581981563
0.7070707070707071,1.2121212121212122,-0.0005759338441679351
0.7070707070707071,1.2626262626262625,-0.0006844132918744621
0.7070707070707071,1.3131313131313131,-0.0007756987564798088
0.7070707070707071,1.3636363636363635,-0.0008474969442177041
0.7070707070707071,1.4141414141414141,-0.0008980041250301316
0.7070707070707071,1.4646464646464645,-0.0009259514462754378
0.7070707070707071,1.5151515151515151,-0.000930636809126905
0.7070707070707071,1.5656565656565655,-0.0009119425068557958
0.7070707070707071,1.6161616161616161,-0.0008703381818859992
0.7070707070707071,1.6666666666666667,-0.0008068690273324934
0.7070707070707071,1.7171717171717171,-0.0007231295294272023
0.7070707070707071,1.7676767676767677,-0.0006212234104808672
0.7070707070707071,1.8181818181818181,-0.0005037107787027726
0.7070707070707071,1.8686868686868687,-0.00037354381259230605
0.7070707070707071,1.9191919191919191,-0.00023399259565340744
0.7070707070707071,1.9696969696969697,-8.856296462870494e-05
0.7070707070707071,2.0202020202020203,5.909156491169699e-05
0.7070707070707071,2.0707070707070705,0.0002052615830018135
0.7070707070707071,2.121212121212121,0.000346274973902841
0.7070707070707071,2.1717171717171717,0.00047858916781232406
0.7070707070707071,2.2222222222222223,0.0005988801380914822
0.7070707070707071,2.2727272727272725,0.0007041259082025131
0.7070707070707071,2.323232323232323,0.000791682470476011
0.7070707070707071,2.3737373737373737,0.0008593502094603161
0.7070707070707071,2.4242424242424243,0.0009054291611506314
0.7070707070707071,2.474747474747475,0.0009287617198632426
0.7070707070707071,2.525252525252525,0.0009287617198632426
0.7070707070707071,2.5757575757575757,0.0009054291611506315
0.7070707070707071,2.6262626262626263,0.0008593502094603163
0.7070707070707071,2.676767676767677,0.0007916824704760113
0.7070707070707071,2.727272727272727,0.0007041259082025145
0.7070707070707071,2.7777777777777777,0.0005988801380914833
0.7070707070707071,2.8282828282828283,0.0004785891678123252
0.7070707070707071,2.878787878787879,0.0003462749739028423
0.7070707070707071,2.929292929292929,0.00020526158300181486
0.7070707070707071,2.9797979797979797,5.9091564911696727e-05
0.7070707070707071,3.0303030303030303,-8.85629646287052e-05
0.7070707070707071,3.080808080808081,-0.0002339925956534077
0.7070707070707071,3.131313131313131,-0.00037354381259230486
0.7070707070707071,3.1818181818181817,-0.0005037107787027715
0.7070707070707071,3.2323232323232323,-0.0006212234104808668
0.7070707070707071,3.282828282828283,-0.0007231295294272018
0.7070707070707071,3.3333333333333335,-0.0008068690273324935
0.7070707070707071,3.3838383838383836,-0.0008703381818859987
0.7070707070707071,3.4343434343434343,-0.0009119425068557956
0.7070707070707071,3.484848484848485,-0.000930636809126905
0.7070707070707071,3.5353535353535355,-0.0009259514462754379
0.7070707070707071,3.5858585858585856,-0.0008980041250301323
0.7070707070707071,3.6363636363636362,-0.0008474969442177051
0.7070707070707071,3.686868686868687,-0.0007756987564798096
0.7070707070707071,3.7373737373737375,-0.0006844132918744631
0.7070707070707071,3.7878787878787876,-0.0005759338441679356
0.7070707070707071,3.8383838383838382,-0.00045298565819815677
0.7070707070707071,3.888888888888889,-0.0003186574656671303
0.7070707070707071,3.9393939393939394,-0.00017632388933541798
0.7070707070707071,3.9898989898989896,-2.956066499780073e-05
0.7070707070707071,4.040404040404041,0.00011794518894749418
0.7070707070707071,4.090909090909091,0.0002624879975958795
0.7070707070707071,4.141414141414141,0.00040043652432644055
0.7070707070707071,4.191919191919192,0.0005283251955368001
0.7070707070707071,4.242424242424242,0.0006429411635547503
0.7070707070707071,4.292929292929293,0.000741405020512823
0.7070707070707071,4.343434343434343,0.0008212431354738103
0.7070707070707071,4.393939393939394,0.0008804497975379309
0.7070707070707071,4.444444444444445,0.0009175376037586126
0.7070707070707071,4.494949494949495,0.0009315748260104808
0.7070707070707071,4.545454545454545,0.0009222088180707769
0.7070707070707071,4.595959595959596,0.0008896748748762772
0.7070707070707071,4.646464646464646,0.0008347903213915059
0.7070707070707071,4.696969696969697,0.0007589339795889988
0.7070707070707071,4.747474747474747,0.0006640115293767248
0.7070707070707071,4.797979797979798,0.0005524076336831335
0.7070707070707071,4.848484848484849,0.0004269260304241327
0.7070707070707071,4.898989898989899,0.0002907190963749297
0.7070707070707071,4.94949494949495,0.00014720865245879645
0.7070707070707071,5.0,5.704968741885952e-19
0.8080808080808081,0.0,0.0
0.8080808080808081,0.050505050505050504,5.4321562489677093e-05
0.8080808080808081,0.10101010101010101,0.00010727844659194413
0.8080808080808081,0.15151515151515152,0.00015754025767368137
0.8080808080808081,0.20202020202020202,0.00020384430732624131
0.8080808080808081,0.25252525252525254,0.00024502733490478493
0.8080808080808081,0.30303030303030304,0.00028005473122119765
0.8080808080808081,0.35353535353535354,0.00030804653022646654
0.8080808080808081,0.40404040404040403,0.00032829951571368524
0.8080808080808081,0.45454545454545453,0.00034030488767217306
0.8080808080808081,0.5050505050505051,0.00034376104447462634
0.8080808080808081,0.5555555555555556,0.0003385811597803501
0.8080808080808081,0.6060606060606061,0.0003248953638059209
0.8080808080808081,0.6565656565656566,0.00030304747416491266
0.8080808080808081,0.7070707070707071,0.00027358635840525847
0.8080808080808081,0.7575757575757576,0.0002372521452365075
0.8080808080808081,0.8080808080808081,0.00019495763085159663
0.8080808080808081,0.8585858585858586,0.00014776534745765906
0.8080808080808081,0.9090909090909091,9.686087010534767e-05
0.8080808080808081,0.9595959595959596,4.352303240844699e-05
0.8080808080808081,1.0101010101010102,-1.0908200598900512e-05
0.8080808080808081,1.0606060606060606,-6.506539536212169e-05
0.8080808080808081,1.1111111111111112,-0.0001175880027764271
0.8080808080808081,1.1616161616161615,-0.00016715653820434208
0.8080808080808081,1.2121212121212122,-0.0002125257298625506
0.8080808080808081,1.2626262626262625,-0.00025255580281689083
0.8080808080808081,1.3131313131313131,-0.00028624111266202013
0.8080808080808081,1.3636363636363635,-0.0003127354095440685
0.8080808080808081,1.4141414141414141,-0.0003313730978378841
0.8080808080808081,1.4646464646464645,-0.00034168595738852023
0.8080808080808081,1.5151515151515151,-0.00034341490624221636
0.8080808080808081,1.5656565656565655,-0.00033651650936092434
0.8080808080808081,1.6161616161616161,-0.0003211640698070047
0.8080808080808081,1.6666666666666667,-0.00029774327498510906
0.8080808080808081,1.7171717171717171,-0.00026684250731732773
0.8080808080808081,1.7676767676767677,-0.00022923806276898022
0.8080808080808081,1.8181818181818181,-0.0001858746485685352
0.8080808080808081,1.8686868686868687,-0.00013784165006227905
0.8080808080808081,1.9191919191919191,-8.634576293309933e-05
0.8080808080808081,1.9696969696969697,-3.268067832287095e-05
0.8080808080808081,2.0202020202020203,2.1805417564446503e-05
0.8080808080808081,2.0707070707070705,7.574371289679391e-05
0.8080808080808081,2.121212121212121,0.0001277791578096222
0.8080808080808081,2.1717171717171717,0.00017660450627028404
0.8080808080808081,2.2222222222222223,0.00022099315700392291
0.8080808080808081,2.2727272727272725,0.00025982996844379895
0.8080808080808081,2.323232323232323,0.0002921392735660121
0.8080808080808081,2.3737373737373737,0.00031710939081370533
0.8080808080808081,2.4242424242424243,0.0003341130153418551
0.8080808080808081,2.474747474747475,0.0003427229783092556
0.8080808080808081,2.525252525252525,0.0003427229783092556
0.8080808080808081,2.5757575757575757,0.00033411301534185515
0.8080808080808081,2.6262626262626263,0.00031710939081370544
0.8080808080808081,2.676767676767677,0.00029213927356601225
0.8080808080808081,2.727272727272727,0.0002598299684437995
0.8080808080808081,2.7777777777777777,0.00022099315700392332
0.8080808080808081,2.8282828282828283,0.00017660450627028445
0.8080808080808081,2.878787878787879,0.0001277791578096227
0.8080808080808081,2.929292929292929,7.574371289679442e-05
0.8080808080808081,2.9797979797979797,2.1805417564446408e-05
0.8080808080808081,3.0303030303030303,-3.2680678322871036e-05
0.8080808080808081,3.080808080808081,-8.634576293309943e-05
0.8080808080808081,3.131313131313131,-0.0001378416500622786
0.8080808080808081,3.1818181818181817,-0.00018587464856853478
0.8080808080808081,3.2323232323232323,-0.00022923806276898005
0.8080808080808081,3.282828282828283,-0.00026684250731732757
0.8080808080808081,3.3333333333333335,-0.00029774327498510906
0.8080808080808081,3.3838383838383836,-0.00032116406980700455
0.8080808080808081,3.4343434343434343,-0.00033651650936092424
0.8080808080808081,3.484848484848485,-0.00034341490624221636
0.8080808080808081,3.5353535353535355,-0.0003416859573885203
0.8080808080808081,3.5858585858585856,-0.0003313730978378843
0.8080808080808081,3.6363636363636362,-0.0003127354095440688
0.8080808080808081,3.686868686868687,-0.0002862411126620204
0.8080808080808081,3.7373737373737375,-0.00025255580281689116
0.8080808080808081,3.7878787878787876,-0.00021252572986255077
0.8080808080808081,3.8383838383838382,-0.00016715653820434227
0.8080808080808081,3.888888888888889,-0.00011758800277642716
0.8080808080808081,3.9393939393939394,-6.506539536212175e-05
0.8080808080808081,3.9898989898989896,-1.0908200598900874e-05
0.8080808080808081,4.040404040404041,4.3523032408447226e-05
0.8080808080808081,4.090909090909091,9.686087010534733e-05
0.8080808080808081,4.141414141414141,0.00014776534745765833
0.8080808080808081,4.191919191919192,0.00019495763085159654
0.8080808080808081,4.242424242424242,0.00023725214523650714
0.8080808080808081,4.292929292929293,0.0002735863584052585
0.8080808080808081,4.343434343434343,0.0003030474741649125
0.8080808080808081,4.393939393939394,0.0003248953638059206
0.8080808080808081,4.444444444444445,0.0003385811597803501
0.8080808080808081,4.494949494949495,0.0003437610444746263
0.8080808080808081,4.545454545454545,0.0003403048876721731
0.8080808080808081,4.595959595959596,0.00032829951571368535
0.8080808080808081,4.646464646464646,0.0003080465302264667
0.8080808080808081,4.696969696969697,0.00028005473122119743
0.8080808080808081,4.747474747474747,0.000245027334904785
0.8080808080808081,4.797979797979798,0.00020384430732624186
0.8080808080808081,4.848484848484849,0.00015754025767368126
0.8080808080808081,4.898989898989899,0.00010727844659194451
0.8080808080808081,4.94949494949495,5.432156248967681e-05
0.8080808080808081,5.0,2.1051942996404512e-19
0.9090909090909091,0.0,0.0
0.9090909090909091,0.050505050505050504,2.0045235806677955e-05
0.9090909090909091,0.10101010101010101,3.9586890736404696e-05
0.9090909090909091,0.15151515151515152,5.8134034983140655e-05
0.9090909090909091,0.20202020202020202,7.522072305964936e-05
0.9090909090909091,0.25252525252525254,9.041769938376938e-05
0.9090909090909091,0.30303030303030304,0.00010334318213272168
0.9090909090909091,0.35353535353535354,0.00011367245445106445
0.9090909090909091,0.40404040404040403,0.00012114602205983258
0.9090909090909091,0.45454545454545453,0.00012557613232958963
0.9090909090909091,0.5050505050505051,0.00012685149104378705
0.9090909090909091,0.5555555555555556,0.00012494005835685172
0.9090909090909091,0.6060606060606061,0.00011988985370632
0.9090909090909091,0.6565656565656566,0.00011182774945783651
0.9090909090909091,0.7070707070707071,0.00010095628358933669
0.9090909090909091,0.7575757575757576,8.754857148687052e-05
0.9090909090909091,0.8080808080808081,7.194144467906593e-05
0.9090909090909091,0.8585858585858586,5.45269888804718e-05
0.9090909090909091,0.9090909090909091,3.574269392694045e-05
0.9090909090909091,0.9595959595959596,1.6060463058565324e-05
0.9090909090909091,1.0101010101010102,-4.0252423385844e-06
0.9090909090909091,1.0606060606060606,-2.4009824701495113e-05
0.9090909090909091,1.1111111111111112,-4.339122690253446e-05
0.9090909090909091,1.1616161616161615,-6.168254504039262e-05
0.9090909090909091,1.2121212121212122,-7.842426054829944e-05
0.9090909090909091,1.2626262626262625,-9.319578432176889e-05
0.9090909090909091,1.3131313131313131,-0.00010562602285172546
0.9090909090909091,1.3636363636363635,-0.00011540270091826146
0.9090909090909091,1.4141414141414141,-0.00012228020663823945
0.9090909090909091,1.4646464646464645,-0.00012608576178170457
0.9090909090909091,1.5151515151515151,-0.0001267237623450464
0.9090909090909091,1.5656565656565655,-0.00012417818033606375
0.9090909090909091,1.6161616161616161,-0.0001185129664327529
0.9090909090909091,1.6666666666666667,-0.00010987044340013694
0.9090909090909091,1.7171717171717171,-9.846773062607497e-05
0.9090909090909091,1.7676767676767677,-8.459128959965905e-05
0.9090909090909091,1.8181818181818181,-6.858972736190584e-05
0.9090909090909091,1.8686868686868687,-5.086503872205524e-05
0.9090909090909091,1.9191919191919191,-3.186250725447013e-05
0.9090909090909091,1.9696969696969697,-1.2059518785539832e-05
0.9090909090909091,2.0202020202020203,8.046431599339029e-06
0.9090909090909091,2.0707070707070705,2.7950237738063517e-05
0.9090909090909091,2.121212121212121,4.7151871781290105e-05
0.9090909090909091,2.1717171717171717,6.516894600339436e-05
0.9090909090909091,2.2222222222222223,8.154883145431723e-05
0.9090909090909091,2.2727272727272725,9.588002900482478e-05
0.9090909090909091,2.323232323232323,0.0001078025071192521
0.9090909090909091,2.3737373737373737,0.00011701674664790199
0.9090909090909091,2.4242424242424243,0.00012329126541381095
0.9090909090909091,2.474747474747475,0.0001264684335595377
0.9090909090909091,2.525252525252525,0.0001264684335595377
0.9090909090909091,2.5757575757575757,0.00012329126541381095
0.9090909090909091,2.6262626262626263,0.00011701674664790201
0.9090909090909091,2.676767676767677,0.00010780250711925214
0.9090909090909091,2.727272727272727,9.588002900482497e-05
0.9090909090909091,2.7777777777777777,8.15488314543174e-05
0.9090909090909091,2.8282828282828283,6.516894600339451e-05
0.9090909090909091,2.878787878787879,4.715187178129028e-05
0.9090909090909091,2.929292929292929,2.7950237738063704e-05
0.9090909090909091,2.9797979797979797,8.046431599338993e-06
0.9090909090909091,3.0303030303030303,-1.2059518785539866e-05
0.9090909090909091,3.080808080808081,-3.1862507254470166e-05
0.9090909090909091,3.131313131313131,-5.086503872205507e-05
0.9090909090909091,3.1818181818181817,-6.85897273619057e-05
0.9090909090909091,3.2323232323232323,-8.4591289599659e-05
0.9090909090909091,3.282828282828283,-9.846773062607492e-05
0.9090909090909091,3.3333333333333335,-0.00010987044340013695
0.9090909090909091,3.3838383838383836,-0.00011851296643275281
0.9090909090909091,3.4343434343434343,-0.0001241781803360637
0.9090909090909091,3.484848484848485,-0.0001267237623450464
0.9090909090909091,3.5353535353535355,-0.00012608576178170457
0.9090909090909091,3.5858585858585856,-0.00012228020663823953
0.9090909090909091,3.6363636363636362,-0.0001154027009182616
0.9090909090909091,3.686868686868687,-0.00010562602285172555
0.9090909090909091,3.7373737373737375,-9.319578432176901e-05
0.9090909090909091,3.7878787878787876,-7.84242605482995e-05
0.9090909090909091,3.8383838383838382,-6.168254504039268e-05
0.9090909090909091,3.888888888888889,-4.339122690253448e-05
0.9090909090909091,3.9393939393939394,-2.4009824701495134e-05
0.9090909090909091,3.9898989898989896,-4.025242338584534e-06
0.9090909090909091,4.040404040404041,1.606046305856541e-05
0.9090909090909091,4.090909090909091,3.574269392694032e-05
0.9090909090909091,4.141414141414141,5.4526988880471527e-05
0.9090909090909091,4.191919191919192,7.19414446790659e-05
0.9090909090909091,4.242424242424242,8.754857148687038e-05
0.9090909090909091,4.292929292929293,0.0001009562835893367
0.9090909090909091,4.343434343434343,0.00011182774945783645
0.9090909090909091,4.393939393939394,0.0001198898537063199
0.9090909090909091,4.444444444444445,0.00012494005835685172
0.9090909090909091,4.494949494949495,0.00012685149104378705
0.9090909090909091,4.545454545454545,0.00012557613232958966
0.9090909090909091,4.595959595959596,0.00012114602205983262
0.9090909090909091,4.646464646464646,0.0001136724544510645
0.9090909090909091,4.696969696969697,0.00010334318213272159
0.9090909090909091,4.747474747474747,9.04176993837694e-05
0.9090909090909091,4.797979797979798,7.522072305964956e-05
0.9090909090909091,4.848484848484849,5.813403498314062e-05
0.9090909090909091,4.898989898989899,3.958689073640484e-05
0.9090909090909091,4.94949494949495,2.004523580667785e-05
0.9090909090909091,5.0,7.768391449194107e-20
1.0101010101010102,0.0,0.0
1.0101010101010102,0.050505050505050504,7.396905761348113e-06
1.0101010101010102,0.10101010101010101,1.46079848092592e-05
1.0101010101010102,0.15151515151515152,2.1452078810364997e-05
1.0101010101010102,0.20202020202020202,2.7757248911351276e-05
1.0101010101010102,0.25252525252525254,3.3365095225112534e-05
1.0101010101010102,0.30303030303030304,3.81347361879831e-05
1.0101010101010102,0.35353535353535354,4.194634781774648e-05
1.0101010101010102,0.40404040404040403,4.470417395839508e-05
1.0101010101010102,0.45454545454545453,4.63389318876012e-05
1.0101010101010102,0.5050505050505051,4.6809552852693054e-05
1.0101010101010102,0.5555555555555556,4.610421380900314e-05
1.0101010101010102,0.6060606060606061,4.4240634441028816e-05
1.0101010101010102,0.6565656565656566,4.1265632004573084e-05
1.0101010101010102,0.7070707070707071,3.7253945173220585e-05
1.0101010101010102,0.7575757575757576,3.230635643673941e-05
1.0101010101010102,0.8080808080808081,2.654716022093432e-05
1.0101010101010102,0.8585858585858586,2.0121040335407726e-05
1.0101010101010102,0.9090909090909091,1.3189435194681499e-05
1.0101010101010102,0.9595959595959596,5.926482126403502e-06
1.0101010101010102,1.0101010101010102,-1.4853573453687261e-06
1.0101010101010102,1.0606060606060606,-8.859881339199888e-06
1.0101010101010102,1.1111111111111112,-1.601182542139984e-05
1.0101010101010102,1.1616161616161615,-2.2761516860375084e-05
1.0101010101010102,1.2121212121212122,-2.893938840499575e-05
1.0101010101010102,1.2626262626262625,-3.4390238190831955e-05
1.0101010101010102,1.3131313131313131,-3.897712875594748e-05
1.0101010101010102,1.3636363636363635,-4.258482721430705e-05
1.0101010101010102,1.4141414141414141,-4.512270016199579e-05
1.0101010101010102,1.4646464646464645,-4.6526990589771514e-05
1.0101010101010102,1.5151515151515151,-4.676241960084628e-05
1.0101010101010102,1.5656565656565655,-4.5823072695186274e-05
1.0101010101010102,1.6161616161616161,-4.373254835489844e-05
1.0101010101010102,1.6666666666666667,-4.0543365197908916e-05
1.0101010101010102,1.7171717171717171,-3.633564259355034e-05
1.0101010101010102,1.7676767676767677,-3.121508788592708e-05
1.0101010101010102,1.8181818181818181,-2.5310340790481314e-05
1.0101010101010102,1.8686868686868687,-1.8769741678420254e-05
1.0101010101010102,1.9191919191919191,-1.1757604936883277e-05
1.0101010101010102,1.9696969696969697,-4.450091026323964e-06
1.0101010101010102,2.0202020202020203,2.969219061799017e-06
1.0101010101010102,2.0707070707070705,1.0313935767563058e-05
1.0101010101010102,2.121212121212121,1.7399543482605424e-05
1.0101010101010102,2.1717171717171717,2.4048035992317942e-05
1.0101010101010102,2.2222222222222223,3.009238838760329e-05
1.0101010101010102,2.2727272727272725,3.538075310182889e-05
1.0101010101010102,2.323232323232323,3.978027465920436e-05
1.0101010101010102,2.3737373737373737,4.3180427299624066e-05
1.0101010101010102,2.4242424242424243,4.54957916314209e-05
1.0101010101010102,2.474747474747475,4.6668200556342036e-05
1.0101010101010102,2.525252525252525,4.6668200556342036e-05
1.0101010101010102,2.5757575757575757,4.54957916314209e-05
1.0101010101010102,2.6262626262626263,4.318042729962408e-05
1.0101010101010102,2.676767676767677,3.978027465920437e-05
1.0101010101010102,2.727272727272727,3.538075310182896e-05
1.0101010101010102,2.7777777777777777,3.0092388387603348e-05
1.0101010101010102,2.8282828282828283,2.4048035992318e-05
1.0101010101010102,2.878787878787879,1.7399543482605488e-05
1.0101010101010102,2.929292929292929,1.0313935767563126e-05
1.0101010101010102,2.9797979797979797,2.969219061799004e-06
1.0101010101010102,3.0303030303030303,-4.450091026323977e-06
1.0101010101010102,3.080808080808081,-1.175760493688329e-05
1.0101010101010102,3.131313131313131,-1.8769741678420193e-05
1.0101010101010102,3.1818181818181817,-2.531034079048126e-05
1.0101010101010102,3.2323232323232323,-3.121508788592706e-05
1.0101010101010102,3.282828282828283,-3.633564259355032e-05
1.0101010101010102,3.3333333333333335,-4.054336519790892e-05
1.0101010101010102,3.3838383838383836,-4.3732548354898416e-05
1.0101010101010102,3.4343434343434343,-4.582307269518626e-05
1.0101010101010102,3.484848484848485,-4.676241960084628e-05
1.0101010101010102,3.5353535353535355,-4.6526990589771514e-05
1.0101010101010102,3.5858585858585856,-4.5122700161995824e-05
1.0101010101010102,3.6363636363636362,-4.2584827214307094e-05
1.0101010101010102,3.686868686868687,-3.8977128755947517e-05
1.0101010101010102,3.7373737373737375,-3.4390238190832e-05
1.0101010101010102,3.7878787878787876,-2.8939388404995773e-05
1.0101010101010102,3.8383838383838382,-2.276151686037511e-05
1.0101010101010102,3.888888888888889,-1.6011825421399847e-05
1.0101010101010102,3.9393939393939394,-8.859881339199896e-06
1.0101010101010102,3.9898989898989896,-1.4853573453687754e-06
1.0101010101010102,4.040404040404041,5.926482126403534e-06
1.0101010101010102,4.090909090909091,1.3189435194681453e-05
1.0101010101010102,4.141414141414141,2.0121040335407627e-05
1.0101010101010102,4.191919191919192,2.654716022093431e-05
1.0101010101010102,4.242424242424242,3.230635643673936e-05
1.0101010101010102,4.292929292929293,3.7253945173220585e-05
1.0101010101010102,4.343434343434343,4.1265632004573064e-05
1.0101010101010102,4.393939393939394,4.424063444102878e-05
1.0101010101010102,4.444444444444445,4.610421380900314e-05
1.0101010101010102,4.494949494949495,4.680955285269305e-05
1.0101010101010102,4.545454545454545,4.6338931887601213e-05
1.0101010101010102,4.595959595959596,4.470417395839509e-05
1.0101010101010102,4.646464646464646,4.19463478177465e-05
1.0101010101010102,4.696969696969697,3.813473618798306e-05
1.0101010101010102,4.747474747474747,3.336509522511254e-05
1.0101010101010102,4.797979797979798,2.7757248911351348e-05
1.0101010101010102,4.848484848484849,2.1452078810364983e-05
1.0101010101010102,4.898989898989899,1.4607984809259253e-05
1.0101010101010102,4.94949494949495,7.396905761348074e-06
1.0101010101010102,5.0,2.866619281565556e-20
1.1111111111111112,0.0,0.0
1.1111111111111112,0.050505050505050504,2.7295371014811e-06
1.1111111111111112,0.10101010101010101,5.390502164174969e-06
1.1111111111111112,0.15151515151515152,7.916045831320159e-06
1.1111111111111112,0.20202020202020202,1.0242720832605393e-05
1.1111111111111112,0.25252525252525254,1.231207592062069e-05
1.1111111111111112,0.30303030303030304,1.407212429610878e-05
1.1111111111111112,0.35353535353535354,1.5478649631910796e-05
1.1111111111111112,0.40404040404040403,1.649631688538177e-05
1.1111111111111112,0.45454545454545453,1.7099559993199232e-05
1.1111111111111112,0.5050505050505051,1.72732241476982e-05
1.1111111111111112,0.5555555555555556,1.7012946519323503e-05
1.1111111111111112,0.6060606060606061,1.6325265860605263e-05
1.1111111111111112,0.6565656565656566,1.522745823816198e-05
1.1111111111111112,0.7070707070707071,1.374710301950848e-05
1.1111111111111112,0.7575757575757576,1.1921390018044733e-05
1.1111111111111112,0.8080808080808081,9.79618520228343e-06
1.1111111111111112,0.8585858585858586,7.424878440777043e-06
1.1111111111111112,0.9090909090909091,4.867042229952978e-06
1.1111111111111112,0.9595959595959596,2.1869351005946472e-06
1.1111111111111112,1.0101010101010102,-5.481126992758247e-07
1.1111111111111112,1.0606060606060606,-3.26939068987931e-06
1.1111111111111112,1.1111111111111112,-5.908534319650942e-06
1.1111111111111112,1.1616161616161615,-8.399242434725607e-06
1.1111111111111112,1.2121212121212122,-1.0678942911287197e-05
1.1111111111111112,1.2626262626262625,-1.2690364606394557e-05
1.1111111111111112,1.3131313131313131,-1.4382976136385798e-05
1.1111111111111112,1.3636363636363635,-1.5714255337549216e-05
1.1111111111111112,1.4141414141414141,-1.66507575173876e-05
1.1111111111111112,1.4646464646464645,-1.7168955659629447e-05
1.1111111111111112,1.5151515151515151,-1.725583147516998e-05
1.1111111111111112,1.5656565656565655,-1.690920245042854e-05
1.1111111111111112,1.6161616161616161,-1.613777667694066e-05
1.1111111111111112,1.6666666666666667,-1.4960934084743697e-05
1.1111111111111112,1.7171717171717171,-1.3408239575459561e-05
1.1111111111111112,1.7676767676767677,-1.151870028625357e-05
1.1111111111111112,1.8181818181818181,-9.339785643849834e-06
1.1111111111111112,1.8686868686868687,-6.92623482702406e-06
1.1111111111111112,1.9191919191919191,-4.338681596766919e-06
1.1111111111111112,1.9696969696969697,-1.64213104144044e-06
1.1111111111111112,2.0202020202020203,1.095673495525003e-06
1.1111111111111112,2.0707070707070705,3.805952278987188e-06
1.1111111111111112,2.121212121212121,6.420617081912026e-06
1.1111111111111112,2.1717171717171717,8.873981712972582e-06
1.1111111111111112,2.2222222222222223,1.1104412199672557e-05
1.1111111111111112,2.2727272727272725,1.3055875170725938e-05
1.1111111111111112,2.323232323232323,1.4679345538886154e-05
1.1111111111111112,2.3737373737373737,1.5934038120103123e-05
1.1111111111111112,2.4242424242424243,1.6788432247997706e-05
1.1111111111111112,2.474747474747475,1.7221063643060467e-05
1.1111111111111112,2.525252525252525,1.7221063643060467e-05
1.1111111111111112,2.5757575757575757,1.678843224799771e-05
1.1111111111111112,2.6262626262626263,1.5934038120103127e-05
1.1111111111111112,2.676767676767677,1.467934553888616e-05
1.1111111111111112,2.727272727272727,1.3055875170725965e-05
1.1111111111111112,2.7777777777777777,1.1104412199672577e-05
1.1111111111111112,2.8282828282828283,8.873981712972602e-06
1.1111111111111112,2.878787878787879,6.42061708191205e-06
1.1111111111111112,2.929292929292929,3.8059522789872135e-06
1.1111111111111112,2.9797979797979797,1.095673495524998e-06
1.1111111111111112,3.0303030303030303,-1.6421310414404446e-06
1.1111111111111112,3.080808080808081,-4.338681596766923e-06
1.1111111111111112,3.131313131313131,-6.926234827024037e-06
1.1111111111111112,3.1818181818181817,-9.339785643849812e-06
1.1111111111111112,3.2323232323232323,-1.1518700286253563e-05
1.1111111111111112,3.282828282828283,-1.3408239575459554e-05
1.1111111111111112,3.3333333333333335,-1.4960934084743699e-05
1.1111111111111112,3.3838383838383836,-1.6137776676940648e-05
1.1111111111111112,3.4343434343434343,-1.6909202450428533e-05
1.1111111111111112,3.484848484848485,-1.725583147516998e-05
1.1111111111111112,3.5353535353535355,-1.716895565962945e-05
1.1111111111111112,3.5858585858585856,-1.6650757517387615e-05
1.1111111111111112,3.6363636363636362,-1.5714255337549233e-05
1.1111111111111112,3.686868686868687,-1.4382976136385812e-05
1.1111111111111112,3.7373737373737375,-1.2690364606394574e-05
1.1111111111111112,3.7878787878787876,-1.0678942911287205e-05
1.1111111111111112,3.8383838383838382,-8.399242434725617e-06
1.1111111111111112,3.888888888888889,-5.908534319650946e-06
1.1111111111111112,3.9393939393939394,-3.269390689879313e-06
1.1111111111111112,3.9898989898989896,-5.481126992758431e-07
1.1111111111111112,4.040404040404041,2.186935100594659e-06
1.1111111111111112,4.090909090909091,4.86704222995296e-06
1.1111111111111112,4.141414141414141,7.424878440777007e-06
1.1111111111111112,4.191919191919192,9.796185202283425e-06
1.1111111111111112,4.242424242424242,1.1921390018044716e-05
1.1111111111111112,4.292929292929293,1.3747103019508482e-05
1.1111111111111112,4.343434343434343,1.5227458238161973e-05
1.1111111111111112,4.393939393939394,1.632526586060525e-05
1.1111111111111112,4.444444444444445,1.7012946519323503e-05
1.1111111111111112,4.494949494949495,1.7273224147698197e-05
1.1111111111111112,4.545454545454545,1.7099559993199235e-05
1.1111111111111112,4.595959595959596,1.6496316885381775e-05
1.1111111111111112,4.646464646464646,1.5478649631910802e-05
1.1111111111111112,4.696969696969697,1.4072124296108769e-05
1.1111111111111112,4.747474747474747,1.2312075920620693e-05
1.1111111111111112,4.797979797979798,1.024272083260542e-05
1.1111111111111112,4.848484848484849,7.916045831320154e-06
1.1111111111111112,4.898989898989899,5.390502164174988e-06
1.1111111111111112,4.94949494949495,2.7295371014810856e-06
1.1111111111111112,5.0,1.0578130825649763e-20
1.2121212121212122,0.0,0.0
1.2121212121212122,0.050505050505050504,1.0072282963632046e-06
1.2121212121212122,0.10101010101010101,1.9891527792086016e-06
1.2121212121212122,0.15151515151515152,2.921105323055401e-06
1.2121212121212122,0.20202020202020202,3.779673208600448e-06
1.2121212121212122,0.25252525252525254,4.543287302265336e-06
1.2121212121212122,0.30303030303030304,5.1927639207724645e-06
1.2121212121212122,0.35353535353535354,5.7117867679075425e-06
1.2121212121212122,0.40404040404040403,6.08731683614585e-06
1.2121212121212122,0.45454545454545453,6.309919975502385e-06
1.2121212121212122,0.5050505050505051,6.374003900348263e-06
1.2121212121212122,0.5555555555555556,6.2779586800553975e-06
1.2121212121212122,0.6060606060606061,6.024197184032188e-06
1.2121212121212122,0.6565656565656566,5.6190944650810185e-06
1.2121212121212122,0.7070707070707071,5.0728276039023715e-06
1.2121212121212122,0.7575757575757576,4.399120038207567e-06
1.2121212121212122,0.8080808080808081,3.6148967994611064e-06
1.2121212121212122,0.8585858585858586,2.739859318471891e-06
1.2121212121212122,0.9090909090909091,1.795990481661989e-06
1.2121212121212122,0.9595959595959596,8.070023720994995e-07
1.2121212121212122,1.0101010101010102,-2.0225943073170174e-07
1.2121212121212122,1.0606060606060606,-1.2064400271115572e-06
1.2121212121212122,1.1111111111111112,-2.180312168519814e-06
1.2121212121212122,1.1616161616161615,-3.099410022190089e-06
1.2121212121212122,1.2121212121212122,-3.9406438072079095e-06
1.2121212121212122,1.2626262626262625,-4.682879861127693e-06
1.2121212121212122,1.3131313131313131,-5.30747156454609e-06
1.2121212121212122,1.3636363636363635,-5.798727785626213e-06
1.2121212121212122,1.4141414141414141,-6.144307076205267e-06
1.2121212121212122,1.4646464646464645,-6.335527716403055e-06
1.2121212121212122,1.5151515151515151,-6.367585818721787e-06
1.2121212121212122,1.5656565656565655,-6.2396760123773654e-06
1.2121212121212122,1.6161616161616161,-5.955011676003534e-06
1.2121212121212122,1.6666666666666667,-5.520744210438399e-06
1.2121212121212122,1.7171717171717171,-4.947783379640332e-06
1.2121212121212122,1.7676767676767677,-4.250523233168764e-06
1.2121212121212122,1.8181818181818181,-3.44648049566639e-06
1.2121212121212122,1.8686868686868687,-2.5558545078026097e-06
1.2121212121212122,1.9191919191919191,-1.6010197739399335e-06
1.2121212121212122,1.9696969696969697,-6.059638648537498e-07
1.2121212121212122,2.0202020202020203,4.0431520336145445e-07
1.2121212121212122,2.0707070707070705,1.4044369750181486e-06
1.2121212121212122,2.121212121212121,2.369276168294472e-06
1.2121212121212122,2.1717171717171717,3.27459387815817e-06
1.2121212121212122,2.2222222222222223,4.097646511535582e-06
1.2121212121212122,2.2727272727272725,4.8177571569206256e-06
1.2121212121212122,2.323232323232323,5.416835034349317e-06
1.2121212121212122,2.3737373737373737,5.879829976001869e-06
1.2121212121212122,2.4242424242424243,6.195110519869555e-06
1.2121212121212122,2.474747474747475,6.3547561179329954e-06
1.2121212121212122,2.525252525252525,6.3547561179329954e-06
1.2121212121212122,2.5757575757575757,6.1951105198695555e-06
1.2121212121212122,2.6262626262626263,5.879829976001871e-06
1.2121212121212122,2.676767676767677,5.416835034349319e-06
1.2121212121212122,2.727272727272727,4.817757156920636e-06
1.2121212121212122,2.7777777777777777,4.09764651153559e-06
1.2121212121212122,2.8282828282828283,3.2745938781581775e-06
1.2121212121212122,2.878787878787879,2.3692761682944806e-06
1.2121212121212122,2.929292929292929,1.4044369750181579e-06
1.2121212121212122,2.9797979797979797,4.043152033614527e-07
1.2121212121212122,3.0303030303030303,-6.059638648537515e-07
1.2121212121212122,3.080808080808081,-1.6010197739399351e-06
1.2121212121212122,3.131313131313131,-2.555854507802601e-06
1.2121212121212122,3.1818181818181817,-3.4464804956663824e-06
1.2121212121212122,3.2323232323232323,-4.25052323316876e-06
1.2121212121212122,3.282828282828283,-4.947783379640328e-06
1.2121212121212122,3.3333333333333335,-5.5207442104384e-06
1.2121212121212122,3.3838383838383836,-5.955011676003531e-06
1.2121212121212122,3.4343434343434343,-6.239676012377363e-06
1.2121212121212122,3.484848484848485,-6.367585818721787e-06
1.2121212121212122,3.5353535353535355,-6.3355277164030554e-06
1.2121212121212122,3.5858585858585856,-6.144307076205271e-06
1.2121212121212122,3.6363636363636362,-5.7987277856262195e-06
1.2121212121212122,3.686868686868687,-5.307471564546095e-06
1.2121212121212122,3.7373737373737375,-4.6828798611277e-06
1.2121212121212122,3.7878787878787876,-3.940643807207912e-06
1.2121212121212122,3.8383838383838382,-3.099410022190093e-06
1.2121212121212122,3.888888888888889,-2.180312168519815e-06
1.2121212121212122,3.9393939393939394,-1.2064400271115583e-06
1.2121212121212122,3.9898989898989896,-2.0225943073170847e-07
1.2121212121212122,4.040404040404041,8.070023720995038e-07
1.2121212121212122,4.090909090909091,1.7959904816619826e-06
1.2121212121212122,4.141414141414141,2.7398593184718776e-06
1.2121212121212122,4.191919191919192,3.6148967994611047e-06
1.2121212121212122,4.242424242424242,4.399120038207561e-06
1.2121212121212122,4.292929292929293,5.072827603902372e-06
1.2121212121212122,4.343434343434343,5.619094465081016e-06
1.2121212121212122,4.393939393939394,6.024197184032183e-06
1.2121212121212122,4.444444444444445,6.2779586800553975e-06
1.2121212121212122,4.494949494949495,6.374003900348262e-06
1.2121212121212122,4.545454545454545,6.309919975502387e-06
1.2121212121212122,4.595959595959596,6.087316836145853e-06
1.2121212121212122,4.646464646464646,5.711786767907545e-06
1.2121212121212122,4.696969696969697,5.19276392077246e-06
1.2121212121212122,4.747474747474747,4.543287302265337e-06
1.2121212121212122,4.797979797979798,3.7796732086004576e-06
1.2121212121212122,4.848484848484849,2.921105323055399e-06
1.2121212121212122,4.898989898989899,1.989152779208609e-06
1.2121212121212122,4.94949494949495,1.0072282963631993e-06
1.2121212121212122,5.0,3.903443072616569e-21
1.3131313131313131,0.0,0.0
1.3131313131313131,0.050505050505050504,3.716779817516431e-07
1.3131313131313131,0.10101010101010101,7.340185864926554e-07
1.3131313131313131,0.15151515151515152,1.0779190128766078e-06
1.3131313131313131,0.20202020202020202,1.3947397178234117e-06
1.3131313131313131,0.25252525252525254,1.6765214610441473e-06
1.3131313131313131,0.30303030303030304,1.916185258847704e-06
1.3131313131313131,0.35353535353535354,2.107710223945184e-06
1.3131313131313131,0.40404040404040403,2.2462848235209097e-06
1.3131313131313131,0.45454545454545453,2.328427755631091e-06
1.3131313131313131,0.5050505050505051,2.352075407246362e-06
1.3131313131313131,0.5555555555555556,2.316633696797759e-06
1.3131313131313131,0.6060606060606061,2.222992998826171e-06
1.3131313131313131,0.6565656565656566,2.07350577579488e-06
1.3131313131313131,0.7070707070707071,1.8719274790037912e-06
1.3131313131313131,0.7575757575757576,1.6233222033057356e-06
1.3131313131313131,0.8080808080808081,1.3339354657880725e-06
1.3131313131313131,0.8585858585858586,1.0110373045018697e-06
1.3131313131313131,0.9090909090909091,6.627396389473349e-07
1.3131313131313131,0.9595959595959596,2.9779248062603164e-07
1.3131313131313131,1.0101010101010102,-7.46358866962243e-08
1.3131313131313131,1.0606060606060606,-4.451892346554235e-07
1.3131313131313131,1.1111111111111112,-8.045584395414697e-07
1.3131313131313131,1.1616161616161615,-1.1437153481766611e-06
1.3131313131313131,1.2121212121212122,-1.4541395851899265e-06
1.3131313131313131,1.2626262626262625,-1.7280326037839254e-06
1.3131313131313131,1.3131313131313131,-1.958513602564026e-06
1.3131313131313131,1.3636363636363635,-2.13979238656292e-06
1.3131313131313131,1.4141414141414141,-2.267314829807773e-06
1.3131313131313131,1.4646464646464645,-2.337877285086872e-06
1.3131313131313131,1.5151515151515151,-2.3497070666881594e-06
1.3131313131313131,1.5656565656565655,-2.3025069842043818e-06
1.3131313131313131,1.6161616161616161,-2.197462808616662e-06
1.3131313131313131,1.6666666666666667,-2.037213483091908e-06
1.3131313131313131,1.7171717171717171,-1.8257848268650197e-06
1.3131313131313131,1.7676767676767677,-1.5684883977117265e-06
1.3131313131313131,1.8181818181818181,-1.2717880538115533e-06
1.3131313131313131,1.8686868686868687,-9.43137567263461e-07
1.3131313131313131,1.9191919191919191,-5.907933687636269e-07
1.3131313131313131,1.9696969696969697,-2.2360712771521663e-07
1.3131313131313131,2.0202020202020203,1.491966213811587e-07
1.3131313131313131,2.0707070707070705,5.182522197369808e-07
1.3131313131313131,2.121212121212121,8.74288170441163e-07
1.3131313131313131,2.1717171717171717,1.2083600590696994e-06
1.3131313131313131,2.2222222222222223,1.512075257256289e-06
1.3131313131313131,2.2727272727272725,1.7778037641707454e-06
1.3131313131313131,2.323232323232323,1.998869889098655e-06
1.3131313131313131,2.3737373737373737,2.169719959629822e-06
1.3131313131313131,2.4242424242424243,2.28606184225307e-06
1.3131313131313131,2.474747474747475,2.3449727702899416e-06
1.3131313131313131,2.525252525252525,2.3449727702899416e-06
1.3131313131313131,2.5757575757575757,2.28606184225307e-06
1.3131313131313131,2.6262626262626263,2.1697199596298226e-06
1.3131313131313131,2.676767676767677,1.998869889098656e-06
1.3131313131313131,2.727272727272727,1.777803764170749e-06
1.3131313131313131,2.7777777777777777,1.5120752572562917e-06
1.3131313131313131,2.8282828282828283,1.2083600590697021e-06
1.3131313131313131,2.878787878787879,8.742881704411662e-07
1.3131313131313131,2.929292929292929,5.182522197369842e-07
1.3131313131313131,2.9797979797979797,1.4919662138115806e-07
1.3131313131313131,3.0303030303030303,-2.2360712771521727e-07
1.3131313131313131,3.080808080808081,-5.907933687636275e-07
1.3131313131313131,3.131313131313131,-9.431375672634579e-07
1.3131313131313131,3.1818181818181817,-1.2717880538115505e-06
1.3131313131313131,3.2323232323232323,-1.5684883977117254e-06
1.3131313131313131,3.282828282828283,-1.8257848268650186e-06
1.3131313131313131,3.3333333333333335,-2.0372134830919086e-06
1.3131313131313131,3.3838383838383836,-2.1974628086166606e-06
1.3131313131313131,3.4343434343434343,-2.302506984204381e-06
1.3131313131313131,3.484848484848485,-2.3497070666881594e-06
1.3131313131313131,3.5353535353535355,-2.337877285086872e-06
1.3131313131313131,3.5858585858585856,-2.267314829807775e-06
1.3131313131313131,3.6363636363636362,-2.139792386562922e-06
1.3131313131313131,3.686868686868687,-1.9585136025640278e-06
1.3131313131313131,3.7373737373737375,-1.7280326037839277e-06
1.3131313131313131,3.7878787878787876,-1.4541395851899276e-06
1.3131313131313131,3.8383838383838382,-1.1437153481766624e-06
1.3131313131313131,3.888888888888889,-8.0455843954147e-07
1.3131313131313131,3.9393939393939394,-4.4518923465542394e-07
1.3131313131313131,3.9898989898989896,-7.463588669622677e-08
1.3131313131313131,4.040404040404041,2.977924806260333e-07
1.3131313131313131,4.090909090909091,6.627396389473326e-07
1.3131313131313131,4.141414141414141,1.0110373045018648e-06
1.3131313131313131,4.191919191919192,1.333935465788072e-06
1.3131313131313131,4.242424242424242,1.623322203305733e-06
1.3131313131313131,4.292929292929293,1.8719274790037916e-06
1.3131313131313131,4.343434343434343,2.0735057757948786e-06
1.3131313131313131,4.393939393939394,2.222992998826169e-06
1.3131313131313131,4.444444444444445,2.316633696797759e-06
1.3131313131313131,4.494949494949495,2.3520754072463614e-06
1.3131313131313131,4.545454545454545,2.3284277556310916e-06
1.3131313131313131,4.595959595959596,2.24628482352091e-06
1.3131313131313131,4.646464646464646,2.107710223945185e-06
1.3131313131313131,4.696969696969697,1.916185258847702e-06
1.3131313131313131,4.747474747474747,1.676521461044148e-06
1.3131313131313131,4.797979797979798,1.3947397178234153e-06
1.3131313131313131,4.848484848484849,1.0779190128766071e-06
1.3131313131313131,4.898989898989899,7.34018586492658e-07
1.3131313131313131,4.94949494949495,3.7167798175164114e-07
1.3131313131313131,5.0,1.4404121174425332e-21
1.4141414141414141,0.0,0.0
1.4141414141414141,0.050505050505050504,1.3715313858613056e-07
1.4141414141414141,0.10101010101010101,2.7086068548793653e-07
1.4141414141414141,0.15151515151515152,3.9776360994253824e-07
1.4141414141414141,0.20202020202020202,5.146738284272049e-07
1.4141414141414141,0.25252525252525254,6.186542964034309e-07
1.4141414141414141,0.30303030303030304,7.070927934037559e-07
1.4141414141414141,0.35353535353535354,7.777675478159532e-07
1.4141414141414141,0.40404040404040403,8.289030527241424e-07
1.4141414141414141,0.45454545454545453,8.592146705888427e-07
1.4141414141414141,0.5050505050505051,8.679409061972597e-07
1.4141414141414141,0.5555555555555556,8.548625371155668e-07
1.4141414141414141,0.6060606060606061,8.203081210436967e-07
1.4141414141414141,0.6565656565656566,7.651457417156513e-07
1.4141414141414141,0.7070707070707071,6.907612007066597e-07
1.4141414141414141,0.7575757575757576,5.990232030174601e-07
1.4141414141414141,0.8080808080808081,4.922364110512105e-07
1.4141414141414141,0.8585858585858586,3.730835463714681e-07
1.4141414141414141,0.9090909090909091,2.4455799377377057e-07
1.4141414141414141,0.9595959595959596,1.0988860080633267e-07
1.4141414141414141,1.0101010101010102,-2.7541438056952466e-08
1.4141414141414141,1.0606060606060606,-1.642795747813457e-07
1.4141414141414141,1.1111111111111112,-2.968906434516935e-07
1.4141414141414141,1.1616161616161615,-4.220431592753737e-07
1.4141414141414141,1.2121212121212122,-5.365930128850058e-07
1.4141414141414141,1.2626262626262625,-6.376624573540022e-07
1.4141414141414141,1.3131313131313131,-7.227124035955841e-07
1.4141414141414141,1.3636363636363635,-7.89606207924136e-07
1.4141414141414141,1.4141414141414141,-8.36663349293598e-07
1.4141414141414141,1.4646464646464645,-8.627016477213445e-07
1.4141414141414141,1.5151515151515151,-8.670669632769194e-07
1.4141414141414141,1.5656565656565655,-8.496496295310101e-07
1.4141414141414141,1.6161616161616161,-8.108872086199019e-07
1.4141414141414141,1.6666666666666667,-7.517534987120689e-07
1.4141414141414141,1.7171717171717171,-6.737340700337716e-07
1.4141414141414141,1.7676767676767677,-5.787889440430735e-07
1.4141414141414141,1.8181818181818181,-4.6930335333438165e-07
1.4141414141414141,1.8686868686868687,-3.480278192941399e-07
1.4141414141414141,1.9191919191919191,-2.180090528901674e-07
1.4141414141414141,1.9696969696969697,-8.251341452038037e-08
1.4141414141414141,2.0202020202020203,5.505514422036932e-08
1.4141414141414141,2.0707070707070705,1.9124059537013902e-07
1.4141414141414141,2.121212121212121,3.2262165770383635e-07
1.4141414141414141,2.1717171717171717,4.4589774692188553e-07
1.4141414141414141,2.2222222222222223,5.579718936638731e-07
1.4141414141414141,2.2727272727272725,6.560285462623503e-07
1.4141414141414141,2.323232323232323,7.376043036586988e-07
1.4141414141414141,2.3737373737373737,8.006498015129921e-07
1.4141414141414141,2.4242424242424243,8.435811967912305e-07
1.4141414141414141,2.474747474747475,8.653199574226783e-07
1.4141414141414141,2.525252525252525,8.653199574226783e-07
1.4141414141414141,2.5757575757575757,8.435811967912306e-07
1.4141414141414141,2.6262626262626263,8.006498015129923e-07
1.4141414141414141,2.676767676767677,7.376043036586991e-07
1.4141414141414141,2.727272727272727,6.560285462623517e-07
1.4141414141414141,2.7777777777777777,5.579718936638741e-07
1.4141414141414141,2.8282828282828283,4.458977469218866e-07
1.4141414141414141,2.878787878787879,3.2262165770383757e-07
1.4141414141414141,2.929292929292929,1.9124059537014032e-07
1.4141414141414141,2.9797979797979797,5.505514422036907e-08
1.4141414141414141,3.0303030303030303,-8.251341452038059e-08
1.4141414141414141,3.080808080808081,-2.1800905289016763e-07
1.4141414141414141,3.131313131313131,-3.4802781929413876e-07
1.4141414141414141,3.1818181818181817,-4.693033533343806e-07
1.4141414141414141,3.2323232323232323,-5.787889440430731e-07
1.4141414141414141,3.282828282828283,-6.737340700337712e-07
1.4141414141414141,3.3333333333333335,-7.51753498712069e-07
1.4141414141414141,3.3838383838383836,-8.108872086199014e-07
1.4141414141414141,3.4343434343434343,-8.496496295310097e-07
1.4141414141414141,3.484848484848485,-8.670669632769194e-07
1.4141414141414141,3.5353535353535355,-8.627016477213446e-07
1.4141414141414141,3.5858585858585856,-8.366633492935986e-07
1.4141414141414141,3.6363636363636362,-7.896062079241369e-07
1.4141414141414141,3.686868686868687,-7.227124035955848e-07
1.4141414141414141,3.7373737373737375,-6.37662457354003e-07
1.4141414141414141,3.7878787878787876,-5.365930128850062e-07
1.4141414141414141,3.8383838383838382,-4.220431592753742e-07
1.4141414141414141,3.888888888888889,-2.9689064345169367e-07
1.4141414141414141,3.9393939393939394,-1.6427957478134584e-07
1.4141414141414141,3.9898989898989896,-2.754143805695338e-08
1.4141414141414141,4.040404040404041,1.0988860080633328e-07
1.4141414141414141,4.090909090909091,2.4455799377376967e-07
1.4141414141414141,4.141414141414141,3.7308354637146625e-07
1.4141414141414141,4.191919191919192,4.922364110512103e-07
1.4141414141414141,4.242424242424242,5.990232030174591e-07
1.4141414141414141,4.292929292929293,6.907612007066598e-07
1.4141414141414141,4.343434343434343,7.651457417156509e-07
1.4141414141414141,4.393939393939394,8.20308121043696e-07
1.4141414141414141,4.444444444444445,8.548625371155668e-07
1.4141414141414141,4.494949494949495,8.679409061972597e-07
1.4141414141414141,4.545454545454545,8.592146705888428e-07
1.4141414141414141,4.595959595959596,8.289030527241427e-07
1.4141414141414141,4.646464646464646,7.777675478159535e-07
1.4141414141414141,4.696969696969697,7.070927934037553e-07
1.4141414141414141,4.747474747474747,6.186542964034311e-07
1.4141414141414141,4.797979797979798,5.146738284272063e-07
1.4141414141414141,4.848484848484849,3.9776360994253803e-07
1.4141414141414141,4.898989898989899,2.708606854879375e-07
1.4141414141414141,4.94949494949495,1.3715313858612981e-07
1.4141414141414141,5.0,5.31527430905891e-22
1.5151515151515151,0.0,0.0
1.5151515151515151,0.050505050505050504,5.0610970645540994e-08
1.5151515151515151,0.10101010101010101,9.995048121813325e-08
1.5151515151515151,0.15151515151515152,1.4677901354786762e-07
1.5151515151515151,0.20202020202020202,1.8992013081931442e-07
1.5151515151515151,0.25252525252525254,2.2829003227913094e-07
1.5151515151515151,0.30303030303030304,2.6092478071989204e-07
1.5151515151515151,0.35353535353535354,2.870045187252332e-07
1.5151515151515151,0.40404040404040403,3.058740653104033e-07
1.5151515151515151,0.45454545454545453,3.1705937552483783e-07
1.5151515151515151,0.5050505050505051,3.2027944951495164e-07
1.5151515151515151,0.5555555555555556,3.154533918650245e-07
1.5151515151515151,0.6060606060606061,3.0270244386984624e-07
1.5151515151515151,0.6565656565656566,2.823469376839147e-07
1.5151515151515151,0.7070707070707071,2.548982488657296e-07
1.5151515151515151,0.7575757575757576,2.2104594948715526e-07
1.5151515151515151,0.8080808080808081,1.8164048455030048e-07
1.5151515151515151,0.8585858585858586,1.376718069188257e-07
1.5151515151515151,0.9090909090909091,9.024450750169228e-08
1.5151515151515151,0.9595959595959596,4.055006547441331e-08
1.5151515151515151,1.0101010101010102,-1.0163084326072894e-08
1.5151515151515151,1.0606060606060606,-6.062091485933682e-08
1.5151515151515151,1.1111111111111112,-1.0955581327242713e-07
1.5151515151515151,1.1616161616161615,-1.5573842615219107e-07
1.5151515151515151,1.2121212121212122,-1.980085436154335e-07
1.5151515151515151,1.2626262626262625,-2.3530424635991877e-07
1.5151515151515151,1.3131313131313131,-2.666885834375161e-07
1.5151515151515151,1.3636363636363635,-2.9137311054452656e-07
1.5151515151515151,1.4141414141414141,-3.087376974950271e-07
1.5151515151515151,1.4646464646464645,-3.1834610726947014e-07
1.5151515151515151,1.5151515151515151,-3.199569552582165e-07
1.5151515151515151,1.5656565656565655,-3.135297733794421e-07
1.5151515151515151,1.6161616161616161,-2.9922602672729965e-07
1.5151515151515151,1.6666666666666667,-2.7740505720987355e-07
1.5151515151515151,1.7171717171717171,-2.4861505608175877e-07
1.5151515151515151,1.7676767676767677,-2.1357929216130889e-07
1.5151515151515151,1.8181818181818181,-1.7317794171034906e-07
1.5151515151515151,1.8686868686868687,-1.2842597645015585e-07
1.5151515151515151,1.9191919191919191,-8.044766521589628e-08
1.5151515151515151,1.9696969696969697,-3.044832982463464e-08
1.5151515151515151,2.0202020202020203,2.0315935287717204e-08
1.5151515151515151,2.0707070707070705,7.056981895048412e-08
1.5151515151515151,2.121212121212121,1.1905083190940413e-07
1.5151515151515151,2.1717171717171717,1.6454102336276038e-07
1.5151515151515151,2.2222222222222223,2.0589757859259729e-07
1.5151515151515151,2.2727272727272725,2.4208152901050913e-07
1.5151515151515151,2.323232323232323,2.721838533578418e-07
1.5151515151515151,2.3737373737373737,2.954483143401428e-07
1.5151515151515151,2.4242424242424243,3.1129045698884743e-07
1.5151515151515151,2.474747474747475,3.1931229146912604e-07
1.5151515151515151,2.525252525252525,3.1931229146912604e-07
1.5151515151515151,2.5757575757575757,3.112904569888475e-07
1.5151515151515151,2.6262626262626263,2.954483143401429e-07
1.5151515151515151,2.676767676767677,2.721838533578419e-07
1.5151515151515151,2.727272727272727,2.4208152901050966e-07
1.5151515151515151,2.7777777777777777,2.0589757859259768e-07
1.5151515151515151,2.8282828282828283,1.6454102336276075e-07
1.5151515151515151,2.878787878787879,1.1905083190940458e-07
1.5151515151515151,2.929292929292929,7.056981895048459e-08
1.5151515151515151,2.9797979797979797,2.0315935287717115e-08
1.5151515151515151,3.0303030303030303,-3.044832982463473e-08
1.5151515151515151,3.080808080808081,-8.044766521589637e-08
1.5151515151515151,3.131313131313131,-1.284259764501554e-07
1.5151515151515151,3.1818181818181817,-1.7317794171034868e-07
1.5151515151515151,3.2323232323232323,-2.1357929216130875e-07
1.5151515151515151,3.282828282828283,-2.486150560817586e-07
1.5151515151515151,3.3333333333333335,-2.774050572098736e-07
1.5151515151515151,3.3838383838383836,-2.992260267272995e-07
1.5151515151515151,3.4343434343434343,-3.13529773379442e-07
1.5151515151515151,3.484848484848485,-3.199569552582165e-07
1.5151515151515151,3.5353535353535355,-3.1834610726947014e-07
1.5151515151515151,3.5858585858585856,-3.087376974950273e-07
1.5151515151515151,3.6363636363636362,-2.913731105445269e-07
1.5151515151515151,3.686868686868687,-2.6668858343751635e-07
1.5151515151515151,3.7373737373737375,-2.353042463599191e-07
1.5151515151515151,3.7878787878787876,-1.9800854361543367e-07
1.5151515151515151,3.8383838383838382,-1.5573842615219125e-07
1.5151515151515151,3.888888888888889,-1.0955581327242719e-07
1.5151515151515151,3.9393939393939394,-6.062091485933687e-08
1.5151515151515151,3.9898989898989896,-1.0163084326073233e-08
1.5151515151515151,4.040404040404041,4.0550065474413525e-08
1.5151515151515151,4.090909090909091,9.024450750169196e-08
1.5151515151515151,4.141414141414141,1.37671806918825e-07
1.5151515151515151,4.191919191919192,1.816404845503004e-07
1.5151515151515151,4.242424242424242,2.210459494871549e-07
1.5151515151515151,4.292929292929293,2.5489824886572965e-07
1.5151515151515151,4.343434343434343,2.8234693768391456e-07
1.5151515151515151,4.393939393939394,3.02702443869846e-07
1.5151515151515151,4.444444444444445,3.154533918650245e-07
1.5151515151515151,4.494949494949495,3.202794495149516e-07
1.5151515151515151,4.545454545454545,3.1705937552483794e-07
1.5151515151515151,4.595959595959596,3.0587406531040343e-07
1.5151515151515151,4.646464646464646,2.8700451872523336e-07
1.5151515151515151,4.696969696969697,2.6092478071989183e-07
1.5151515151515151,4.747474747474747,2.28290032279131e-07
1.5151515151515151,4.797979797979798,1.899201308193149e-07
1.5151515151515151,4.848484848484849,1.4677901354786754e-07
1.5151515151515151,4.898989898989899,9.99504812181336e-08
1.5151515151515151,4.94949494949495,5.061097064554073e-08
1.5151515151515151,5.0,1.9613928984923875e-22
1.6161616161616161,0.0,0.0
1.6161616161616161,0.050505050505050504,1.867598784897831e-08
1.6161616161616161,0.10101010101010101,3.688279337305798e-08
1.6161616161616161,0.15151515151515152,5.416302115016859e-08
1.6161616161616161,0.20202020202020202,7.008255345069904e-08
1.6161616161616161,0.25252525252525254,8.424145623975596e-08
1.6161616161616161,0.30303030303030304,9.628402640903241e-08
1.6161616161616161,0.35353535353535354,1.0590772782949117e-07
1.6161616161616161,0.40404040404040403,1.128707917313572e-07
1.6161616161616161,0.45454545454545453,1.1699829047298105e-07
1.6161616161616161,0.5050505050505051,1.1818653211199957e-07
1.6161616161616161,0.5555555555555556,1.1640566537739865e-07
1.6161616161616161,0.6060606060606061,1.1170042959978994e-07
1.6161616161616161,0.6565656565656566,1.0418903075998616e-07
1.6161616161616161,0.7070707070707071,9.406017189203286e-08
1.6161616161616161,0.7575757575757576,8.15683124435729e-08
1.6161616161616161,0.8080808080808081,6.702727568894826e-08
1.6161616161616161,0.8585858585858586,5.080236479102983e-08
1.6161616161616161,0.9090909090909091,3.330118557382631e-08
1.6161616161616161,0.9595959595959596,1.4963406558220984e-08
1.6161616161616161,1.0101010101010102,-3.750286488500726e-09
1.6161616161616161,1.0606060606060606,-2.2369764003067386e-08
1.6161616161616161,1.1111111111111112,-4.042726332578352e-08
1.6161616161616161,1.1616161616161615,-5.7469139938211827e-08
1.6161616161616161,1.2121212121212122,-7.306726402176867e-08
1.6161616161616161,1.2626262626262625,-8.6829776030348e-08
1.6161616161616161,1.3131313131313131,-9.84109310730855e-08
1.6161616161616161,1.3636363636363635,-1.0751978479448552e-07
1.6161616161616161,1.4141414141414141,-1.139275025432983e-07
1.6161616161616161,1.4646464646464645,-1.1747310820757758e-07
1.6161616161616161,1.5151515151515151,-1.1806752829240613e-07
1.6161616161616161,1.5656565656565655,-1.1569582964406696e-07
1.6161616161616161,1.6161616161616161,-1.1041759460405567e-07
1.6161616161616161,1.6666666666666667,-1.0236542416823177e-07
1.6161616161616161,1.7171717171717171,-9.174160675507738e-08
1.6161616161616161,1.7676767676767677,-7.881303627100898e-08
1.6161616161616161,1.8181818181818181,-6.390450714223762e-08
1.6161616161616161,1.8686868686868687,-4.739055475687858e-08
1.6161616161616161,1.9191919191919191,-2.9686046303542376e-08
1.6161616161616161,1.9696969696969697,-1.123575838545315e-08
1.6161616161616161,2.0202020202020203,7.496796756405706e-09
1.6161616161616161,2.0707070707070705,2.604101570100904e-08
1.6161616161616161,2.121212121212121,4.39310264512123e-08
1.6161616161616161,2.1717171717171717,6.071739217378768e-08
1.6161616161616161,2.2222222222222223,7.59784020516151e-08
1.6161616161616161,2.2727272727272725,8.933066559672245e-08
1.6161616161616161,2.323232323232323,1.0043874427148543e-07
1.6161616161616161,2.3737373737373737,1.0902357845025381e-07
1.6161616161616161,2.4242424242424243,1.148694980173992e-07
1.6161616161616161,2.474747474747475,1.1782964047997806e-07
1.6161616161616161,2.525252525252525,1.1782964047997806e-07
1.6161616161616161,2.5757575757575757,1.1486949801739921e-07
1.6161616161616161,2.6262626262626263,1.0902357845025384e-07
1.6161616161616161,2.676767676767677,1.0043874427148546e-07
1.6161616161616161,2.727272727272727,8.933066559672264e-08
1.6161616161616161,2.7777777777777777,7.597840205161525e-08
1.6161616161616161,2.8282828282828283,6.071739217378782e-08
1.6161616161616161,2.878787878787879,4.3931026451212466e-08
1.6161616161616161,2.929292929292929,2.604101570100921e-08
1.6161616161616161,2.9797979797979797,7.496796756405673e-09
1.6161616161616161,3.0303030303030303,-1.123575838545318e-08
1.6161616161616161,3.080808080808081,-2.968604630354241e-08
1.6161616161616161,3.131313131313131,-4.739055475687843e-08
1.6161616161616161,3.1818181818181817,-6.390450714223748e-08
1.6161616161616161,3.2323232323232323,-7.881303627100892e-08
1.6161616161616161,3.282828282828283,-9.174160675507735e-08
1.6161616161616161,3.3333333333333335,-1.0236542416823179e-07
1.6161616161616161,3.3838383838383836,-1.104175946040556e-07
1.6161616161616161,3.4343434343434343,-1.1569582964406692e-07
1.6161616161616161,3.484848484848485,-1.1806752829240613e-07
1.6161616161616161,3.5353535353535355,-1.1747310820757759e-07
1.6161616161616161,3.5858585858585856,-1.1392750254329837e-07
1.6161616161616161,3.6363636363636362,-1.0751978479448564e-07
1.6161616161616161,3.686868686868687,-9.84109310730856e-08
1.6161616161616161,3.7373737373737375,-8.682977603034812e-08
1.6161616161616161,3.7878787878787876,-7.306726402176873e-08
1.6161616161616161,3.8383838383838382,-5.746913993821189e-08
1.6161616161616161,3.888888888888889,-4.042726332578354e-08
1.6161616161616161,3.9393939393939394,-2.2369764003067406e-08
1.6161616161616161,3.9898989898989896,-3.750286488500851e-09
1.6161616161616161,4.040404040404041,1.4963406558221063e-08
1.6161616161616161,4.090909090909091,3.33011855738262e-08
1.6161616161616161,4.141414141414141,5.080236479102959e-08
1.6161616161616161,4.191919191919192,6.702727568894824e-08
1.6161616161616161,4.242424242424242,8.156831244357278e-08
1.6161616161616161,4.292929292929293,9.406017189203288e-08
1.6161616161616161,4.343434343434343,1.0418903075998611e-07
1.6161616161616161,4.393939393939394,1.1170042959978985e-07
1.6161616161616161,4.444444444444445,1.1640566537739865e-07
1.6161616161616161,4.494949494949495,1.1818653211199956e-07
1.6161616161616161,4.545454545454545,1.1699829047298107e-07
1.6161616161616161,4.595959595959596,1.1287079173135725e-07
1.6161616161616161,4.646464646464646,1.0590772782949123e-07
1.6161616161616161,4.696969696969697,9.628402640903233e-08
1.6161616161616161,4.747474747474747,8.424145623975599e-08
1.6161616161616161,4.797979797979798,7.008255345069923e-08
1.6161616161616161,4.848484848484849,5.4163021150168556e-08
1.6161616161616161,4.898989898989899,3.688279337305811e-08
1.6161616161616161,4.94949494949495,1.8675987848978212e-08
1.6161616161616161,5.0,7.237748944959919e-23
1.7171717171717171,0.0,0.0
1.7171717171717171,0.050505050505050504,6.891638664233284e-09
1.7171717171717171,0.10101010101010101,1.361014404753957e-08
1.7171717171717171,0.15151515151515152,1.998673236182295e-08
1.7171717171717171,0.20202020202020202,2.5861209535722385e-08
1.7171717171717171,0.25252525252525254,3.1085995645739226e-08
1.7171717171717171,0.30303030303030304,3.5529832451933556e-08
1.7171717171717171,0.35353535353535354,3.90810808966523e-08
1.7171717171717171,0.40404040404040403,4.165052572579167e-08
1.7171717171717171,0.45454545454545453,4.3173616774274296e-08
1.7171717171717171,0.5050505050505051,4.361209060966823e-08
1.7171717171717171,0.5555555555555556,4.2954931794655716e-08
1.7171717171717171,0.6060606060606061,4.121864961930209e-08
1.7171717171717171,0.6565656565656566,3.844686335099497e-08
1.7171717171717171,0.7070707070707071,3.470920642149724e-08
1.7171717171717171,0.7575757575757576,3.0099577080370634e-08
1.7171717171717171,0.8080808080808081,2.4733779462244068e-08
1.7171717171717171,0.8585858585858586,1.874661432955998e-08
1.7171717171717171,0.9090909090909091,1.228849257780729e-08
1.7171717171717171,0.9595959595959596,5.5216565795163035e-09
1.7171717171717171,1.0101010101010102,-1.383895704746734e-09
1.7171717171717171,1.0606060606060606,-8.254681452994566e-09
1.7171717171717171,1.1111111111111112,-1.49180912558985e-08
1.7171717171717171,1.1616161616161615,-2.120672544880032e-08
1.7171717171717171,1.2121212121212122,-2.6962599563359108e-08
1.7171717171717171,1.2626262626262625,-3.204111324853955e-08
1.7171717171717171,1.3131313131313131,-3.631468295282571e-08
1.7171717171717171,1.3636363636363635,-3.967594710660807e-08
1.7171717171717171,1.4141414141414141,-4.204046328343926e-08
1.7171717171717171,1.4646464646464645,-4.334882958147197e-08
1.7171717171717171,1.5151515151515151,-4.3568176931262916e-08
1.7171717171717171,1.5656565656565655,-4.2692994839853584e-08
1.7171717171717171,1.6161616161616161,-4.07452698266012e-08
1.7171717171717171,1.6666666666666667,-3.777393307294423e-08
1.7171717171717171,1.7171717171717171,-3.385363116236792e-08
1.7171717171717171,1.7676767676767677,-2.908285079231401e-08
1.7171717171717171,1.8181818181818181,-2.358144456943999e-08
1.7171717171717171,1.8686868686868687,-1.7487620045749598e-08
1.7171717171717171,1.9191919191919191,-1.0954467637700047e-08
1.7171717171717171,1.9696969696969697,-4.146114654674521e-09
1.7171717171717171,2.0202020202020203,2.766397943826604e-09
1.7171717171717171,2.0707070707070705,9.609412477252053e-09
1.7171717171717171,2.121212121212121,1.6211017210915162e-08
1.7171717171717171,2.1717171717171717,2.2405365160867887e-08
1.7171717171717171,2.2222222222222223,2.803684053875721e-08
1.7171717171717171,2.2727272727272725,3.296396816630749e-08
1.7171717171717171,2.323232323232323,3.706296764624823e-08
1.7171717171717171,2.3737373737373737,4.023086300101353e-08
1.7171717171717171,2.4242424242424243,4.238806965817791e-08
1.7171717171717171,2.474747474747475,4.3480393791804036e-08
1.7171717171717171,2.525252525252525,4.3480393791804036e-08
1.7171717171717171,2.5757575757575757,4.238806965817791e-08
1.7171717171717171,2.6262626262626263,4.0230863001013545e-08
1.7171717171717171,2.676767676767677,3.7062967646248246e-08
1.7171717171717171,2.727272727272727,3.296396816630756e-08
1.7171717171717171,2.7777777777777777,2.8036840538757262e-08
1.7171717171717171,2.8282828282828283,2.240536516086794e-08
1.7171717171717171,2.878787878787879,1.621101721091522e-08
1.7171717171717171,2.929292929292929,9.609412477252117e-09
1.7171717171717171,2.9797979797979797,2.766397943826592e-09
1.7171717171717171,3.0303030303030303,-4.146114654674533e-09
1.7171717171717171,3.080808080808081,-1.0954467637700059e-08
1.7171717171717171,3.131313131313131,-1.748762004574954e-08
1.7171717171717171,3.1818181818181817,-2.358144456943994e-08
1.7171717171717171,3.2323232323232323,-2.9082850792313992e-08
1.7171717171717171,3.282828282828283,-3.38536311623679e-08
1.7171717171717171,3.3333333333333335,-3.7773933072944234e-08
1.7171717171717171,3.3838383838383836,-4.074526982660117e-08
1.7171717171717171,3.4343434343434343,-4.2692994839853564e-08
1.7171717171717171,3.484848484848485,-4.3568176931262916e-08
1.7171717171717171,3.5353535353535355,-4.3348829581471973e-08
1.7171717171717171,3.5858585858585856,-4.2040463283439283e-08
1.7171717171717171,3.6363636363636362,-3.967594710660811e-08
1.7171717171717171,3.686868686868687,-3.631468295282575e-08
1.7171717171717171,3.7373737373737375,-3.20411132485396e-08
1.7171717171717171,3.7878787878787876,-2.6962599563359128e-08
1.7171717171717171,3.8383838383838382,-2.1206725448800342e-08
1.7171717171717171,3.888888888888889,-1.4918091255898508e-08
1.7171717171717171,3.9393939393939394,-8.254681452994573e-09
1.7171717171717171,3.9898989898989896,-1.3838957047467801e-09
1.7171717171717171,4.040404040404041,5.521656579516333e-09
1.7171717171717171,4.090909090909091,1.2288492577807246e-08
1.7171717171717171,4.141414141414141,1.8746614329559888e-08
1.7171717171717171,4.191919191919192,2.4733779462244058e-08
1.7171717171717171,4.242424242424242,3.009957708037059e-08
1.7171717171717171,4.292929292929293,3.470920642149725e-08
1.7171717171717171,4.343434343434343,3.844686335099495e-08
1.7171717171717171,4.393939393939394,4.1218649619302055e-08
1.7171717171717171,4.444444444444445,4.2954931794655716e-08
1.7171717171717171,4.494949494949495,4.3612090609668225e-08
1.7171717171717171,4.545454545454545,4.31736167742743e-08
1.7171717171717171,4.595959595959596,4.1650525725791686e-08
1.7171717171717171,4.646464646464646,3.908108089665232e-08
1.7171717171717171,4.696969696969697,3.552983245193353e-08
1.7171717171717171,4.747474747474747,3.108599564573924e-08
1.7171717171717171,4.797979797979798,2.5861209535722455e-08
1.7171717171717171,4.848484848484849,1.9986732361822938e-08
1.7171717171717171,4.898989898989899,1.3610144047539619e-08
1.7171717171717171,4.94949494949495,6.8916386642332476e-09
1.7171717171717171,5.0,2.6708065390944323e-23
1.8181818181818181,0.0,0.0
1.8181818181818181,0.050505050505050504,2.543088154822997e-09
1.8181818181818181,0.10101010101010101,5.022288282809045e-09
1.8181818181818181,0.15151515151515152,7.375317366355883e-09
1.8181818181818181,0.20202020202020202,9.543062084931284e-09
1.8181818181818181,0.25252525252525254,1.1471063873072882e-08
1.8181818181818181,0.30303030303030304,1.311088704059476e-08
1.8181818181818181,0.35353535353535354,1.4421335584780378e-08
1.8181818181818181,0.40404040404040403,1.536948812553499e-08
1.8181818181818181,0.45454545454545453,1.5931524963626245e-08
1.8181818181818181,0.5050505050505051,1.6093326484471676e-08
1.8181818181818181,0.5555555555555556,1.5850827874239945e-08
1.8181818181818181,0.6060606060606061,1.5210121237008935e-08
1.8181818181818181,0.6565656565656566,1.4187302547570712e-08
1.8181818181818181,0.7070707070707071,1.280806728476907e-08
1.8181818181818181,0.7575757575757576,1.1107064903958988e-08
1.8181818181818181,0.8080808080808081,9.127028365674629e-09
1.8181818181818181,0.8585858585858586,6.917700588680378e-09
1.8181818181818181,0.9090909090909091,4.534584797290554e-09
1.8181818181818181,0.9595959595959596,2.037550157010531e-09
1.8181818181818181,1.0101010101010102,-5.106722719687718e-10
1.8181818181818181,1.0606060606060606,-3.0460654784319035e-09
1.8181818181818181,1.1111111111111112,-5.504934749747899e-09
1.8181818181818181,1.1616161616161615,-7.82550782462235e-09
1.8181818181818181,1.2121212121212122,-9.94948674959915e-09
1.8181818181818181,1.2626262626262625,-1.182351245322703e-08
1.8181818181818181,1.3131313131313131,-1.3400505244532878e-08
1.8181818181818181,1.3636363636363635,-1.4640847559500436e-08
1.8181818181818181,1.4141414141414141,-1.5513379242334352e-08
1.8181818181818181,1.4646464646464645,-1.599618035783172e-08
1.8181818181818181,1.5151515151515151,-1.6077121868874686e-08
1.8181818181818181,1.5656565656565655,-1.5754170344801432e-08
1.8181818181818181,1.6161616161616161,-1.5035439045703982e-08
1.8181818181818181,1.6666666666666667,-1.3938984099301782e-08
1.8181818181818181,1.7171717171717171,-1.249235089088099e-08
1.8181818181818181,1.7676767676767677,-1.0731882061992388e-08
1.8181818181818181,1.8181818181818181,-8.701804502518813e-09
1.8181818181818181,1.8686868686868687,-6.453118272900442e-09
1.8181818181818181,1.9191919191919191,-4.0423153692614774e-09
1.8181818181818181,1.9696969696969697,-1.5299605189056818e-09
1.8181818181818181,2.0202020202020203,1.0208303402475058e-09
1.8181818181818181,2.0707070707070705,3.545975672307939e-09
1.8181818181818181,2.121212121212121,5.982038214027086e-09
1.8181818181818181,2.1717171717171717,8.267818659849317e-09
1.8181818181818181,2.2222222222222223,1.0345893124492043e-08
1.8181818181818181,2.2727272727272725,1.216405575857702e-08
1.8181818181818181,2.323232323232323,1.3676630275601939e-08
1.8181818181818181,2.3737373737373737,1.4845617441779596e-08
1.8181818181818181,2.4242424242424243,1.564164970124954e-08
1.8181818181818181,2.474747474747475,1.6044728954355005e-08
1.8181818181818181,2.525252525252525,1.6044728954355005e-08
1.8181818181818181,2.5757575757575757,1.564164970124954e-08
1.8181818181818181,2.6262626262626263,1.4845617441779599e-08
1.8181818181818181,2.676767676767677,1.3676630275601946e-08
1.8181818181818181,2.727272727272727,1.2164055758577045e-08
1.8181818181818181,2.7777777777777777,1.0345893124492063e-08
1.8181818181818181,2.8282828282828283,8.267818659849336e-09
1.8181818181818181,2.878787878787879,5.982038214027108e-09
1.8181818181818181,2.929292929292929,3.5459756723079627e-09
1.8181818181818181,2.9797979797979797,1.0208303402475015e-09
1.8181818181818181,3.0303030303030303,-1.529960518905686e-09
1.8181818181818181,3.080808080808081,-4.042315369261482e-09
1.8181818181818181,3.131313131313131,-6.45311827290042e-09
1.8181818181818181,3.1818181818181817,-8.701804502518793e-09
1.8181818181818181,3.2323232323232323,-1.0731882061992381e-08
1.8181818181818181,3.282828282828283,-1.2492350890880984e-08
1.8181818181818181,3.3333333333333335,-1.3938984099301783e-08
1.8181818181818181,3.3838383838383836,-1.5035439045703975e-08
1.8181818181818181,3.4343434343434343,-1.575417034480143e-08
1.8181818181818181,3.484848484848485,-1.6077121868874686e-08
1.8181818181818181,3.5353535353535355,-1.599618035783172e-08
1.8181818181818181,3.5858585858585856,-1.5513379242334366e-08
1.8181818181818181,3.6363636363636362,-1.4640847559500453e-08
1.8181818181818181,3.686868686868687,-1.3400505244532891e-08
1.8181818181818181,3.7373737373737375,-1.1823512453227046e-08
1.8181818181818181,3.7878787878787876,-9.949486749599157e-09
1.8181818181818181,3.8383838383838382,-7.82550782462236e-09
1.8181818181818181,3.888888888888889,-5.504934749747902e-09
1.8181818181818181,3.9393939393939394,-3.0460654784319064e-09
1.8181818181818181,3.9898989898989896,-5.106722719687887e-10
1.8181818181818181,4.040404040404041,2.037550157010542e-09
1.8181818181818181,4.090909090909091,4.534584797290538e-09
1.8181818181818181,4.141414141414141,6.9177005886803435e-09
1.8181818181818181,4.191919191919192,9.127028365674625e-09
1.8181818181818181,4.242424242424242,1.1107064903958971e-08
1.8181818181818181,4.292929292929293,1.2808067284769072e-08
1.8181818181818181,4.343434343434343,1.4187302547570706e-08
1.8181818181818181,4.393939393939394,1.5210121237008925e-08
1.8181818181818181,4.444444444444445,1.5850827874239945e-08
1.8181818181818181,4.494949494949495,1.6093326484471676e-08
1.8181818181818181,4.545454545454545,1.593152496362625e-08
1.8181818181818181,4.595959595959596,1.5369488125534998e-08
1.8181818181818181,4.646464646464646,1.4421335584780385e-08
1.8181818181818181,4.696969696969697,1.3110887040594748e-08
1.8181818181818181,4.747474747474747,1.1471063873072887e-08
1.8181818181818181,4.797979797979798,9.543062084931308e-09
1.8181818181818181,4.848484848484849,7.375317366355879e-09
1.8181818181818181,4.898989898989899,5.022288282809063e-09
1.8181818181818181,4.94949494949495,2.5430881548229833e-09
1.8181818181818181,5.0,9.85556092579978e-24
1.9191919191919191,0.0,0.0
1.9191919191919191,0.050505050505050504,9.384266468823294e-10
1.9191919191919191,0.10101010101010101,1.8532779306036052e-09
1.9191919191919191,0.15151515151515152,2.721570753525094e-09
1.9191919191919191,0.20202020202020202,3.521491670026386e-09
1.9191919191919191,0.25252525252525254,4.232944888742976e-09
1.9191919191919191,0.30303030303030304,4.83805712351119e-09
1.9191919191919191,0.35353535353535354,5.321626610042628e-09
1.9191919191919191,0.40404040404040403,5.671505008031252e-09
1.9191919191919191,0.45454545454545453,5.87890259446334e-09
1.9191919191919191,0.5050505050505051,5.938609080996052e-09
1.9191919191919191,0.5555555555555556,5.84912450798123e-09
1.9191919191919191,0.6060606060606061,5.612696926785642e-09
1.9191919191919191,0.6565656565656566,5.235265923744028e-09
1.9191919191919191,0.7070707070707071,4.726313404548759e-09
1.9191919191919191,0.7575757575757576,4.0986253877039136e-09
1.9191919191919191,0.8080808080808081,3.3679707913216604e-09
1.9191919191919191,0.8585858585858586,2.5527052828505194e-09
1.9191919191919191,0.9090909090909091,1.6733101439108953e-09
1.9191919191919191,0.9595959595959596,7.518777349781024e-10
1.9191919191919191,1.0101010101010102,-1.8844351381629182e-10
1.9191919191919191,1.0606060606060606,-1.1240306427001651e-09
1.9191919191919191,1.1111111111111112,-2.031379623515842e-09
1.9191919191919191,1.1616161616161615,-2.8876958331485428e-09
1.9191919191919191,1.2121212121212122,-3.6714667051234638e-09
1.9191919191919191,1.2626262626262625,-4.3630021730904455e-09
1.9191919191919191,1.3131313131313131,-4.944929329054787e-09
1.9191919191919191,1.3636363636363635,-5.4026288694398855e-09
1.9191919191919191,1.4141414141414141,-5.724602364486666e-09
1.9191919191919191,1.4646464646464645,-5.90276112436606e-09
1.9191919191919191,1.5151515151515151,-5.932629405045825e-09
1.9191919191919191,1.5656565656565655,-5.813456848928637e-09
1.9191919191919191,1.6161616161616161,-5.548237335502707e-09
1.9191919191919191,1.6666666666666667,-5.143633768434707e-09
1.9191919191919191,1.7171717171717171,-4.609810688620379e-09
1.9191919191919191,1.7676767676767677,-3.960178918325032e-09
1.9191919191919191,1.8181818181818181,-3.211058651520735e-09
1.9191919191919191,1.8686868686868687,-2.3812694543396755e-09
1.9191919191919191,1.9191919191919191,-1.4916574757436916e-09
1.9191919191919191,1.9696969696969697,-5.645717459286969e-10
1.9191919191919191,2.0202020202020203,3.766972809878433e-10
1.9191919191919191,2.0707070707070705,1.3085028349407975e-09
1.9191919191919191,2.121212121212121,2.207435889339872e-09
1.9191919191919191,2.1717171717171717,3.0509132478475056e-09
1.9191919191919191,2.2222222222222223,3.817744884465386e-09
1.9191919191919191,2.2727272727272725,4.488666284085473e-09
1.9191919191919191,2.323232323232323,5.046822409927737e-09
1.9191919191919191,2.3737373737373737,5.4781911395268595e-09
1.9191919191919191,2.4242424242424243,5.771935531614808e-09
1.9191919191919191,2.474747474747475,5.920676074172178e-09
1.9191919191919191,2.525252525252525,5.920676074172178e-09
1.9191919191919191,2.5757575757575757,5.771935531614809e-09
1.9191919191919191,2.6262626262626263,5.47819113952686e-09
1.9191919191919191,2.676767676767677,5.046822409927738e-09
1.9191919191919191,2.727272727272727,4.488666284085482e-09
1.9191919191919191,2.7777777777777777,3.817744884465394e-09
1.9191919191919191,2.8282828282828283,3.0509132478475126e-09
1.9191919191919191,2.878787878787879,2.20743588933988e-09
1.9191919191919191,2.929292929292929,1.3085028349408062e-09
1.9191919191919191,2.9797979797979797,3.7669728098784166e-10
1.9191919191919191,3.0303030303030303,-5.645717459286986e-10
1.9191919191919191,3.080808080808081,-1.4916574757436933e-09
1.9191919191919191,3.131313131313131,-2.3812694543396677e-09
1.9191919191919191,3.1818181818181817,-3.2110586515207276e-09
1.9191919191919191,3.2323232323232323,-3.9601789183250296e-09
1.9191919191919191,3.282828282828283,-4.609810688620377e-09
1.9191919191919191,3.3333333333333335,-5.143633768434708e-09
1.9191919191919191,3.3838383838383836,-5.548237335502703e-09
1.9191919191919191,3.4343434343434343,-5.813456848928635e-09
1.9191919191919191,3.484848484848485,-5.932629405045825e-09
1.9191919191919191,3.5353535353535355,-5.90276112436606e-09
1.9191919191919191,3.5858585858585856,-5.72460236448667e-09
1.9191919191919191,3.6363636363636362,-5.402628869439891e-09
1.9191919191919191,3.686868686868687,-4.944929329054792e-09
1.9191919191919191,3.7373737373737375,-4.363002173090452e-09
1.9191919191919191,3.7878787878787876,-3.6714667051234667e-09
1.9191919191919191,3.8383838383838382,-2.887695833148546e-09
1.9191919191919191,3.888888888888889,-2.0313796235158427e-09
1.9191919191919191,3.9393939393939394,-1.124030642700166e-09
1.9191919191919191,3.9898989898989896,-1.884435138162981e-10
1.9191919191919191,4.040404040404041,7.518777349781065e-10
1.9191919191919191,4.090909090909091,1.6733101439108896e-09
1.9191919191919191,4.141414141414141,2.5527052828505066e-09
1.9191919191919191,4.191919191919192,3.367970791321659e-09
1.9191919191919191,4.242424242424242,4.098625387703908e-09
1.9191919191919191,4.292929292929293,4.72631340454876e-09
1.9191919191919191,4.343434343434343,5.235265923744026e-09
1.9191919191919191,4.393939393939394,5.612696926785638e-09
1.9191919191919191,4.444444444444445,5.84912450798123e-09
1.9191919191919191,4.494949494949495,5.938609080996051e-09
1.9191919191919191,4.545454545454545,5.878902594463341e-09
1.9191919191919191,4.595959595959596,5.671505008031253e-09
1.9191919191919191,4.646464646464646,5.321626610042631e-09
1.9191919191919191,4.696969696969697,4.838057123511186e-09
1.9191919191919191,4.747474747474747,4.232944888742978e-09
1.9191919191919191,4.797979797979798,3.5214916700263955e-09
1.9191919191919191,4.848484848484849,2.721570753525092e-09
1.9191919191919191,4.898989898989899,1.8532779306036118e-09
1.9191919191919191,4.94949494949495,9.384266468823244e-10
1.9191919191919191,5.0,3.636807074580755e-24
2.0202020202020203,0.0,0.0
2.0202020202020203,0.050505050505050504,3.46289439439469e-10
2.0202020202020203,0.10101010101010101,6.838793184809618e-10
2.0202020202020203,0.15151515151515152,1.0042886290197527e-09
2.0202020202020203,0.20202020202020202,1.2994679770182465e-09
2.0202020202020203,0.25252525252525254,1.562001801175167e-09
2.0202020202020203,0.30303030303030304,1.7852946683076196e-09
2.0202020202020203,0.35353535353535354,1.963736965291969e-09
2.0202020202020203,0.40404040404040403,2.092845825013694e-09
2.0202020202020203,0.45454545454545453,2.1693777459531387e-09
2.0202020202020203,0.5050505050505051,2.1914100761528437e-09
2.0202020202020203,0.5555555555555556,2.158389314508094e-09
2.0202020202020203,0.6060606060606061,2.07114501594491e-09
2.0202020202020203,0.6565656565656566,1.9318689511564965e-09
2.0202020202020203,0.7070707070707071,1.7440600444518948e-09
2.0202020202020203,0.7575757575757576,1.5124364730004666e-09
2.0202020202020203,0.8080808080808081,1.2428171357345585e-09
2.0202020202020203,0.8585858585858586,9.419754696749573e-10
2.0202020202020203,0.9090909090909091,6.174692861379704e-10
2.0202020202020203,0.9595959595959596,2.7745090171681e-10
2.0202020202020203,1.0101010101010102,-6.953766603094985e-11
2.0202020202020203,1.0606060606060606,-4.147792930503108e-10
2.0202020202020203,1.1111111111111112,-7.496007423202108e-10
2.0202020202020203,1.1616161616161615,-1.0655905548450266e-09
2.0202020202020203,1.2121212121212122,-1.3548103642002612e-09
2.0202020202020203,1.2626262626262625,-1.6099943259413058e-09
2.0202020202020203,1.3131313131313131,-1.8247316517653075e-09
2.0202020202020203,1.3636363636363635,-1.993627662762246e-09
2.0202020202020203,1.4141414141414141,-2.1124393157396332e-09
2.0202020202020203,1.4646464646464645,-2.1781817978982864e-09
2.0202020202020203,1.5151515151515151,-2.1892035119640353e-09
2.0202020202020203,1.5656565656565655,-2.145227567982167e-09
2.0202020202020203,1.6161616161616161,-2.047358739408515e-09
2.0202020202020203,1.6666666666666667,-1.898055708744728e-09
2.0202020202020203,1.7171717171717171,-1.7010692999690467e-09
2.0202020202020203,1.7676767676767677,-1.4613482495012055e-09
2.0202020202020203,1.8181818181818181,-1.1849148829442843e-09
2.0202020202020203,1.8686868686868687,-8.787138208800409e-10
2.0202020202020203,1.9191919191919191,-5.504375145644672e-10
2.0202020202020203,1.9696969696969697,-2.0833299445462728e-10
2.0202020202020203,2.0202020202020203,1.390053135266621e-10
2.0202020202020203,2.0707070707070705,4.828514990723854e-10
2.0202020202020203,2.121212121212121,8.145673817528763e-10
2.0202020202020203,2.1717171717171717,1.1258195213078154e-09
2.0202020202020203,2.2222222222222223,1.4087885721878825e-09
2.0202020202020203,2.2727272727272725,1.6563657228945975e-09
2.0202020202020203,2.323232323232323,1.8623312851255465e-09
2.0202020202020203,2.3737373737373737,2.021510946168704e-09
2.0202020202020203,2.4242424242424243,2.1299057591384367e-09
2.0202020202020203,2.474747474747475,2.1847926054095154e-09
2.0202020202020203,2.525252525252525,2.1847926054095154e-09
2.0202020202020203,2.5757575757575757,2.1299057591384367e-09
2.0202020202020203,2.6262626262626263,2.0215109461687044e-09
2.0202020202020203,2.676767676767677,1.8623312851255472e-09
2.0202020202020203,2.727272727272727,1.656365722894601e-09
2.0202020202020203,2.7777777777777777,1.4087885721878852e-09
2.0202020202020203,2.8282828282828283,1.1258195213078181e-09
2.0202020202020203,2.878787878787879,8.145673817528793e-10
2.0202020202020203,2.929292929292929,4.828514990723886e-10
2.0202020202020203,2.9797979797979797,1.3900531352666147e-10
2.0202020202020203,3.0303030303030303,-2.0833299445462785e-10
2.0202020202020203,3.080808080808081,-5.504375145644678e-10
2.0202020202020203,3.131313131313131,-8.787138208800379e-10
2.0202020202020203,3.1818181818181817,-1.1849148829442816e-09
2.0202020202020203,3.2323232323232323,-1.4613482495012045e-09
2.0202020202020203,3.282828282828283,-1.7010692999690456e-09
2.0202020202020203,3.3333333333333335,-1.8980557087447283e-09
2.0202020202020203,3.3838383838383836,-2.0473587394085138e-09
2.0202020202020203,3.4343434343434343,-2.1452275679821667e-09
2.0202020202020203,3.484848484848485,-2.1892035119640353e-09
2.0202020202020203,3.5353535353535355,-2.1781817978982864e-09
2.0202020202020203,3.5858585858585856,-2.112439315739635e-09
2.0202020202020203,3.6363636363636362,-1.9936276627622483e-09
2.0202020202020203,3.686868686868687,-1.8247316517653092e-09
2.0202020202020203,3.7373737373737375,-1.6099943259413078e-09
2.0202020202020203,3.7878787878787876,-1.3548103642002622e-09
2.0202020202020203,3.8383838383838382,-1.0655905548450278e-09
2.0202020202020203,3.888888888888889,-7.496007423202112e-10
2.0202020202020203,3.9393939393939394,-4.1477929305031115e-10
2.0202020202020203,3.9898989898989896,-6.953766603095216e-11
2.0202020202020203,4.040404040404041,2.774509017168115e-10
2.0202020202020203,4.090909090909091,6.174692861379682e-10
2.0202020202020203,4.141414141414141,9.419754696749527e-10
2.0202020202020203,4.191919191919192,1.2428171357345581e-09
2.0202020202020203,4.242424242424242,1.5124364730004645e-09
2.0202020202020203,4.292929292929293,1.7440600444518952e-09
2.0202020202020203,4.343434343434343,1.9318689511564956e-09
2.0202020202020203,4.393939393939394,2.0711450159449083e-09
2.0202020202020203,4.444444444444445,2.158389314508094e-09
2.0202020202020203,4.494949494949495,2.1914100761528433e-09
2.0202020202020203,4.545454545454545,2.169377745953139e-09
2.0202020202020203,4.595959595959596,2.092845825013695e-09
2.0202020202020203,4.646464646464646,1.9637369652919696e-09
2.0202020202020203,4.696969696969697,1.7852946683076181e-09
2.0202020202020203,4.747474747474747,1.5620018011751674e-09
2.0202020202020203,4.797979797979798,1.2994679770182498e-09
2.0202020202020203,4.848484848484849,1.004288629019752e-09
2.0202020202020203,4.898989898989899,6.838793184809642e-10
2.0202020202020203,4.94949494949495,3.462894394394672e-10
2.0202020202020203,5.0,1.3420205909434084e-24
2.121212121212121,0.0,0.0
2.121212121212121,0.050505050505050504,1.2778449574688876e-10
2.121212121212121,0.10101010101010101,2.523587609407626e-10
2.121212121212121,0.15151515151515152,3.7059321315530815e-10
2.121212121212121,0.20202020202020202,4.795175401574206e-10
2.121212121212121,0.25252525252525254,5.763953207524553e-10
2.121212121212121,0.30303030303030304,6.58792769766736e-10
2.121212121212121,0.35353535353535354,7.246398801405637e-10
2.121212121212121,0.40404040404040403,7.722824261064517e-10
2.121212121212121,0.45454545454545453,8.005235210171648e-10
2.121212121212121,0.5050505050505051,8.086536857985553e-10
2.121212121212121,0.5555555555555556,7.964686726408262e-10
2.121212121212121,0.6060606060606061,7.642745961574855e-10
2.121212121212121,0.6565656565656566,7.12880243105869e-10
2.121212121212121,0.7070707070707071,6.435767538661488e-10
2.121212121212121,0.7575757575757576,5.581051861252333e-10
2.121212121212121,0.8080808080808081,4.5861277563791676e-10
2.121212121212121,0.8585858585858586,3.4759899289216884e-10
2.121212121212121,0.9090909090909091,2.278527508550375e-10
2.121212121212121,0.9595959595959596,1.0238234128014596e-10
2.121212121212121,1.0101010101010102,-2.5660140267528187e-11
2.121212121212121,1.0606060606060606,-1.530579820582421e-10
2.121212121212121,1.1111111111111112,-2.766106671457567e-10
2.121212121212121,1.1616161616161615,-3.9321427746664157e-10
2.121212121212121,1.2121212121212122,-4.999394711609475e-10
2.121212121212121,1.2626262626262625,-5.941050741506184e-10
2.121212121212121,1.3131313131313131,-6.7334543719164e-10
2.121212121212121,1.3636363636363635,-7.356698662410491e-10
2.121212121212121,1.4141414141414141,-7.795126331159066e-10
2.121212121212121,1.4646464646464645,-8.037723100653124e-10
2.121212121212121,1.5151515151515151,-8.078394400835938e-10
2.121212121212121,1.5656565656565655,-7.916118478248968e-10
2.121212121212121,1.6161616161616161,-7.554972064749722e-10
2.121212121212121,1.6666666666666667,-7.004027960946372e-10
2.121212121212121,1.7171717171717171,-6.277127107280837e-10
2.121212121212121,1.7676767676767677,-5.392530868841343e-10
2.121212121212121,1.8181818181818181,-4.372462269282862e-10
2.121212121212121,1.8686868686868687,-3.242547699078921e-10
2.121212121212121,1.9191919191919191,-2.031173123634516e-10
2.121212121212121,1.9696969696969697,-7.687709647431326e-11
2.121212121212121,2.0202020202020203,5.129444294892393e-11
2.121212121212121,2.0707070707070705,1.7817735195583214e-10
2.121212121212121,2.121212121212121,3.0058404985621684e-10
2.121212121212121,2.1717171717171717,4.154394083319132e-10
2.121212121212121,2.2222222222222223,5.198580054950694e-10
2.121212121212121,2.2727272727272725,6.112166140992427e-10
2.121212121212121,2.323232323232323,6.872201028383408e-10
2.121212121212121,2.3737373737373737,7.459590951462945e-10
2.121212121212121,2.4242424242424243,7.859579369802706e-10
2.121212121212121,2.474747474747475,8.062117685300853e-10
2.121212121212121,2.525252525252525,8.062117685300853e-10
2.121212121212121,2.5757575757575757,7.859579369802707e-10
2.121212121212121,2.6262626262626263,7.459590951462946e-10
2.121212121212121,2.676767676767677,6.872201028383411e-10
2.121212121212121,2.727272727272727,6.11216614099244e-10
2.121212121212121,2.7777777777777777,5.198580054950703e-10
2.121212121212121,2.8282828282828283,4.1543940833191417e-10
2.121212121212121,2.878787878787879,3.00584049856218e-10
2.121212121212121,2.929292929292929,1.7817735195583333e-10
2.121212121212121,2.9797979797979797,5.12944429489237e-11
2.121212121212121,3.0303030303030303,-7.687709647431347e-11
2.121212121212121,3.080808080808081,-2.031173123634518e-10
2.121212121212121,3.131313131313131,-3.24254769907891e-10
2.121212121212121,3.1818181818181817,-4.372462269282852e-10
2.121212121212121,3.2323232323232323,-5.392530868841339e-10
2.121212121212121,3.282828282828283,-6.277127107280833e-10
2.121212121212121,3.3333333333333335,-7.004027960946373e-10
2.121212121212121,3.3838383838383836,-7.554972064749718e-10
2.121212121212121,3.4343434343434343,-7.916118478248965e-10
2.121212121212121,3.484848484848485,-8.078394400835938e-10
2.121212121212121,3.5353535353535355,-8.037723100653124e-10
2.121212121212121,3.5858585858585856,-7.795126331159071e-10
2.121212121212121,3.6363636363636362,-7.356698662410498e-10
2.121212121212121,3.686868686868687,-6.733454371916407e-10
2.121212121212121,3.7373737373737375,-5.941050741506192e-10
2.121212121212121,3.7878787878787876,-4.999394711609478e-10
2.121212121212121,3.8383838383838382,-3.9321427746664204e-10
2.121212121212121,3.888888888888889,-2.766106671457568e-10
2.121212121212121,3.9393939393939394,-1.5305798205824225e-10
2.121212121212121,3.9898989898989896,-2.566014026752904e-11
2.121212121212121,4.040404040404041,1.0238234128014653e-10
2.121212121212121,4.090909090909091,2.2785275085503666e-10
2.121212121212121,4.141414141414141,3.4759899289216713e-10
2.121212121212121,4.191919191919192,4.586127756379166e-10
2.121212121212121,4.242424242424242,5.581051861252325e-10
2.121212121212121,4.292929292929293,6.435767538661489e-10
2.121212121212121,4.343434343434343,7.128802431058687e-10
2.121212121212121,4.393939393939394,7.642745961574849e-10
2.121212121212121,4.444444444444445,7.964686726408262e-10
2.121212121212121,4.494949494949495,8.086536857985552e-10
2.121212121212121,4.545454545454545,8.00523521017165e-10
2.121212121212121,4.595959595959596,7.72282426106452e-10
2.121212121212121,4.646464646464646,7.246398801405641e-10
2.121212121212121,4.696969696969697,6.587927697667355e-10
2.121212121212121,4.747474747474747,5.763953207524555e-10
2.121212121212121,4.797979797979798,4.795175401574218e-10
2.121212121212121,4.848484848484849,3.7059321315530794e-10
2.121212121212121,4.898989898989899,2.5235876094076347e-10
2.121212121212121,4.94949494949495,1.277844957468881e-10
2.121212121212121,5.0,4.952199084477748e-25
2.2222222222222223,0.0,0.0
2.2222222222222223,0.050505050505050504,4.715384153706149e-11
2.2222222222222223,0.10101010101010101,9.312307376835761e-11
2.2222222222222223,0.15151515151515152,1.3675284740685237e-10
2.2222222222222223,0.20202020202020202,1.76947085565152e-10
2.2222222222222223,0.25252525252525254,2.1269601964310884e-10
2.2222222222222223,0.30303030303030304,2.431015569594158e-10
2.2222222222222223,0.35353535353535354,2.673998428359046e-10
2.2222222222222223,0.40404040404040403,2.8498045032484047e-10
2.2222222222222223,0.45454545454545453,2.9540171549061315e-10
2.2222222222222223,0.5050505050505051,2.9840183298946254e-10
2.2222222222222223,0.5555555555555556,2.939054332016146e-10
2.2222222222222223,0.6060606060606061,2.820254756836507e-10
2.2222222222222223,0.6565656565656566,2.6306041137337633e-10
2.2222222222222223,0.7070707070707071,2.3748668483891313e-10
2.2222222222222223,0.7575757575757576,2.059467649321785e-10
2.2222222222222223,0.8080808080808081,1.692330045433449e-10
2.2222222222222223,0.8585858585858586,1.2826773493511684e-10
2.2222222222222223,0.9090909090909091,8.408009473139532e-11
2.2222222222222223,0.9595959595959596,3.7780175667632945e-11
2.2222222222222223,1.0101010101010102,-9.468865380902477e-12
2.2222222222222223,1.0606060606060606,-5.648002748512213e-11
2.2222222222222223,1.1111111111111112,-1.0207228576374019e-10
2.2222222222222223,1.1616161616161615,-1.4510026135329167e-10
2.2222222222222223,1.2121212121212122,-1.844829958709573e-10
2.2222222222222223,1.2626262626262625,-2.1923110749172796e-10
2.2222222222222223,1.3131313131313131,-2.48471646418897e-10
2.2222222222222223,1.3636363636363635,-2.7147002532321106e-10
2.2222222222222223,1.4141414141414141,-2.876484738093115e-10
2.2222222222222223,1.4646464646464645,-2.966005532922439e-10
2.2222222222222223,1.5151515151515151,-2.9810136763808237e-10
2.2222222222222223,1.5656565656565655,-2.9211321305467886e-10
2.2222222222222223,1.6161616161616161,-2.787865252947233e-10
2.2222222222222223,1.6666666666666667,-2.584561003752713e-10
2.2222222222222223,1.7171717171717171,-2.316326837576619e-10
2.2222222222222223,1.7676767676767677,-1.9899013928632124e-10
2.2222222222222223,1.8181818181818181,-1.6134852023123024e-10
2.2222222222222223,1.8686868686868687,-1.1965346772709198e-10
2.2222222222222223,1.9191919191919191,-7.495245416620281e-11
2.2222222222222223,1.9696969696969697,-2.8368468363795354e-11
2.2222222222222223,2.0202020202020203,1.8928196417007734e-11
2.2222222222222223,2.0707070707070705,6.574934283311208e-11
2.2222222222222223,2.121212121212121,1.1091871961965569e-10
2.2222222222222223,2.1717171717171717,1.533015716361707e-10
2.2222222222222223,2.2222222222222223,1.9183314743787435e-10
2.2222222222222223,2.2727272727272725,2.2554544819852828e-10
2.2222222222222223,2.323232323232323,2.5359154599247385e-10
2.2222222222222223,2.3737373737373737,2.7526686050654596e-10
2.2222222222222223,2.4242424242424243,2.9002685966357376e-10
2.2222222222222223,2.474747474747475,2.9750073947846164e-10
2.2222222222222223,2.525252525252525,2.9750073947846164e-10
2.2222222222222223,2.5757575757575757,2.9002685966357376e-10
2.2222222222222223,2.6262626262626263,2.75266860506546e-10
2.2222222222222223,2.676767676767677,2.5359154599247395e-10
2.2222222222222223,2.727272727272727,2.2554544819852874e-10
2.2222222222222223,2.7777777777777777,1.918331474378747e-10
2.2222222222222223,2.8282828282828283,1.5330157163617105e-10
2.2222222222222223,2.878787878787879,1.109187196196561e-10
2.2222222222222223,2.929292929292929,6.574934283311252e-11
2.2222222222222223,2.9797979797979797,1.8928196417007653e-11
2.2222222222222223,3.0303030303030303,-2.8368468363795435e-11
2.2222222222222223,3.080808080808081,-7.495245416620289e-11
2.2222222222222223,3.131313131313131,-1.196534677270916e-10
2.2222222222222223,3.1818181818181817,-1.6134852023122988e-10
2.2222222222222223,3.2323232323232323,-1.989901392863211e-10
2.2222222222222223,3.282828282828283,-2.3163268375766178e-10
2.2222222222222223,3.3333333333333335,-2.5845610037527137e-10
2.2222222222222223,3.3838383838383836,-2.7878652529472316e-10
2.2222222222222223,3.4343434343434343,-2.9211321305467876e-10
2.2222222222222223,3.484848484848485,-2.9810136763808237e-10
2.2222222222222223,3.5353535353535355,-2.9660055329224394e-10
2.2222222222222223,3.5858585858585856,-2.8764847380931173e-10
2.2222222222222223,3.6363636363636362,-2.7147002532321137e-10
2.2222222222222223,3.686868686868687,-2.484716464188972e-10
2.2222222222222223,3.7373737373737375,-2.1923110749172827e-10
2.2222222222222223,3.7878787878787876,-1.8448299587095744e-10
2.2222222222222223,3.8383838383838382,-1.4510026135329182e-10
2.2222222222222223,3.888888888888889,-1.0207228576374024e-10
2.2222222222222223,3.9393939393939394,-5.6480027485122176e-11
2.2222222222222223,3.9898989898989896,-9.46886538090279e-12
2.2222222222222223,4.040404040404041,3.778017566763315e-11
2.2222222222222223,4.090909090909091,8.408009473139502e-11
2.2222222222222223,4.141414141414141,1.2826773493511622e-10
2.2222222222222223,4.191919191919192,1.6923300454334483e-10
2.2222222222222223,4.242424242424242,2.0594676493217818e-10
2.2222222222222223,4.292929292929293,2.3748668483891313e-10
2.2222222222222223,4.343434343434343,2.6306041137337623e-10
2.2222222222222223,4.393939393939394,2.820254756836504e-10
2.2222222222222223,4.444444444444445,2.939054332016146e-10
2.2222222222222223,4.494949494949495,2.984018329894625e-10
2.2222222222222223,4.545454545454545,2.9540171549061325e-10
2.2222222222222223,4.595959595959596,2.8498045032484057e-10
2.2222222222222223,4.646464646464646,2.673998428359047e-10
2.2222222222222223,4.696969696969697,2.431015569594156e-10
2.2222222222222223,4.747474747474747,2.126960196431089e-10
2.2222222222222223,4.797979797979798,1.7694708556515248e-10
2.2222222222222223,4.848484848484849,1.3675284740685226e-10
2.2222222222222223,4.898989898989899,9.312307376835795e-11
2.2222222222222223,4.94949494949495,4.715384153706124e-11
2.2222222222222223,5.0,1.8274142690360792e-25
2.323232323232323,0.0,0.0
2.323232323232323,0.050505050505050504,1.7400270343489225e-11
2.323232323232323,0.10101010101010101,3.436340722128765e-11
2.323232323232323,0.15151515151515152,5.046325893195609e-11
2.323232323232323,0.20202020202020202,6.529536141623205e-11
2.323232323232323,0.25252525252525254,7.848709929317932e-11
2.323232323232323,0.30303030303030304,8.970706678674953e-11
2.323232323232323,0.35353535353535354,9.867339337547477e-11
2.323232323232323,0.40404040404040403,1.0516082500646547e-10
2.323232323232323,0.45454545454545453,1.0900638297787931e-10
2.323232323232323,0.5050505050505051,1.1011345832615569e-10
2.323232323232323,0.5555555555555556,1.0845423885790794e-10
2.323232323232323,0.6060606060606061,1.0407040785403801e-10
2.323232323232323,0.6565656565656566,9.707209689307285e-11
2.323232323232323,0.7070707070707071,8.763511910112825e-11
2.323232323232323,0.7575757575757576,7.599655233541018e-11
2.323232323232323,0.8080808080808081,6.244878326150153e-11
2.323232323232323,0.8585858585858586,4.7332161950449995e-11
2.323232323232323,0.9090909090909091,3.102645152850539e-11
2.323232323232323,0.9595959595959596,1.3941287683308726e-11
2.323232323232323,1.0101010101010102,-3.4941122950568547e-12
2.323232323232323,1.0606060606060606,-2.084173240639156e-11
2.323232323232323,1.1111111111111112,-3.7665761875859397e-11
2.323232323232323,1.1616161616161615,-5.3543543689305e-11
2.323232323232323,1.2121212121212122,-6.807619267686724e-11
2.323232323232323,1.2626262626262625,-8.089861639502668e-11
2.323232323232323,1.3131313131313131,-9.1688687060259e-11
2.323232323232323,1.3636363636363635,-1.0017533411493295e-10
2.323232323232323,1.4141414141414141,-1.0614535412221283e-10
2.323232323232323,1.4646464646464645,-1.0944876691026737e-10
2.323232323232323,1.5151515151515151,-1.1000258340753942e-10
2.323232323232323,1.5656565656565655,-1.0779289051267886e-10
2.323232323232323,1.6161616161616161,-1.0287520062257227e-10
2.323232323232323,1.6666666666666667,-9.53730570375489e-11
2.323232323232323,1.7171717171717171,-8.547493027908308e-11
2.323232323232323,1.7676767676767677,-7.342948329139122e-11
2.323232323232323,1.8181818181818181,-5.953932447558341e-11
2.323232323232323,1.8686868686868687,-4.4153405494035364e-11
2.323232323232323,1.9191919191919191,-2.7658254829033557e-11
2.323232323232323,1.9696969696969697,-1.0468267328183453e-11
2.323232323232323,2.0202020202020203,6.984706315215804e-12
2.323232323232323,2.0707070707070705,2.4262208611438635e-11
2.323232323232323,2.121212121212121,4.093019030101201e-11
2.323232323232323,2.1717171717171717,5.6569914636850626e-11
2.323232323232323,2.2222222222222223,7.078847698204853e-11
2.323232323232323,2.2727272727272725,8.322867544764636e-11
2.323232323232323,2.323232323232323,9.357798459801599e-11
2.323232323232323,2.3737373737373737,1.0157640678443694e-10
2.323232323232323,2.4242424242424243,1.0702300386391555e-10
2.323232323232323,2.474747474747475,1.097809452119515e-10
2.323232323232323,2.525252525252525,1.097809452119515e-10
2.323232323232323,2.5757575757575757,1.0702300386391557e-10
2.323232323232323,2.6262626262626263,1.0157640678443697e-10
2.323232323232323,2.676767676767677,9.357798459801603e-11
2.323232323232323,2.727272727272727,8.322867544764653e-11
2.323232323232323,2.7777777777777777,7.078847698204867e-11
2.323232323232323,2.8282828282828283,5.656991463685076e-11
2.323232323232323,2.878787878787879,4.0930190301012157e-11
2.323232323232323,2.929292929292929,2.4262208611438797e-11
2.323232323232323,2.9797979797979797,6.984706315215773e-12
2.323232323232323,3.0303030303030303,-1.0468267328183482e-11
2.323232323232323,3.080808080808081,-2.7658254829033586e-11
2.323232323232323,3.131313131313131,-4.4153405494035216e-11
2.323232323232323,3.1818181818181817,-5.953932447558327e-11
2.323232323232323,3.2323232323232323,-7.342948329139116e-11
2.323232323232323,3.282828282828283,-8.547493027908303e-11
2.323232323232323,3.3333333333333335,-9.537305703754891e-11
2.323232323232323,3.3838383838383836,-1.0287520062257222e-10
2.323232323232323,3.4343434343434343,-1.0779289051267883e-10
2.323232323232323,3.484848484848485,-1.1000258340753942e-10
2.323232323232323,3.5353535353535355,-1.0944876691026738e-10
2.323232323232323,3.5858585858585856,-1.0614535412221291e-10
2.323232323232323,3.6363636363636362,-1.0017533411493307e-10
2.323232323232323,3.686868686868687,-9.168868706025909e-11
2.323232323232323,3.7373737373737375,-8.089861639502679e-11
2.323232323232323,3.7878787878787876,-6.807619267686729e-11
2.323232323232323,3.8383838383838382,-5.3543543689305056e-11
2.323232323232323,3.888888888888889,-3.7665761875859416e-11
2.323232323232323,3.9393939393939394,-2.084173240639158e-11
2.323232323232323,3.9898989898989896,-3.494112295056971e-12
2.323232323232323,4.040404040404041,1.3941287683308802e-11
2.323232323232323,4.090909090909091,3.102645152850528e-11
2.323232323232323,4.141414141414141,4.733216195044976e-11
2.323232323232323,4.191919191919192,6.244878326150151e-11
2.323232323232323,4.242424242424242,7.599655233541006e-11
2.323232323232323,4.292929292929293,8.763511910112826e-11
2.323232323232323,4.343434343434343,9.70720968930728e-11
2.323232323232323,4.393939393939394,1.0407040785403793e-10
2.323232323232323,4.444444444444445,1.0845423885790794e-10
2.323232323232323,4.494949494949495,1.1011345832615567e-10
2.323232323232323,4.545454545454545,1.0900638297787934e-10
2.323232323232323,4.595959595959596,1.0516082500646551e-10
2.323232323232323,4.646464646464646,9.867339337547483e-11
2.323232323232323,4.696969696969697,8.970706678674946e-11
2.323232323232323,4.747474747474747,7.848709929317933e-11
2.323232323232323,4.797979797979798,6.529536141623222e-11
2.323232323232323,4.848484848484849,5.046325893195606e-11
2.323232323232323,4.898989898989899,3.436340722128777e-11
2.323232323232323,4.94949494949495,1.7400270343489134e-11
2.323232323232323,5.0,6.743353515701506e-26
2.4242424242424243,0.0,0.0
2.4242424242424243,0.050505050505050504,6.420885301328862e-12
2.4242424242424243,0.10101010101010101,1.2680463692525536e-11
2.4242424242424243,0.15151515151515152,1.8621480651568702e-11
2.4242424242424243,0.20202020202020202,2.409468462766242e-11
2.4242424242424243,0.25252525252525254,2.8962576571925668e-11
2.4242424242424243,0.30303030303030304,3.3102864219112085e-11
2.4242424242424243,0.35353535353535354,3.641153434112557e-11
2.4242424242424243,0.40404040404040403,3.880546579049471e-11
2.4242424242424243,0.45454545454545453,4.02245176883463e-11
2.4242424242424243,0.5050505050505051,4.063304029695457e-11
2.4242424242424243,0.5555555555555556,4.002077062038964e-11
2.4242424242424243,0.6060606060606061,3.84030902337863e-11
2.4242424242424243,0.6565656565656566,3.582063886398884e-11
2.4242424242424243,0.7070707070707071,3.2338293429284907e-11
2.4242424242424243,0.7575757575757576,2.8043538187019605e-11
2.4242424242424243,0.8080808080808081,2.3044266934604445e-11
2.4242424242424243,0.8585858585858586,1.7466072477516378e-11
2.4242424242424243,0.9090909090909091,1.1449091458875818e-11
2.4242424242424243,0.9595959595959596,5.144483815497078e-12
2.4242424242424243,1.0101010101010102,-1.2893646956995572e-12
2.4242424242424243,1.0606060606060606,-7.690821499937338e-12
2.4242424242424243,1.1111111111111112,-1.389906777411377e-11
2.4242424242424243,1.1616161616161615,-1.9758138573080218e-11
2.4242424242424243,1.2121212121212122,-2.5120841015719305e-11
2.4242424242424243,1.2626262626262625,-2.9852452097276265e-11
2.4242424242424243,1.3131313131313131,-3.383410323068027e-11
2.4242424242424243,1.3636363636363635,-3.696576648965437e-11
2.4242424242424243,1.4141414141414141,-3.916876753255057e-11
2.4242424242424243,1.4646464646464645,-4.038776207667717e-11
2.4242424242424243,1.5151515151515151,-4.0592126269690876e-11
2.4242424242424243,1.5656565656565655,-3.977672602883371e-11
2.4242424242424243,1.6161616161616161,-3.796204602050304e-11
2.4242424242424243,1.6666666666666667,-3.519367503990161e-11
2.4242424242424243,1.7171717171717171,-3.1541160719174185e-11
2.4242424242424243,1.7676767676767677,-2.7096262336308172e-11
2.4242424242424243,1.8181818181818181,-2.1970645618122206e-11
2.4242424242424243,1.8686868686868687,-1.6293077449014767e-11
2.4242424242424243,1.9191919191919191,-1.020619096062492e-11
2.4242424242424243,1.9696969696969697,-3.8629022705422955e-12
2.4242424242424243,2.0202020202020203,2.5774311104453105e-12
2.4242424242424243,2.0707070707070705,8.953013693218389e-12
2.4242424242424243,2.121212121212121,1.5103676672626976e-11
2.4242424242424243,2.1717171717171717,2.0874901723874333e-11
2.4242424242424243,2.2222222222222223,2.612170284627586e-11
2.4242424242424243,2.2727272727272725,3.071226873384893e-11
2.4242424242424243,2.323232323232323,3.453127416828928e-11
2.4242424242424243,2.3737373737373737,3.748277724478197e-11
2.4242424242424243,2.4242424242424243,3.9492629645895415e-11
2.4242424242424243,2.474747474747475,4.051033941212081e-11
2.4242424242424243,2.525252525252525,4.051033941212081e-11
2.4242424242424243,2.5757575757575757,3.949262964589542e-11
2.4242424242424243,2.6262626262626263,3.748277724478198e-11
2.4242424242424243,2.676767676767677,3.4531274168289296e-11
2.4242424242424243,2.727272727272727,3.071226873384899e-11
2.4242424242424243,2.7777777777777777,2.612170284627591e-11
2.4242424242424243,2.8282828282828283,2.087490172387438e-11
2.4242424242424243,2.878787878787879,1.510367667262703e-11
2.4242424242424243,2.929292929292929,8.953013693218449e-12
2.4242424242424243,2.9797979797979797,2.577431110445299e-12
2.4242424242424243,3.0303030303030303,-3.862902270542306e-12
2.4242424242424243,3.080808080808081,-1.0206190960624931e-11
2.4242424242424243,3.131313131313131,-1.6293077449014712e-11
2.4242424242424243,3.1818181818181817,-2.1970645618122155e-11
2.4242424242424243,3.2323232323232323,-2.7096262336308152e-11
2.4242424242424243,3.282828282828283,-3.1541160719174166e-11
2.4242424242424243,3.3333333333333335,-3.5193675039901615e-11
2.4242424242424243,3.3838383838383836,-3.796204602050302e-11
2.4242424242424243,3.4343434343434343,-3.9776726028833695e-11
2.4242424242424243,3.484848484848485,-4.0592126269690876e-11
2.4242424242424243,3.5353535353535355,-4.038776207667717e-11
2.4242424242424243,3.5858585858585856,-3.91687675325506e-11
2.4242424242424243,3.6363636363636362,-3.696576648965441e-11
2.4242424242424243,3.686868686868687,-3.38341032306803e-11
2.4242424242424243,3.7373737373737375,-2.9852452097276304e-11
2.4242424242424243,3.7878787878787876,-2.5120841015719324e-11
2.4242424242424243,3.8383838383838382,-1.975813857308024e-11
2.4242424242424243,3.888888888888889,-1.3899067774113777e-11
2.4242424242424243,3.9393939393939394,-7.690821499937345e-12
2.4242424242424243,3.9898989898989896,-1.2893646956996e-12
2.4242424242424243,4.040404040404041,5.1444838154971065e-12
2.4242424242424243,4.090909090909091,1.1449091458875778e-11
2.4242424242424243,4.141414141414141,1.7466072477516294e-11
2.4242424242424243,4.191919191919192,2.3044266934604438e-11
2.4242424242424243,4.242424242424242,2.8043538187019566e-11
2.4242424242424243,4.292929292929293,3.2338293429284907e-11
2.4242424242424243,4.343434343434343,3.5820638863988824e-11
2.4242424242424243,4.393939393939394,3.840309023378627e-11
2.4242424242424243,4.444444444444445,4.002077062038964e-11
2.4242424242424243,4.494949494949495,4.063304029695457e-11
2.4242424242424243,4.545454545454545,4.0224517688346316e-11
2.4242424242424243,4.595959595959596,3.8805465790494725e-11
2.4242424242424243,4.646464646464646,3.641153434112559e-11
2.4242424242424243,4.696969696969697,3.310286421911206e-11
2.4242424242424243,4.747474747474747,2.8962576571925675e-11
2.4242424242424243,4.797979797979798,2.409468462766248e-11
2.4242424242424243,4.848484848484849,1.862148065156869e-11
2.4242424242424243,4.898989898989899,1.2680463692525581e-11
2.4242424242424243,4.94949494949495,6.420885301328828e-12
2.4242424242424243,5.0,2.4883693538033632e-26
2.525252525252525,0.0,0.0
2.525252525252525,0.050505050505050504,2.3693751441194096e-12
2.525252525252525,0.10101010101010101,4.679226318333484e-12
2.525252525252525,0.15151515151515152,6.871524927161692e-12
2.525252525252525,0.20202020202020202,8.89119555684388e-12
2.525252525252525,0.25252525252525254,1.0687499592147145e-11
2.525252525252525,0.30303030303030304,1.2215309883154505e-11
2.525252525252525,0.35353535353535354,1.3436244439572578e-11
2.525252525252525,0.40404040404040403,1.4319630671637354e-11
2.525252525252525,0.45454545454545453,1.484327595374342e-11
2.525252525252525,0.5050505050505051,1.4994025152525544e-11
2.525252525252525,0.5555555555555556,1.4768091113048035e-11
2.525252525252525,0.6060606060606061,1.4171149800554231e-11
2.525252525252525,0.6565656565656566,1.3218197707603921e-11
2.525252525252525,0.7070707070707071,1.1933175108848329e-11
2.525252525252525,0.7575757575757576,1.034836462812008e-11
2.525252525252525,0.8080808080808081,8.503580227169681e-12
2.525252525252525,0.8585858585858586,6.445166990453899e-12
2.525252525252525,0.9090909090909091,4.2248368336054796e-12
2.525252525252525,0.9595959595959596,1.8983693851750766e-12
2.525252525252525,1.0101010101010102,-4.757893216163445e-13
2.525252525252525,1.0606060606060606,-2.837995143136941e-12
2.525252525252525,1.1111111111111112,-5.12890421879996e-12
2.525252525252525,1.1616161616161615,-7.290963820742058e-12
2.525252525252525,1.2121212121212122,-9.269858206266718e-12
2.525252525252525,1.2626262626262625,-1.1015873150025455e-11
2.525252525252525,1.3131313131313131,-1.2485144875855828e-11
2.525252525252525,1.3636363636363635,-1.3640762012332251e-11
2.525252525252525,1.4141414141414141,-1.4453692888457249e-11
2.525252525252525,1.4646464646464645,-1.4903514873764007e-11
2.525252525252525,1.5151515151515151,-1.4978927440186038e-11
2.525252525252525,1.5656565656565655,-1.4678036056439294e-11
2.525252525252525,1.6161616161616161,-1.4008399782858885e-11
2.525252525252525,1.6666666666666667,-1.2986841371002348e-11
2.525252525252525,1.7171717171717171,-1.163902463873948e-11
2.525252525252525,1.7676767676767677,-9.998809738105812e-12
2.525252525252525,1.8181818181818181,-8.107402513024356e-12
2.525252525252525,1.8686868686868687,-6.012319316920132e-12
2.525252525252525,1.9191919191919191,-3.7661932963101105e-12
2.525252525252525,1.9696969696969697,-1.42545212917775e-12
2.525252525252525,2.0202020202020203,9.510995637167552e-13
2.525252525252525,2.0707070707070705,3.303757521611876e-12
2.525252525252525,2.121212121212121,5.573417747476691e-12
2.525252525252525,2.1717171717171717,7.703061331783478e-12
2.525252525252525,2.2222222222222223,9.639186894248073e-12
2.525252525252525,2.2727272727272725,1.1333154657417278e-11
2.525252525252525,2.323232323232323,1.2742408385987577e-11
2.525252525252525,2.3737373737373737,1.3831544494023399e-11
2.525252525252525,2.4242424242424243,1.4573201461725556e-11
2.525252525252525,2.474747474747475,1.4948747217623575e-11
2.525252525252525,2.525252525252525,1.4948747217623575e-11
2.525252525252525,2.5757575757575757,1.457320146172556e-11
2.525252525252525,2.6262626262626263,1.3831544494023402e-11
2.525252525252525,2.676767676767677,1.2742408385987582e-11
2.525252525252525,2.727272727272727,1.1333154657417303e-11
2.525252525252525,2.7777777777777777,9.63918689424809e-12
2.525252525252525,2.8282828282828283,7.703061331783495e-12
2.525252525252525,2.878787878787879,5.573417747476712e-12
2.525252525252525,2.929292929292929,3.3037575216118983e-12
2.525252525252525,2.9797979797979797,9.51099563716751e-13
2.525252525252525,3.0303030303030303,-1.425452129177754e-12
2.525252525252525,3.080808080808081,-3.7661932963101145e-12
2.525252525252525,3.131313131313131,-6.012319316920112e-12
2.525252525252525,3.1818181818181817,-8.107402513024338e-12
2.525252525252525,3.2323232323232323,-9.998809738105806e-12
2.525252525252525,3.282828282828283,-1.1639024638739473e-11
2.525252525252525,3.3333333333333335,-1.298684137100235e-11
2.525252525252525,3.3838383838383836,-1.4008399782858876e-11
2.525252525252525,3.4343434343434343,-1.467803605643929e-11
2.525252525252525,3.484848484848485,-1.4978927440186038e-11
2.525252525252525,3.5353535353535355,-1.490351487376401e-11
2.525252525252525,3.5858585858585856,-1.4453692888457258e-11
2.525252525252525,3.6363636363636362,-1.3640762012332266e-11
2.525252525252525,3.686868686868687,-1.248514487585584e-11
2.525252525252525,3.7373737373737375,-1.101587315002547e-11
2.525252525252525,3.7878787878787876,-9.269858206266725e-12
2.525252525252525,3.8383838383838382,-7.290963820742066e-12
2.525252525252525,3.888888888888889,-5.128904218799962e-12
2.525252525252525,3.9393939393939394,-2.8379951431369433e-12
2.525252525252525,3.9898989898989896,-4.757893216163603e-13
2.525252525252525,4.040404040404041,1.898369385175087e-12
2.525252525252525,4.090909090909091,4.224836833605464e-12
2.525252525252525,4.141414141414141,6.4451669904538676e-12
2.525252525252525,4.191919191919192,8.503580227169678e-12
2.525252525252525,4.242424242424242,1.0348364628120066e-11
2.525252525252525,4.292929292929293,1.193317510884833e-11
2.525252525252525,4.343434343434343,1.3218197707603915e-11
2.525252525252525,4.393939393939394,1.417114980055422e-11
2.525252525252525,4.444444444444445,1.4768091113048035e-11
2.525252525252525,4.494949494949495,1.4994025152525544e-11
2.525252525252525,4.545454545454545,1.4843275953743422e-11
2.525252525252525,4.595959595959596,1.4319630671637359e-11
2.525252525252525,4.646464646464646,1.3436244439572585e-11
2.525252525252525,4.696969696969697,1.2215309883154495e-11
2.525252525252525,4.747474747474747,1.0687499592147148e-11
2.525252525252525,4.797979797979798,8.891195556843905e-12
2.525252525252525,4.848484848484849,6.871524927161688e-12
2.525252525252525,4.898989898989899,4.6792263183335e-12
2.525252525252525,4.94949494949495,2.369375144119397e-12
2.525252525252525,5.0,9.182348258222208e-27
2.6262626262626263,0.0,0.0
2.6262626262626263,0.050505050505050504,8.743246935759708e-13
2.6262626262626263,0.10101010101010101,1.7266844075339713e-12
2.6262626262626263,0.15151515151515152,2.5356659713644353e-12
2.6262626262626263,0.20202020202020202,3.280945970103324e-12
2.6262626262626263,0.25252525252525254,3.943801313687808e-12
2.6262626262626263,0.30303030303030304,4.50757960259346e-12
2.6262626262626263,0.35353535353535354,4.958117473122732e-12
2.6262626262626263,0.40404040404040403,5.284096412581186e-12
2.6262626262626263,0.45454545454545453,5.4773271054734444e-12
2.6262626262626263,0.5050505050505051,5.532955167310394e-12
2.6262626262626263,0.5555555555555556,5.449583097537132e-12
2.6262626262626263,0.6060606060606061,5.229305387853064e-12
2.6262626262626263,0.6565656565656566,4.87765590392509e-12
2.6262626262626263,0.7070707070707071,4.403468862382225e-12
2.6262626262626263,0.7575757575757576,3.818656895658529e-12
2.6262626262626263,0.8080808080808081,3.1379117801887934e-12
2.6262626262626263,0.8585858585858586,2.378335346329847e-12
2.6262626262626263,0.9090909090909091,1.5590098423706704e-12
2.6262626262626263,0.9595959595959596,7.005185460422617e-13
2.6262626262626263,1.0101010101010102,-1.7557133316832185e-13
2.6262626262626263,1.0606060606060606,-1.047250470256578e-12
2.6262626262626263,1.1111111111111112,-1.892620347863657e-12
2.6262626262626263,1.1616161616161615,-2.6904433957050597e-12
2.6262626262626263,1.2121212121212122,-3.420676525539843e-12
2.6262626262626263,1.2626262626262625,-4.064974658095921e-12
2.6262626262626263,1.3131313131313131,-4.607151592236046e-12
2.6262626262626263,1.3636363636363635,-5.033586638306559e-12
2.6262626262626263,1.4141414141414141,-5.333566800135511e-12
2.6262626262626263,1.4646464646464645,-5.499555909307682e-12
2.6262626262626263,1.5151515151515151,-5.527383950465438e-12
2.6262626262626263,1.5656565656565655,-5.4163518213629804e-12
2.6262626262626263,1.6161616161616161,-5.169248895868612e-12
2.6262626262626263,1.6666666666666667,-4.792282948693381e-12
2.6262626262626263,1.7171717171717171,-4.294924202292642e-12
2.6262626262626263,1.7676767676767677,-3.689667413829009e-12
2.6262626262626263,1.8181818181818181,-2.9917179791010065e-12
2.6262626262626263,1.8686868686868687,-2.21860993920436e-12
2.6262626262626263,1.9191919191919191,-1.389765486447705e-12
2.6262626262626263,1.9696969696969697,-5.260070357131008e-13
2.6262626262626263,2.0202020202020203,3.5096588088668784e-13
2.6262626262626263,2.0707070707070705,1.2191217544852568e-12
2.6262626262626263,2.121212121212121,2.0566505799335976e-12
2.6262626262626263,2.1717171717171717,2.8425117716053303e-12
2.6262626262626263,2.2222222222222223,3.5569627496734743e-12
2.6262626262626263,2.2727272727272725,4.1820549175964814e-12
2.6262626262626263,2.323232323232323,4.702084570756767e-12
2.6262626262626263,2.3737373737373737,5.103987408424485e-12
2.6262626262626263,2.4242424242424243,5.377666738029199e-12
2.6262626262626263,2.474747474747475,5.516247126518639e-12
2.6262626262626263,2.525252525252525,5.516247126518639e-12
2.6262626262626263,2.5757575757575757,5.3776667380291995e-12
2.6262626262626263,2.6262626262626263,5.103987408424486e-12
2.6262626262626263,2.676767676767677,4.70208457075677e-12
2.6262626262626263,2.727272727272727,4.18205491759649e-12
2.6262626262626263,2.7777777777777777,3.556962749673481e-12
2.6262626262626263,2.8282828282828283,2.842511771605337e-12
2.6262626262626263,2.878787878787879,2.0566505799336053e-12
2.6262626262626263,2.929292929292929,1.2191217544852649e-12
2.6262626262626263,2.9797979797979797,3.5096588088668627e-13
2.6262626262626263,3.0303030303030303,-5.260070357131022e-13
2.6262626262626263,3.080808080808081,-1.3897654864477066e-12
2.6262626262626263,3.131313131313131,-2.2186099392043523e-12
2.6262626262626263,3.1818181818181817,-2.991717979101e-12
2.6262626262626263,3.2323232323232323,-3.689667413829007e-12
2.6262626262626263,3.282828282828283,-4.29492420229264e-12
2.6262626262626263,3.3333333333333335,-4.792282948693381e-12
2.6262626262626263,3.3838383838383836,-5.169248895868609e-12
2.6262626262626263,3.4343434343434343,-5.416351821362979e-12
2.6262626262626263,3.484848484848485,-5.527383950465438e-12
2.6262626262626263,3.5353535353535355,-5.499555909307683e-12
2.6262626262626263,3.5858585858585856,-5.333566800135514e-12
2.6262626262626263,3.6363636363636362,-5.033586638306565e-12
2.6262626262626263,3.686868686868687,-4.60715159223605e-12
2.6262626262626263,3.7373737373737375,-4.064974658095927e-12
2.6262626262626263,3.7878787878787876,-3.4206765255398455e-12
2.6262626262626263,3.8383838383838382,-2.690443395705063e-12
2.6262626262626263,3.888888888888889,-1.8926203478636577e-12
2.6262626262626263,3.9393939393939394,-1.0472504702565791e-12
2.6262626262626263,3.9898989898989896,-1.7557133316832768e-13
2.6262626262626263,4.040404040404041,7.005185460422656e-13
2.6262626262626263,4.090909090909091,1.559009842370665e-12
2.6262626262626263,4.141414141414141,2.3783353463298355e-12
2.6262626262626263,4.191919191919192,3.1379117801887922e-12
2.6262626262626263,4.242424242424242,3.818656895658524e-12
2.6262626262626263,4.292929292929293,4.4034688623822255e-12
2.6262626262626263,4.343434343434343,4.877655903925088e-12
2.6262626262626263,4.393939393939394,5.22930538785306e-12
2.6262626262626263,4.444444444444445,5.449583097537132e-12
2.6262626262626263,4.494949494949495,5.532955167310393e-12
2.6262626262626263,4.545454545454545,5.477327105473445e-12
2.6262626262626263,4.595959595959596,5.284096412581187e-12
2.6262626262626263,4.646464646464646,4.958117473122734e-12
2.6262626262626263,4.696969696969697,4.507579602593456e-12
2.6262626262626263,4.747474747474747,3.9438013136878085e-12
2.6262626262626263,4.797979797979798,3.2809459701033325e-12
2.6262626262626263,4.848484848484849,2.5356659713644337e-12
2.6262626262626263,4.898989898989899,1.7266844075339776e-12
2.6262626262626263,4.94949494949495,8.743246935759662e-13
2.6262626262626263,5.0,3.388384421565189e-27
2.727272727272727,0.0,0.0
2.727272727272727,0.050505050505050504,3.2263513513003995e-13
2.727272727272727,0.10101010101010101,6.3716495856153e-13
2.727272727272727,0.15151515151515152,9.35687782041036e-13
2.727272727272727,0.20202020202020202,1.2107040487318317e-12
2.727272727272727,0.25252525252525254,1.4553047387505064e-12
2.727272727272727,0.30303030303030304,1.663344939102749e-12
2.727272727272727,0.35353535353535354,1.82959821755574e-12
2.727272727272727,0.40404040404040403,1.949887922232355e-12
2.727272727272727,0.45454545454545453,2.0211921083895402e-12
2.727272727272727,0.5050505050505051,2.0417194563869774e-12
2.727272727272727,0.5555555555555556,2.010954273617917e-12
2.727272727272727,0.6060606060606061,1.929669449853667e-12
2.727272727272727,0.6565656565656566,1.7999070405346707e-12
2.727272727272727,0.7070707070707071,1.6249269657990797e-12
2.727272727272727,0.7575757575757576,1.4091251140432259e-12
2.727272727272727,0.8080808080808081,1.157922907434602e-12
2.727272727272727,0.8585858585858586,8.776311037370995e-13
2.727272727272727,0.9090909090909091,5.752912560493961e-13
2.727272727272727,0.9595959595959596,2.584988133402249e-13
2.727272727272727,1.0101010101010102,-6.478769411171938e-14
2.727272727272727,1.0606060606060606,-3.8644659068738785e-13
2.727272727272727,1.1111111111111112,-6.983970899705538e-13
2.727272727272727,1.1616161616161615,-9.92802302063314e-13
2.727272727272727,1.2121212121212122,-1.2622661136789767e-12
2.727272727272727,1.2626262626262625,-1.5000189949467643e-12
2.727272727272727,1.3131313131313131,-1.7000880650484548e-12
2.727272727272727,1.3636363636363635,-1.8574471442601302e-12
2.727272727272727,1.4141414141414141,-1.9681430227582766e-12
2.727272727272727,1.4646464646464645,-2.029394774037134e-12
2.727272727272727,1.5151515151515151,-2.0396636179635428e-12
2.727272727272727,1.5656565656565655,-1.9986915783540558e-12
2.727272727272727,1.6161616161616161,-1.907507963910051e-12
2.727272727272727,1.6666666666666667,-1.7684035096953694e-12
2.727272727272727,1.7171717171717171,-1.5848728287800117e-12
2.727272727272727,1.7676767676767677,-1.3615266197925257e-12
2.727272727272727,1.8181818181818181,-1.1039758359225083e-12
2.727272727272727,1.8686868686868687,-8.18690725305303e-13
2.727272727272727,1.9191919191919191,-5.12838284007771e-13
2.727272727272727,1.9696969696969697,-1.9410220515738174e-13
2.727272727272727,2.0202020202020203,1.2951015250728595e-13
2.727272727272727,2.0707070707070705,4.498689272855877e-13
2.727272727272727,2.121212121212121,7.589259947105624e-13
2.727272727272727,2.1717171717171717,1.048917154323662e-12
2.727272727272727,2.2222222222222223,1.3125571836473629e-12
2.727272727272727,2.2727272727272725,1.5432228591662771e-12
2.727272727272727,2.323232323232323,1.7351193464229514e-12
2.727272727272727,2.3737373737373737,1.883425779139304e-12
2.727272727272727,2.4242424242424243,1.9844163700926214e-12
2.727272727272727,2.474747474747475,2.035554011171701e-12
2.727272727272727,2.525252525252525,2.035554011171701e-12
2.727272727272727,2.5757575757575757,1.984416370092622e-12
2.727272727272727,2.6262626262626263,1.8834257791393044e-12
2.727272727272727,2.676767676767677,1.735119346422952e-12
2.727272727272727,2.727272727272727,1.5432228591662804e-12
2.727272727272727,2.7777777777777777,1.3125571836473655e-12
2.727272727272727,2.8282828282828283,1.0489171543236645e-12
2.727272727272727,2.878787878787879,7.589259947105652e-13
2.727272727272727,2.929292929292929,4.498689272855907e-13
2.727272727272727,2.9797979797979797,1.2951015250728537e-13
2.727272727272727,3.0303030303030303,-1.9410220515738227e-13
2.727272727272727,3.080808080808081,-5.128382840077715e-13
2.727272727272727,3.131313131313131,-8.186907253053003e-13
2.727272727272727,3.1818181818181817,-1.103975835922506e-12
2.727272727272727,3.2323232323232323,-1.3615266197925247e-12
2.727272727272727,3.282828282828283,-1.5848728287800107e-12
2.727272727272727,3.3333333333333335,-1.7684035096953696e-12
2.727272727272727,3.3838383838383836,-1.90750796391005e-12
2.727272727272727,3.4343434343434343,-1.998691578354055e-12
2.727272727272727,3.484848484848485,-2.0396636179635428e-12
2.727272727272727,3.5353535353535355,-2.029394774037134e-12
2.727272727272727,3.5858585858585856,-1.9681430227582778e-12
2.727272727272727,3.6363636363636362,-1.8574471442601322e-12
2.727272727272727,3.686868686868687,-1.7000880650484564e-12
2.727272727272727,3.7373737373737375,-1.5000189949467665e-12
2.727272727272727,3.7878787878787876,-1.2622661136789775e-12
2.727272727272727,3.8383838383838382,-9.928023020633153e-13
2.727272727272727,3.888888888888889,-6.983970899705541e-13
2.727272727272727,3.9393939393939394,-3.8644659068738815e-13
2.727272727272727,3.9898989898989896,-6.478769411172154e-14
2.727272727272727,4.040404040404041,2.584988133402263e-13
2.727272727272727,4.090909090909091,5.75291256049394e-13
2.727272727272727,4.141414141414141,8.776311037370953e-13
2.727272727272727,4.191919191919192,1.1579229074346016e-12
2.727272727272727,4.242424242424242,1.4091251140432239e-12
2.727272727272727,4.292929292929293,1.62492696579908e-12
2.727272727272727,4.343434343434343,1.7999070405346699e-12
2.727272727272727,4.393939393939394,1.9296694498536652e-12
2.727272727272727,4.444444444444445,2.010954273617917e-12
2.727272727272727,4.494949494949495,2.041719456386977e-12
2.727272727272727,4.545454545454545,2.0211921083895406e-12
2.727272727272727,4.595959595959596,1.9498879222323558e-12
2.727272727272727,4.646464646464646,1.829598217555741e-12
2.727272727272727,4.696969696969697,1.6633449391027475e-12
2.727272727272727,4.747474747474747,1.4553047387505068e-12
2.727272727272727,4.797979797979798,1.2107040487318348e-12
2.727272727272727,4.848484848484849,9.356877820410354e-13
2.727272727272727,4.898989898989899,6.371649585615322e-13
2.727272727272727,4.94949494949495,3.2263513513003823e-13
2.727272727272727,5.0,1.2503499829714198e-27
2.8282828282828283,0.0,0.0
2.8282828282828283,0.050505050505050504,1.1905580522338667e-13
2.8282828282828283,0.10101010101010101,2.351206640005084e-13
2.8282828282828283,0.15151515151515152,3.452787691076492e-13
2.8282828282828283,0.20202020202020202,4.4676270410191247e-13
2.8282828282828283,0.25252525252525254,5.370229669732575e-13
2.8282828282828283,0.30303030303030304,6.137920193016342e-13
2.8282828282828283,0.35353535353535354,6.751412518620338e-13
2.8282828282828283,0.40404040404040403,7.195294355748384e-13
2.8282828282828283,0.45454545454545453,7.458414406059097e-13
2.8282828282828283,0.5050505050505051,7.534162509065625e-13
2.8282828282828283,0.5555555555555556,7.420635704059133e-13
2.8282828282828283,0.6060606060606061,7.120686036711423e-13
2.8282828282828283,0.6565656565656566,6.641848909348559e-13
2.8282828282828283,0.7070707070707071,5.996153774895905e-13
2.8282828282828283,0.7575757575757576,5.199821930283395e-13
2.8282828282828283,0.8080808080808081,4.272859001412457e-13
2.8282828282828283,0.8585858585858586,3.2385523573678937e-13
2.8282828282828283,0.9090909090909091,2.1228860799468837e-13
2.8282828282828283,0.9595959595959596,9.538881857707793e-14
2.8282828282828283,1.0101010101010102,-2.3907349978880347e-14
2.8282828282828283,1.0606060606060606,-1.4260291276576371e-13
2.8282828282828283,1.1111111111111112,-2.577159734280054e-13
2.8282828282828283,1.1616161616161615,-3.663546360260456e-13
2.8282828282828283,1.2121212121212122,-4.657896558900016e-13
2.8282828282828283,1.2626262626262625,-5.535230043119206e-13
2.8282828282828283,1.3131313131313131,-6.273506245791628e-13
2.8282828282828283,1.3636363636363635,-6.854178027778598e-13
2.8282828282828283,1.4141414141414141,-7.262657623288092e-13
2.8282828282828283,1.4646464646464645,-7.488683116974876e-13
2.8282828282828283,1.5151515151515151,-7.526576246062605e-13
2.8282828282828283,1.5656565656565655,-7.375385050925536e-13
2.8282828282828283,1.6161616161616161,-7.038907790430202e-13
2.8282828282828283,1.6666666666666667,-6.52559752123049e-13
2.8282828282828283,1.7171717171717171,-5.848349738196338e-13
2.8282828282828283,1.7676767676767677,-5.024178410920453e-13
2.8282828282828283,1.8181818181818181,-4.0737885549861175e-13
2.8282828282828283,1.8686868686868687,-3.0210560759557547e-13
2.8282828282828283,1.9191919191919191,-1.8924279535555205e-13
2.8282828282828283,1.9696969696969697,-7.162578347622575e-14
2.8282828282828283,2.0202020202020203,4.7790627282871244e-14
2.8282828282828283,2.0707070707070705,1.6600643126291675e-13
2.8282828282828283,2.121212121212121,2.800517847159076e-13
2.8282828282828283,2.1717171717171717,3.870616148805165e-13
2.8282828282828283,2.2222222222222223,4.843475969779077e-13
2.8282828282828283,2.2727272727272725,5.694656909053779e-13
2.8282828282828283,2.323232323232323,6.402775409559755e-13
2.8282828282828283,2.3737373737373737,6.950041960666681e-13
2.8282828282828283,2.4242424242424243,7.322708010230277e-13
2.8282828282828283,2.474747474747475,7.511411358780348e-13
2.8282828282828283,2.525252525252525,7.511411358780348e-13
2.8282828282828283,2.5757575757575757,7.322708010230278e-13
2.8282828282828283,2.6262626262626263,6.950041960666683e-13
2.8282828282828283,2.676767676767677,6.402775409559758e-13
2.8282828282828283,2.727272727272727,5.694656909053791e-13
2.8282828282828283,2.7777777777777777,4.843475969779087e-13
2.8282828282828283,2.8282828282828283,3.870616148805174e-13
2.8282828282828283,2.878787878787879,2.800517847159086e-13
2.8282828282828283,2.929292929292929,1.6600643126291783e-13
2.8282828282828283,2.9797979797979797,4.7790627282871035e-14
2.8282828282828283,3.0303030303030303,-7.162578347622595e-14
2.8282828282828283,3.080808080808081,-1.8924279535555225e-13
2.8282828282828283,3.131313131313131,-3.0210560759557446e-13
2.8282828282828283,3.1818181818181817,-4.0737885549861084e-13
2.8282828282828283,3.2323232323232323,-5.024178410920449e-13
2.8282828282828283,3.282828282828283,-5.848349738196334e-13
2.8282828282828283,3.3333333333333335,-6.52559752123049e-13
2.8282828282828283,3.3838383838383836,-7.038907790430198e-13
2.8282828282828283,3.4343434343434343,-7.375385050925534e-13
2.8282828282828283,3.484848484848485,-7.526576246062605e-13
2.8282828282828283,3.5353535353535355,-7.488683116974877e-13
2.8282828282828283,3.5858585858585856,-7.262657623288097e-13
2.8282828282828283,3.6363636363636362,-6.854178027778605e-13
2.8282828282828283,3.686868686868687,-6.273506245791634e-13
2.8282828282828283,3.7373737373737375,-5.535230043119214e-13
2.8282828282828283,3.7878787878787876,-4.65789655890002e-13
2.8282828282828283,3.8383838383838382,-3.66354636026046e-13
2.8282828282828283,3.888888888888889,-2.577159734280055e-13
2.8282828282828283,3.9393939393939394,-1.4260291276576384e-13
2.8282828282828283,3.9898989898989896,-2.3907349978881143e-14
2.8282828282828283,4.040404040404041,9.538881857707846e-14
2.8282828282828283,4.090909090909091,2.1228860799468762e-13
2.8282828282828283,4.141414141414141,3.2385523573678776e-13
2.8282828282828283,4.191919191919192,4.2728590014124553e-13
2.8282828282828283,4.242424242424242,5.199821930283388e-13
2.8282828282828283,4.292929292929293,5.996153774895905e-13
2.8282828282828283,4.343434343434343,6.641848909348556e-13
2.8282828282828283,4.393939393939394,7.120686036711417e-13
2.8282828282828283,4.444444444444445,7.420635704059133e-13
2.8282828282828283,4.494949494949495,7.534162509065624e-13
2.8282828282828283,4.545454545454545,7.458414406059098e-13
2.8282828282828283,4.595959595959596,7.195294355748387e-13
2.8282828282828283,4.646464646464646,6.751412518620342e-13
2.8282828282828283,4.696969696969697,6.137920193016337e-13
2.8282828282828283,4.747474747474747,5.370229669732576e-13
2.8282828282828283,4.797979797979798,4.4676270410191363e-13
2.8282828282828283,4.848484848484849,3.45278769107649e-13
2.8282828282828283,4.898989898989899,2.3512066400050926e-13
2.8282828282828283,4.94949494949495,1.1905580522338604e-13
2.8282828282828283,5.0,4.613924765934458e-28
2.929292929292929,0.0,0.0
2.929292929292929,0.050505050505050504,4.3932861657104105e-14
2.929292929292929,0.10101010101010101,8.676203218212932e-14
2.929292929292929,0.15151515151515152,1.2741154761735057e-13
2.929292929292929,0.20202020202020202,1.6486020178550293e-13
2.929292929292929,0.25252525252525254,1.9816720125873577e-13
2.929292929292929,0.30303030303030304,2.2649580018057184e-13
2.929292929292929,0.35353535353535354,2.491343211816133e-13
2.929292929292929,0.40404040404040403,2.655140342968685e-13
2.929292929292929,0.45454545454545453,2.752234447265584e-13
2.929292929292929,0.5050505050505051,2.7801863050009527e-13
2.929292929292929,0.5555555555555556,2.7382937033813593e-13
2.929292929292929,0.6060606060606061,2.6276090776719626e-13
2.929292929292929,0.6565656565656566,2.450913071683458e-13
2.929292929292929,0.7070707070707071,2.2126446818191606e-13
2.929292929292929,0.7575757575757576,1.9187897396190333e-13
2.929292929292929,0.8080808080808081,1.576730534367013e-13
2.929292929292929,0.8585858585858586,1.195060353575968e-13
2.929292929292929,0.9090909090909091,7.833676005055329e-14
2.929292929292929,0.9595959595959596,3.519949121605847e-14
2.929292929292929,1.0101010101010102,-8.822067073834736e-15
2.929292929292929,1.0606060606060606,-5.262199543049019e-14
2.929292929292929,1.1111111111111112,-9.509994230180057e-14
2.929292929292929,1.1616161616161615,-1.3518876724886805e-13
2.929292929292929,1.2121212121212122,-1.7188134988570755e-13
2.929292929292929,1.2626262626262625,-2.0425589098181487e-13
2.929292929292929,1.3131313131313131,-2.314990701076727e-13
2.929292929292929,1.3636363636363635,-2.5292647805166305e-13
2.929292929292929,1.4141414141414141,-2.6799981070066463e-13
2.929292929292929,1.4646464646464645,-2.7634039243583365e-13
2.929292929292929,1.5151515151515151,-2.777386893058118e-13
2.929292929292929,1.5656565656565655,-2.721595729853048e-13
2.929292929292929,1.6161616161616161,-2.597432032766909e-13
2.929292929292929,1.6666666666666667,-2.408015069842601e-13
2.929292929292929,1.7171717171717171,-2.1581034161958688e-13
2.929292929292929,1.7676767676767677,-1.8539754080317547e-13
2.929292929292929,1.8181818181818181,-1.5032714168846146e-13
2.929292929292929,1.8686868686868687,-1.1148019065033081e-13
2.929292929292929,1.9191919191919191,-6.9832609441929e-14
2.929292929292929,1.9696969696969697,-2.643067787109128e-14
2.929292929292929,2.0202020202020203,1.7635251073940726e-14
2.929292929292929,2.0707070707070705,6.125814331505323e-14
2.929292929292929,2.121212121212121,1.0334209484085067e-13
2.929292929292929,2.1717171717171717,1.4282986325122704e-13
2.929292929292929,2.2222222222222223,1.7872942803633528e-13
2.929292929292929,2.2727272727272725,2.1013891233670585e-13
2.929292929292929,2.323232323232323,2.3626924009451104e-13
2.929292929292929,2.3737373737373737,2.564639593979744e-13
2.929292929292929,2.4242424242424243,2.7021573401245654e-13
2.929292929292929,2.474747474747475,2.7717908879429806e-13
2.929292929292929,2.525252525252525,2.7717908879429806e-13
2.929292929292929,2.5757575757575757,2.702157340124566e-13
2.929292929292929,2.6262626262626263,2.5646395939797447e-13
2.929292929292929,2.676767676767677,2.362692400945111e-13
2.929292929292929,2.727272727272727,2.1013891233670628e-13
2.929292929292929,2.7777777777777777,1.7872942803633563e-13
2.929292929292929,2.8282828282828283,1.4282986325122737e-13
2.929292929292929,2.878787878787879,1.0334209484085106e-13
2.929292929292929,2.929292929292929,6.125814331505364e-14
2.929292929292929,2.9797979797979797,1.763525107394065e-14
2.929292929292929,3.0303030303030303,-2.643067787109135e-14
2.929292929292929,3.080808080808081,-6.983260944192908e-14
2.929292929292929,3.131313131313131,-1.1148019065033044e-13
2.929292929292929,3.1818181818181817,-1.503271416884611e-13
2.929292929292929,3.2323232323232323,-1.8539754080317535e-13
2.929292929292929,3.282828282828283,-2.1581034161958675e-13
2.929292929292929,3.3333333333333335,-2.4080150698426017e-13
2.929292929292929,3.3838383838383836,-2.5974320327669075e-13
2.929292929292929,3.4343434343434343,-2.721595729853047e-13
2.929292929292929,3.484848484848485,-2.777386893058118e-13
2.929292929292929,3.5353535353535355,-2.7634039243583365e-13
2.929292929292929,3.5858585858585856,-2.6799981070066483e-13
2.929292929292929,3.6363636363636362,-2.5292647805166335e-13
2.929292929292929,3.686868686868687,-2.3149907010767293e-13
2.929292929292929,3.7373737373737375,-2.0425589098181515e-13
2.929292929292929,3.7878787878787876,-1.7188134988570765e-13
2.929292929292929,3.8383838383838382,-1.351887672488682e-13
2.929292929292929,3.888888888888889,-9.509994230180062e-14
2.929292929292929,3.9393939393939394,-5.262199543049023e-14
2.929292929292929,3.9898989898989896,-8.822067073835029e-15
2.929292929292929,4.040404040404041,3.5199491216058666e-14
2.929292929292929,4.090909090909091,7.833676005055301e-14
2.929292929292929,4.141414141414141,1.1950603535759623e-13
2.929292929292929,4.191919191919192,1.5767305343670125e-13
2.929292929292929,4.242424242424242,1.9187897396190305e-13
2.929292929292929,4.292929292929293,2.2126446818191608e-13
2.929292929292929,4.343434343434343,2.4509130716834564e-13
2.929292929292929,4.393939393939394,2.6276090776719606e-13
2.929292929292929,4.444444444444445,2.7382937033813593e-13
2.929292929292929,4.494949494949495,2.780186305000952e-13
2.929292929292929,4.545454545454545,2.7522344472655844e-13
2.929292929292929,4.595959595959596,2.655140342968686e-13
2.929292929292929,4.646464646464646,2.4913432118161347e-13
2.929292929292929,4.696969696969697,2.2649580018057167e-13
2.929292929292929,4.747474747474747,1.9816720125873582e-13
2.929292929292929,4.797979797979798,1.6486020178550336e-13
2.929292929292929,4.848484848484849,1.274115476173505e-13
2.929292929292929,4.898989898989899,8.676203218212963e-14
2.929292929292929,4.94949494949495,4.393286165710387e-14
2.929292929292929,5.0,1.7025874383676604e-28
3.0303030303030303,0.0,0.0
3.0303030303030303,0.050505050505050504,1.6211694421458502e-14
3.0303030303030303,0.10101010101010101,3.2016115046172576e-14
3.0303030303030303,0.15151515151515152,4.7016219700397965e-14
3.0303030303030303,0.20202020202020202,6.083517241527975e-14
3.0303030303030303,0.25252525252525254,7.31258103839634e-14
3.0303030303030303,0.30303030303030304,8.357936546292335e-14
3.0303030303030303,0.35353535353535354,9.19332211140111e-14
3.0303030303030303,0.40404040404040403,9.797750991559736e-14
3.0303030303030303,0.45454545454545453,1.0156038589866461e-13
3.0303030303030303,0.5050505050505051,1.0259183925504893e-13
3.0303030303030303,0.5555555555555556,1.0104595758388098e-13
3.0303030303030303,0.6060606060606061,9.69615768686901e-14
3.0303030303030303,0.6565656565656566,9.044130583117931e-14
3.0303030303030303,0.7070707070707071,8.16489481720731e-14
3.0303030303030303,0.7575757575757576,7.080538745807741e-14
3.0303030303030303,0.8080808080808081,5.818303803573789e-14
3.0303030303030303,0.8585858585858586,4.4099001377573384e-14
3.0303030303030303,0.9090909090909091,2.8907099788281804e-14
3.0303030303030303,0.9595959595959596,1.2988987602023816e-14
3.0303030303030303,1.0101010101010102,-3.2554368227340902e-15
3.0303030303030303,1.0606060606060606,-1.9418077438817248e-14
3.0303030303030303,1.1111111111111112,-3.509289279010174e-14
3.0303030303030303,1.1616161616161615,-4.988609667537853e-14
3.0303030303030303,1.2121212121212122,-6.342605093297619e-14
3.0303030303030303,1.2626262626262625,-7.537260181740219e-14
3.0303030303030303,1.3131313131313131,-8.542562541747189e-14
3.0303030303030303,1.3636363636363635,-9.333256743602651e-14
3.0303030303030303,1.4141414141414141,-9.889478791521746e-14
3.0303030303030303,1.4646464646464645,-1.0197255151375357e-13
3.0303030303030303,1.5151515151515151,-1.0248853796925693e-13
3.0303030303030303,1.5656565656565655,-1.0042978455510945e-13
3.0303030303030303,1.6161616161616161,-9.584801173295702e-14
3.0303030303030303,1.6666666666666667,-8.885832381975672e-14
3.0303030303030303,1.7171717171717171,-7.963631731149854e-14
3.0303030303030303,1.7676767676767677,-6.841366950893687e-14
3.0303030303030303,1.8181818181818181,-5.5472318268859026e-14
3.0303030303030303,1.8686868686868687,-4.113737909847387e-14
3.0303030303030303,1.9191919191919191,-2.5768977531254106e-14
3.0303030303030303,1.9696969696969697,-9.753201973103188e-15
3.0303030303030303,2.0202020202020203,6.507595696539251e-15
3.0303030303030303,2.0707070707070705,2.2604908098195016e-14
3.0303030303030303,2.121212121212121,3.8134334965688356e-14
3.0303030303030303,2.1717171717171717,5.2705742579670335e-14
3.0303030303030303,2.2222222222222223,6.595306479377922e-14
3.0303030303030303,2.2727272727272725,7.754349942987277e-14
3.0303030303030303,2.323232323232323,8.718586900844521e-14
3.0303030303030303,2.3737373737373737,9.463793577409689e-14
3.0303030303030303,2.4242424242424243,9.97124872463592e-14
3.0303030303030303,2.474747474747475,1.0228203941331124e-13
3.0303030303030303,2.525252525252525,1.0228203941331124e-13
3.0303030303030303,2.5757575757575757,9.971248724635922e-14
3.0303030303030303,2.6262626262626263,9.46379357740969e-14
3.0303030303030303,2.676767676767677,8.718586900844525e-14
3.0303030303030303,2.727272727272727,7.754349942987294e-14
3.0303030303030303,2.7777777777777777,6.595306479377935e-14
3.0303030303030303,2.8282828282828283,5.270574257967046e-14
3.0303030303030303,2.878787878787879,3.81343349656885e-14
3.0303030303030303,2.929292929292929,2.2604908098195168e-14
3.0303030303030303,2.9797979797979797,6.5075956965392225e-15
3.0303030303030303,3.0303030303030303,-9.753201973103215e-15
3.0303030303030303,3.080808080808081,-2.5768977531254134e-14
3.0303030303030303,3.131313131313131,-4.113737909847373e-14
3.0303030303030303,3.1818181818181817,-5.54723182688589e-14
3.0303030303030303,3.2323232323232323,-6.841366950893683e-14
3.0303030303030303,3.282828282828283,-7.96363173114985e-14
3.0303030303030303,3.3333333333333335,-8.885832381975673e-14
3.0303030303030303,3.3838383838383836,-9.584801173295696e-14
3.0303030303030303,3.4343434343434343,-1.0042978455510941e-13
3.0303030303030303,3.484848484848485,-1.0248853796925693e-13
3.0303030303030303,3.5353535353535355,-1.0197255151375359e-13
3.0303030303030303,3.5858585858585856,-9.889478791521754e-14
3.0303030303030303,3.6363636363636362,-9.333256743602661e-14
3.0303030303030303,3.686868686868687,-8.542562541747196e-14
3.0303030303030303,3.7373737373737375,-7.53726018174023e-14
3.0303030303030303,3.7878787878787876,-6.342605093297624e-14
3.0303030303030303,3.8383838383838382,-4.9886096675378586e-14
3.0303030303030303,3.888888888888889,-3.5092892790101754e-14
3.0303030303030303,3.9393939393939394,-1.9418077438817264e-14
3.0303030303030303,3.9898989898989896,-3.2554368227341983e-15
3.0303030303030303,4.040404040404041,1.2988987602023887e-14
3.0303030303030303,4.090909090909091,2.89070997882817e-14
3.0303030303030303,4.141414141414141,4.4099001377573164e-14
3.0303030303030303,4.191919191919192,5.818303803573787e-14
3.0303030303030303,4.242424242424242,7.080538745807731e-14
3.0303030303030303,4.292929292929293,8.164894817207312e-14
3.0303030303030303,4.343434343434343,9.044130583117927e-14
3.0303030303030303,4.393939393939394,9.696157686869002e-14
3.0303030303030303,4.444444444444445,1.0104595758388098e-13
3.0303030303030303,4.494949494949495,1.0259183925504891e-13
3.0303030303030303,4.545454545454545,1.0156038589866464e-13
3.0303030303030303,4.595959595959596,9.797750991559738e-14
3.0303030303030303,4.646464646464646,9.193322111401115e-14
3.0303030303030303,4.696969696969697,8.357936546292328e-14
3.0303030303030303,4.747474747474747,7.312581038396343e-14
3.0303030303030303,4.797979797979798,6.08351724152799e-14
3.0303030303030303,4.848484848484849,4.7016219700397933e-14
3.0303030303030303,4.898989898989899,3.201611504617269e-14
3.0303030303030303,4.94949494949495,1.6211694421458417e-14
3.0303030303030303,5.0,6.282729199855571e-29
3.131313131313131,0.0,0.0
3.131313131313131,0.050505050505050504,5.98228811193893e-15
3.131313131313131,0.10101010101010101,1.1814287849989966e-14
3.131313131313131,0.15151515151515152,1.734948641825531e-14
3.131313131313131,0.20202020202020202,2.244882732590647e-14
3.131313131313131,0.25252525252525254,2.6984203795307416e-14
3.131313131313131,0.30303030303030304,3.084167708900492e-14
3.131313131313131,0.35353535353535354,3.392433890405904e-14
3.131313131313131,0.40404040404040403,3.615474592400594e-14
3.131313131313131,0.45454545454545453,3.747686536709661e-14
3.131313131313131,0.5050505050505051,3.7857482654315517e-14
3.131313131313131,0.5555555555555556,3.728703583342976e-14
3.131313131313131,0.6060606060606061,3.577985579648204e-14
3.131313131313131,0.6565656565656566,3.337380625592998e-14
3.131313131313131,0.7070707070707071,3.0129332524031566e-14
3.131313131313131,0.7575757575757576,2.6127942992252546e-14
3.131313131313131,0.8080808080808081,2.1470161459308527e-14
3.131313131313131,0.8585858585858586,1.627300174991218e-14
3.131313131313131,0.9090909090909091,1.0667028067416085e-14
3.131313131313131,0.9595959595959596,4.7930749308262934e-15
3.131313131313131,1.0101010101010102,-1.2012909013404846e-15
3.131313131313131,1.0606060606060606,-7.165477636019683e-15
3.131313131313131,1.1111111111111112,-1.2949651646153217e-14
3.131313131313131,1.1616161616161615,-1.8408501624428244e-14
3.131313131313131,1.2121212121212122,-2.340488912629285e-14
3.131313131313131,1.2626262626262625,-2.7813293792493405e-14
3.131313131313131,1.3131313131313131,-3.1522966699486666e-14
3.131313131313131,1.3636363636363635,-3.444071261855477e-14
3.131313131313131,1.4141414141414141,-3.649323128709095e-14
3.131313131313131,1.4646464646464645,-3.762895887411664e-14
3.131313131313131,1.5151515151515151,-3.781936337832401e-14
3.131313131313131,1.5656565656565655,-3.705966141536534e-14
3.131313131313131,1.6161616161616161,-3.536893838709959e-14
3.131313131313131,1.6666666666666667,-3.278966901387762e-14
3.131313131313131,1.7171717171717171,-2.9386650275160665e-14
3.131313131313131,1.7676767676767677,-2.5245373565375374e-14
3.131313131313131,1.8181818181818181,-2.0469876960068726e-14
3.131313131313131,1.8686868686868687,-1.5180131548210183e-14
3.131313131313131,1.9191919191919191,-9.509027491783545e-15
3.131313131313131,1.9696969696969697,-3.599035529549867e-15
3.131313131313131,2.0202020202020203,2.4013722045723887e-15
3.131313131313131,2.0707070707070705,8.341452131512486e-15
3.131313131313131,2.121212121212121,1.4071976240803737e-14
3.131313131313131,2.1717171717171717,1.9448981029887247e-14
3.131313131313131,2.2222222222222223,2.4337384187276536e-14
3.131313131313131,2.2727272727272725,2.861437816046233e-14
3.131313131313131,2.323232323232323,3.21725153545895e-14
3.131313131313131,2.3737373737373737,3.492240745485785e-14
3.131313131313131,2.4242424242424243,3.679497105966862e-14
3.131313131313131,2.474747474747475,3.7743163209220696e-14
3.131313131313131,2.525252525252525,3.7743163209220696e-14
3.131313131313131,2.5757575757575757,3.6794971059668626e-14
3.131313131313131,2.6262626262626263,3.4922407454857854e-14
3.131313131313131,2.676767676767677,3.217251535458951e-14
3.131313131313131,2.727272727272727,2.8614378160462384e-14
3.131313131313131,2.7777777777777777,2.4337384187276583e-14
3.131313131313131,2.8282828282828283,1.9448981029887294e-14
3.131313131313131,2.878787878787879,1.4071976240803789e-14
3.131313131313131,2.929292929292929,8.341452131512541e-15
3.131313131313131,2.9797979797979797,2.4013722045723784e-15
3.131313131313131,3.0303030303030303,-3.599035529549876e-15
3.131313131313131,3.080808080808081,-9.509027491783556e-15
3.131313131313131,3.131313131313131,-1.5180131548210133e-14
3.131313131313131,3.1818181818181817,-2.0469876960068678e-14
3.131313131313131,3.2323232323232323,-2.5245373565375358e-14
3.131313131313131,3.282828282828283,-2.938665027516065e-14
3.131313131313131,3.3333333333333335,-3.2789669013877623e-14
3.131313131313131,3.3838383838383836,-3.536893838709957e-14
3.131313131313131,3.4343434343434343,-3.7059661415365325e-14
3.131313131313131,3.484848484848485,-3.781936337832401e-14
3.131313131313131,3.5353535353535355,-3.762895887411664e-14
3.131313131313131,3.5858585858585856,-3.649323128709097e-14
3.131313131313131,3.6363636363636362,-3.444071261855481e-14
3.131313131313131,3.686868686868687,-3.15229666994867e-14
3.131313131313131,3.7373737373737375,-2.7813293792493443e-14
3.131313131313131,3.7878787878787876,-2.3404889126292867e-14
3.131313131313131,3.8383838383838382,-1.8408501624428267e-14
3.131313131313131,3.888888888888889,-1.2949651646153223e-14
3.131313131313131,3.9393939393939394,-7.16547763601969e-15
3.131313131313131,3.9898989898989896,-1.2012909013405244e-15
3.131313131313131,4.040404040404041,4.7930749308263195e-15
3.131313131313131,4.090909090909091,1.0667028067416047e-14
3.131313131313131,4.141414141414141,1.62730017499121e-14
3.131313131313131,4.191919191919192,2.1470161459308518e-14
3.131313131313131,4.242424242424242,2.6127942992252508e-14
3.131313131313131,4.292929292929293,3.012933252403157e-14
3.131313131313131,4.343434343434343,3.337380625592997e-14
3.131313131313131,4.393939393939394,3.577985579648201e-14
3.131313131313131,4.444444444444445,3.728703583342976e-14
3.131313131313131,4.494949494949495,3.785748265431551e-14
3.131313131313131,4.545454545454545,3.7476865367096616e-14
3.131313131313131,4.595959595959596,3.6154745924005956e-14
3.131313131313131,4.646464646464646,3.392433890405906e-14
3.131313131313131,4.696969696969697,3.0841677089004897e-14
3.131313131313131,4.747474747474747,2.6984203795307426e-14
3.131313131313131,4.797979797979798,2.244882732590653e-14
3.131313131313131,4.848484848484849,1.73494864182553e-14
3.131313131313131,4.898989898989899,1.1814287849990008e-14
3.131313131313131,4.94949494949495,5.9822881119388986e-15
3.131313131313131,5.0,2.318394069473596e-29
3.2323232323232323,0.0,0.0
3.2323232323232323,0.050505050505050504,2.207528104334068e-15
3.2323232323232323,0.10101010101010101,4.3595981961310794e-15
3.2323232323232323,0.15151515151515152,6.4021454913925045e-15
3.2323232323232323,0.20202020202020202,8.283856662199326e-15
3.2323232323232323,0.25252525252525254,9.957458941560794e-15
3.2323232323232323,0.30303030303030304,1.1380907720391905e-14
3.2323232323232323,0.35353535353535354,1.2518442801543963e-14
3.2323232323232323,0.40404040404040403,1.3341486775439255e-14
3.2323232323232323,0.45454545454545453,1.3829362948117135e-14
3.2323232323232323,0.5050505050505051,1.3969814785743325e-14
3.2323232323232323,0.5555555555555556,1.3759313825981763e-14
3.2323232323232323,0.6060606060606061,1.3203148320811035e-14
3.2323232323232323,0.6565656565656566,1.2315290383880739e-14
3.2323232323232323,0.7070707070707071,1.1118044979961531e-14
3.2323232323232323,0.7575757575757576,9.641489574654015e-15
3.2323232323232323,0.8080808080808081,7.92271852160128e-15
3.2323232323232323,0.8585858585858586,6.004911169877691e-15
3.2323232323232323,0.9090909090909091,3.936247102767709e-15
3.2323232323232323,0.9595959595959596,1.7686957595475509e-15
3.2323232323232323,1.0101010101010102,-4.432891523391401e-16
3.2323232323232323,1.0606060606060606,-2.6441376554436613e-15
3.2323232323232323,1.1111111111111112,-4.778559543658264e-15
3.2323232323232323,1.1616161616161615,-6.792933395084121e-15
3.2323232323232323,1.2121212121212122,-8.636653661331002e-15
3.2323232323232323,1.2626262626262625,-1.0263401991371064e-14
3.2323232323232323,1.3131313131313131,-1.1632310851466081e-14
3.2323232323232323,1.3636363636363635,-1.2708990208448985e-14
3.2323232323232323,1.4141414141414141,-1.3466391483794012e-14
3.2323232323232323,1.4646464646464645,-1.3885487074028656e-14
3.2323232323232323,1.5151515151515151,-1.3955748366424573e-14
3.2323232323232323,1.5656565656565655,-1.3675410241150719e-14
3.2323232323232323,1.6161616161616161,-1.3051515415006719e-14
3.2323232323232323,1.6666666666666667,-1.209973751272341e-14
3.2323232323232323,1.7171717171717171,-1.0843987310672656e-14
3.2323232323232323,1.7676767676767677,-9.31581204501964e-15
3.2323232323232323,1.8181818181818181,-7.553602875032077e-15
3.2323232323232323,1.8686868686868687,-5.601630411829334e-15
3.2323232323232323,1.9191919191919191,-3.508932542233224e-15
3.2323232323232323,1.9696969696969697,-1.3280824880570847e-15
3.2323232323232323,2.0202020202020203,8.861319500778872e-16
3.2323232323232323,2.0707070707070705,3.0780847840681707e-15
3.2323232323232323,2.121212121212121,5.192709286786124e-15
3.2323232323232323,2.1717171717171717,7.176881390659195e-15
3.2323232323232323,2.2222222222222223,8.980754282323497e-15
3.2323232323232323,2.2727272727272725,1.0559010665367363e-14
3.2323232323232323,2.323232323232323,1.1872001231541599e-14
3.2323232323232323,2.3737373737373737,1.2886740739509078e-14
3.2323232323232323,2.4242424242424243,1.3577736677421721e-14
3.2323232323232323,2.474747474747475,1.3927629691478967e-14
3.2323232323232323,2.525252525252525,1.3927629691478967e-14
3.2323232323232323,2.5757575757575757,1.3577736677421723e-14
3.2323232323232323,2.6262626262626263,1.2886740739509082e-14
3.2323232323232323,2.676767676767677,1.1872001231541603e-14
3.2323232323232323,2.727272727272727,1.0559010665367384e-14
3.2323232323232323,2.7777777777777777,8.980754282323512e-15
3.2323232323232323,2.8282828282828283,7.176881390659212e-15
3.2323232323232323,2.878787878787879,5.192709286786144e-15
3.2323232323232323,2.929292929292929,3.0780847840681912e-15
3.2323232323232323,2.9797979797979797,8.861319500778834e-16
3.2323232323232323,3.0303030303030303,-1.3280824880570885e-15
3.2323232323232323,3.080808080808081,-3.508932542233228e-15
3.2323232323232323,3.131313131313131,-5.601630411829316e-15
3.2323232323232323,3.1818181818181817,-7.553602875032061e-15
3.2323232323232323,3.2323232323232323,-9.315812045019634e-15
3.2323232323232323,3.282828282828283,-1.084398731067265e-14
3.2323232323232323,3.3333333333333335,-1.2099737512723411e-14
3.2323232323232323,3.3838383838383836,-1.3051515415006711e-14
3.2323232323232323,3.4343434343434343,-1.3675410241150714e-14
3.2323232323232323,3.484848484848485,-1.3955748366424573e-14
3.2323232323232323,3.5353535353535355,-1.3885487074028657e-14
3.2323232323232323,3.5858585858585856,-1.3466391483794021e-14
3.2323232323232323,3.6363636363636362,-1.2708990208448999e-14
3.2323232323232323,3.686868686868687,-1.163231085146609e-14
3.2323232323232323,3.7373737373737375,-1.0263401991371078e-14
3.2323232323232323,3.7878787878787876,-8.636653661331008e-15
3.2323232323232323,3.8383838383838382,-6.792933395084129e-15
3.2323232323232323,3.888888888888889,-4.778559543658266e-15
3.2323232323232323,3.9393939393939394,-2.6441376554436637e-15
3.2323232323232323,3.9898989898989896,-4.4328915233915487e-16
3.2323232323232323,4.040404040404041,1.7686957595475606e-15
3.2323232323232323,4.090909090909091,3.936247102767695e-15
3.2323232323232323,4.141414141414141,6.004911169877661e-15
3.2323232323232323,4.191919191919192,7.922718521601276e-15
3.2323232323232323,4.242424242424242,9.641489574654002e-15
3.2323232323232323,4.292929292929293,1.1118044979961533e-14
3.2323232323232323,4.343434343434343,1.2315290383880734e-14
3.2323232323232323,4.393939393939394,1.3203148320811024e-14
3.2323232323232323,4.444444444444445,1.3759313825981763e-14
3.2323232323232323,4.494949494949495,1.3969814785743324e-14
3.2323232323232323,4.545454545454545,1.3829362948117138e-14
3.2323232323232323,4.595959595959596,1.334148677543926e-14
3.2323232323232323,4.646464646464646,1.2518442801543969e-14
3.2323232323232323,4.696969696969697,1.1380907720391895e-14
3.2323232323232323,4.747474747474747,9.957458941560797e-15
3.2323232323232323,4.797979797979798,8.283856662199348e-15
3.2323232323232323,4.848484848484849,6.4021454913925006e-15
3.2323232323232323,4.898989898989899,4.3595981961310944e-15
3.2323232323232323,4.94949494949495,2.207528104334056e-15
3.2323232323232323,5.0,8.555121334043562e-30
3.3333333333333335,0.0,0.0
3.3333333333333335,0.050505050505050504,8.146014100690521e-16
3.3333333333333335,0.10101010101010101,1.6087382221456174e-15
3.3333333333333335,0.15151515151515152,2.3624599544243612e-15
3.3333333333333335,0.20202020202020202,3.0568314417329355e-15
3.3333333333333335,0.25252525252525254,3.6744085289673e-15
3.3333333333333335,0.30303030303030304,4.199676307040134e-15
3.3333333333333335,0.35353535353535354,4.619438881881289e-15
3.3333333333333335,0.40404040404040403,4.923150884626636e-15
3.3333333333333335,0.45454545454545453,5.103182394722579e-15
3.3333333333333335,0.5050505050505051,5.1550106204889715e-15
3.3333333333333335,0.5555555555555556,5.0773335216987e-15
3.3333333333333335,0.6060606060606061,4.8721025197221655e-15
3.3333333333333335,0.6565656565656566,4.544473473485131e-15
3.3333333333333335,0.7070707070707071,4.102677152832858e-15
3.3333333333333335,0.7575757575757576,3.5578124632974895e-15
3.3333333333333335,0.8080808080808081,2.9235676169221396e-15
3.3333333333333335,0.8585858585858586,2.2158762539502943e-15
3.3333333333333335,0.9090909090909091,1.4525171543680415e-15
3.3333333333333335,0.9595959595959596,6.526675954348588e-16
3.3333333333333335,1.0101010101010102,-1.6357842414545863e-16
3.3333333333333335,1.0606060606060606,-9.757149901341092e-16
3.3333333333333335,1.1111111111111112,-1.7633394269003938e-15
3.3333333333333335,1.1616161616161615,-2.5066648579814784e-15
3.3333333333333335,1.2121212121212122,-3.1870172963984137e-15
3.3333333333333335,1.2626262626262625,-3.787304776714711e-15
3.3333333333333335,1.3131313131313131,-4.292446743197538e-15
3.3333333333333335,1.3636363636363635,-4.689752906896457e-15
3.3333333333333335,1.4141414141414141,-4.969242053907919e-15
3.3333333333333335,1.4646464646464645,-5.1238927956532194e-15
3.3333333333333335,1.5151515151515151,-5.149819961765678e-15
3.3333333333333335,1.5656565656565655,-5.046372204205606e-15
3.3333333333333335,1.6161616161616161,-4.8161483605707806e-15
3.3333333333333335,1.6666666666666667,-4.464932165519695e-15
3.3333333333333335,1.7171717171717171,-4.00154695050173e-15
3.3333333333333335,1.7676767676767677,-3.4376339820599883e-15
3.3333333333333335,1.8181818181818181,-2.78736000734132e-15
3.3333333333333335,1.8686868686868687,-2.067061353920286e-15
3.3333333333333335,1.9191919191919191,-1.294833524940621e-15
3.3333333333333335,1.9696969696969697,-4.90076599856324e-16
3.3333333333333335,2.0202020202020203,3.269921386837521e-16
3.3333333333333335,2.0707070707070705,1.1358461079119181e-15
3.3333333333333335,2.121212121212121,1.9161650983241615e-15
3.3333333333333335,2.1717171717171717,2.6483457625074895e-15
3.3333333333333335,2.2222222222222223,3.3139940947983053e-15
3.3333333333333335,2.2727272727272725,3.896387529588052e-15
3.3333333333333335,2.323232323232323,4.380895049339672e-15
3.3333333333333335,2.3737373737373737,4.7553447482677155e-15
3.3333333333333335,2.4242424242424243,5.01032961766553e-15
3.3333333333333335,2.474747474747475,5.139443870872432e-15
3.3333333333333335,2.525252525252525,5.139443870872432e-15
3.3333333333333335,2.5757575757575757,5.01032961766553e-15
3.3333333333333335,2.6262626262626263,4.755344748267716e-15
3.3333333333333335,2.676767676767677,4.3808950493396745e-15
3.3333333333333335,2.727272727272727,3.89638752958806e-15
3.3333333333333335,2.7777777777777777,3.3139940947983116e-15
3.3333333333333335,2.8282828282828283,2.648345762507496e-15
3.3333333333333335,2.878787878787879,1.9161650983241686e-15
3.3333333333333335,2.929292929292929,1.1358461079119256e-15
3.3333333333333335,2.9797979797979797,3.2699213868375065e-16
3.3333333333333335,3.0303030303030303,-4.900765998563253e-16
3.3333333333333335,3.080808080808081,-1.2948335249406226e-15
3.3333333333333335,3.131313131313131,-2.0670613539202792e-15
3.3333333333333335,3.1818181818181817,-2.7873600073413135e-15
3.3333333333333335,3.2323232323232323,-3.437633982059986e-15
3.3333333333333335,3.282828282828283,-4.001546950501728e-15
3.3333333333333335,3.3333333333333335,-4.4649321655196954e-15
3.3333333333333335,3.3838383838383836,-4.8161483605707774e-15
3.3333333333333335,3.4343434343434343,-5.046372204205604e-15
3.3333333333333335,3.484848484848485,-5.149819961765678e-15
3.3333333333333335,3.5353535353535355,-5.12389279565322e-15
3.3333333333333335,3.5858585858585856,-4.969242053907922e-15
3.3333333333333335,3.6363636363636362,-4.689752906896462e-15
3.3333333333333335,3.686868686868687,-4.292446743197542e-15
3.3333333333333335,3.7373737373737375,-3.787304776714717e-15
3.3333333333333335,3.7878787878787876,-3.187017296398416e-15
3.3333333333333335,3.8383838383838382,-2.506664857981481e-15
3.3333333333333335,3.888888888888889,-1.7633394269003946e-15
3.3333333333333335,3.9393939393939394,-9.757149901341102e-16
3.3333333333333335,3.9898989898989896,-1.6357842414546408e-16
3.3333333333333335,4.040404040404041,6.526675954348624e-16
3.3333333333333335,4.090909090909091,1.4525171543680361e-15
3.3333333333333335,4.141414141414141,2.2158762539502832e-15
3.3333333333333335,4.191919191919192,2.9235676169221384e-15
3.3333333333333335,4.242424242424242,3.557812463297484e-15
3.3333333333333335,4.292929292929293,4.102677152832859e-15
3.3333333333333335,4.343434343434343,4.544473473485129e-15
3.3333333333333335,4.393939393939394,4.8721025197221616e-15
3.3333333333333335,4.444444444444445,5.0773335216987e-15
3.3333333333333335,4.494949494949495,5.155010620488971e-15
3.3333333333333335,4.545454545454545,5.1031823947225795e-15
3.3333333333333335,4.595959595959596,4.923150884626639e-15
3.3333333333333335,4.646464646464646,4.6194388818812914e-15
3.3333333333333335,4.696969696969697,4.199676307040131e-15
3.3333333333333335,4.747474747474747,3.6744085289673006e-15
3.3333333333333335,4.797979797979798,3.0568314417329434e-15
3.3333333333333335,4.848484848484849,2.36245995442436e-15
3.3333333333333335,4.898989898989899,1.608738222145623e-15
3.3333333333333335,4.94949494949495,8.146014100690478e-16
3.3333333333333335,5.0,3.156930998224377e-30
3.4343434343434343,0.0,0.0
3.4343434343434343,0.050505050505050504,3.005966066677415e-16
3.4343434343434343,0.10101010101010101,5.936415584557799e-16
3.4343434343434343,0.15151515151515152,8.717729148396545e-16
3.4343434343434343,0.20202020202020202,1.1280033979591188e-15
3.4343434343434343,0.25252525252525254,1.3558959285682436e-15
3.4343434343434343,0.30303030303030304,1.5497253397734294e-15
3.4343434343434343,0.35353535353535354,1.7046222059508019e-15
3.4343434343434343,0.40404040404040403,1.816695173540898e-15
3.4343434343434343,0.45454545454545453,1.883128720499185e-15
3.4343434343434343,0.5050505050505051,1.9022538884677337e-15
3.4343434343434343,0.5555555555555556,1.873590210718672e-15
3.4343434343434343,0.6060606060606061,1.797857782546301e-15
3.4343434343434343,0.6565656565656566,1.6769591708727798e-15
3.4343434343434343,0.7070707070707071,1.51393161753831e-15
3.4343434343434343,0.7575757575757576,1.3128707370353894e-15
3.4343434343434343,0.8080808080808081,1.0788276255696578e-15
3.4343434343434343,0.8585858585858586,8.17681966296403e-16
3.4343434343434343,0.9090909090909091,5.359943186112405e-16
3.4343434343434343,0.9595959595959596,2.408413023162853e-16
3.4343434343434343,1.0101010101010102,-6.036218279810403e-17
3.4343434343434343,1.0606060606060606,-3.60049235716766e-16
3.4343434343434343,1.1111111111111112,-6.506910515717948e-16
3.4343434343434343,1.1616161616161615,-9.24986061954688e-16
3.4343434343434343,1.2121212121212122,-1.1760433665435892e-15
3.4343434343434343,1.2626262626262625,-1.397555847835405e-15
3.4343434343434343,1.3131313131313131,-1.583958619955989e-15
3.4343434343434343,1.3636363636363635,-1.7305688309620678e-15
3.4343434343434343,1.4141414141414141,-1.8337033064903945e-15
3.4343434343434343,1.4646464646464645,-1.8907710792841414e-15
3.4343434343434343,1.5151515151515151,-1.900338480049204e-15
3.4343434343434343,1.5656565656565655,-1.8621651544134075e-15
3.4343434343434343,1.6161616161616161,-1.7772101011625584e-15
3.4343434343434343,1.6666666666666667,-1.6476075800594306e-15
3.4343434343434343,1.7171717171717171,-1.4766134944948175e-15
3.4343434343434343,1.7676767676767677,-1.268523595957628e-15
3.4343434343434343,1.8181818181818181,-1.028565565209551e-15
3.4343434343434343,1.8686868686868687,-7.627676813250234e-16
3.4343434343434343,1.9191919191919191,-4.778073779221516e-16
3.4343434343434343,1.9696969696969697,-1.8084349118863903e-16
3.4343434343434343,2.0202020202020203,1.206635859948135e-16
3.4343434343434343,2.0707070707070705,4.1913932570549006e-16
3.4343434343434343,2.121212121212121,7.070853539555946e-16
3.4343434343434343,2.1717171717171717,9.772678265130445e-16
3.4343434343434343,2.2222222222222223,1.222899159146877e-15
3.4343434343434343,2.2727272727272725,1.4378085468295334e-15
3.4343434343434343,2.323232323232323,1.6165969880746757e-15
3.4343434343434343,2.3737373737373737,1.7547729198545948e-15
3.4343434343434343,2.4242424242424243,1.8488650556466294e-15
3.4343434343434343,2.474747474747475,1.89650959186606e-15
3.4343434343434343,2.525252525252525,1.89650959186606e-15
3.4343434343434343,2.5757575757575757,1.8488650556466294e-15
3.4343434343434343,2.6262626262626263,1.7547729198545952e-15
3.4343434343434343,2.676767676767677,1.6165969880746763e-15
3.4343434343434343,2.727272727272727,1.4378085468295363e-15
3.4343434343434343,2.7777777777777777,1.2228991591468794e-15
3.4343434343434343,2.8282828282828283,9.772678265130469e-16
3.4343434343434343,2.878787878787879,7.070853539555972e-16
3.4343434343434343,2.929292929292929,4.1913932570549287e-16
3.4343434343434343,2.9797979797979797,1.2066358599481298e-16
3.4343434343434343,3.0303030303030303,-1.8084349118863952e-16
3.4343434343434343,3.080808080808081,-4.778073779221521e-16
3.4343434343434343,3.131313131313131,-7.627676813250209e-16
3.4343434343434343,3.1818181818181817,-1.0285655652095486e-15
3.4343434343434343,3.2323232323232323,-1.268523595957627e-15
3.4343434343434343,3.282828282828283,-1.4766134944948167e-15
3.4343434343434343,3.3333333333333335,-1.6476075800594308e-15
3.4343434343434343,3.3838383838383836,-1.7772101011625576e-15
3.4343434343434343,3.4343434343434343,-1.862165154413407e-15
3.4343434343434343,3.484848484848485,-1.900338480049204e-15
3.4343434343434343,3.5353535353535355,-1.890771079284142e-15
3.4343434343434343,3.5858585858585856,-1.8337033064903957e-15
3.4343434343434343,3.6363636363636362,-1.7305688309620698e-15
3.4343434343434343,3.686868686868687,-1.5839586199559905e-15
3.4343434343434343,3.7373737373737375,-1.3975558478354068e-15
3.4343434343434343,3.7878787878787876,-1.17604336654359e-15
3.4343434343434343,3.8383838383838382,-9.249860619546892e-16
3.4343434343434343,3.888888888888889,-6.506910515717951e-16
3.4343434343434343,3.9393939393939394,-3.6004923571676636e-16
3.4343434343434343,3.9898989898989896,-6.036218279810603e-17
3.4343434343434343,4.040404040404041,2.408413023162866e-16
3.4343434343434343,4.090909090909091,5.359943186112385e-16
3.4343434343434343,4.141414141414141,8.17681966296399e-16
3.4343434343434343,4.191919191919192,1.0788276255696574e-15
3.4343434343434343,4.242424242424242,1.3128707370353874e-15
3.4343434343434343,4.292929292929293,1.5139316175383103e-15
3.4343434343434343,4.343434343434343,1.676959170872779e-15
3.4343434343434343,4.393939393939394,1.7978577825462994e-15
3.4343434343434343,4.444444444444445,1.873590210718672e-15
3.4343434343434343,4.494949494949495,1.9022538884677333e-15
3.4343434343434343,4.545454545454545,1.8831287204991854e-15
3.4343434343434343,4.595959595959596,1.8166951735408982e-15
3.4343434343434343,4.646464646464646,1.7046222059508027e-15
3.4343434343434343,4.696969696969697,1.5497253397734282e-15
3.4343434343434343,4.747474747474747,1.355895928568244e-15
3.4343434343434343,4.797979797979798,1.1280033979591217e-15
3.4343434343434343,4.848484848484849,8.71772914839654e-16
3.4343434343434343,4.898989898989899,5.936415584557819e-16
3.4343434343434343,4.94949494949495,3.005966066677399e-16
3.4343434343434343,5.0,1.1649412016976648e-30
3.5353535353535355,0.0,0.0
3.5353535353535355,0.050505050505050504,1.1092335321700551e-16
3.5353535353535355,0.10101010101010101,2.1906006525771819e-16
3.5353535353535355,0.15151515151515152,3.2169350156591376e-16
3.5353535353535355,0.20202020202020202,4.1624528210360945e-16
3.5353535353535355,0.25252525252525254,5.00340055988447e-16
3.5353535353535355,0.30303030303030304,5.718651755874246e-16
3.5353535353535355,0.35353535353535354,6.290237709211083e-16
3.5353535353535355,0.40404040404040403,6.703798910313235e-16
3.5353535353535355,0.45454545454545453,6.948945782608364e-16
3.5353535353535355,0.5050505050505051,7.019519691789408e-16
3.5353535353535355,0.5555555555555556,6.913747664396831e-16
3.5353535353535355,0.6060606060606061,6.634286928852642e-16
3.5353535353535355,0.6565656565656566,6.188158159976333e-16
3.5353535353535355,0.7070707070707071,5.586569104028942e-16
3.5353535353535355,0.7575757575757576,4.8446330152161e-16
3.5353535353535355,0.8080808080808081,3.9809889771509723e-16
3.5353535353535355,0.8585858585858586,3.017333647645763e-16
3.5353535353535355,0.9090909090909091,1.977876190443475e-16
3.5353535353535355,0.9595959595959596,8.887300872162452e-17
3.5353535353535355,1.0101010101010102,-2.227428911353071e-17
3.5353535353535355,1.0606060606060606,-1.3286200729826683e-16
3.5353535353535355,1.1111111111111112,-2.401119365543011e-16
3.5353535353535355,1.1616161616161615,-3.4132972027996483e-16
3.5353535353535355,1.2121212121212122,-4.339725427766452e-16
3.5353535353535355,1.2626262626262625,-5.157130104309138e-16
3.5353535353535355,1.3131313131313131,-5.844976210150738e-16
3.5353535353535355,1.3636363636363635,-6.385983522273274e-16
3.5353535353535355,1.4141414141414141,-6.766560734527842e-16
3.5353535353535355,1.4646464646464645,-6.977146901453722e-16
3.5353535353535355,1.5151515151515151,-7.01245163047898e-16
3.5353535353535355,1.5656565656565655,-6.871587988340547e-16
3.5353535353535355,1.6161616161616161,-6.558094782819118e-16
3.5353535353535355,1.6666666666666667,-6.079847660022192e-16
3.5353535353535355,1.7171717171717171,-5.448861250649065e-16
3.5353535353535355,1.7676767676767677,-4.680987335763365e-16
3.5353535353535355,1.8181818181818181,-3.7955166148198474e-16
3.5353535353535355,1.8686868686868687,-2.81469408041763e-16
3.5353535353535355,1.9191919191919191,-1.7631601746433737e-16
3.5353535353535355,1.9696969696969697,-6.673317663990298e-17
3.5353535353535355,2.0202020202020203,4.452614990603474e-17
3.5353535353535355,2.0707070707070705,1.5466688060040872e-16
3.5353535353535355,2.121212121212121,2.609220354841908e-16
3.5353535353535355,2.1717171717171717,3.6062224889897546e-16
3.5353535353535355,2.2222222222222223,4.512628298853819e-16
3.5353535353535355,2.2727272727272725,5.305666855869968e-16
3.5353535353535355,2.323232323232323,5.965415268841025e-16
3.5353535353535355,2.3737373737373737,6.475299191245184e-16
3.5353535353535355,2.4242424242424243,6.822509205659573e-16
3.5353535353535355,2.474747474747475,6.998322624796733e-16
3.5353535353535355,2.525252525252525,6.998322624796733e-16
3.5353535353535355,2.5757575757575757,6.822509205659574e-16
3.5353535353535355,2.6262626262626263,6.475299191245186e-16
3.5353535353535355,2.676767676767677,5.965415268841028e-16
3.5353535353535355,2.727272727272727,5.305666855869979e-16
3.5353535353535355,2.7777777777777777,4.512628298853828e-16
3.5353535353535355,2.8282828282828283,3.606222488989763e-16
3.5353535353535355,2.878787878787879,2.6092203548419177e-16
3.5353535353535355,2.929292929292929,1.5466688060040975e-16
3.5353535353535355,2.9797979797979797,4.452614990603454e-17
3.5353535353535355,3.0303030303030303,-6.673317663990316e-17
3.5353535353535355,3.080808080808081,-1.7631601746433757e-16
3.5353535353535355,3.131313131313131,-2.814694080417621e-16
3.5353535353535355,3.1818181818181817,-3.795516614819839e-16
3.5353535353535355,3.2323232323232323,-4.680987335763362e-16
3.5353535353535355,3.282828282828283,-5.448861250649062e-16
3.5353535353535355,3.3333333333333335,-6.079847660022193e-16
3.5353535353535355,3.3838383838383836,-6.558094782819114e-16
3.5353535353535355,3.4343434343434343,-6.871587988340544e-16
3.5353535353535355,3.484848484848485,-7.01245163047898e-16
3.5353535353535355,3.5353535353535355,-6.977146901453723e-16
3.5353535353535355,3.5858585858585856,-6.766560734527846e-16
3.5353535353535355,3.6363636363636362,-6.385983522273281e-16
3.5353535353535355,3.686868686868687,-5.844976210150743e-16
3.5353535353535355,3.7373737373737375,-5.157130104309145e-16
3.5353535353535355,3.7878787878787876,-4.3397254277664555e-16
3.5353535353535355,3.8383838383838382,-3.413297202799652e-16
3.5353535353535355,3.888888888888889,-2.4011193655430124e-16
3.5353535353535355,3.9393939393939394,-1.3286200729826695e-16
3.5353535353535355,3.9898989898989896,-2.227428911353145e-17
3.5353535353535355,4.040404040404041,8.887300872162501e-17
3.5353535353535355,4.090909090909091,1.977876190443468e-16
3.5353535353535355,4.141414141414141,3.0173336476457483e-16
3.5353535353535355,4.191919191919192,3.980988977150971e-16
3.5353535353535355,4.242424242424242,4.844633015216093e-16
3.5353535353535355,4.292929292929293,5.586569104028942e-16
3.5353535353535355,4.343434343434343,6.18815815997633e-16
3.5353535353535355,4.393939393939394,6.634286928852636e-16
3.5353535353535355,4.444444444444445,6.913747664396831e-16
3.5353535353535355,4.494949494949495,7.019519691789407e-16
3.5353535353535355,4.545454545454545,6.948945782608366e-16
3.5353535353535355,4.595959595959596,6.703798910313237e-16
3.5353535353535355,4.646464646464646,6.290237709211086e-16
3.5353535353535355,4.696969696969697,5.718651755874241e-16
3.5353535353535355,4.747474747474747,5.003400559884472e-16
3.5353535353535355,4.797979797979798,4.1624528210361053e-16
3.5353535353535355,4.848484848484849,3.216935015659136e-16
3.5353535353535355,4.898989898989899,2.1906006525771895e-16
3.5353535353535355,4.94949494949495,1.1092335321700493e-16
3.5353535353535355,5.0,4.298757255626069e-31
3.6363636363636362,0.0,0.0
3.6363636363636362,0.050505050505050504,4.0931900147843464e-17
3.6363636363636362,0.10101010101010101,8.083549998679939e-17
3.6363636363636362,0.15151515151515152,1.1870833239728828e-16
3.6363636363636362,0.20202020202020202,1.5359894765121333e-16
3.6363636363636362,0.25252525252525254,1.8463081594386727e-16
3.6363636363636362,0.30303030303030304,2.1102434777084305e-16
3.6363636363636362,0.35353535353535354,2.3211647894913714e-16
3.6363636363636362,0.40404040404040403,2.473773282631843e-16
3.6363636363636362,0.45454545454545453,2.5642350925873146e-16
3.6363636363636362,0.5050505050505051,2.590277617627015e-16
3.6363636363636362,0.5555555555555556,2.5512466116386013e-16
3.6363636363636362,0.6060606060606061,2.4481226202446593e-16
3.6363636363636362,0.6565656565656566,2.283496347317257e-16
3.6363636363636362,0.7070707070707071,2.0615035707384567e-16
3.6363636363636362,0.7575757575757576,1.7877212424675427e-16
3.6363636363636362,0.8080808080808081,1.4690273831122112e-16
3.6363636363636362,0.8585858585858586,1.1134282907634841e-16
3.6363636363636362,0.9090909090909091,7.29857404992493e-17
3.6363636363636362,0.9595959595959596,3.2795087899256354e-17
3.6363636363636362,1.0101010101010102,-8.219450200676584e-18
3.6363636363636362,1.0606060606060606,-4.902749744263023e-17
3.6363636363636362,1.1111111111111112,-8.860386497799477e-17
3.6363636363636362,1.1616161616161615,-1.2595430648997856e-16
3.6363636363636362,1.2121212121212122,-1.601404958709461e-16
3.6363636363636362,1.2626262626262625,-1.9030360005980875e-16
3.6363636363636362,1.3131313131313131,-2.1568585483740319e-16
3.6363636363636362,1.3636363636363635,-2.3564960154791817e-16
3.6363636363636362,1.4141414141414141,-2.4969330650161977e-16
3.6363636363636362,1.4646464646464645,-2.5746416061586937e-16
3.6363636363636362,1.5151515151515151,-2.5876694276344964e-16
3.6363636363636362,1.5656565656565655,-2.5356892416118837e-16
3.6363636363636362,1.6161616161616161,-2.420006905897358e-16
3.6363636363636362,1.6666666666666667,-2.2435286178850906e-16
3.6363636363636362,1.7171717171717171,-2.0106879044189244e-16
3.6363636363636362,1.7676767676767677,-1.7273342417438897e-16
3.6363636363636362,1.8181818181818181,-1.400586103661615e-16
3.6363636363636362,1.8686868686868687,-1.0386521296465613e-16
3.6363636363636362,1.9191919191919191,-6.506249055775263e-17
3.6363636363636362,1.9696969696969697,-2.4625253777075176e-17
3.6363636363636362,2.0202020202020203,1.643062411173405e-17
3.6363636363636362,2.0707070707070705,5.70737282033752e-17
3.6363636363636362,2.121212121212121,9.628301338778518e-17
3.6363636363636362,2.1717171717171717,1.330734552727228e-16
3.6363636363636362,2.2222222222222223,1.665207961858653e-16
3.6363636363636362,2.2727272727272725,1.957847645818355e-16
3.6363636363636362,2.323232323232323,2.201301845310491e-16
3.6363636363636362,2.3737373737373737,2.3894544497310196e-16
3.6363636363636362,2.4242424242424243,2.517578647460035e-16
3.6363636363636362,2.474747474747475,2.5824556738756944e-16
3.6363636363636362,2.525252525252525,2.5824556738756944e-16
3.6363636363636362,2.5757575757575757,2.5175786474600356e-16
3.6363636363636362,2.6262626262626263,2.38945444973102e-16
3.6363636363636362,2.676767676767677,2.201301845310492e-16
3.6363636363636362,2.727272727272727,1.957847645818359e-16
3.6363636363636362,2.7777777777777777,1.6652079618586563e-16
3.6363636363636362,2.8282828282828283,1.3307345527272312e-16
3.6363636363636362,2.878787878787879,9.628301338778554e-17
3.6363636363636362,2.929292929292929,5.707372820337558e-17
3.6363636363636362,2.9797979797979797,1.6430624111733978e-17
3.6363636363636362,3.0303030303030303,-2.4625253777075244e-17
3.6363636363636362,3.080808080808081,-6.50624905577527e-17
3.6363636363636362,3.131313131313131,-1.0386521296465579e-16
3.6363636363636362,3.1818181818181817,-1.4005861036616118e-16
3.6363636363636362,3.2323232323232323,-1.7273342417438885e-16
3.6363636363636362,3.282828282828283,-2.0106879044189232e-16
3.6363636363636362,3.3333333333333335,-2.2435286178850906e-16
3.6363636363636362,3.3838383838383836,-2.4200069058973566e-16
3.6363636363636362,3.4343434343434343,-2.5356892416118827e-16
3.6363636363636362,3.484848484848485,-2.5876694276344964e-16
3.6363636363636362,3.5353535353535355,-2.5746416061586937e-16
3.6363636363636362,3.5858585858585856,-2.4969330650161997e-16
3.6363636363636362,3.6363636363636362,-2.356496015479184e-16
3.6363636363636362,3.686868686868687,-2.1568585483740338e-16
3.6363636363636362,3.7373737373737375,-1.90303600059809e-16
3.6363636363636362,3.7878787878787876,-1.6014049587094623e-16
3.6363636363636362,3.8383838383838382,-1.259543064899787e-16
3.6363636363636362,3.888888888888889,-8.86038649779948e-17
3.6363636363636362,3.9393939393939394,-4.9027497442630275e-17
3.6363636363636362,3.9898989898989896,-8.219450200676859e-18
3.6363636363636362,4.040404040404041,3.279508789925654e-17
3.6363636363636362,4.090909090909091,7.298574049924905e-17
3.6363636363636362,4.141414141414141,1.1134282907634787e-16
3.6363636363636362,4.191919191919192,1.4690273831122105e-16
3.6363636363636362,4.242424242424242,1.7877212424675403e-16
3.6363636363636362,4.292929292929293,2.061503570738457e-16
3.6363636363636362,4.343434343434343,2.283496347317256e-16
3.6363636363636362,4.393939393939394,2.4481226202446574e-16
3.6363636363636362,4.444444444444445,2.5512466116386013e-16
3.6363636363636362,4.494949494949495,2.590277617627015e-16
3.6363636363636362,4.545454545454545,2.564235092587315e-16
3.6363636363636362,4.595959595959596,2.473773282631844e-16
3.6363636363636362,4.646464646464646,2.321164789491373e-16
3.6363636363636362,4.696969696969697,2.1102434777084288e-16
3.6363636363636362,4.747474747474747,1.8463081594386732e-16
3.6363636363636362,4.797979797979798,1.5359894765121373e-16
3.6363636363636362,4.848484848484849,1.1870833239728823e-16
3.6363636363636362,4.898989898989899,8.083549998679968e-17
3.6363636363636362,4.94949494949495,4.093190014784325e-17
3.6363636363636362,5.0,1.5862872663330937e-31
3.7373737373737375,0.0,0.0
3.7373737373737375,0.050505050505050504,1.510430762434047e-17
3.7373737373737375,0.10101010101010101,2.982916146961029e-17
3.7373737373737375,0.15151515151515152,4.380464047906094e-17
3.7373737373737375,0.20202020202020202,5.667964955741557e-17
3.7373737373737375,0.25252525252525254,6.813073986002292e-17
3.7373737373737375,0.30303030303030304,7.787023454674751e-17
3.7373737373737375,0.35353535353535354,8.565345586359815e-17
3.7373737373737375,0.40404040404040403,9.128487199174039e-17
3.7373737373737375,0.45454545454545453,9.462300924138393e-17
3.7373737373737375,0.5050505050505051,9.558400618531631e-17
3.7373737373737375,0.5555555555555556,9.414372044434874e-17
3.7373737373737375,0.6060606060606061,9.033833519754142e-17
3.7373737373737375,0.6565656565656566,8.426345018032306e-17
3.7373737373737375,0.7070707070707071,7.607168000665244e-17
3.7373737373737375,0.7575757575757576,6.596882015070725e-17
3.7373737373737375,0.8080808080808081,5.4208676907162175e-17
3.7373737373737375,0.8585858585858586,4.108669121294463e-17
3.7373737373737375,0.9090909090909091,2.6932516514238276e-17
3.7373737373737375,0.9595959595959596,1.2101737139211493e-17
3.7373737373737375,1.0101010101010102,-3.0330647706445915e-18
3.7373737373737375,1.0606060606060606,-1.8091669352029045e-17
3.7373737373737375,1.1111111111111112,-3.269577098789218e-17
3.7373737373737375,1.1616161616161615,-4.647848218537521e-17
3.7373737373737375,1.2121212121212122,-5.909355060509284e-17
3.7373737373737375,1.2626262626262625,-7.022405768949501e-17
3.7373737373737375,1.3131313131313131,-7.959038036143115e-17
3.7373737373737375,1.3636363636363635,-8.695721577735111e-17
3.7373737373737375,1.4141414141414141,-9.213949265773092e-17
3.7373737373737375,1.4646464646464645,-9.500702068896211e-17
3.7373737373737375,1.5151515151515151,-9.548776119339696e-17
3.7373737373737375,1.5656565656565655,-9.356963690104756e-17
3.7373737373737375,1.6161616161616161,-8.93008353574513e-17
3.7373737373737375,1.6666666666666667,-8.27885983454232e-17
3.7373737373737375,1.7171717171717171,-7.419652773311086e-17
3.7373737373737375,1.7676767676767677,-6.374047543143728e-17
3.7373737373737375,1.8181818181818181,-5.1683120714336077e-17
3.7373737373737375,1.8686868686868687,-3.8327371131546567e-17
3.7373737373737375,1.9191919191919191,-2.4008752797708042e-17
3.7373737373737375,1.9696969696969697,-9.086981230603631e-18
3.7373737373737375,2.0202020202020203,6.063075502167036e-18
3.7373737373737375,2.0707070707070705,2.1060814302245243e-17
3.7373737373737375,2.121212121212121,3.552945863629104e-17
3.7373737373737375,2.1717171717171717,4.9105523999941047e-17
3.7373737373737375,2.2222222222222223,6.144794945645654e-17
3.7373737373737375,2.2727272727272725,7.22466658455123e-17
3.7373737373737375,2.323232323232323,8.123038540967846e-17
3.7373737373737375,2.3737373737373737,8.817341714586391e-17
3.7373737373737375,2.4242424242424243,9.290133666494549e-17
3.7373737373737375,2.474747474747475,9.529536812010678e-17
3.7373737373737375,2.525252525252525,9.529536812010678e-17
3.7373737373737375,2.5757575757575757,9.29013366649455e-17
3.7373737373737375,2.6262626262626263,8.817341714586392e-17
3.7373737373737375,2.676767676767677,8.12303854096785e-17
3.7373737373737375,2.727272727272727,7.224666584551245e-17
3.7373737373737375,2.7777777777777777,6.144794945645666e-17
3.7373737373737375,2.8282828282828283,4.910552399994116e-17
3.7373737373737375,2.878787878787879,3.552945863629117e-17
3.7373737373737375,2.929292929292929,2.1060814302245382e-17
3.7373737373737375,2.9797979797979797,6.063075502167009e-18
3.7373737373737375,3.0303030303030303,-9.086981230603656e-18
3.7373737373737375,3.080808080808081,-2.4008752797708067e-17
3.7373737373737375,3.131313131313131,-3.832737113154644e-17
3.7373737373737375,3.1818181818181817,-5.168312071433596e-17
3.7373737373737375,3.2323232323232323,-6.374047543143723e-17
3.7373737373737375,3.282828282828283,-7.419652773311082e-17
3.7373737373737375,3.3333333333333335,-8.278859834542321e-17
3.7373737373737375,3.3838383838383836,-8.930083535745126e-17
3.7373737373737375,3.4343434343434343,-9.356963690104754e-17
3.7373737373737375,3.484848484848485,-9.548776119339696e-17
3.7373737373737375,3.5353535353535355,-9.500702068896211e-17
3.7373737373737375,3.5858585858585856,-9.213949265773098e-17
3.7373737373737375,3.6363636363636362,-8.695721577735121e-17
3.7373737373737375,3.686868686868687,-7.959038036143123e-17
3.7373737373737375,3.7373737373737375,-7.022405768949511e-17
3.7373737373737375,3.7878787878787876,-5.909355060509289e-17
3.7373737373737375,3.8383838383838382,-4.6478482185375266e-17
3.7373737373737375,3.888888888888889,-3.26957709878922e-17
3.7373737373737375,3.9393939393939394,-1.809166935202906e-17
3.7373737373737375,3.9898989898989896,-3.0330647706446924e-18
3.7373737373737375,4.040404040404041,1.210173713921156e-17
3.7373737373737375,4.090909090909091,2.693251651423818e-17
3.7373737373737375,4.141414141414141,4.108669121294443e-17
3.7373737373737375,4.191919191919192,5.4208676907162156e-17
3.7373737373737375,4.242424242424242,6.596882015070715e-17
3.7373737373737375,4.292929292929293,7.607168000665245e-17
3.7373737373737375,4.343434343434343,8.426345018032302e-17
3.7373737373737375,4.393939393939394,9.033833519754134e-17
3.7373737373737375,4.444444444444445,9.414372044434874e-17
3.7373737373737375,4.494949494949495,9.55840061853163e-17
3.7373737373737375,4.545454545454545,9.462300924138396e-17
3.7373737373737375,4.595959595959596,9.128487199174042e-17
3.7373737373737375,4.646464646464646,8.56534558635982e-17
3.7373737373737375,4.696969696969697,7.787023454674745e-17
3.7373737373737375,4.747474747474747,6.813073986002293e-17
3.7373737373737375,4.797979797979798,5.667964955741572e-17
3.7373737373737375,4.848484848484849,4.380464047906092e-17
3.7373737373737375,4.898989898989899,2.9829161469610395e-17
3.7373737373737375,4.94949494949495,1.510430762434039e-17
3.7373737373737375,5.0,5.853569163593177e-32
3.8383838383838382,0.0,0.0
3.8383838383838382,0.050505050505050504,5.573650575387009e-18
3.8383838383838382,0.10101010101010101,1.100727866006139e-17
3.8383838383838382,0.15151515151515152,1.6164379439497808e-17
3.8383838383838382,0.20202020202020202,2.0915395079701156e-17
3.8383838383838382,0.25252525252525254,2.514096950795787e-17
3.8383838383838382,0.30303030303030304,2.873494690266891e-17
3.8383838383838382,0.35353535353535354,3.16070385635353e-17
3.8383838383838382,0.40404040404040403,3.3685091164389574e-17
3.8383838383838382,0.45454545454545453,3.4916899405120435e-17
3.8383838383838382,0.5050505050505051,3.527151752484558e-17
3.8383838383838382,0.5555555555555556,3.474003672820654e-17
3.8383838383838382,0.6060606060606061,3.33358089941092e-17
3.8383838383838382,0.6565656565656566,3.109411164433694e-17
3.8383838383838382,0.7070707070707071,2.80712610988184e-17
3.8383838383838382,0.7575757575757576,2.4343198081987327e-17
3.8383838383838382,0.8080808080808081,2.000357982299542e-17
3.8383838383838382,0.8585858585858586,1.5161427177948954e-17
3.8383838383838382,0.9090909090909091,9.938385783688574e-18
3.8383838383838382,0.9595959595959596,4.465670049016479e-18
3.8383838383838382,1.0101010101010102,-1.1192332428959955e-18
3.8383838383838382,1.0606060606060606,-6.676018908086244e-18
3.8383838383838382,1.1111111111111112,-1.2065088139870589e-17
3.8383838383838382,1.1616161616161615,-1.715105554114686e-17
3.8383838383838382,1.2121212121212122,-2.1806150306483768e-17
3.8383838383838382,1.2626262626262625,-2.5913426108742608e-17
3.8383838383838382,1.3131313131313131,-2.9369699050745586e-17
3.8383838383838382,1.3636363636363635,-3.2088139874114116e-17
3.8383838383838382,1.4141414141414141,-3.4000455303230313e-17
3.8383838383838382,1.4646464646464645,-3.50586037241122e-17
3.8383838383838382,1.5151515151515151,-3.523600209653658e-17
3.8383838383838382,1.5656565656565655,-3.4528193779094166e-17
3.8383838383838382,1.6161616161616161,-3.2952960489927286e-17
3.8383838383838382,1.6666666666666667,-3.05498755904477e-17
3.8383838383838382,1.7171717171717171,-2.737930991454029e-17
3.8383838383838382,1.7676767676767677,-2.3520915119032778e-17
3.8383838383838382,1.8181818181818181,-1.9071622657038795e-17
3.8383838383838382,1.8686868686868687,-1.4143208644411056e-17
3.8383838383838382,1.9191919191919191,-8.859485795272458e-18
3.8383838383838382,1.9696969696969697,-3.3531929714452177e-18
3.8383838383838382,2.0202020202020203,2.237339512789734e-18
3.8383838383838382,2.0707070707070705,7.771665055646917e-18
3.8383838383838382,2.121212121212121,1.3110749098636648e-17
3.8383838383838382,2.1717171717171717,1.8120461983698703e-17
3.8383838383838382,2.2222222222222223,2.2674948588335946e-17
3.8383838383838382,2.2727272727272725,2.6659790086022927e-17
3.8383838383838382,2.323232323232323,2.997487840144094e-17
3.8383838383838382,2.3737373737373737,3.2536931147834863e-17
3.8383838383838382,2.4242424242424243,3.42815838656759e-17
3.8383838383838382,2.474747474747475,3.516500700094436e-17
3.8383838383838382,2.525252525252525,3.516500700094436e-17
3.8383838383838382,2.5757575757575757,3.42815838656759e-17
3.8383838383838382,2.6262626262626263,3.2536931147834876e-17
3.8383838383838382,2.676767676767677,2.997487840144095e-17
3.8383838383838382,2.727272727272727,2.6659790086022982e-17
3.8383838383838382,2.7777777777777777,2.267494858833599e-17
3.8383838383838382,2.8282828282828283,1.8120461983698746e-17
3.8383838383838382,2.878787878787879,1.3110749098636696e-17
3.8383838383838382,2.929292929292929,7.77166505564697e-18
3.8383838383838382,2.9797979797979797,2.2373395127897244e-18
3.8383838383838382,3.0303030303030303,-3.353192971445227e-18
3.8383838383838382,3.080808080808081,-8.859485795272467e-18
3.8383838383838382,3.131313131313131,-1.4143208644411007e-17
3.8383838383838382,3.1818181818181817,-1.9071622657038752e-17
3.8383838383838382,3.2323232323232323,-2.3520915119032763e-17
3.8383838383838382,3.282828282828283,-2.7379309914540275e-17
3.8383838383838382,3.3333333333333335,-3.0549875590447704e-17
3.8383838383838382,3.3838383838383836,-3.295296048992727e-17
3.8383838383838382,3.4343434343434343,-3.4528193779094154e-17
3.8383838383838382,3.484848484848485,-3.523600209653658e-17
3.8383838383838382,3.5353535353535355,-3.50586037241122e-17
3.8383838383838382,3.5858585858585856,-3.400045530323034e-17
3.8383838383838382,3.6363636363636362,-3.208813987411415e-17
3.8383838383838382,3.686868686868687,-2.936969905074561e-17
3.8383838383838382,3.7373737373737375,-2.591342610874264e-17
3.8383838383838382,3.7878787878787876,-2.1806150306483783e-17
3.8383838383838382,3.8383838383838382,-1.715105554114688e-17
3.8383838383838382,3.888888888888889,-1.2065088139870595e-17
3.8383838383838382,3.9393939393939394,-6.67601890808625e-18
3.8383838383838382,3.9898989898989896,-1.1192332428960326e-18
3.8383838383838382,4.040404040404041,4.4656700490165026e-18
3.8383838383838382,4.090909090909091,9.93838578368854e-18
3.8383838383838382,4.141414141414141,1.516142717794888e-17
3.8383838383838382,4.191919191919192,2.0003579822995413e-17
3.8383838383838382,4.242424242424242,2.4343198081987293e-17
3.8383838383838382,4.292929292929293,2.80712610988184e-17
3.8383838383838382,4.343434343434343,3.109411164433692e-17
3.8383838383838382,4.393939393939394,3.3335808994109173e-17
3.8383838383838382,4.444444444444445,3.474003672820654e-17
3.8383838383838382,4.494949494949495,3.527151752484558e-17
3.8383838383838382,4.545454545454545,3.491689940512044e-17
3.8383838383838382,4.595959595959596,3.3685091164389586e-17
3.8383838383838382,4.646464646464646,3.160703856353532e-17
3.8383838383838382,4.696969696969697,2.8734946902668887e-17
3.8383838383838382,4.747474747474747,2.514096950795788e-17
3.8383838383838382,4.797979797979798,2.0915395079701212e-17
3.8383838383838382,4.848484848484849,1.6164379439497798e-17
3.8383838383838382,4.898989898989899,1.1007278660061428e-17
3.8383838383838382,4.94949494949495,5.5736505753869795e-18
3.8383838383838382,5.0,2.160029439823685e-32
3.9393939393939394,0.0,0.0
3.9393939393939394,0.050505050505050504,2.05673649591523e-18
3.9393939393939394,0.10101010101010101,4.061803199653433e-18
3.9393939393939394,0.15151515151515152,5.964828379060787e-18
3.9393939393939394,0.20202020202020202,7.71800381187697e-18
3.9393939393939394,0.25252525252525254,9.277285834539157e-18
3.9393939393939394,0.30303030303030304,1.0603501816904228e-17
3.9393939393939394,0.35353535353535354,1.1663334265784923e-17
3.9393939393939394,0.40404040404040403,1.243015783443172e-17
3.9393939393939394,0.45454545454545453,1.2884708210421944e-17
3.9393939393939394,0.5050505050505051,1.3015566078005598e-17
3.9393939393939394,0.5555555555555556,1.2819443996698104e-17
3.9393939393939394,0.6060606060606061,1.2301268989092102e-17
3.9393939393939394,0.6565656565656566,1.1474058763098895e-17
3.9393939393939394,0.7070707070707071,1.0358594678191932e-17
3.9393939393939394,0.7575757575757576,8.982899671467207e-18
3.9393939393939394,0.8080808080808081,7.381534259178327e-18
3.9393939393939394,0.8585858585858586,5.59472829975235e-18
3.9393939393939394,0.9090909090909091,3.667370330329341e-18
3.9393939393939394,0.9595959595959596,1.647879866938017e-18
3.9393939393939394,1.0101010101010102,-4.1300900136638203e-19
3.9393939393939394,1.0606060606060606,-2.463522165583141e-18
3.9393939393939394,1.1111111111111112,-4.452146177459791e-18
3.9393939393939394,1.1616161616161615,-6.32892238180836e-18
3.9393939393939394,1.2121212121212122,-8.046701988964225e-18
3.9393939393939394,1.2626262626262625,-9.562330557177564e-18
3.9393939393939394,1.3131313131313131,-1.0837732128107266e-17
3.9393939393939394,1.3636363636363635,-1.1840865779523812e-17
3.9393939393939394,1.4141414141414141,-1.2546530564491424e-17
3.9393939393939394,1.4646464646464645,-1.2936998615167839e-17
3.9393939393939394,1.5151515151515151,-1.3002460506247341e-17
3.9393939393939394,1.5656565656565655,-1.2741271689527326e-17
3.9393939393939394,1.6161616161616161,-1.2159993808614392e-17
3.9393939393939394,1.6666666666666667,-1.1273229855852738e-17
3.9393939393939394,1.7171717171717171,-1.0103257312699166e-17
3.9393939393939394,1.7676767676767677,-8.679468489873893e-18
3.9393939393939394,1.8181818181818181,-7.037632127186562e-18
3.9393939393939394,1.8686868686868687,-5.218994803290873e-18
3.9393939393939394,1.9191919191919191,-3.2692447299522726e-18
3.9393939393939394,1.9696969696969697,-1.2373639626195879e-18
3.9393939393939394,2.0202020202020203,8.256021376776622e-19
3.9393939393939394,2.0707070707070705,2.8678272772541374e-18
3.9393939393939394,2.121212121212121,4.838006221457711e-18
3.9393939393939394,2.1717171717171717,6.6866436961972304e-18
3.9393939393939394,2.2222222222222223,8.36729781923831e-18
3.9393939393939394,2.2727272727272725,9.83774682350895e-18
3.9393939393939394,2.323232323232323,1.1061049761732512e-17
3.9393939393939394,2.3737373737373737,1.2006474545129944e-17
3.9393939393939394,2.4242424242424243,1.2650270001796545e-17
3.9393939393939394,2.474747474747475,1.2976262558930674e-17
3.9393939393939394,2.525252525252525,1.2976262558930674e-17
3.9393939393939394,2.5757575757575757,1.2650270001796546e-17
3.9393939393939394,2.6262626262626263,1.2006474545129948e-17
3.9393939393939394,2.676767676767677,1.1061049761732517e-17
3.9393939393939394,2.727272727272727,9.837746823508972e-18
3.9393939393939394,2.7777777777777777,8.367297819238326e-18
3.9393939393939394,2.8282828282828283,6.686643696197247e-18
3.9393939393939394,2.878787878787879,4.8380062214577294e-18
3.9393939393939394,2.929292929292929,2.8678272772541567e-18
3.9393939393939394,2.9797979797979797,8.256021376776585e-19
3.9393939393939394,3.0303030303030303,-1.2373639626195913e-18
3.9393939393939394,3.080808080808081,-3.269244729952276e-18
3.9393939393939394,3.131313131313131,-5.218994803290856e-18
3.9393939393939394,3.1818181818181817,-7.037632127186546e-18
3.9393939393939394,3.2323232323232323,-8.679468489873887e-18
3.9393939393939394,3.282828282828283,-1.0103257312699161e-17
3.9393939393939394,3.3333333333333335,-1.127322985585274e-17
3.9393939393939394,3.3838383838383836,-1.2159993808614386e-17
3.9393939393939394,3.4343434343434343,-1.2741271689527322e-17
3.9393939393939394,3.484848484848485,-1.3002460506247341e-17
3.9393939393939394,3.5353535353535355,-1.293699861516784e-17
3.9393939393939394,3.5858585858585856,-1.2546530564491433e-17
3.9393939393939394,3.6363636363636362,-1.1840865779523826e-17
3.9393939393939394,3.686868686868687,-1.0837732128107275e-17
3.9393939393939394,3.7373737373737375,-9.562330557177577e-18
3.9393939393939394,3.7878787878787876,-8.046701988964231e-18
3.9393939393939394,3.8383838383838382,-6.328922381808367e-18
3.9393939393939394,3.888888888888889,-4.452146177459793e-18
3.9393939393939394,3.9393939393939394,-2.463522165583143e-18
3.9393939393939394,3.9898989898989896,-4.1300900136639575e-19
3.9393939393939394,4.040404040404041,1.647879866938026e-18
3.9393939393939394,4.090909090909091,3.667370330329328e-18
3.9393939393939394,4.141414141414141,5.594728299752322e-18
3.9393939393939394,4.191919191919192,7.381534259178324e-18
3.9393939393939394,4.242424242424242,8.982899671467194e-18
3.9393939393939394,4.292929292929293,1.0358594678191933e-17
3.9393939393939394,4.343434343434343,1.1474058763098888e-17
3.9393939393939394,4.393939393939394,1.2301268989092093e-17
3.9393939393939394,4.444444444444445,1.2819443996698104e-17
3.9393939393939394,4.494949494949495,1.3015566078005597e-17
3.9393939393939394,4.545454545454545,1.2884708210421947e-17
3.9393939393939394,4.595959595959596,1.2430157834431725e-17
3.9393939393939394,4.646464646464646,1.1663334265784929e-17
3.9393939393939394,4.696969696969697,1.060350181690422e-17
3.9393939393939394,4.747474747474747,9.27728583453916e-18
3.9393939393939394,4.797979797979798,7.71800381187699e-18
3.9393939393939394,4.848484848484849,5.964828379060783e-18
3.9393939393939394,4.898989898989899,4.061803199653448e-18
3.9393939393939394,4.94949494949495,2.0567364959152192e-18
3.9393939393939394,5.0,7.970738963714511e-33
4.040404040404041,0.0,0.0
4.040404040404041,0.050505050505050504,7.589576986239285e-19
4.040404040404041,0.10101010101010101,1.4988486929632116e-18
4.040404040404041,0.15151515151515152,2.2010852767233912e-18
4.040404040404041,0.20202020202020202,2.8480257060962267e-18
4.040404040404041,0.25252525252525254,3.4234173995755325e-18
4.040404040404041,0.30303030303030304,3.912805238928364e-18
4.040404040404041,0.35353535353535354,4.303894713893662e-18
4.040404040404041,0.40404040404040403,4.586860787606368e-18
4.040404040404041,0.45454545454545453,4.754594723361062e-18
4.040404040404041,0.5050505050505051,4.802882671878226e-18
4.040404040404041,0.5555555555555556,4.7305115325640304e-18
4.040404040404041,0.6060606060606061,4.53929942929356e-18
4.040404040404041,0.6565656565656566,4.234050035098019e-18
4.040404040404041,0.7070707070707071,3.822431893221313e-18
4.040404040404041,0.7575757575757576,3.3147857662692966e-18
4.040404040404041,0.8080808080808081,2.723864853269259e-18
4.040404040404041,0.8585858585858586,2.0645144009644763e-18
4.040404040404041,0.9090909090909091,1.353298758220291e-18
4.040404040404041,0.9595959595959596,6.080852427638986e-19
4.040404040404041,1.0101010101010102,-1.5240472554969217e-19
4.040404040404041,1.0606060606060606,-9.090659484155321e-19
4.040404040404041,1.1111111111111112,-1.642889414124283e-18
4.040404040404041,1.1616161616161615,-2.335439846186655e-18
4.040404040404041,1.2121212121212122,-2.969318838453959e-18
4.040404040404041,1.2626262626262625,-3.52860194175106e-18
4.040404040404041,1.3131313131313131,-3.999238721434112e-18
4.040404040404041,1.3636363636363635,-4.369405735537945e-18
4.040404040404041,1.4141414141414141,-4.6298035659175936e-18
4.040404040404041,1.4646464646464645,-4.773890440301408e-18
4.040404040404041,1.5151515151515151,-4.798046576150575e-18
4.040404040404041,1.5656565656565655,-4.701665117641998e-18
4.040404040404041,1.6161616161616161,-4.4871673812353914e-18
4.040404040404041,1.6666666666666667,-4.159942026822085e-18
4.040404040404041,1.7171717171717171,-3.728209682611464e-18
4.040404040404041,1.7676767676767677,-3.2028164246787866e-18
4.040404040404041,1.8181818181818181,-2.596961299427187e-18
4.040404040404041,1.8686868686868687,-1.925864734205183e-18
4.040404040404041,1.9191919191919191,-1.2063861663420634e-18
4.040404040404041,1.9696969696969697,-4.566004966095827e-19
4.040404040404041,2.0202020202020203,3.0465599245955123e-19
4.040404040404041,2.0707070707070705,1.0582588458553009e-18
4.040404040404041,2.121212121212121,1.7852758849071008e-18
4.040404040404041,2.1717171717171717,2.467442825691568e-18
4.040404040404041,2.2222222222222223,3.087622118439746e-18
4.040404040404041,2.2727272727272725,3.630233480878025e-18
4.040404040404041,2.323232323232323,4.081645309548326e-18
4.040404040404041,2.3737373737373737,4.430517135985209e-18
4.040404040404041,2.4242424242424243,4.668084524489586e-18
4.040404040404041,2.474747474747475,4.788379254233734e-18
4.040404040404041,2.525252525252525,4.788379254233734e-18
4.040404040404041,2.5757575757575757,4.668084524489587e-18
4.040404040404041,2.6262626262626263,4.43051713598521e-18
4.040404040404041,2.676767676767677,4.0816453095483285e-18
4.040404040404041,2.727272727272727,3.630233480878032e-18
4.040404040404041,2.7777777777777777,3.087622118439752e-18
4.040404040404041,2.8282828282828283,2.4674428256915736e-18
4.040404040404041,2.878787878787879,1.7852758849071077e-18
4.040404040404041,2.929292929292929,1.0582588458553078e-18
4.040404040404041,2.9797979797979797,3.046559924595499e-19
4.040404040404041,3.0303030303030303,-4.56600496609584e-19
4.040404040404041,3.080808080808081,-1.2063861663420648e-18
4.040404040404041,3.131313131313131,-1.9258647342051764e-18
4.040404040404041,3.1818181818181817,-2.596961299427181e-18
4.040404040404041,3.2323232323232323,-3.2028164246787847e-18
4.040404040404041,3.282828282828283,-3.728209682611462e-18
4.040404040404041,3.3333333333333335,-4.159942026822085e-18
4.040404040404041,3.3838383838383836,-4.487167381235389e-18
4.040404040404041,3.4343434343434343,-4.701665117641997e-18
4.040404040404041,3.484848484848485,-4.798046576150575e-18
4.040404040404041,3.5353535353535355,-4.7738904403014084e-18
4.040404040404041,3.5858585858585856,-4.6298035659175975e-18
4.040404040404041,3.6363636363636362,-4.36940573553795e-18
4.040404040404041,3.686868686868687,-3.999238721434116e-18
4.040404040404041,3.7373737373737375,-3.528601941751064e-18
4.040404040404041,3.7878787878787876,-2.9693188384539608e-18
4.040404040404041,3.8383838383838382,-2.3354398461866577e-18
4.040404040404041,3.888888888888889,-1.6428894141242838e-18
4.040404040404041,3.9393939393939394,-9.09065948415533e-19
4.040404040404041,3.9898989898989896,-1.5240472554969725e-19
4.040404040404041,4.040404040404041,6.080852427639019e-19
4.040404040404041,4.090909090909091,1.3532987582202861e-18
4.040404040404041,4.141414141414141,2.0645144009644663e-18
4.040404040404041,4.191919191919192,2.7238648532692577e-18
4.040404040404041,4.242424242424242,3.314785766269292e-18
4.040404040404041,4.292929292929293,3.822431893221313e-18
4.040404040404041,4.343434343434343,4.2340500350980166e-18
4.040404040404041,4.393939393939394,4.539299429293557e-18
4.040404040404041,4.444444444444445,4.7305115325640304e-18
4.040404040404041,4.494949494949495,4.802882671878225e-18
4.040404040404041,4.545454545454545,4.754594723361064e-18
4.040404040404041,4.595959595959596,4.586860787606369e-18
4.040404040404041,4.646464646464646,4.3038947138936635e-18
4.040404040404041,4.696969696969697,3.91280523892836e-18
4.040404040404041,4.747474747474747,3.4234173995755336e-18
4.040404040404041,4.797979797979798,2.8480257060962344e-18
4.040404040404041,4.848484848484849,2.20108527672339e-18
4.040404040404041,4.898989898989899,1.498848692963217e-18
4.040404040404041,4.94949494949495,7.589576986239245e-19
4.040404040404041,5.0,2.9412876721190705e-33
4.141414141414141,0.0,0.0
4.141414141414141,0.050505050505050504,2.800634837980115e-19
4.141414141414141,0.10101010101010101,5.530911504006958e-19
4.141414141414141,0.15151515151515152,8.122239379788115e-19
4.141414141414141,0.20202020202020202,1.0509518549476286e-18
4.141414141414141,0.25252525252525254,1.263277525424952e-18
4.141414141414141,0.30303030303030304,1.4438668566433312e-18
4.141414141414141,0.35353535353535354,1.5881830432161875e-18
4.141414141414141,0.40404040404040403,1.6926005417728413e-18
4.141414141414141,0.45454545454545453,1.754496152666287e-18
4.141414141414141,0.5050505050505051,1.772314920578775e-18
4.141414141414141,0.5555555555555556,1.745609198455508e-18
4.141414141414141,0.6060606060606061,1.6750498933936217e-18
4.141414141414141,0.6565656565656566,1.5624096119647135e-18
4.141414141414141,0.7070707070707071,1.4105181283978848e-18
4.141414141414141,0.7575757575757576,1.2231912943615158e-18
4.141414141414141,0.8080808080808081,1.0051351762880671e-18
4.141414141414141,0.8585858585858586,7.618278285253653e-19
4.141414141414141,0.9090909090909091,4.99381672435608e-19
4.141414141414141,0.9595959595959596,2.243899387849858e-19
4.141414141414141,1.0101010101010102,-5.623896886758702e-20
4.141414141414141,1.0606060606060606,-3.3545502862281716e-19
4.141414141414141,1.1111111111111112,-6.062437124608598e-19
4.141414141414141,1.1616161616161615,-8.618022067759879e-19
4.141414141414141,1.2121212121212122,-1.0957103141746324e-18
4.141414141414141,1.2626262626262625,-1.3020917431037346e-18
4.141414141414141,1.3131313131313131,-1.4757617333554906e-18
4.141414141414141,1.3636363636363635,-1.6123573087676544e-18
4.141414141414141,1.4141414141414141,-1.7084468848820996e-18
4.141414141414141,1.4646464646464645,-1.7616164779736018e-18
4.141414141414141,1.5151515151515151,-1.770530349686455e-18
4.141414141414141,1.5656565656565655,-1.73496456375084e-18
4.141414141414141,1.6161616161616161,-1.6558126117596545e-18
4.141414141414141,1.6666666666666667,-1.5350629666737824e-18
4.141414141414141,1.7171717171717171,-1.3757491279616435e-18
4.141414141414141,1.7676767676767677,-1.1818734133501443e-18
4.141414141414141,1.8181818181818181,-9.583064117076446e-19
4.141414141414141,1.8686868686868687,-7.10664623025974e-19
4.141414141414141,1.9191919191919191,-4.451693594571484e-19
4.141414141414141,1.9696969696969697,-1.6849045212432363e-19
4.141414141414141,2.0202020202020203,1.1242130986069766e-19
4.141414141414141,2.0707070707070705,3.9050879866910426e-19
4.141414141414141,2.121212121212121,6.587858384916537e-19
4.141414141414141,2.1717171717171717,9.10512713802786e-19
4.141414141414141,2.2222222222222223,1.1393654859946478e-18
4.141414141414141,2.2727272727272725,1.3395948647708033e-18
4.141414141414141,2.323232323232323,1.5061706430971263e-18
4.141414141414141,2.3737373737373737,1.63490806718287e-18
4.141414141414141,2.4242424242424243,1.7225729667971234e-18
4.141414141414141,2.474747474747475,1.766963004813432e-18
4.141414141414141,2.525252525252525,1.766963004813432e-18
4.141414141414141,2.5757575757575757,1.7225729667971236e-18
4.141414141414141,2.6262626262626263,1.6349080671828704e-18
4.141414141414141,2.676767676767677,1.5061706430971269e-18
4.141414141414141,2.727272727272727,1.339594864770806e-18
4.141414141414141,2.7777777777777777,1.1393654859946501e-18
4.141414141414141,2.8282828282828283,9.105127138027882e-19
4.141414141414141,2.878787878787879,6.587858384916561e-19
4.141414141414141,2.929292929292929,3.9050879866910686e-19
4.141414141414141,2.9797979797979797,1.1242130986069715e-19
4.141414141414141,3.0303030303030303,-1.6849045212432411e-19
4.141414141414141,3.080808080808081,-4.451693594571489e-19
4.141414141414141,3.131313131313131,-7.106646230259716e-19
4.141414141414141,3.1818181818181817,-9.583064117076424e-19
4.141414141414141,3.2323232323232323,-1.1818734133501435e-18
4.141414141414141,3.282828282828283,-1.3757491279616427e-18
4.141414141414141,3.3333333333333335,-1.5350629666737826e-18
4.141414141414141,3.3838383838383836,-1.6558126117596535e-18
4.141414141414141,3.4343434343434343,-1.7349645637508396e-18
4.141414141414141,3.484848484848485,-1.770530349686455e-18
4.141414141414141,3.5353535353535355,-1.761616477973602e-18
4.141414141414141,3.5858585858585856,-1.7084468848821007e-18
4.141414141414141,3.6363636363636362,-1.6123573087676561e-18
4.141414141414141,3.686868686868687,-1.475761733355492e-18
4.141414141414141,3.7373737373737375,-1.3020917431037363e-18
4.141414141414141,3.7878787878787876,-1.0957103141746332e-18
4.141414141414141,3.8383838383838382,-8.618022067759889e-19
4.141414141414141,3.888888888888889,-6.062437124608601e-19
4.141414141414141,3.9393939393939394,-3.3545502862281745e-19
4.141414141414141,3.9898989898989896,-5.623896886758889e-20
4.141414141414141,4.040404040404041,2.24389938784987e-19
4.141414141414141,4.090909090909091,4.993816724356062e-19
4.141414141414141,4.141414141414141,7.618278285253616e-19
4.141414141414141,4.191919191919192,1.0051351762880667e-18
4.141414141414141,4.242424242424242,1.223191294361514e-18
4.141414141414141,4.292929292929293,1.410518128397885e-18
4.141414141414141,4.343434343434343,1.5624096119647127e-18
4.141414141414141,4.393939393939394,1.6750498933936204e-18
4.141414141414141,4.444444444444445,1.745609198455508e-18
4.141414141414141,4.494949494949495,1.772314920578775e-18
4.141414141414141,4.545454545454545,1.7544961526662875e-18
4.141414141414141,4.595959595959596,1.6926005417728418e-18
4.141414141414141,4.646464646464646,1.5881830432161883e-18
4.141414141414141,4.696969696969697,1.44386685664333e-18
4.141414141414141,4.747474747474747,1.2632775254249524e-18
4.141414141414141,4.797979797979798,1.0509518549476313e-18
4.141414141414141,4.848484848484849,8.12223937978811e-19
4.141414141414141,4.898989898989899,5.530911504006977e-19
4.141414141414141,4.94949494949495,2.8006348379801e-19
4.141414141414141,5.0,1.0853665148918737e-33
4.242424242424242,0.0,0.0
4.242424242424242,0.050505050505050504,1.0334641192689732e-19
4.242424242424242,0.10101010101010101,2.0409653228357673e-19
4.242424242424242,0.15151515151515152,2.9971929411470436e-19
4.242424242424242,0.20202020202020202,3.878124411074173e-19
4.242424242424242,0.25252525252525254,4.661628776092714e-19
4.242424242424242,0.30303030303030304,5.328022665099604e-19
4.242424242424242,0.35353535353535354,5.860564782444474e-19
4.242424242424242,0.40404040404040403,6.245876486486369e-19
4.242424242424242,0.45454545454545453,6.474277890807771e-19
4.242424242424242,0.5050505050505051,6.540031044476384e-19
4.242424242424242,0.5555555555555556,6.441484082125985e-19
4.242424242424242,0.6060606060606061,6.18111272248595e-19
4.242424242424242,0.6565656565656566,5.765458072824113e-19
4.242424242424242,0.7070707070707071,5.204962301793628e-19
4.242424242424242,0.7575757575757576,4.513706308947139e-19
4.242424242424242,0.8080808080808081,3.7090559812431596e-19
4.242424242424242,0.8585858585858586,2.8112259233674186e-19
4.242424242424242,0.9090909090909091,1.8427716219332297e-19
4.242424242424242,0.9595959595959596,8.280228015248686e-20
4.242424242424242,1.0101010101010102,-2.0752779206036817e-20
4.242424242424242,1.0606060606060606,-1.2378648262479744e-19
4.242424242424242,1.1111111111111112,-2.237103944663433e-19
4.242424242424242,1.1616161616161615,-3.1801420396960997e-19
4.242424242424242,1.2121212121212122,-4.0432878983577667e-19
4.242424242424242,1.2626262626262625,-4.80485737821011e-19
4.242424242424242,1.3131313131313131,-5.445718161218967e-19
4.242424242424242,1.3636363636363635,-5.949770400107716e-19
4.242424242424242,1.4141414141414141,-6.304351182305174e-19
4.242424242424242,1.4646464646464645,-6.500552650454551e-19
4.242424242424242,1.5151515151515151,-6.533445787589288e-19
4.242424242424242,1.5656565656565655,-6.402204244994723e-19
4.242424242424242,1.6161616161616161,-6.110125101924479e-19
4.242424242424242,1.6666666666666667,-5.6645460356413715e-19
4.242424242424242,1.7171717171717171,-5.076660982655507e-19
4.242424242424242,1.7676767676767677,-4.361238922158956e-19
4.242424242424242,1.8181818181818181,-3.536252846442249e-19
4.242424242424242,1.8686868686868687,-2.622428239380381e-19
4.242424242424242,1.9191919191919191,-1.6427224062124636e-19
4.242424242424242,1.9696969696969697,-6.217477350081138e-20
4.242424242424242,2.0202020202020203,4.148466212255092e-20
4.242424242424242,2.0707070707070705,1.4410191082762502e-19
4.242424242424242,2.121212121212121,2.4309899924500006e-19
4.242424242424242,2.1717171717171717,3.3598890047802798e-19
4.242424242424242,2.2222222222222223,4.2043801374625505e-19
4.242424242424242,2.2727272727272725,4.943247896237971e-19
4.242424242424242,2.323232323232323,5.557930280763745e-19
4.242424242424242,2.3737373737373737,6.032985103318494e-19
4.242424242424242,2.4242424242424243,6.356477930880367e-19
4.242424242424242,2.474747474747475,6.520281904610577e-19
4.242424242424242,2.525252525252525,6.520281904610577e-19
4.242424242424242,2.5757575757575757,6.356477930880368e-19
4.242424242424242,2.6262626262626263,6.032985103318496e-19
4.242424242424242,2.676767676767677,5.557930280763747e-19
4.242424242424242,2.727272727272727,4.943247896237981e-19
4.242424242424242,2.7777777777777777,4.204380137462558e-19
4.242424242424242,2.8282828282828283,3.359889004780288e-19
4.242424242424242,2.878787878787879,2.4309899924500098e-19
4.242424242424242,2.929292929292929,1.4410191082762598e-19
4.242424242424242,2.9797979797979797,4.148466212255074e-20
4.242424242424242,3.0303030303030303,-6.217477350081155e-20
4.242424242424242,3.080808080808081,-1.6427224062124652e-19
4.242424242424242,3.131313131313131,-2.622428239380372e-19
4.242424242424242,3.1818181818181817,-3.5362528464422415e-19
4.242424242424242,3.2323232323232323,-4.361238922158953e-19
4.242424242424242,3.282828282828283,-5.076660982655504e-19
4.242424242424242,3.3333333333333335,-5.664546035641372e-19
4.242424242424242,3.3838383838383836,-6.110125101924475e-19
4.242424242424242,3.4343434343434343,-6.402204244994721e-19
4.242424242424242,3.484848484848485,-6.533445787589288e-19
4.242424242424242,3.5353535353535355,-6.500552650454551e-19
4.242424242424242,3.5858585858585856,-6.304351182305179e-19
4.242424242424242,3.6363636363636362,-5.949770400107722e-19
4.242424242424242,3.686868686868687,-5.445718161218973e-19
4.242424242424242,3.7373737373737375,-4.804857378210116e-19
4.242424242424242,3.7878787878787876,-4.0432878983577696e-19
4.242424242424242,3.8383838383838382,-3.1801420396961035e-19
4.242424242424242,3.888888888888889,-2.237103944663434e-19
4.242424242424242,3.9393939393939394,-1.2378648262479756e-19
4.242424242424242,3.9898989898989896,-2.0752779206037506e-20
4.242424242424242,4.040404040404041,8.280228015248732e-20
4.242424242424242,4.090909090909091,1.8427716219332232e-19
4.242424242424242,4.141414141414141,2.811225923367405e-19
4.242424242424242,4.191919191919192,3.709055981243158e-19
4.242424242424242,4.242424242424242,4.513706308947132e-19
4.242424242424242,4.292929292929293,5.204962301793629e-19
4.242424242424242,4.343434343434343,5.76545807282411e-19
4.242424242424242,4.393939393939394,6.181112722485945e-19
4.242424242424242,4.444444444444445,6.441484082125985e-19
4.242424242424242,4.494949494949495,6.540031044476383e-19
4.242424242424242,4.545454545454545,6.474277890807773e-19
4.242424242424242,4.595959595959596,6.245876486486372e-19
4.242424242424242,4.646464646464646,5.860564782444477e-19
4.242424242424242,4.696969696969697,5.328022665099599e-19
4.242424242424242,4.747474747474747,4.661628776092715e-19
4.242424242424242,4.797979797979798,3.878124411074183e-19
4.242424242424242,4.848484848484849,2.9971929411470417e-19
4.242424242424242,4.898989898989899,2.0409653228357746e-19
4.242424242424242,4.94949494949495,1.0334641192689678e-19
4.242424242424242,5.0,4.005118176012382e-34
4.343434343434343,0.0,0.0
4.343434343434343,0.050505050505050504,3.813592801647415e-20
4.343434343434343,0.10101010101010101,7.531379675846042e-20
4.343434343434343,0.15151515151515152,1.1059961552987383e-19
4.343434343434343,0.20202020202020202,1.4310692613524975e-19
4.343434343434343,0.25252525252525254,1.7201907267989794e-19
4.343434343434343,0.30303030303030304,1.9660971778111486e-19
4.343434343434343,0.35353535353535354,2.1626108977762926e-19
4.343434343434343,0.40404040404040403,2.304795025268215e-19
4.343434343434343,0.45454545454545453,2.389077578979164e-19
4.343434343434343,0.5050505050505051,2.4133411938295383e-19
4.343434343434343,0.5555555555555556,2.3769763138848397e-19
4.343434343434343,0.6060606060606061,2.280896505755579e-19
4.343434343434343,0.6565656565656566,2.12751550777348e-19
4.343434343434343,0.7070707070707071,1.9206865915197012e-19
4.343434343434343,0.7575757575757576,1.6656057590782499e-19
4.343434343434343,0.8080808080808081,1.3686812079147585e-19
4.343434343434343,0.8585858585858586,1.0373723427129783e-19
4.343434343434343,0.9090909090909091,6.800023785495036e-20
4.343434343434343,0.9595959595959596,3.05549243231474e-20
4.343434343434343,1.0101010101010102,-7.657996820470379e-21
4.343434343434343,1.0606060606060606,-4.5678532062932445e-20
4.343434343434343,1.1111111111111112,-8.255152105271196e-20
4.343434343434343,1.1616161616161615,-1.1735063235073917e-19
4.343434343434343,1.2121212121212122,-1.492016349350602e-19
4.343434343434343,1.2626262626262625,-1.773043608272145e-19
4.343434343434343,1.3131313131313131,-2.0095280709034621e-19
4.343434343434343,1.3636363636363635,-2.19552872192172e-19
4.343434343434343,1.4141414141414141,-2.326372811559514e-19
4.343434343434343,1.4646464646464645,-2.398773245464891e-19
4.343434343434343,1.5151515151515151,-2.410911163817525e-19
4.343434343434343,1.5656565656565655,-2.362481635130088e-19
4.343434343434343,1.6161616161616161,-2.2547013168049647e-19
4.343434343434343,1.6666666666666667,-2.0902778899961064e-19
4.343434343434343,1.7171717171717171,-1.8733420366402238e-19
4.343434343434343,1.7676767676767677,-1.6093436675454838e-19
4.343434343434343,1.8181818181818181,-1.3049150085187886e-19
4.343434343434343,1.8686868686868687,-9.677039841123947e-20
4.343434343434343,1.9191919191919191,-6.061820847605358e-20
4.343434343434343,1.9696969696969697,-2.2943154411057187e-20
4.343434343434343,2.0202020202020203,1.5308282687283138e-20
4.343434343434343,2.0707070707070705,5.3175141699606665e-20
4.343434343434343,2.121212121212121,8.970612296285608e-20
4.343434343434343,2.1717171717171717,1.239834870322145e-19
4.343434343434343,2.2222222222222223,1.5514611033577196e-19
4.343434343434343,2.2727272727272725,1.8241111851262523e-19
4.343434343434343,2.323232323232323,2.050935539568776e-19
4.343434343434343,2.3737373737373737,2.2262358347511744e-19
4.343434343434343,2.4242424242424243,2.345608137627753e-19
4.343434343434343,2.474747474747475,2.406053550627736e-19
4.343434343434343,2.525252525252525,2.406053550627736e-19
4.343434343434343,2.5757575757575757,2.345608137627753e-19
4.343434343434343,2.6262626262626263,2.226235834751175e-19
4.343434343434343,2.676767676767677,2.050935539568777e-19
4.343434343434343,2.727272727272727,1.8241111851262562e-19
4.343434343434343,2.7777777777777777,1.5514611033577227e-19
4.343434343434343,2.8282828282828283,1.239834870322148e-19
4.343434343434343,2.878787878787879,8.970612296285641e-20
4.343434343434343,2.929292929292929,5.3175141699607014e-20
4.343434343434343,2.9797979797979797,1.5308282687283072e-20
4.343434343434343,3.0303030303030303,-2.294315441105725e-20
4.343434343434343,3.080808080808081,-6.061820847605365e-20
4.343434343434343,3.131313131313131,-9.677039841123915e-20
4.343434343434343,3.1818181818181817,-1.3049150085187857e-19
4.343434343434343,3.2323232323232323,-1.6093436675454829e-19
4.343434343434343,3.282828282828283,-1.8733420366402228e-19
4.343434343434343,3.3333333333333335,-2.0902778899961066e-19
4.343434343434343,3.3838383838383836,-2.2547013168049633e-19
4.343434343434343,3.4343434343434343,-2.3624816351300873e-19
4.343434343434343,3.484848484848485,-2.410911163817525e-19
4.343434343434343,3.5353535353535355,-2.398773245464891e-19
4.343434343434343,3.5858585858585856,-2.3263728115595156e-19
4.343434343434343,3.6363636363636362,-2.1955287219217225e-19
4.343434343434343,3.686868686868687,-2.009528070903464e-19
4.343434343434343,3.7373737373737375,-1.7730436082721474e-19
4.343434343434343,3.7878787878787876,-1.492016349350603e-19
4.343434343434343,3.8383838383838382,-1.1735063235073931e-19
4.343434343434343,3.888888888888889,-8.2551521052712e-20
4.343434343434343,3.9393939393939394,-4.5678532062932487e-20
4.343434343434343,3.9898989898989896,-7.657996820470633e-21
4.343434343434343,4.040404040404041,3.0554924323147566e-20
4.343434343434343,4.090909090909091,6.800023785495012e-20
4.343434343434343,4.141414141414141,1.0373723427129733e-19
4.343434343434343,4.191919191919192,1.368681207914758e-19
4.343434343434343,4.242424242424242,1.6656057590782475e-19
4.343434343434343,4.292929292929293,1.9206865915197014e-19
4.343434343434343,4.343434343434343,2.127515507773479e-19
4.343434343434343,4.393939393939394,2.280896505755577e-19
4.343434343434343,4.444444444444445,2.3769763138848397e-19
4.343434343434343,4.494949494949495,2.413341193829538e-19
4.343434343434343,4.545454545454545,2.3890775789791645e-19
4.343434343434343,4.595959595959596,2.3047950252682157e-19
4.343434343434343,4.646464646464646,2.1626108977762936e-19
4.343434343434343,4.696969696969697,1.9660971778111472e-19
4.343434343434343,4.747474747474747,1.7201907267989799e-19
4.343434343434343,4.797979797979798,1.431069261352501e-19
4.343434343434343,4.848484848484849,1.1059961552987376e-19
4.343434343434343,4.898989898989899,7.531379675846069e-20
4.343434343434343,4.94949494949495,3.813592801647395e-20
4.343434343434343,5.0,1.4779313147893435e-34
4.444444444444445,0.0,0.0
4.444444444444445,0.050505050505050504,1.40725640935308e-20
4.444444444444445,0.10101010101010101,2.779159409868677e-20
4.444444444444445,0.15151515151515152,4.08124374891746e-20
4.444444444444445,0.20202020202020202,5.2807981738283995e-20
4.444444444444445,0.25252525252525254,6.347687211261436e-20
4.444444444444445,0.30303030303030304,7.255108237278305e-20
4.444444444444445,0.35353535353535354,7.980264818828653e-20
4.444444444444445,0.40404040404040403,8.504939410816678e-20
4.444444444444445,0.45454545454545453,8.815951021325126e-20
4.444444444444445,0.5050505050505051,8.905486347428934e-20
4.444444444444445,0.5555555555555556,8.77129606273093e-20
4.444444444444445,0.6060606060606061,8.416751325440393e-20
4.444444444444445,0.6565656565656566,7.850759087385932e-20
4.444444444444445,0.7070707070707071,7.087538331588545e-20
4.444444444444445,0.7575757575757576,6.146262859804342e-20
4.444444444444445,0.8080808080808081,5.0505796040078514e-20
4.444444444444445,0.8585858585858586,3.828014562902011e-20
4.444444444444445,0.9090909090909091,2.50928128765018e-20
4.444444444444445,0.9595959595959596,1.127509289205516e-20
4.444444444444445,1.0101010101010102,-2.8258824863936826e-21
4.444444444444445,1.0606060606060606,-1.6855865415844408e-20
4.444444444444445,1.1111111111111112,-3.046239154140694e-20
4.444444444444445,1.1616161616161615,-4.330363468429968e-20
4.444444444444445,1.2121212121212122,-5.505699427521998e-20
4.444444444444445,1.2626262626262625,-6.54271997976719e-20
4.444444444444445,1.3131313131313131,-7.415372863962319e-20
4.444444444444445,1.3636363636363635,-8.101735100056891e-20
4.444444444444445,1.4141414141414141,-8.584563743139114e-20
4.444444444444445,1.4646464646464645,-8.851729064537016e-20
4.444444444444445,1.5151515151515151,-8.896519277562826e-20
4.444444444444445,1.5656565656565655,-8.717809152512497e-20
4.444444444444445,1.6161616161616161,-8.32008828493685e-20
4.444444444444445,1.6666666666666667,-7.713348307022565e-20
4.444444444444445,1.7171717171717171,-6.912831875583773e-20
4.444444444444445,1.7676767676767677,-5.93864974264382e-20
4.444444444444445,1.8181818181818181,-4.8152755286453715e-20
4.444444444444445,1.8686868686868687,-3.57093089070862e-20
4.444444444444445,1.9191919191919191,-2.2368765318776812e-20
4.444444444444445,1.9696969696969697,-8.466268627785891e-21
4.444444444444445,2.0202020202020203,5.648919548663368e-21
4.444444444444445,2.0707070707070705,1.9622194310494765e-20
4.444444444444445,2.121212121212121,3.3102515938031225e-20
4.444444444444445,2.1717171717171717,4.5751228789989605e-20
4.444444444444445,2.2222222222222223,5.725056908590235e-20
4.444444444444445,2.2727272727272725,6.731164783855945e-20
4.444444444444445,2.323232323232323,7.568170838746564e-20
4.444444444444445,2.3737373737373737,8.215047620794057e-20
4.444444444444445,2.4242424242424243,8.655544147454519e-20
4.444444444444445,2.474747474747475,8.87859416690986e-20
4.444444444444445,2.525252525252525,8.87859416690986e-20
4.444444444444445,2.5757575757575757,8.65554414745452e-20
4.444444444444445,2.6262626262626263,8.21504762079406e-20
4.444444444444445,2.676767676767677,7.568170838746566e-20
4.444444444444445,2.727272727272727,6.731164783855959e-20
4.444444444444445,2.7777777777777777,5.725056908590246e-20
4.444444444444445,2.8282828282828283,4.5751228789989713e-20
4.444444444444445,2.878787878787879,3.310251593803135e-20
4.444444444444445,2.929292929292929,1.9622194310494898e-20
4.444444444444445,2.9797979797979797,5.648919548663343e-21
4.444444444444445,3.0303030303030303,-8.466268627785915e-21
4.444444444444445,3.080808080808081,-2.2368765318776836e-20
4.444444444444445,3.131313131313131,-3.570930890708608e-20
4.444444444444445,3.1818181818181817,-4.8152755286453607e-20
4.444444444444445,3.2323232323232323,-5.938649742643816e-20
4.444444444444445,3.282828282828283,-6.912831875583768e-20
4.444444444444445,3.3333333333333335,-7.713348307022566e-20
4.444444444444445,3.3838383838383836,-8.320088284936845e-20
4.444444444444445,3.4343434343434343,-8.717809152512493e-20
4.444444444444445,3.484848484848485,-8.896519277562826e-20
4.444444444444445,3.5353535353535355,-8.851729064537017e-20
4.444444444444445,3.5858585858585856,-8.58456374313912e-20
4.444444444444445,3.6363636363636362,-8.101735100056901e-20
4.444444444444445,3.686868686868687,-7.415372863962325e-20
4.444444444444445,3.7373737373737375,-6.542719979767198e-20
4.444444444444445,3.7878787878787876,-5.505699427522002e-20
4.444444444444445,3.8383838383838382,-4.330363468429973e-20
4.444444444444445,3.888888888888889,-3.046239154140696e-20
4.444444444444445,3.9393939393939394,-1.6855865415844423e-20
4.444444444444445,3.9898989898989896,-2.8258824863937766e-21
4.444444444444445,4.040404040404041,1.1275092892055222e-20
4.444444444444445,4.090909090909091,2.509281287650171e-20
4.444444444444445,4.141414141414141,3.828014562901992e-20
4.444444444444445,4.191919191919192,5.0505796040078496e-20
4.444444444444445,4.242424242424242,6.146262859804332e-20
4.444444444444445,4.292929292929293,7.087538331588545e-20
4.444444444444445,4.343434343434343,7.850759087385928e-20
4.444444444444445,4.393939393939394,8.416751325440386e-20
4.444444444444445,4.444444444444445,8.77129606273093e-20
4.444444444444445,4.494949494949495,8.905486347428933e-20
4.444444444444445,4.545454545454545,8.815951021325128e-20
4.444444444444445,4.595959595959596,8.504939410816682e-20
4.444444444444445,4.646464646464646,7.980264818828656e-20
4.444444444444445,4.696969696969697,7.255108237278299e-20
4.444444444444445,4.747474747474747,6.347687211261437e-20
4.444444444444445,4.797979797979798,5.2807981738284133e-20
4.444444444444445,4.848484848484849,4.081243748917458e-20
4.444444444444445,4.898989898989899,2.779159409868687e-20
4.444444444444445,4.94949494949495,1.4072564093530724e-20
4.444444444444445,5.0,5.453724148059209e-35
4.545454545454545,0.0,0.0
4.545454545454545,0.050505050505050504,5.192926210710925e-21
4.545454545454545,0.10101010101010101,1.0255394572965832e-20
4.545454545454545,0.15151515151515152,1.5060224629423688e-20
4.545454545454545,0.20202020202020202,1.9486708369624142e-20
4.545454545454545,0.25252525252525254,2.342364268350163e-20
4.545454545454545,0.30303030303030304,2.6772123030675465e-20
4.545454545454545,0.35353535353535354,2.9448028142334134e-20
4.545454545454545,0.40404040404040403,3.138413333447974e-20
4.545454545454545,0.45454545454545453,3.253179934140678e-20
4.545454545454545,0.5050505050505051,3.28621942421646e-20
4.545454545454545,0.5555555555555556,3.236701778249485e-20
4.545454545454545,0.6060606060606061,3.1058709895667015e-20
4.545454545454545,0.6565656565656566,2.8970138183705093e-20
4.545454545454545,0.7070707070707071,2.615377221017166e-20
4.545454545454545,0.7575757575757576,2.2680365348109826e-20
4.545454545454545,0.8080808080808081,1.86371772980527e-20
4.545454545454545,0.8585858585858586,1.4125781930398336e-20
4.545454545454545,0.9090909090909091,9.259515524022552e-21
4.545454545454545,0.9595959595959596,4.160629507046952e-21
4.545454545454545,1.0101010101010102,-1.0427807707572404e-21
4.545454545454545,1.0606060606060606,-6.21999407786621e-21
4.545454545454545,1.1111111111111112,-1.1240947308886717e-20
4.545454545454545,1.1616161616161615,-1.5979502958847786e-20
4.545454545454545,1.2121212121212122,-2.0316617977684922e-20
4.545454545454545,1.2626262626262625,-2.41433343962483e-20
4.545454545454545,1.3131313131313131,-2.7363516592663077e-20
4.545454545454545,1.3636363636363635,-2.989626643282629e-20
4.545454545454545,1.4141414141414141,-3.1677955611343703e-20
4.545454545454545,1.4646464646464645,-3.2663824135984465e-20
4.545454545454545,1.5151515151515151,-3.2829104798171665e-20
4.545454545454545,1.5656565656565655,-3.2169645380310563e-20
4.545454545454545,1.6161616161616161,-3.0702012968723463e-20
4.545454545454545,1.6666666666666667,-2.8463077751618524e-20
4.545454545454545,1.7171717171717171,-2.5509086758012548e-20
4.545454545454545,1.7676767676767677,-2.191425080734473e-20
4.545454545454545,1.8181818181818181,-1.7768880168748e-20
4.545454545454545,1.8686868686868687,-1.3177115766360334e-20
4.545454545454545,1.9191919191919191,-8.254312927842087e-21
4.545454545454545,1.9696969696969697,-3.1241434021508336e-21
4.545454545454545,2.0202020202020203,2.0845115496710693e-21
4.545454545454545,2.0707070707070705,7.240798938231395e-21
4.545454545454545,2.121212121212121,1.2215181363721836e-20
4.545454545454545,2.1717171717171717,1.688269128331679e-20
4.545454545454545,2.2222222222222223,2.1126070473608125e-20
4.545454545454545,2.2727272727272725,2.483871581780078e-20
4.545454545454545,2.323232323232323,2.7927357412947853e-20
4.545454545454545,2.3737373737373737,3.03144017172186e-20
4.545454545454545,2.4242424242424243,3.193988087213237e-20
4.545454545454545,2.474747474747475,3.2762959228451027e-20
4.545454545454545,2.525252525252525,3.2762959228451027e-20
4.545454545454545,2.5757575757575757,3.1939880872132375e-20
4.545454545454545,2.6262626262626263,3.031440171721861e-20
4.545454545454545,2.676767676767677,2.7927357412947865e-20
4.545454545454545,2.727272727272727,2.4838715817800832e-20
4.545454545454545,2.7777777777777777,2.1126070473608164e-20
4.545454545454545,2.8282828282828283,1.6882691283316834e-20
4.545454545454545,2.878787878787879,1.2215181363721881e-20
4.545454545454545,2.929292929292929,7.240798938231443e-21
4.545454545454545,2.9797979797979797,2.0845115496710602e-21
4.545454545454545,3.0303030303030303,-3.1241434021508423e-21
4.545454545454545,3.080808080808081,-8.254312927842096e-21
4.545454545454545,3.131313131313131,-1.317711576636029e-20
4.545454545454545,3.1818181818181817,-1.7768880168747957e-20
4.545454545454545,3.2323232323232323,-2.191425080734472e-20
4.545454545454545,3.282828282828283,-2.5509086758012533e-20
4.545454545454545,3.3333333333333335,-2.8463077751618524e-20
4.545454545454545,3.3838383838383836,-3.0702012968723445e-20
4.545454545454545,3.4343434343434343,-3.216964538031055e-20
4.545454545454545,3.484848484848485,-3.2829104798171665e-20
4.545454545454545,3.5353535353535355,-3.2663824135984465e-20
4.545454545454545,3.5858585858585856,-3.167795561134373e-20
4.545454545454545,3.6363636363636362,-2.989626643282632e-20
4.545454545454545,3.686868686868687,-2.73635165926631e-20
4.545454545454545,3.7373737373737375,-2.4143334396248332e-20
4.545454545454545,3.7878787878787876,-2.0316617977684937e-20
4.545454545454545,3.8383838383838382,-1.5979502958847804e-20
4.545454545454545,3.888888888888889,-1.1240947308886723e-20
4.545454545454545,3.9393939393939394,-6.219994077866215e-21
4.545454545454545,3.9898989898989896,-1.042780770757275e-21
4.545454545454545,4.040404040404041,4.160629507046975e-21
4.545454545454545,4.090909090909091,9.259515524022519e-21
4.545454545454545,4.141414141414141,1.4125781930398267e-20
4.545454545454545,4.191919191919192,1.863717729805269e-20
4.545454545454545,4.242424242424242,2.2680365348109793e-20
4.545454545454545,4.292929292929293,2.6153772210171662e-20
4.545454545454545,4.343434343434343,2.897013818370508e-20
4.545454545454545,4.393939393939394,3.105870989566699e-20
4.545454545454545,4.444444444444445,3.236701778249485e-20
4.545454545454545,4.494949494949495,3.2862194242164596e-20
4.545454545454545,4.545454545454545,3.253179934140679e-20
4.545454545454545,4.595959595959596,3.138413333447975e-20
4.545454545454545,4.646464646464646,2.9448028142334146e-20
4.545454545454545,4.696969696969697,2.677212303067544e-20
4.545454545454545,4.747474747474747,2.342364268350164e-20
4.545454545454545,4.797979797979798,1.9486708369624193e-20
4.545454545454545,4.848484848484849,1.506022462942368e-20
4.545454545454545,4.898989898989899,1.0255394572965868e-20
4.545454545454545,4.94949494949495,5.1929262107108975e-21
4.545454545454545,5.0,2.0124823654178936e-35
4.646464646464646,0.0,0.0
4.646464646464646,0.050505050505050504,1.9162451455655414e-21
4.646464646464646,0.10101010101010101,3.784349953937548e-21
4.646464646464646,0.15151515151515152,5.5573834801917714e-21
4.646464646464646,0.20202020202020202,7.190803181320681e-21
4.646464646464646,0.25252525252525254,8.643573923916181e-21
4.646464646464646,0.30303030303030304,9.879198877927426e-21
4.646464646464646,0.35353535353535354,1.0866636398151297e-20
4.646464646464646,0.40404040404040403,1.1581079859354523e-20
4.646464646464646,0.45454545454545453,1.2004580853835908e-20
4.646464646464646,0.5050505050505051,1.2126500095320779e-20
4.646464646464646,0.5555555555555556,1.194377470147957e-20
4.646464646464646,0.6060606060606061,1.1460995140339662e-20
4.646464646464646,0.6565656565656566,1.0690289907525535e-20
4.646464646464646,0.7070707070707071,9.651020831491316e-21
4.646464646464646,0.7575757575757576,8.369296661355493e-21
4.646464646464646,0.8080808080808081,6.877317157092541e-21
4.646464646464646,0.8585858585858586,5.2125641599936214e-21
4.646464646464646,0.9090909090909091,3.41685996550447e-21
4.646464646464646,0.9595959595959596,1.5353166542075664e-21
4.646464646464646,1.0101010101010102,-3.8479722391031123e-22
4.646464646464646,1.0606060606060606,-2.2952441404950743e-21
4.646464646464646,1.1111111111111112,-4.148029422752624e-21
4.646464646464646,1.1616161616161615,-5.896606986304593e-21
4.646464646464646,1.2121212121212122,-7.497048676283522e-21
4.646464646464646,1.2626262626262625,-8.909147840219866e-21
4.646464646464646,1.3131313131313131,-1.0097429408517293e-20
4.646464646464646,1.3636363636363635,-1.1032041107049443e-20
4.646464646464646,1.4141414141414141,-1.1689503412637114e-20
4.646464646464646,1.4646464646464645,-1.205329941085718e-20
4.646464646464646,1.5151515151515151,-1.2114289737644188e-20
4.646464646464646,1.5656565656565655,-1.1870942180429272e-20
4.646464646464646,1.6161616161616161,-1.1329370170725438e-20
4.646464646464646,1.6666666666666667,-1.0503179201139965e-20
4.646464646464646,1.7171717171717171,-9.4131250251599e-21
4.646464646464646,1.7676767676767677,-8.086592226491725e-21
4.646464646464646,1.8181818181818181,-6.556906257452424e-21
4.646464646464646,1.8686868686868687,-4.862496229536502e-21
4.646464646464646,1.9191919191919191,-3.0459294887209388e-21
4.646464646464646,1.9696969696969697,-1.1528422291220204e-21
4.646464646464646,2.0202020202020203,7.692069896340087e-22
4.646464646464646,2.0707070707070705,2.67193201913464e-21
4.646464646464646,2.121212121212121,4.507532177552379e-21
4.646464646464646,2.1717171717171717,6.229893109016178e-21
4.646464646464646,2.2222222222222223,7.795745278726942e-21
4.646464646464646,2.2727272727272725,9.165750999844577e-21
4.646464646464646,2.323232323232323,1.0305492683615224e-20
4.646464646464646,2.3737373737373737,1.1186337485698879e-20
4.646464646464646,2.4242424242424243,1.178615662685996e-20
4.646464646464646,2.474747474747475,1.2089881317086159e-20
4.646464646464646,2.525252525252525,1.2089881317086159e-20
4.646464646464646,2.5757575757575757,1.1786156626859962e-20
4.646464646464646,2.6262626262626263,1.1186337485698882e-20
4.646464646464646,2.676767676767677,1.0305492683615227e-20
4.646464646464646,2.727272727272727,9.165750999844597e-21
4.646464646464646,2.7777777777777777,7.795745278726957e-21
4.646464646464646,2.8282828282828283,6.2298931090161925e-21
4.646464646464646,2.878787878787879,4.507532177552396e-21
4.646464646464646,2.929292929292929,2.6719320191346577e-21
4.646464646464646,2.9797979797979797,7.692069896340054e-22
4.646464646464646,3.0303030303030303,-1.1528422291220236e-21
4.646464646464646,3.080808080808081,-3.045929488720942e-21
4.646464646464646,3.131313131313131,-4.862496229536486e-21
4.646464646464646,3.1818181818181817,-6.5569062574524096e-21
4.646464646464646,3.2323232323232323,-8.086592226491719e-21
4.646464646464646,3.282828282828283,-9.413125025159894e-21
4.646464646464646,3.3333333333333335,-1.0503179201139965e-20
4.646464646464646,3.3838383838383836,-1.1329370170725432e-20
4.646464646464646,3.4343434343434343,-1.1870942180429269e-20
4.646464646464646,3.484848484848485,-1.2114289737644188e-20
4.646464646464646,3.5353535353535355,-1.2053299410857181e-20
4.646464646464646,3.5858585858585856,-1.1689503412637123e-20
4.646464646464646,3.6363636363636362,-1.1032041107049455e-20
4.646464646464646,3.686868686868687,-1.0097429408517302e-20
4.646464646464646,3.7373737373737375,-8.909147840219878e-21
4.646464646464646,3.7878787878787876,-7.497048676283526e-21
4.646464646464646,3.8383838383838382,-5.8966069863046e-21
4.646464646464646,3.888888888888889,-4.1480294227526256e-21
4.646464646464646,3.9393939393939394,-2.2952441404950766e-21
4.646464646464646,3.9898989898989896,-3.84797223910324e-22
4.646464646464646,4.040404040404041,1.5353166542075749e-21
4.646464646464646,4.090909090909091,3.416859965504458e-21
4.646464646464646,4.141414141414141,5.212564159993596e-21
4.646464646464646,4.191919191919192,6.877317157092538e-21
4.646464646464646,4.242424242424242,8.369296661355481e-21
4.646464646464646,4.292929292929293,9.651020831491317e-21
4.646464646464646,4.343434343434343,1.069028990752553e-20
4.646464646464646,4.393939393939394,1.1460995140339652e-20
4.646464646464646,4.444444444444445,1.194377470147957e-20
4.646464646464646,4.494949494949495,1.2126500095320777e-20
4.646464646464646,4.545454545454545,1.2004580853835911e-20
4.646464646464646,4.595959595959596,1.1581079859354526e-20
4.646464646464646,4.646464646464646,1.0866636398151303e-20
4.646464646464646,4.696969696969697,9.879198877927417e-21
4.646464646464646,4.747474747474747,8.643573923916184e-21
4.646464646464646,4.797979797979798,7.1908031813207e-21
4.646464646464646,4.848484848484849,5.557383480191768e-21
4.646464646464646,4.898989898989899,3.784349953937561e-21
4.646464646464646,4.94949494949495,1.9162451455655313e-21
4.646464646464646,5.0,7.426274525746331e-36
4.747474747474747,0.0,0.0
4.747474747474747,0.050505050505050504,7.071148922412277e-22
4.747474747474747,0.10101010101010101,1.3964654867224126e-21
4.747474747474747,0.15151515151515152,2.0507337643270104e-21
4.747474747474747,0.20202020202020202,2.6534830517140312e-21
4.747474747474747,0.25252525252525254,3.189570947085291e-21
4.747474747474747,0.30303030303030304,3.645529730974797e-21
4.747474747474747,0.35353535353535354,4.0099047052957255e-21
4.747474747474747,0.40404040404040403,4.273541960816115e-21
4.747474747474747,0.45454545454545453,4.429818343704681e-21
4.747474747474747,0.5050505050505051,4.474807843875998e-21
4.747474747474747,0.5555555555555556,4.407380225089974e-21
4.747474747474747,0.6060606060606061,4.2292294189983244e-21
4.747474747474747,0.6565656565656566,3.944830969816462e-21
4.747474747474747,0.7070707070707071,3.561329598705257e-21
4.747474747474747,0.7575757575757576,3.088359712495272e-21
4.747474747474747,0.8080808080808081,2.5378033659733057e-21
4.747474747474747,0.8585858585858586,1.923491758256515e-21
4.747474747474747,0.9090909090909091,1.2608577623287288e-21
4.747474747474747,0.9595959595959596,5.665482169692538e-22
4.747474747474747,1.0101010101010102,-1.419942788373038e-22
4.747474747474747,1.0606060606060606,-8.469695627562764e-22
4.747474747474747,1.1111111111111112,-1.5306670887442785e-21
4.747474747474747,1.1616161616161615,-2.1759108553300862e-21
4.747474747474747,1.2121212121212122,-2.766490904947809e-21
4.747474747474747,1.2626262626262625,-3.287570554099945e-21
4.747474747474747,1.3131313131313131,-3.7260591238235695e-21
4.747474747474747,1.3636363636363635,-4.070940806641822e-21
4.747474747474747,1.4141414141414141,-4.313551408132003e-21
4.747474747474747,1.4646464646464645,-4.4477960107469e-21
4.747474747474747,1.5151515151515151,-4.470302091690434e-21
4.747474747474747,1.5656565656565655,-4.380504248186227e-21
4.747474747474747,1.6161616161616161,-4.1806584016520295e-21
4.747474747474747,1.6666666666666667,-3.875785123939595e-21
4.747474747474747,1.7171717171717171,-3.473543509410803e-21
4.747474747474747,1.7676767676767677,-2.9840387614638143e-21
4.747474747474747,1.8181818181818181,-2.4195683273634264e-21
4.747474747474747,1.8686868686868687,-1.7943129590328703e-21
4.747474747474747,1.9191919191919191,-1.1239804610467137e-21
4.747474747474747,1.9696969696969697,-4.254110756670263e-22
4.747474747474747,2.0202020202020203,2.8384558147215804e-22
4.747474747474747,2.0707070707070705,9.859714067161638e-22
4.747474747474747,2.121212121212121,1.6633274387568697e-21
4.747474747474747,2.1717171717171717,2.2988969885459095e-21
4.747474747474747,2.2222222222222223,2.8767131363456953e-21
4.747474747474747,2.2727272727272725,3.382259856242044e-21
4.747474747474747,2.323232323232323,3.802836690979158e-21
4.747474747474747,2.3737373737373737,4.127877815674509e-21
4.747474747474747,2.4242424242424243,4.349217474824e-21
4.747474747474747,2.474747474747475,4.461295124229819e-21
4.747474747474747,2.525252525252525,4.461295124229819e-21
4.747474747474747,2.5757575757575757,4.3492174748240005e-21
4.747474747474747,2.6262626262626263,4.12787781567451e-21
4.747474747474747,2.676767676767677,3.80283669097916e-21
4.747474747474747,2.727272727272727,3.3822598562420513e-21
4.747474747474747,2.7777777777777777,2.8767131363457006e-21
4.747474747474747,2.8282828282828283,2.298896988545915e-21
4.747474747474747,2.878787878787879,1.6633274387568759e-21
4.747474747474747,2.929292929292929,9.859714067161703e-22
4.747474747474747,2.9797979797979797,2.8384558147215677e-22
4.747474747474747,3.0303030303030303,-4.254110756670274e-22
4.747474747474747,3.080808080808081,-1.123980461046715e-21
4.747474747474747,3.131313131313131,-1.7943129590328642e-21
4.747474747474747,3.1818181818181817,-2.4195683273634208e-21
4.747474747474747,3.2323232323232323,-2.9840387614638124e-21
4.747474747474747,3.282828282828283,-3.473543509410801e-21
4.747474747474747,3.3333333333333335,-3.875785123939596e-21
4.747474747474747,3.3838383838383836,-4.180658401652027e-21
4.747474747474747,3.4343434343434343,-4.380504248186225e-21
4.747474747474747,3.484848484848485,-4.470302091690434e-21
4.747474747474747,3.5353535353535355,-4.4477960107469e-21
4.747474747474747,3.5858585858585856,-4.313551408132006e-21
4.747474747474747,3.6363636363636362,-4.070940806641827e-21
4.747474747474747,3.686868686868687,-3.7260591238235725e-21
4.747474747474747,3.7373737373737375,-3.2875705540999493e-21
4.747474747474747,3.7878787878787876,-2.766490904947811e-21
4.747474747474747,3.8383838383838382,-2.1759108553300884e-21
4.747474747474747,3.888888888888889,-1.5306670887442792e-21
4.747474747474747,3.9393939393939394,-8.469695627562771e-22
4.747474747474747,3.9898989898989896,-1.419942788373085e-22
4.747474747474747,4.040404040404041,5.665482169692569e-22
4.747474747474747,4.090909090909091,1.2608577623287243e-21
4.747474747474747,4.141414141414141,1.9234917582565057e-21
4.747474747474747,4.191919191919192,2.5378033659733046e-21
4.747474747474747,4.242424242424242,3.0883597124952676e-21
4.747474747474747,4.292929292929293,3.5613295987052574e-21
4.747474747474747,4.343434343434343,3.94483096981646e-21
4.747474747474747,4.393939393939394,4.229229418998321e-21
4.747474747474747,4.444444444444445,4.407380225089974e-21
4.747474747474747,4.494949494949495,4.474807843875998e-21
4.747474747474747,4.545454545454545,4.429818343704683e-21
4.747474747474747,4.595959595959596,4.2735419608161165e-21
4.747474747474747,4.646464646464646,4.009904705295728e-21
4.747474747474747,4.696969696969697,3.645529730974794e-21
4.747474747474747,4.747474747474747,3.1895709470852923e-21
4.747474747474747,4.797979797979798,2.6534830517140384e-21
4.747474747474747,4.848484848484849,2.0507337643270092e-21
4.747474747474747,4.898989898989899,1.3964654867224175e-21
4.747474747474747,4.94949494949495,7.07114892241224e-22
4.747474747474747,5.0,2.740374488712453e-36
4.848484848484849,0.0,0.0
4.848484848484849,0.050505050505050504,2.609329354265637e-22
4.848484848484849,0.10101010101010101,5.153106555533509e-22
4.848484848484849,0.15151515151515152,7.567426266588463e-22
4.848484848484849,0.20202020202020202,9.791635410107825e-22
4.848484848484849,0.25252525252525254,1.1769856908774145e-21
4.848484848484849,0.30303030303030304,1.3452393441652418e-21
4.848484848484849,0.35353535353535354,1.4796975951351614e-21
4.848484848484849,0.40404040404040403,1.5769825536695525e-21
4.848484848484849,0.45454545454545453,1.634650205379889e-21
4.848484848484849,0.5050505050505051,1.6512518106803624e-21
4.848484848484849,0.5555555555555556,1.6263703003463128e-21
4.848484848484849,0.6060606060606061,1.5606307532201512e-21
4.848484848484849,0.6565656565656566,1.455684692841508e-21
4.848484848484849,0.7070707070707071,1.3141685975051631e-21
4.848484848484849,0.7575757575757576,1.1396376660663192e-21
4.848484848484849,0.8080808080808081,9.3647650344341e-22
4.848484848484849,0.8585858585858586,7.097889695971131e-22
4.848484848484849,0.9090909090909091,4.652699592240631e-22
4.848484848484849,0.9595959595959596,2.0906233334432654e-22
4.848484848484849,1.0101010101010102,-5.239740302083181e-23
4.848484848484849,1.0606060606060606,-3.1254080016116367e-22
4.848484848484849,1.1111111111111112,-5.648324777335107e-22
4.848484848484849,1.1616161616161615,-8.029343080418597e-22
4.848484848484849,1.2121212121212122,-1.020864643892497e-21
4.848484848484849,1.2626262626262625,-1.2131485908666e-21
4.848484848484849,1.3131313131313131,-1.3749555488368027e-21
4.848484848484849,1.3636363636363635,-1.5022205673791077e-21
4.848484848484849,1.4141414141414141,-1.5917464663624954e-21
4.848484848484849,1.4646464646464645,-1.6412841562200123e-21
4.848484848484849,1.5151515151515151,-1.6495891400776296e-21
4.848484848484849,1.5656565656565655,-1.6164527782817951e-21
4.848484848484849,1.6161616161616161,-1.5427075298912615e-21
4.848484848484849,1.6666666666666667,-1.4302060394552705e-21
4.848484848484849,1.7171717171717171,-1.2817745944646983e-21
4.848484848484849,1.7676767676767677,-1.1011421227284442e-21
4.848484848484849,1.8181818181818181,-8.928465134187844e-22
4.848484848484849,1.8686868686868687,-6.621206152092304e-22
4.848484848484849,1.9191919191919191,-4.1476077548508147e-22
4.848484848484849,1.9696969696969697,-1.5698122321386627e-22
4.848484848484849,2.0202020202020203,1.0474204629835932e-22
4.848484848484849,2.0707070707070705,3.638339628029501e-22
4.848484848484849,2.121212121212121,6.137855614873908e-22
4.848484848484849,2.1717171717171717,8.483175026385017e-22
4.848484848484849,2.2222222222222223,1.0615378226128017e-21
4.848484848484849,2.2727272727272725,1.248089953058986e-21
4.848484848484849,2.323232323232323,1.403287289820676e-21
4.848484848484849,2.3737373737373737,1.523230930849489e-21
4.848484848484849,2.4242424242424243,1.604907625290382e-21
4.848484848484849,2.474747474747475,1.6462654730405227e-21
4.848484848484849,2.525252525252525,1.6462654730405227e-21
4.848484848484849,2.5757575757575757,1.6049076252903822e-21
4.848484848484849,2.6262626262626263,1.5232309308494893e-21
4.848484848484849,2.676767676767677,1.4032872898206765e-21
4.848484848484849,2.727272727272727,1.2480899530589887e-21
4.848484848484849,2.7777777777777777,1.0615378226128038e-21
4.848484848484849,2.8282828282828283,8.483175026385038e-22
4.848484848484849,2.878787878787879,6.137855614873932e-22
4.848484848484849,2.929292929292929,3.6383396280295255e-22
4.848484848484849,2.9797979797979797,1.0474204629835887e-22
4.848484848484849,3.0303030303030303,-1.569812232138667e-22
4.848484848484849,3.080808080808081,-4.1476077548508194e-22
4.848484848484849,3.131313131313131,-6.621206152092282e-22
4.848484848484849,3.1818181818181817,-8.928465134187825e-22
4.848484848484849,3.2323232323232323,-1.1011421227284435e-21
4.848484848484849,3.282828282828283,-1.2817745944646977e-21
4.848484848484849,3.3333333333333335,-1.4302060394552707e-21
4.848484848484849,3.3838383838383836,-1.5427075298912608e-21
4.848484848484849,3.4343434343434343,-1.6164527782817945e-21
4.848484848484849,3.484848484848485,-1.6495891400776296e-21
4.848484848484849,3.5353535353535355,-1.6412841562200125e-21
4.848484848484849,3.5858585858585856,-1.5917464663624963e-21
4.848484848484849,3.6363636363636362,-1.5022205673791092e-21
4.848484848484849,3.686868686868687,-1.374955548836804e-21
4.848484848484849,3.7373737373737375,-1.2131485908666016e-21
4.848484848484849,3.7878787878787876,-1.0208646438924978e-21
4.848484848484849,3.8383838383838382,-8.029343080418606e-22
4.848484848484849,3.888888888888889,-5.648324777335109e-22
4.848484848484849,3.9393939393939394,-3.1254080016116395e-22
4.848484848484849,3.9898989898989896,-5.239740302083356e-23
4.848484848484849,4.040404040404041,2.0906233334432767e-22
4.848484848484849,4.090909090909091,4.652699592240615e-22
4.848484848484849,4.141414141414141,7.097889695971096e-22
4.848484848484849,4.191919191919192,9.364765034434096e-22
4.848484848484849,4.242424242424242,1.1396376660663177e-21
4.848484848484849,4.292929292929293,1.3141685975051633e-21
4.848484848484849,4.343434343434343,1.4556846928415072e-21
4.848484848484849,4.393939393939394,1.5606307532201499e-21
4.848484848484849,4.444444444444445,1.6263703003463128e-21
4.848484848484849,4.494949494949495,1.6512518106803622e-21
4.848484848484849,4.545454545454545,1.6346502053798894e-21
4.848484848484849,4.595959595959596,1.576982553669553e-21
4.848484848484849,4.646464646464646,1.4796975951351622e-21
4.848484848484849,4.696969696969697,1.3452393441652407e-21
4.848484848484849,4.747474747474747,1.1769856908774149e-21
4.848484848484849,4.797979797979798,9.791635410107852e-22
4.848484848484849,4.848484848484849,7.567426266588458e-22
4.848484848484849,4.898989898989899,5.153106555533527e-22
4.848484848484849,4.94949494949495,2.6093293542656233e-22
4.848484848484849,5.0,1.0112274078140514e-36
4.94949494949495,0.0,0.0
4.94949494949495,0.050505050505050504,9.62870355827503e-23
4.94949494949495,0.10101010101010101,1.9015512681955081e-22
4.94949494949495,0.15151515151515152,2.7924609862288184e-22
4.94949494949495,0.20202020202020202,3.6132178776324367e-22
4.94949494949495,0.25252525252525254,4.34320270504129e-22
4.94949494949495,0.30303030303030304,4.964076627092124e-22
4.94949494949495,0.35353535353535354,5.460241910879332e-22
4.94949494949495,0.40404040404040403,5.819233781673795e-22
4.94949494949495,0.45454545454545453,6.032033565768875e-22
4.94949494949495,0.5050505050505051,6.093295259609258e-22
4.94949494949495,0.5555555555555556,6.00147983328254e-22
4.94949494949495,0.6060606060606061,5.758893894371348e-22
4.94949494949495,0.6565656565656566,5.371631740844095e-22
4.94949494949495,0.7070707070707071,4.849422258744529e-22
4.94949494949495,0.7575757575757576,4.2053845109504385e-22
4.94949494949495,0.8080808080808081,3.4556981571551196e-22
4.94949494949495,0.8585858585858586,2.6191969848541917e-22
4.94949494949495,0.9090909090909091,1.7168957627428523e-22
4.94949494949495,0.9595959595959596,7.714623030178307e-23
4.94949494949495,1.0101010101010102,-1.933520044475354e-23
4.94949494949495,1.0606060606060606,-1.1533088798078804e-22
4.94949494949495,1.1111111111111112,-2.0842920727086915e-22
4.94949494949495,1.1616161616161615,-2.962913216097095e-22
4.94949494949495,1.2121212121212122,-3.7670993939863437e-22
4.94949494949495,1.2626262626262625,-4.476647662165689e-22
4.94949494949495,1.3131313131313131,-5.073732591062994e-22
4.94949494949495,1.3636363636363635,-5.543354080155198e-22
4.94949494949495,1.4141414141414141,-5.87371419383342e-22
4.94949494949495,1.4646464646464645,-6.056513551768073e-22
4.94949494949495,1.5151515151515151,-6.087159827789354e-22
4.94949494949495,1.5656565656565655,-5.964883119327751e-22
4.94949494949495,1.6161616161616161,-5.692755289077803e-22
4.94949494949495,1.6666666666666667,-5.277612792979552e-22
4.94949494949495,1.7171717171717171,-4.729884933250301e-22
4.94949494949495,1.7676767676767677,-4.063331851132243e-22
4.94949494949495,1.8181818181818181,-3.2946988415605395e-22
4.94949494949495,1.8686868686868687,-2.4432956741356383e-22
4.94949494949495,1.9191919191919191,-1.530511488792133e-22
4.94949494949495,1.9696969696969697,-5.792774530630768e-23
4.94949494949495,2.0202020202020203,3.8650931981633977e-23
4.94949494949495,2.0707070707070705,1.3425861195080972e-22
4.94949494949495,2.121212121212121,2.2649341717825276e-22
4.94949494949495,2.1717171717171717,3.13038204351216e-22
4.94949494949495,2.2222222222222223,3.9171877605738465e-22
4.94949494949495,2.2727272727272725,4.605585014563463e-22
4.94949494949495,2.323232323232323,5.1782797363965595e-22
4.94949494949495,2.3737373737373737,5.620884561762358e-22
4.94949494949495,2.4242424242424243,5.922280273693289e-22
4.94949494949495,2.474747474747475,6.074895142009309e-22
4.94949494949495,2.525252525252525,6.074895142009309e-22
4.94949494949495,2.5757575757575757,5.92228027369329e-22
4.94949494949495,2.6262626262626263,5.620884561762359e-22
4.94949494949495,2.676767676767677,5.178279736396561e-22
4.94949494949495,2.727272727272727,4.605585014563473e-22
4.94949494949495,2.7777777777777777,3.917187760573854e-22
4.94949494949495,2.8282828282828283,3.1303820435121673e-22
4.94949494949495,2.878787878787879,2.264934171782536e-22
4.94949494949495,2.929292929292929,1.3425861195081062e-22
4.94949494949495,2.9797979797979797,3.8650931981633806e-23
4.94949494949495,3.0303030303030303,-5.792774530630783e-23
4.94949494949495,3.080808080808081,-1.5305114887921347e-22
4.94949494949495,3.131313131313131,-2.44329567413563e-22
4.94949494949495,3.1818181818181817,-3.294698841560532e-22
4.94949494949495,3.2323232323232323,-4.0633318511322404e-22
4.94949494949495,3.282828282828283,-4.7298849332503e-22
4.94949494949495,3.3333333333333335,-5.277612792979553e-22
4.94949494949495,3.3838383838383836,-5.692755289077799e-22
4.94949494949495,3.4343434343434343,-5.964883119327749e-22
4.94949494949495,3.484848484848485,-6.087159827789354e-22
4.94949494949495,3.5353535353535355,-6.056513551768073e-22
4.94949494949495,3.5858585858585856,-5.873714193833424e-22
4.94949494949495,3.6363636363636362,-5.543354080155205e-22
4.94949494949495,3.686868686868687,-5.073732591062999e-22
4.94949494949495,3.7373737373737375,-4.476647662165695e-22
4.94949494949495,3.7878787878787876,-3.7670993939863465e-22
4.94949494949495,3.8383838383838382,-2.962913216097098e-22
4.94949494949495,3.888888888888889,-2.0842920727086925e-22
4.94949494949495,3.9393939393939394,-1.1533088798078816e-22
4.94949494949495,3.9898989898989896,-1.9335200444754182e-23
4.94949494949495,4.040404040404041,7.714623030178349e-23
4.94949494949495,4.090909090909091,1.7168957627428461e-22
4.94949494949495,4.141414141414141,2.6191969848541785e-22
4.94949494949495,4.191919191919192,3.455698157155118e-22
4.94949494949495,4.242424242424242,4.2053845109504324e-22
4.94949494949495,4.292929292929293,4.84942225874453e-22
4.94949494949495,4.343434343434343,5.371631740844092e-22
4.94949494949495,4.393939393939394,5.758893894371344e-22
4.94949494949495,4.444444444444445,6.00147983328254e-22
4.94949494949495,4.494949494949495,6.093295259609258e-22
4.94949494949495,4.545454545454545,6.032033565768877e-22
4.94949494949495,4.595959595959596,5.819233781673797e-22
4.94949494949495,4.646464646464646,5.460241910879335e-22
4.94949494949495,4.696969696969697,4.96407662709212e-22
4.94949494949495,4.747474747474747,4.343202705041291e-22
4.94949494949495,4.797979797979798,3.613217877632446e-22
4.94949494949495,4.848484848484849,2.7924609862288165e-22
4.94949494949495,4.898989898989899,1.901551268195515e-22
4.94949494949495,4.94949494949495,9.62870355827498e-23
4.94949494949495,5.0,3.7315369652079414e-37
5.05050505050505,0.0,0.0
5.05050505050505,0.050505050505050504,3.553094286912361e-23
5.05050505050505,0.10101010101010101,7.016926948062375e-23
5.05050505050505,0.15151515151515152,1.0304478808123949e-22
5.05050505050505,0.20202020202020202,1.3333159257304362e-22
5.05050505050505,0.25252525252525254,1.602688111103205e-22
5.05050505050505,0.30303030303030304,1.8317972089148003e-22
5.05050505050505,0.35353535353535354,2.0148874893994977e-22
5.05050505050505,0.40404040404040403,2.1473593177664203e-22
5.05050505050505,0.45454545454545453,2.225884707248851e-22
5.05050505050505,0.5050505050505051,2.2484909255287536e-22
5.05050505050505,0.5555555555555556,2.2146100541572882e-22
5.05050505050505,0.6060606060606061,2.125093255928531e-22
5.05050505050505,0.6565656565656566,1.98218939177825e-22
5.05050505050505,0.7070707070707071,1.7894885243987755e-22
5.05050505050505,0.7575757575757576,1.5518317278847245e-22
5.05050505050505,0.8080808080808081,1.275189469191748e-22
5.05050505050505,0.8585858585858586,9.665116167363566e-23
5.05050505050505,0.9090909090909091,6.335528442541986e-23
5.05050505050505,0.9595959595959596,2.846778161599117e-23
5.05050505050505,1.0101010101010102,-7.134895141466648e-24
5.05050505050505,1.0606060606060606,-4.2558327474615835e-23
5.05050505050505,1.1111111111111112,-7.6912600029455e-23
5.05050505050505,1.1616161616161615,-1.0933465712197818e-22
5.05050505050505,1.2121212121212122,-1.3900998461522659e-22
5.05050505050505,1.2626262626262625,-1.651930723247857e-22
5.05050505050505,1.3131313131313131,-1.8722614289162486e-22
5.05050505050505,1.3636363636363635,-2.0455567661136185e-22
5.05050505050505,1.4141414141414141,-2.1674631707951737e-22
5.05050505050505,1.4646464646464645,-2.234918083120382e-22
5.05050505050505,1.5151515151515151,-2.2462268857631603e-22
5.05050505050505,1.5656565656565655,-2.201105476465645e-22
5.05050505050505,1.6161616161616161,-2.1006874053183634e-22
5.05050505050505,1.6666666666666667,-1.947495397462481e-22
5.05050505050505,1.7171717171717171,-1.745377976627128e-22
5.05050505050505,1.7676767676767677,-1.4994127816594078e-22
5.05050505050505,1.8181818181818181,-1.2157790049507671e-22
5.05050505050505,1.8686868686868687,-9.016021573899464e-23
5.05050505050505,1.9191919191919191,-5.647750596919696e-23
5.05050505050505,1.9696969696969697,-2.137595571988188e-23
5.05050505050505,2.0202020202020203,1.4262606048325003e-23
5.05050505050505,2.0707070707070705,4.9542859451856007e-23
5.05050505050505,2.121212121212121,8.357848610965838e-23
5.05050505050505,2.1717171717171717,1.1551443543089706e-22
5.05050505050505,2.2222222222222223,1.445484053862738e-22
5.05050505050505,2.2727272727272725,1.6995099811823708e-22
5.05050505050505,2.323232323232323,1.9108404403635833e-22
5.05050505050505,2.3737373737373737,2.0741663405586866e-22
5.05050505050505,2.4242424242424243,2.185384572138923e-22
5.05050505050505,2.474747474747475,2.241701085928104e-22
5.05050505050505,2.525252525252525,2.241701085928104e-22
5.05050505050505,2.5757575757575757,2.185384572138923e-22
5.05050505050505,2.6262626262626263,2.074166340558687e-22
5.05050505050505,2.676767676767677,1.9108404403635842e-22
5.05050505050505,2.727272727272727,1.6995099811823743e-22
5.05050505050505,2.7777777777777777,1.4454840538627405e-22
5.05050505050505,2.8282828282828283,1.1551443543089732e-22
5.05050505050505,2.878787878787879,8.357848610965869e-23
5.05050505050505,2.929292929292929,4.9542859451856336e-23
5.05050505050505,2.9797979797979797,1.4262606048324942e-23
5.05050505050505,3.0303030303030303,-2.1375955719881938e-23
5.05050505050505,3.080808080808081,-5.647750596919702e-23
5.05050505050505,3.131313131313131,-9.016021573899434e-23
5.05050505050505,3.1818181818181817,-1.2157790049507643e-22
5.05050505050505,3.2323232323232323,-1.4994127816594066e-22
5.05050505050505,3.282828282828283,-1.745377976627127e-22
5.05050505050505,3.3333333333333335,-1.9474953974624813e-22
5.05050505050505,3.3838383838383836,-2.1006874053183622e-22
5.05050505050505,3.4343434343434343,-2.2011054764656447e-22
5.05050505050505,3.484848484848485,-2.2462268857631603e-22
5.05050505050505,3.5353535353535355,-2.234918083120382e-22
5.05050505050505,3.5858585858585856,-2.167463170795175e-22
5.05050505050505,3.6363636363636362,-2.0455567661136206e-22
5.05050505050505,3.686868686868687,-1.8722614289162502e-22
5.05050505050505,3.7373737373737375,-1.6519307232478594e-22
5.05050505050505,3.7878787878787876,-1.390099846152267e-22
5.05050505050505,3.8383838383838382,-1.093346571219783e-22
5.05050505050505,3.888888888888889,-7.691260002945503e-23
5.05050505050505,3.9393939393939394,-4.2558327474615876e-23
5.05050505050505,3.9898989898989896,-7.134895141466886e-24
5.05050505050505,4.040404040404041,2.846778161599133e-23
5.05050505050505,4.090909090909091,6.335528442541964e-23
5.05050505050505,4.141414141414141,9.665116167363518e-23
5.05050505050505,4.191919191919192,1.2751894691917474e-22
5.05050505050505,4.242424242424242,1.5518317278847224e-22
5.05050505050505,4.292929292929293,1.7894885243987758e-22
5.05050505050505,4.343434343434343,1.982189391778249e-22
5.05050505050505,4.393939393939394,2.125093255928529e-22
5.05050505050505,4.444444444444445,2.2146100541572882e-22
5.05050505050505,4.494949494949495,2.2484909255287536e-22
5.05050505050505,4.545454545454545,2.2258847072488514e-22
5.05050505050505,4.595959595959596,2.147359317766421e-22
5.05050505050505,4.646464646464646,2.0148874893994987e-22
5.05050505050505,4.696969696969697,1.8317972089147989e-22
5.05050505050505,4.747474747474747,1.6026881111032056e-22
5.05050505050505,4.797979797979798,1.3333159257304395e-22
5.05050505050505,4.848484848484849,1.0304478808123944e-22
5.05050505050505,4.898989898989899,7.016926948062401e-23
5.05050505050505,4.94949494949495,3.553094286912342e-23
5.05050505050505,5.0,1.376976930719619e-37
5.151515151515151,0.0,0.0
5.151515151515151,0.050505050505050504,1.3111296796378617e-23
5.151515151515151,0.10101010101010101,2.5893208675444946e-23
5.151515151515151,0.15151515151515152,3.802462560111604e-23
5.151515151515151,0.20202020202020202,4.920077941635904e-23
5.151515151515151,0.25252525252525254,5.914090029668795e-23
5.151515151515151,0.30303030303030304,6.759527031220693e-23
5.151515151515151,0.35353535353535354,7.435149689704421e-23
5.151515151515151,0.40404040404040403,7.92398486226805e-23
5.151515151515151,0.45454545454545453,8.21375192286865e-23
5.151515151515151,0.5050505050505051,8.297171278893984e-23
5.151515151515151,0.5555555555555556,8.172147250708895e-23
5.151515151515151,0.6060606060606061,7.841820719785702e-23
5.151515151515151,0.6565656565656566,7.314490222780538e-23
5.151515151515151,0.7070707070707071,6.603403473847831e-23
5.151515151515151,0.7575757575757576,5.726424552615748e-23
5.151515151515151,0.8080808080808081,4.705585118800397e-23
5.151515151515151,0.8585858585858586,3.566530927945138e-23
5.151515151515151,0.9090909090909091,2.3378775530398767e-23
5.151515151515151,0.9595959595959596,1.0504914977252266e-23
5.151515151515151,1.0101010101010102,-2.632852388842797e-24
5.151515151515151,1.0606060606060606,-1.5704476651028033e-23
5.151515151515151,1.1111111111111112,-2.838156955422829e-23
5.151515151515151,1.1616161616161615,-4.034565434800987e-23
5.151515151515151,1.2121212121212122,-5.1296166630413347e-23
5.151515151515151,1.2626262626262625,-6.095800519377906e-23
5.151515151515151,1.3131313131313131,-6.908844317853687e-23
5.151515151515151,1.3636363636363635,-7.548322591141421e-23
5.151515151515151,1.4141414141414141,-7.99817022368153e-23
5.151515151515151,1.4646464646464645,-8.247086043092014e-23
5.151515151515151,1.5151515151515151,-8.28881673073723e-23
5.151515151515151,1.5656565656565655,-8.122313918990937e-23
5.151515151515151,1.6161616161616161,-7.751760528561208e-23
5.151515151515151,1.6666666666666667,-7.1864656842251e-23
5.151515151515151,1.7171717171717171,-6.440630848923349e-23
5.151515151515151,1.7676767676767677,-5.532993051446442e-23
5.151515151515151,1.8181818181818181,-4.486354170625632e-23
5.151515151515151,1.8686868686868687,-3.3270081014561127e-23
5.151515151515151,1.9191919191919191,-2.0840801940127376e-23
5.151515151515151,1.9696969696969697,-7.887955599207306e-24
5.151515151515151,2.0202020202020203,5.2630537185073694e-24
5.151515151515151,2.0707070707070705,1.8281843428901324e-23
5.151515151515151,2.121212121212121,3.0841352598273106e-23
5.151515151515151,2.1717171717171717,4.262605844092992e-23
5.151515151515151,2.2222222222222223,5.333990295286065e-23
5.151515151515151,2.2727272727272725,6.271373054682892e-23
5.151515151515151,2.323232323232323,7.051204983896258e-23
5.151515151515151,2.3737373737373737,7.653894971573054e-23
5.151515151515151,2.4242424242424243,8.064302105655623e-23
5.151515151515151,2.474747474747475,8.272116046745533e-23
5.151515151515151,2.525252525252525,8.272116046745533e-23
5.151515151515151,2.5757575757575757,8.064302105655624e-23
5.151515151515151,2.6262626262626263,7.653894971573057e-23
5.151515151515151,2.676767676767677,7.05120498389626e-23
5.151515151515151,2.727272727272727,6.271373054682905e-23
5.151515151515151,2.7777777777777777,5.333990295286074e-23
5.151515151515151,2.8282828282828283,4.262605844093002e-23
5.151515151515151,2.878787878787879,3.0841352598273224e-23
5.151515151515151,2.929292929292929,1.8281843428901447e-23
5.151515151515151,2.9797979797979797,5.2630537185073466e-24
5.151515151515151,3.0303030303030303,-7.887955599207328e-24
5.151515151515151,3.080808080808081,-2.08408019401274e-23
5.151515151515151,3.131313131313131,-3.327008101456102e-23
5.151515151515151,3.1818181818181817,-4.486354170625622e-23
5.151515151515151,3.2323232323232323,-5.532993051446439e-23
5.151515151515151,3.282828282828283,-6.440630848923345e-23
5.151515151515151,3.3333333333333335,-7.186465684225101e-23
5.151515151515151,3.3838383838383836,-7.751760528561203e-23
5.151515151515151,3.4343434343434343,-8.122313918990934e-23
5.151515151515151,3.484848484848485,-8.28881673073723e-23
5.151515151515151,3.5353535353535355,-8.247086043092015e-23
5.151515151515151,3.5858585858585856,-7.998170223681535e-23
5.151515151515151,3.6363636363636362,-7.548322591141429e-23
5.151515151515151,3.686868686868687,-6.908844317853693e-23
5.151515151515151,3.7373737373737375,-6.095800519377915e-23
5.151515151515151,3.7878787878787876,-5.129616663041338e-23
5.151515151515151,3.8383838383838382,-4.0345654348009914e-23
5.151515151515151,3.888888888888889,-2.83815695542283e-23
5.151515151515151,3.9393939393939394,-1.5704476651028048e-23
5.151515151515151,3.9898989898989896,-2.6328523888428844e-24
5.151515151515151,4.040404040404041,1.0504914977252323e-23
5.151515151515151,4.090909090909091,2.3378775530398685e-23
5.151515151515151,4.141414141414141,3.5665309279451204e-23
5.151515151515151,4.191919191919192,4.7055851188003955e-23
5.151515151515151,4.242424242424242,5.72642455261574e-23
5.151515151515151,4.292929292929293,6.603403473847832e-23
5.151515151515151,4.343434343434343,7.314490222780535e-23
5.151515151515151,4.393939393939394,7.841820719785695e-23
5.151515151515151,4.444444444444445,8.172147250708895e-23
5.151515151515151,4.494949494949495,8.297171278893984e-23
5.151515151515151,4.545454545454545,8.213751922868652e-23
5.151515151515151,4.595959595959596,7.923984862268054e-23
5.151515151515151,4.646464646464646,7.435149689704425e-23
5.151515151515151,4.696969696969697,6.759527031220687e-23
5.151515151515151,4.747474747474747,5.914090029668796e-23
5.151515151515151,4.797979797979798,4.920077941635917e-23
5.151515151515151,4.848484848484849,3.8024625601116015e-23
5.151515151515151,4.898989898989899,2.5893208675445037e-23
5.151515151515151,4.94949494949495,1.3111296796378548e-23
5.151515151515151,5.0,5.081191705756925e-38
5.252525252525253,0.0,0.0
5.252525252525253,0.050505050505050504,4.8382083277647375e-24
5.252525252525253,0.10101010101010101,9.554870108705779e-24
5.252525252525253,0.15151515151515152,1.403149231541073e-23
5.252525252525253,0.20202020202020202,1.8155612248095293e-23
5.252525252525253,0.25252525252525254,2.1823622847586775e-23
5.252525252525253,0.30303030303030304,2.494337553493241e-23
5.252525252525253,0.35353535353535354,2.743649518851647e-23
5.252525252525253,0.40404040404040403,2.9240349101315476e-23
5.252525252525253,0.45454545454545453,3.030962045370905e-23
5.252525252525253,0.5050505050505051,3.061744677271208e-23
5.252525252525253,0.5555555555555556,3.0156094777001887e-23
5.252525252525253,0.6060606060606061,2.8937154654133454e-23
5.252525252525253,0.6565656565656566,2.699124888926709e-23
5.252525252525253,0.7070707070707071,2.4367262960278266e-23
5.252525252525253,0.7575757575757576,2.1131117225898172e-23
5.252525252525253,0.8080808080808081,1.7364110859784757e-23
5.252525252525253,0.8585858585858586,1.3160879434580966e-23
5.252525252525253,0.9090909090909091,8.62701746598853e-24
5.252525252525253,0.9595959595959596,3.8764256438341365e-24
5.252525252525253,1.0101010101010102,-9.715506064200194e-25
5.252525252525253,1.0606060606060606,-5.795119346026631e-24
5.252525252525253,1.1111111111111112,-1.0473101807155227e-23
5.252525252525253,1.1616161616161615,-1.4887976672877544e-23
5.252525252525253,1.2121212121212122,-1.8928832473857356e-23
5.252525252525253,1.2626262626262625,-2.2494153930977136e-23
5.252525252525253,1.3131313131313131,-2.5494372244782288e-23
5.252525252525253,1.3636363636363635,-2.7854115262803115e-23
5.252525252525253,1.4141414141414141,-2.9514100995550734e-23
5.252525252525253,1.4646464646464645,-3.043262691185584e-23
5.252525252525253,1.5151515151515151,-3.058661759914179e-23
5.252525252525253,1.5656565656565655,-2.9972204469076984e-23
5.252525252525253,1.6161616161616161,-2.860482294511228e-23
5.252525252525253,1.6666666666666667,-2.651882469033641e-23
5.252525252525253,1.7171717171717171,-2.376661461734755e-23
5.252525252525253,1.7676767676767677,-2.0417334360371206e-23
5.252525252525253,1.8181818181818181,-1.655512528373108e-23
5.252525252525253,1.8686868686868687,-1.227701466376056e-23
5.252525252525253,1.9191919191919191,-7.690478147963972e-24
5.252525252525253,1.9696969696969697,-2.9107397278707155e-24
5.252525252525253,2.0202020202020203,1.9421229437341925e-24
5.252525252525253,2.0707070707070705,6.746195170338299e-24
5.252525252525253,2.121212121212121,1.1380787979851677e-23
5.252525252525253,2.1717171717171717,1.5729470099834518e-23
5.252525252525253,2.2222222222222223,1.9682992969846656e-23
5.252525252525253,2.2727272727272725,2.3142035308106796e-23
5.252525252525253,2.323232323232323,2.6019698282847067e-23
5.252525252525253,2.3737373737373737,2.824368860411239e-23
5.252525252525253,2.4242424242424243,2.9758134691886694e-23
5.252525252525253,2.474747474747475,3.0524990294365716e-23
5.252525252525253,2.525252525252525,3.0524990294365716e-23
5.252525252525253,2.5757575757575757,2.97581346918867e-23
5.252525252525253,2.6262626262626263,2.82436886041124e-23
5.252525252525253,2.676767676767677,2.6019698282847078e-23
5.252525252525253,2.727272727272727,2.3142035308106843e-23
5.252525252525253,2.7777777777777777,1.968299296984669e-23
5.252525252525253,2.8282828282828283,1.5729470099834553e-23
5.252525252525253,2.878787878787879,1.138078797985172e-23
5.252525252525253,2.929292929292929,6.746195170338343e-24
5.252525252525253,2.9797979797979797,1.9421229437341837e-24
5.252525252525253,3.0303030303030303,-2.9107397278707236e-24
5.252525252525253,3.080808080808081,-7.690478147963979e-24
5.252525252525253,3.131313131313131,-1.227701466376052e-23
5.252525252525253,3.1818181818181817,-1.6555125283731042e-23
5.252525252525253,3.2323232323232323,-2.041733436037119e-23
5.252525252525253,3.282828282828283,-2.3766614617347537e-23
5.252525252525253,3.3333333333333335,-2.651882469033641e-23
5.252525252525253,3.3838383838383836,-2.860482294511226e-23
5.252525252525253,3.4343434343434343,-2.997220446907697e-23
5.252525252525253,3.484848484848485,-3.058661759914179e-23
5.252525252525253,3.5353535353535355,-3.043262691185584e-23
5.252525252525253,3.5858585858585856,-2.951410099555076e-23
5.252525252525253,3.6363636363636362,-2.785411526280315e-23
5.252525252525253,3.686868686868687,-2.5494372244782314e-23
5.252525252525253,3.7373737373737375,-2.2494153930977168e-23
5.252525252525253,3.7878787878787876,-1.892883247385737e-23
5.252525252525253,3.8383838383838382,-1.488797667287756e-23
5.252525252525253,3.888888888888889,-1.0473101807155231e-23
5.252525252525253,3.9393939393939394,-5.795119346026636e-24
5.252525252525253,3.9898989898989896,-9.715506064200517e-25
5.252525252525253,4.040404040404041,3.876425643834158e-24
5.252525252525253,4.090909090909091,8.627017465988498e-24
5.252525252525253,4.141414141414141,1.3160879434580902e-23
5.252525252525253,4.191919191919192,1.736411085978475e-23
5.252525252525253,4.242424242424242,2.1131117225898142e-23
5.252525252525253,4.292929292929293,2.436726296027827e-23
5.252525252525253,4.343434343434343,2.6991248889267076e-23
5.252525252525253,4.393939393939394,2.893715465413343e-23
5.252525252525253,4.444444444444445,3.0156094777001887e-23
5.252525252525253,4.494949494949495,3.0617446772712076e-23
5.252525252525253,4.545454545454545,3.030962045370906e-23
5.252525252525253,4.595959595959596,2.924034910131549e-23
5.252525252525253,4.646464646464646,2.743649518851649e-23
5.252525252525253,4.696969696969697,2.494337553493239e-23
5.252525252525253,4.747474747474747,2.182362284758678e-23
5.252525252525253,4.797979797979798,1.815561224809534e-23
5.252525252525253,4.848484848484849,1.403149231541072e-23
5.252525252525253,4.898989898989899,9.554870108705813e-24
5.252525252525253,4.94949494949495,4.8382083277647125e-24
5.252525252525253,5.0,1.875013921777166e-38
5.353535353535354,0.0,0.0
5.353535353535354,0.050505050505050504,1.7853504642895173e-24
5.353535353535354,0.10101010101010101,3.525848956711852e-24
5.353535353535354,0.15151515151515152,5.177770286623233e-24
5.353535353535354,0.20202020202020202,6.699614518577949e-24
5.353535353535354,0.25252525252525254,8.053149542946462e-24
5.353535353535354,0.30303030303030304,9.204371551485785e-24
5.353535353535354,0.35353535353535354,1.0124359288581025e-23
5.353535353535354,0.40404040404040403,1.0790000617468169e-23
5.353535353535354,0.45454545454545453,1.118457314847973e-23
5.353535353535354,0.5050505050505051,1.1298164342641164e-23
5.353535353535354,0.5555555555555556,1.1127920536681982e-23
5.353535353535354,0.6060606060606061,1.0678118633399798e-23
5.353535353535354,0.6565656565656566,9.960058656356011e-24
5.353535353535354,0.7070707070707071,8.991779868167965e-24
5.353535353535354,0.7575757575757576,7.797607584137085e-24
5.353535353535354,0.8080808080808081,6.4075420662619344e-24
5.353535353535354,0.8585858585858586,4.856504849976778e-24
5.353535353535354,0.9090909090909091,3.1834614375632454e-24
5.353535353535354,0.9595959595959596,1.430442398126432e-24
5.353535353535354,1.0101010101010102,-3.585125337201247e-25
5.353535353535354,1.0606060606060606,-2.1384608338727385e-24
5.353535353535354,1.1111111111111112,-3.86468624483447e-24
5.353535353535354,1.1616161616161615,-5.4938221474918506e-24
5.353535353535354,1.2121212121212122,-6.984941026975765e-24
5.353535353535354,1.2626262626262625,-8.300582662802344e-24
5.353535353535354,1.3131313131313131,-9.407695212872428e-24
5.353535353535354,1.3636363636363635,-1.0278465549207623e-23
5.353535353535354,1.4141414141414141,-1.0891017985543935e-23
5.353535353535354,1.4646464646464645,-1.122996384319263e-23
5.353535353535354,1.5151515151515151,-1.1286788048852506e-23
5.353535353535354,1.5656565656565655,-1.1060063052177226e-23
5.353535353535354,1.6161616161616161,-1.0555484689012952e-23
5.353535353535354,1.6666666666666667,-9.785729089342065e-24
5.353535353535354,1.7171717171717171,-8.770134224723438e-24
5.353535353535354,1.7676767676767677,-7.534214095465374e-24
5.353535353535354,1.8181818181818181,-6.109017762229281e-24
5.353535353535354,1.8686868686868687,-4.530349324614686e-24
5.353535353535354,1.9191919191919191,-2.8378684425974778e-24
5.353535353535354,1.9696969696969697,-1.0740939977218399e-24
5.353535353535354,2.0202020202020203,7.166640757085995e-25
5.353535353535354,2.0707070707070705,2.48941795466581e-24
5.353535353535354,2.121212121212121,4.19963212150396e-24
5.353535353535354,2.1717171717171717,5.8043421951493066e-24
5.353535353535354,2.2222222222222223,7.263234291847508e-24
5.353535353535354,2.2727272727272725,8.539657799527051e-24
5.353535353535354,2.323232323232323,9.601546122635886e-24
5.353535353535354,2.3737373737373737,1.0422222266294392e-23
5.353535353535354,2.4242424242424243,1.0981069021700327e-23
5.353535353535354,2.474747474747475,1.126404691623871e-23
5.353535353535354,2.525252525252525,1.126404691623871e-23
5.353535353535354,2.5757575757575757,1.0981069021700329e-23
5.353535353535354,2.6262626262626263,1.0422222266294395e-23
5.353535353535354,2.676767676767677,9.601546122635889e-24
5.353535353535354,2.727272727272727,8.539657799527067e-24
5.353535353535354,2.7777777777777777,7.263234291847522e-24
5.353535353535354,2.8282828282828283,5.8043421951493205e-24
5.353535353535354,2.878787878787879,4.1996321215039755e-24
5.353535353535354,2.929292929292929,2.4894179546658263e-24
5.353535353535354,2.9797979797979797,7.166640757085964e-25
5.353535353535354,3.0303030303030303,-1.0740939977218428e-24
5.353535353535354,3.080808080808081,-2.8378684425974807e-24
5.353535353535354,3.131313131313131,-4.530349324614671e-24
5.353535353535354,3.1818181818181817,-6.1090177622292675e-24
5.353535353535354,3.2323232323232323,-7.53421409546537e-24
5.353535353535354,3.282828282828283,-8.770134224723433e-24
5.353535353535354,3.3333333333333335,-9.785729089342066e-24
5.353535353535354,3.3838383838383836,-1.0555484689012947e-23
5.353535353535354,3.4343434343434343,-1.1060063052177223e-23
5.353535353535354,3.484848484848485,-1.1286788048852506e-23
5.353535353535354,3.5353535353535355,-1.1229963843192632e-23
5.353535353535354,3.5858585858585856,-1.0891017985543944e-23
5.353535353535354,3.6363636363636362,-1.0278465549207633e-23
5.353535353535354,3.686868686868687,-9.407695212872437e-24
5.353535353535354,3.7373737373737375,-8.300582662802355e-24
5.353535353535354,3.7878787878787876,-6.98494102697577e-24
5.353535353535354,3.8383838383838382,-5.493822147491857e-24
5.353535353535354,3.888888888888889,-3.8646862448344724e-24
5.353535353535354,3.9393939393939394,-2.1384608338727404e-24
5.353535353535354,3.9898989898989896,-3.5851253372013664e-25
5.353535353535354,4.040404040404041,1.43044239812644e-24
5.353535353535354,4.090909090909091,3.183461437563234e-24
5.353535353535354,4.141414141414141,4.856504849976755e-24
5.353535353535354,4.191919191919192,6.407542066261932e-24
5.353535353535354,4.242424242424242,7.797607584137073e-24
5.353535353535354,4.292929292929293,8.991779868167965e-24
5.353535353535354,4.343434343434343,9.960058656356005e-24
5.353535353535354,4.393939393939394,1.0678118633399789e-23
5.353535353535354,4.444444444444445,1.1127920536681982e-23
5.353535353535354,4.494949494949495,1.1298164342641164e-23
5.353535353535354,4.545454545454545,1.1184573148479733e-23
5.353535353535354,4.595959595959596,1.0790000617468173e-23
5.353535353535354,4.646464646464646,1.012435928858103e-23
5.353535353535354,4.696969696969697,9.204371551485778e-24
5.353535353535354,4.747474747474747,8.053149542946465e-24
5.353535353535354,4.797979797979798,6.699614518577966e-24
5.353535353535354,4.848484848484849,5.1777702866232295e-24
5.353535353535354,4.898989898989899,3.5258489567118645e-24
5.353535353535354,4.94949494949495,1.7853504642895078e-24
5.353535353535354,5.0,6.919001310017484e-39
5.454545454545454,0.0,0.0
5.454545454545454,0.050505050505050504,6.588133590790335e-25
5.454545454545454,0.10101010101010101,1.3010758622683265e-24
5.454545454545454,0.15151515151515152,1.910652447964802e-24
5.454545454545454,0.20202020202020202,2.472229197462066e-24
5.454545454545454,0.25252525252525254,2.9716980546257522e-24
5.454545454545454,0.30303030303030304,3.396511251620845e-24
5.454545454545454,0.35353535353535354,3.7359965367289605e-24
5.454545454545454,0.40404040404040403,3.981625285032161e-24
5.454545454545454,0.45454545454545453,4.1272267564270165e-24
5.454545454545454,0.5050505050505051,4.169143118331386e-24
5.454545454545454,0.5555555555555556,4.1063213385689445e-24
5.454545454545454,0.6060606060606061,3.940339639877979e-24
5.454545454545454,0.6565656565656566,3.675367851448367e-24
5.454545454545454,0.7070707070707071,3.318062653544267e-24
5.454545454545454,0.7575757575757576,2.8774003469004293e-24
5.454545454545454,0.8080808080808081,2.3644513480965975e-24
5.454545454545454,0.8585858585858586,1.792102076087384e-24
5.454545454545454,0.9090909090909091,1.1747312167161737e-24
5.454545454545454,0.9595959595959596,5.278484981679886e-25
5.454545454545454,1.0101010101010102,-1.3229494787516907e-25
5.454545454545454,1.0606060606060606,-7.891148507827018e-25
5.454545454545454,1.1111111111111112,-1.4261104347146543e-24
5.454545454545454,1.1616161616161615,-2.027278954786192e-24
5.454545454545454,1.2121212121212122,-2.5775177215875867e-24
5.454545454545454,1.2626262626262625,-3.0630035143101222e-24
5.454545454545454,1.3131313131313131,-3.471539850776972e-24
5.454545454545454,1.3636363636363635,-3.7928633901839325e-24
5.454545454545454,1.4141414141414141,-4.0189017710322375e-24
5.454545454545454,1.4646464646464645,-4.143976406791399e-24
5.454545454545454,1.5151515151515151,-4.164945144614355e-24
5.454545454545454,1.5656565656565655,-4.081281203200889e-24
5.454545454545454,1.6161616161616161,-3.895086406714729e-24
5.454545454545454,1.6666666666666667,-3.611038382288957e-24
5.454545454545454,1.7171717171717171,-3.2362730476356973e-24
5.454545454545454,1.7676767676767677,-2.780205340932562e-24
5.454545454545454,1.8181818181818181,-2.254292696649556e-24
5.454545454545454,1.8686868686868687,-1.6717472093293344e-24
5.454545454545454,1.9191919191919191,-1.0472037164064869e-24
5.454545454545454,1.9696969696969697,-3.9635213856308843e-25
5.454545454545454,2.0202020202020203,2.644566859519904e-25
5.454545454545454,2.0707070707070705,9.186217707220323e-25
5.454545454545454,2.121212121212121,1.5497090348394272e-24
5.454545454545454,2.1717171717171717,2.141864163545191e-24
5.454545454545454,2.2222222222222223,2.680210903854289e-24
5.454545454545454,2.2727272727272725,3.1512247890952738e-24
5.454545454545454,2.323232323232323,3.543072903573198e-24
5.454545454545454,2.3737373737373737,3.845911151712254e-24
5.454545454545454,2.4242424242424243,4.052131563616602e-24
5.454545454545454,2.474747474747475,4.156553424183981e-24
5.454545454545454,2.525252525252525,4.156553424183981e-24
5.454545454545454,2.5757575757575757,4.052131563616602e-24
5.454545454545454,2.6262626262626263,3.8459111517122555e-24
5.454545454545454,2.676767676767677,3.543072903573199e-24
5.454545454545454,2.727272727272727,3.1512247890952804e-24
5.454545454545454,2.7777777777777777,2.680210903854294e-24
5.454545454545454,2.8282828282828283,2.141864163545196e-24
5.454545454545454,2.878787878787879,1.549709034839433e-24
5.454545454545454,2.929292929292929,9.186217707220386e-25
5.454545454545454,2.9797979797979797,2.6445668595198926e-25
5.454545454545454,3.0303030303030303,-3.9635213856308953e-25
5.454545454545454,3.080808080808081,-1.0472037164064882e-24
5.454545454545454,3.131313131313131,-1.671747209329329e-24
5.454545454545454,3.1818181818181817,-2.2542926966495507e-24
5.454545454545454,3.2323232323232323,-2.78020534093256e-24
5.454545454545454,3.282828282828283,-3.2362730476356955e-24
5.454545454545454,3.3333333333333335,-3.611038382288957e-24
5.454545454545454,3.3838383838383836,-3.895086406714727e-24
5.454545454545454,3.4343434343434343,-4.081281203200887e-24
5.454545454545454,3.484848484848485,-4.164945144614355e-24
5.454545454545454,3.5353535353535355,-4.143976406791399e-24
5.454545454545454,3.5858585858585856,-4.0189017710322404e-24
5.454545454545454,3.6363636363636362,-3.792863390183936e-24
5.454545454545454,3.686868686868687,-3.471539850776975e-24
5.454545454545454,3.7373737373737375,-3.0630035143101266e-24
5.454545454545454,3.7878787878787876,-2.5775177215875886e-24
5.454545454545454,3.8383838383838382,-2.0272789547861943e-24
5.454545454545454,3.888888888888889,-1.4261104347146549e-24
5.454545454545454,3.9393939393939394,-7.891148507827025e-25
5.454545454545454,3.9898989898989896,-1.3229494787517348e-25
5.454545454545454,4.040404040404041,5.2784849816799145e-25
5.454545454545454,4.090909090909091,1.1747312167161695e-24
5.454545454545454,4.141414141414141,1.792102076087375e-24
5.454545454545454,4.191919191919192,2.3644513480965968e-24
5.454545454545454,4.242424242424242,2.8774003469004253e-24
5.454545454545454,4.292929292929293,3.318062653544268e-24
5.454545454545454,4.343434343434343,3.6753678514483656e-24
5.454545454545454,4.393939393939394,3.940339639877976e-24
5.454545454545454,4.444444444444445,4.1063213385689445e-24
5.454545454545454,4.494949494949495,4.169143118331385e-24
5.454545454545454,4.545454545454545,4.127226756427017e-24
5.454545454545454,4.595959595959596,3.9816252850321625e-24
5.454545454545454,4.646464646464646,3.735996536728962e-24
5.454545454545454,4.696969696969697,3.3965112516208426e-24
5.454545454545454,4.747474747474747,2.9716980546257533e-24
5.454545454545454,4.797979797979798,2.4722291974620723e-24
5.454545454545454,4.848484848484849,1.9106524479648008e-24
5.454545454545454,4.898989898989899,1.301075862268331e-24
5.454545454545454,4.94949494949495,6.5881335907903e-25
5.454545454545454,5.0,2.5531852628939415e-39
5.555555555555555,0.0,0.0
5.555555555555555,0.050505050505050504,2.4310915463520217e-25
5.555555555555555,0.10101010101010101,4.801108669600836e-25
5.555555555555555,0.15151515151515152,7.0505112718984795e-25
5.555555555555555,0.20202020202020202,9.122789360246816e-25
5.555555555555555,0.25252525252525254,1.0965882703123424e-24
5.555555555555555,0.30303030303030304,1.2533488699208961e-24
5.555555555555555,0.35353535353535354,1.3786225601646662e-24
5.555555555555555,0.40404040404040403,1.4692621875055112e-24
5.555555555555555,0.45454545454545453,1.5229906830447138e-24
5.555555555555555,0.5050505050505051,1.538458267554839e-24
5.555555555555555,0.5555555555555556,1.5152763609340082e-24
5.555555555555555,0.6060606060606061,1.4540273442017373e-24
5.555555555555555,0.6565656565656566,1.3562499287932969e-24
5.555555555555555,0.7070707070707071,1.224400500708447e-24
5.555555555555555,0.7575757575757576,1.061791410635442e-24
5.555555555555555,0.8080808080808081,8.725077603395574e-25
5.555555555555555,0.8585858585858586,6.613047758270024e-25
5.555555555555555,0.9090909090909091,4.334883454984576e-25
5.555555555555555,0.9595959595959596,1.9478172443932865e-25
5.555555555555555,1.0101010101010102,-4.881824646877298e-26
5.555555555555555,1.0606060606060606,-2.911917945198383e-25
5.555555555555555,1.1111111111111112,-5.262499574759366e-25
5.555555555555555,1.1616161616161615,-7.480875518322382e-25
5.555555555555555,1.2121212121212122,-9.511315241518037e-25
5.555555555555555,1.2626262626262625,-1.130280958554845e-24
5.555555555555555,1.3131313131313131,-1.2810352230631693e-24
5.555555555555555,1.3636363636363635,-1.3996070354787795e-24
5.555555555555555,1.4141414141414141,-1.4830176083304895e-24
5.555555555555555,1.4646464646464645,-1.5291714826359858e-24
5.555555555555555,1.5151515151515151,-1.5369091704889344e-24
5.555555555555555,1.5656565656565655,-1.5060362839723193e-24
5.555555555555555,1.6161616161616161,-1.4373284186149725e-24
5.555555555555555,1.6666666666666667,-1.3325116687080163e-24
5.555555555555555,1.7171717171717171,-1.1942192639797708e-24
5.555555555555555,1.7676767676767677,-1.0259254170122356e-24
5.555555555555555,1.8181818181818181,-8.318580432990873e-25
5.555555555555555,1.8686868686868687,-6.168925466113046e-25
5.555555555555555,1.9191919191919191,-3.8642933801814755e-25
5.555555555555555,1.9696969696969697,-1.4625816555788398e-25
5.555555555555555,2.0202020202020203,9.758733710149747e-26
5.555555555555555,2.0707070707070705,3.3898122895066397e-25
5.555555555555555,2.121212121212121,5.718591588929092e-25
5.555555555555555,2.1717171717171717,7.9037071572259985e-25
5.555555555555555,2.2222222222222223,9.890264034580714e-25
5.555555555555555,2.2727272727272725,1.1628355496818977e-24
5.555555555555555,2.323232323232323,1.307431682324524e-24
5.555555555555555,2.3737373737373737,1.4191822251477751e-24
5.555555555555555,2.4242424242424243,1.4952797561338992e-24
5.555555555555555,2.474747474747475,1.5338125361665593e-24
5.555555555555555,2.525252525252525,1.5338125361665593e-24
5.555555555555555,2.5757575757575757,1.4952797561338994e-24
5.555555555555555,2.6262626262626263,1.4191822251477755e-24
5.555555555555555,2.676767676767677,1.3074316823245245e-24
5.555555555555555,2.727272727272727,1.1628355496819001e-24
5.555555555555555,2.7777777777777777,9.890264034580732e-25
5.555555555555555,2.8282828282828283,7.903707157226017e-25
5.555555555555555,2.878787878787879,5.718591588929113e-25
5.555555555555555,2.929292929292929,3.389812289506662e-25
5.555555555555555,2.9797979797979797,9.758733710149705e-26
5.555555555555555,3.0303030303030303,-1.462581655578844e-25
5.555555555555555,3.080808080808081,-3.86429338018148e-25
5.555555555555555,3.131313131313131,-6.168925466113026e-25
5.555555555555555,3.1818181818181817,-8.318580432990855e-25
5.555555555555555,3.2323232323232323,-1.0259254170122351e-24
5.555555555555555,3.282828282828283,-1.19421926397977e-24
5.555555555555555,3.3333333333333335,-1.3325116687080163e-24
5.555555555555555,3.3838383838383836,-1.4373284186149716e-24
5.555555555555555,3.4343434343434343,-1.5060362839723188e-24
5.555555555555555,3.484848484848485,-1.5369091704889344e-24
5.555555555555555,3.5353535353535355,-1.529171482635986e-24
5.555555555555555,3.5858585858585856,-1.4830176083304905e-24
5.555555555555555,3.6363636363636362,-1.3996070354787812e-24
5.555555555555555,3.686868686868687,-1.2810352230631704e-24
5.555555555555555,3.7373737373737375,-1.1302809585548467e-24
5.555555555555555,3.7878787878787876,-9.511315241518044e-25
5.555555555555555,3.8383838383838382,-7.48087551832239e-25
5.555555555555555,3.888888888888889,-5.262499574759368e-25
5.555555555555555,3.9393939393939394,-2.9119179451983855e-25
5.555555555555555,3.9898989898989896,-4.8818246468774607e-26
5.555555555555555,4.040404040404041,1.9478172443932973e-25
5.555555555555555,4.090909090909091,4.334883454984561e-25
5.555555555555555,4.141414141414141,6.613047758269992e-25
5.555555555555555,4.191919191919192,8.72507760339557e-25
5.555555555555555,4.242424242424242,1.0617914106354403e-24
5.555555555555555,4.292929292929293,1.2244005007084473e-24
5.555555555555555,4.343434343434343,1.3562499287932963e-24
5.555555555555555,4.393939393939394,1.454027344201736e-24
5.555555555555555,4.444444444444445,1.5152763609340082e-24
5.555555555555555,4.494949494949495,1.5384582675548389e-24
5.555555555555555,4.545454545454545,1.5229906830447142e-24
5.555555555555555,4.595959595959596,1.4692621875055116e-24
5.555555555555555,4.646464646464646,1.378622560164667e-24
5.555555555555555,4.696969696969697,1.253348869920895e-24
5.555555555555555,4.747474747474747,1.0965882703123428e-24
5.555555555555555,4.797979797979798,9.12278936024684e-25
5.555555555555555,4.848484848484849,7.050511271898476e-25
5.555555555555555,4.898989898989899,4.801108669600852e-25
5.555555555555555,4.94949494949495,2.431091546352009e-25
5.555555555555555,5.0,9.421525874291524e-40
5.656565656565657,0.0,0.0
5.656565656565657,0.050505050505050504,8.97098704101308e-26
5.656565656565657,0.10101010101010101,1.7716602948216584e-25
5.656565656565657,0.15151515151515152,2.601713841160275e-25
5.656565656565657,0.20202020202020202,3.3664065531169313e-25
5.656565656565657,0.25252525252525254,4.0465276501251537e-25
5.656565656565657,0.30303030303030304,4.624990978558834e-25
5.656565656565657,0.35353535353535354,5.087264253887816e-25
5.656565656565657,0.40404040404040403,5.421734143965429e-25
5.656565656565657,0.45454545454545453,5.619998021744355e-25
5.656565656565657,0.5050505050505051,5.677075057944132e-25
5.656565656565657,0.5555555555555556,5.591531350553306e-25
5.656565656565657,0.6060606060606061,5.365515947635019e-25
5.656565656565657,0.6565656565656566,5.004706858463081e-25
5.656565656565657,0.7070707070707071,4.518168409308808e-25
5.656565656565657,0.7575757575757576,3.918123527418281e-25
5.656565656565657,0.8080808080808081,3.2196466739126774e-25
5.656565656565657,0.8585858585858586,2.4402851398196853e-25
5.656565656565657,0.9090909090909091,1.5996182191214628e-25
5.656565656565657,0.9595959595959596,7.187653333719326e-26
5.656565656565657,1.0101010101010102,-1.801445351136646e-26
5.656565656565657,1.0606060606060606,-1.074528772479453e-25
5.656565656565657,1.1111111111111112,-1.9419184587821828e-25
5.656565656565657,1.1616161616161615,-2.7605228372006548e-25
5.656565656565657,1.2121212121212122,-3.5097767462802625e-25
5.656565656565657,1.2626262626262625,-4.170857262497808e-25
5.656565656565657,1.3131313131313131,-4.7271565739371505e-25
5.656565656565657,1.3636363636363635,-5.164699205437811e-25
5.656565656565657,1.4141414141414141,-5.4724931135935905e-25
5.656565656565657,1.4646464646464645,-5.64280583131434e-25
5.656565656565657,1.5151515151515151,-5.671358724585829e-25
5.656565656565657,1.5656565656565655,-5.5574344812660685e-25
5.656565656565657,1.6161616161616161,-5.30389513156065e-25
5.656565656565657,1.6666666666666667,-4.917110147462706e-25
5.656565656565657,1.7171717171717171,-4.406796427459344e-25
5.656565656565657,1.7676767676767677,-3.7857741864444097e-25
5.656565656565657,1.8181818181818181,-3.069644883425558e-25
5.656565656565657,1.8686868686868687,-2.2763992781974116e-25
5.656565656565657,1.9191919191919191,-1.425965463468439e-25
5.656565656565657,1.9696969696969697,-5.397082268789782e-26
5.656565656565657,2.0202020202020203,3.6010767995066814e-26
5.656565656565657,2.0707070707070705,1.250876881467613e-25
5.656565656565657,2.121212121212121,2.1102212754640894e-25
5.656565656565657,2.1717171717171717,2.9165522207434745e-25
5.656565656565657,2.2222222222222223,3.649612891771122e-25
5.656565656565657,2.2727272727272725,4.29098717515556e-25
5.656565656565657,2.323232323232323,4.824562323349416e-25
5.656565656565657,2.3737373737373737,5.236933742680739e-25
5.656565656565657,2.4242424242424243,5.517741746539743e-25
5.656565656565657,2.474747474747475,5.659931813732361e-25
5.656565656565657,2.525252525252525,5.659931813732361e-25
5.656565656565657,2.5757575757575757,5.517741746539744e-25
5.656565656565657,2.6262626262626263,5.23693374268074e-25
5.656565656565657,2.676767676767677,4.824562323349418e-25
5.656565656565657,2.727272727272727,4.2909871751555695e-25
5.656565656565657,2.7777777777777777,3.649612891771129e-25
5.656565656565657,2.8282828282828283,2.9165522207434814e-25
5.656565656565657,2.878787878787879,2.110221275464097e-25
5.656565656565657,2.929292929292929,1.2508768814676216e-25
5.656565656565657,2.9797979797979797,3.601076799506666e-26
5.656565656565657,3.0303030303030303,-5.397082268789797e-26
5.656565656565657,3.080808080808081,-1.4259654634684406e-25
5.656565656565657,3.131313131313131,-2.2763992781974043e-25
5.656565656565657,3.1818181818181817,-3.069644883425551e-25
5.656565656565657,3.2323232323232323,-3.785774186444407e-25
5.656565656565657,3.282828282828283,-4.406796427459341e-25
5.656565656565657,3.3333333333333335,-4.917110147462707e-25
5.656565656565657,3.3838383838383836,-5.303895131560647e-25
5.656565656565657,3.4343434343434343,-5.557434481266066e-25
5.656565656565657,3.484848484848485,-5.671358724585829e-25
5.656565656565657,3.5353535353535355,-5.642805831314341e-25
5.656565656565657,3.5858585858585856,-5.472493113593594e-25
5.656565656565657,3.6363636363636362,-5.164699205437817e-25
5.656565656565657,3.686868686868687,-4.727156573937155e-25
5.656565656565657,3.7373737373737375,-4.170857262497814e-25
5.656565656565657,3.7878787878787876,-3.5097767462802648e-25
5.656565656565657,3.8383838383838382,-2.7605228372006575e-25
5.656565656565657,3.888888888888889,-1.9419184587821837e-25
5.656565656565657,3.9393939393939394,-1.074528772479454e-25
5.656565656565657,3.9898989898989896,-1.801445351136706e-26
5.656565656565657,4.040404040404041,7.187653333719365e-26
5.656565656565657,4.090909090909091,1.599618219121457e-25
5.656565656565657,4.141414141414141,2.4402851398196734e-25
5.656565656565657,4.191919191919192,3.219646673912676e-25
5.656565656565657,4.242424242424242,3.9181235274182756e-25
5.656565656565657,4.292929292929293,4.518168409308808e-25
5.656565656565657,4.343434343434343,5.004706858463078e-25
5.656565656565657,4.393939393939394,5.365515947635014e-25
5.656565656565657,4.444444444444445,5.591531350553306e-25
5.656565656565657,4.494949494949495,5.677075057944132e-25
5.656565656565657,4.545454545454545,5.619998021744356e-25
5.656565656565657,4.595959595959596,5.421734143965431e-25
5.656565656565657,4.646464646464646,5.087264253887819e-25
5.656565656565657,4.696969696969697,4.624990978558831e-25
5.656565656565657,4.747474747474747,4.046527650125155e-25
5.656565656565657,4.797979797979798,3.36640655311694e-25
5.656565656565657,4.848484848484849,2.6017138411602734e-25
5.656565656565657,4.898989898989899,1.7716602948216648e-25
5.656565656565657,4.94949494949495,8.970987041013033e-26
5.656565656565657,5.0,3.4766435123212814e-40
5.757575757575758,0.0,0.0
5.757575757575758,0.050505050505050504,3.310389878603581e-26
5.757575757575758,0.10101010101010101,6.537615405627808e-26
5.757575757575758,0.15151515151515152,9.600601502850015e-26
5.757575757575758,0.20202020202020202,1.2422399151570471e-25
5.757575757575758,0.25252525252525254,1.4932118522992648e-25
5.757575757575758,0.30303030303030304,1.706670988828565e-25
5.757575757575758,0.35353535353535354,1.877254756790978e-25
5.757575757575758,0.40404040404040403,2.0006777127877514e-25
5.757575757575758,0.45454545454545453,2.0738391978385574e-25
5.757575757575758,0.5050505050505051,2.0949012328267494e-25
5.757575757575758,0.5555555555555556,2.0633346926199497e-25
5.757575757575758,0.6060606060606061,1.9799325988694365e-25
5.757575757575758,0.6565656565656566,1.846790197543654e-25
5.757575757575758,0.7070707070707071,1.6672523216924922e-25
5.757575757575758,0.7575757575757576,1.4458293618066912e-25
5.757575757575758,0.8080808080808081,1.1880839547837075e-25
5.757575757575758,0.8585858585858586,9.004912381250683e-26
5.757575757575758,0.9090909090909091,5.902761800903882e-26
5.757575757575758,0.9595959595959596,2.6523207243613107e-26
5.757575757575758,1.0101010101010102,-6.647525439504792e-27
5.757575757575758,1.0606060606060606,-3.9651257508478265e-26
5.757575757575758,1.1111111111111112,-7.165886185808202e-26
5.757575757575758,1.1616161616161615,-1.0186623632544119e-25
5.757575757575758,1.2121212121212122,-1.2951450452359925e-25
5.757575757575758,1.2626262626262625,-1.5390908050307207e-25
5.757575757575758,1.3131313131313131,-1.7443711829471928e-25
5.757575757575758,1.3636363636363635,-1.9058290796262847e-25
5.757575757575758,1.4141414141414141,-2.0194083138394766e-25
5.757575757575758,1.4646464646464645,-2.082255522776763e-25
5.757575757575758,1.5151515151515151,-2.0927918448624663e-25
5.757575757575758,1.5656565656565655,-2.0507525842672666e-25
5.757575757575758,1.6161616161616161,-1.9571938606557602e-25
5.757575757575758,1.6666666666666667,-1.8144660771131048e-25
5.757575757575758,1.7171717171717171,-1.6261548727954028e-25
5.757575757575758,1.7676767676767677,-1.3969910437044858e-25
5.757575757575758,1.8181818181818181,-1.132731694577466e-25
5.757575757575758,1.8686868686868687,-8.400156076197169e-26
5.757575757575758,1.9191919191919191,-5.261964615402126e-26
5.757575757575758,1.9696969696969697,-1.9915809079772021e-26
5.757575757575758,2.0202020202020203,1.3288357384378605e-26
5.757575757575758,2.0707070707070705,4.6158690775702794e-26
5.757575757575758,2.121212121212121,7.786941526025636e-26
5.757575757575758,2.1717171717171717,1.076238869572336e-25
5.757575757575758,2.2222222222222223,1.346746074039129e-25
5.757575757575758,2.2727272727272725,1.5834200237846523e-25
5.757575757575758,2.323232323232323,1.7803149431486058e-25
5.757575757575758,2.3737373737373737,1.9324843941286227e-25
5.757575757575758,2.4242424242424243,2.0361055418970787e-25
5.757575757575758,2.474747474747475,2.0885751929087754e-25
5.757575757575758,2.525252525252525,2.0885751929087754e-25
5.757575757575758,2.5757575757575757,2.036105541897079e-25
5.757575757575758,2.6262626262626263,1.9324843941286231e-25
5.757575757575758,2.676767676767677,1.7803149431486065e-25
5.757575757575758,2.727272727272727,1.5834200237846555e-25
5.757575757575758,2.7777777777777777,1.3467460740391317e-25
5.757575757575758,2.8282828282828283,1.0762388695723388e-25
5.757575757575758,2.878787878787879,7.786941526025665e-26
5.757575757575758,2.929292929292929,4.6158690775703104e-26
5.757575757575758,2.9797979797979797,1.3288357384378548e-26
5.757575757575758,3.0303030303030303,-1.9915809079772076e-26
5.757575757575758,3.080808080808081,-5.261964615402132e-26
5.757575757575758,3.131313131313131,-8.400156076197141e-26
5.757575757575758,3.1818181818181817,-1.1327316945774635e-25
5.757575757575758,3.2323232323232323,-1.3969910437044849e-25
5.757575757575758,3.282828282828283,-1.6261548727954019e-25
5.757575757575758,3.3333333333333335,-1.814466077113105e-25
5.757575757575758,3.3838383838383836,-1.957193860655759e-25
5.757575757575758,3.4343434343434343,-2.050752584267266e-25
5.757575757575758,3.484848484848485,-2.0927918448624663e-25
5.757575757575758,3.5353535353535355,-2.0822555227767634e-25
5.757575757575758,3.5858585858585856,-2.019408313839478e-25
5.757575757575758,3.6363636363636362,-1.9058290796262868e-25
5.757575757575758,3.686868686868687,-1.7443711829471944e-25
5.757575757575758,3.7373737373737375,-1.5390908050307227e-25
5.757575757575758,3.7878787878787876,-1.2951450452359934e-25
5.757575757575758,3.8383838383838382,-1.018662363254413e-25
5.757575757575758,3.888888888888889,-7.165886185808205e-26
5.757575757575758,3.9393939393939394,-3.96512575084783e-26
5.757575757575758,3.9898989898989896,-6.647525439505013e-27
5.757575757575758,4.040404040404041,2.652320724361325e-26
5.757575757575758,4.090909090909091,5.902761800903861e-26
5.757575757575758,4.141414141414141,9.004912381250639e-26
5.757575757575758,4.191919191919192,1.188083954783707e-25
5.757575757575758,4.242424242424242,1.445829361806689e-25
5.757575757575758,4.292929292929293,1.6672523216924925e-25
5.757575757575758,4.343434343434343,1.8467901975436529e-25
5.757575757575758,4.393939393939394,1.979932598869435e-25
5.757575757575758,4.444444444444445,2.0633346926199497e-25
5.757575757575758,4.494949494949495,2.094901232826749e-25
5.757575757575758,4.545454545454545,2.073839197838558e-25
5.757575757575758,4.595959595959596,2.000677712787752e-25
5.757575757575758,4.646464646464646,1.877254756790979e-25
5.757575757575758,4.696969696969697,1.7066709888285637e-25
5.757575757575758,4.747474747474747,1.4932118522992652e-25
5.757575757575758,4.797979797979798,1.2422399151570504e-25
5.757575757575758,4.848484848484849,9.600601502850009e-26
5.757575757575758,4.898989898989899,6.537615405627831e-26
5.757575757575758,4.94949494949495,3.3103898786035633e-26
5.757575757575758,5.0,1.2829185285949844e-40
5.858585858585858,0.0,0.0
5.858585858585858,0.050505050505050504,1.221569164938136e-26
5.858585858585858,0.10101010101010101,2.4124497973357286e-26
5.858585858585858,0.15151515151515152,3.542724328799433e-26
5.858585858585858,0.20202020202020202,4.583997750897345e-26
5.858585858585858,0.25252525252525254,5.510110960882899e-26
5.858585858585858,0.30303030303030304,6.297797936498313e-26
5.858585858585858,0.35353535353535354,6.927270230165868e-26
5.858585858585858,0.40404040404040403,7.382714098773797e-26
5.858585858585858,0.45454545454545453,7.652687780051625e-26
5.858585858585858,0.5050505050505051,7.730408935069403e-26
5.858585858585858,0.5555555555555556,7.613925035666375e-26
5.858585858585858,0.6060606060606061,7.30616241629816e-26
5.858585858585858,0.6565656565656566,6.814852758011017e-26
5.858585858585858,0.7070707070707071,6.152338851429158e-26
5.858585858585858,0.7575757575757576,5.335264518420604e-26
5.858585858585858,0.8080808080808081,4.3841564822985257e-26
5.858585858585858,0.8585858585858586,3.322908690907928e-26
5.858585858585858,0.9090909090909091,2.1781820475479877e-26
5.858585858585858,0.9595959595959596,9.787346298233856e-27
5.858585858585858,1.0101010101010102,-2.45300777184176e-27
5.858585858585858,1.0606060606060606,-1.463173683451776e-26
5.858585858585858,1.1111111111111112,-2.644288414672167e-26
5.858585858585858,1.1616161616161615,-3.758972743595719e-26
5.858585858585858,1.2121212121212122,-4.779223322329863e-26
5.858585858585858,1.2626262626262625,-5.679409188679686e-26
5.858585858585858,1.3131313131313131,-6.436915672886887e-26
5.858585858585858,1.3636363636363635,-7.032712528398493e-26
5.858585858585858,1.4141414141414141,-7.451832013957845e-26
5.858585858585858,1.4646464646464645,-7.683744916532929e-26
5.858585858585858,1.5151515151515151,-7.722625068550494e-26
5.858585858585858,1.5656565656565655,-7.567495714174999e-26
5.858585858585858,1.6161616161616161,-7.22225404758618e-26
5.858585858585858,1.6666666666666667,-6.695573306799178e-26
5.858585858585858,1.7171717171717171,-6.000684882648046e-26
5.858585858585858,1.7676767676767677,-5.1550459168392707e-26
5.858585858585858,1.8181818181818181,-4.179900739751066e-26
5.858585858585858,1.8686868686868687,-3.099747165635587e-26
5.858585858585858,1.9191919191919191,-1.9417210530749485e-26
5.858585858585858,1.9696969696969697,-7.349145919001826e-27
5.858585858585858,2.0202020202020203,4.903545572789841e-27
5.858585858585858,2.0707070707070705,1.7033049100940998e-26
5.858585858585858,2.121212121212121,2.873464457721757e-26
5.858585858585858,2.1717171717171717,3.9714361914736795e-26
5.858585858585858,2.2222222222222223,4.9696366209942066e-26
5.858585858585858,2.2727272727272725,5.842988732846378e-26
5.858585858585858,2.323232323232323,6.56955198082684e-26
5.858585858585858,2.3737373737373737,7.131073481252541e-26
5.858585858585858,2.4242424242424243,7.513446565968591e-26
5.858585858585858,2.474747474747475,7.707065173206451e-26
5.858585858585858,2.525252525252525,7.707065173206451e-26
5.858585858585858,2.5757575757575757,7.513446565968592e-26
5.858585858585858,2.6262626262626263,7.131073481252542e-26
5.858585858585858,2.676767676767677,6.569551980826842e-26
5.858585858585858,2.727272727272727,5.84298873284639e-26
5.858585858585858,2.7777777777777777,4.969636620994216e-26
5.858585858585858,2.8282828282828283,3.971436191473689e-26
5.858585858585858,2.878787878787879,2.8734644577217674e-26
5.858585858585858,2.929292929292929,1.7033049100941113e-26
5.858585858585858,2.9797979797979797,4.903545572789819e-27
5.858585858585858,3.0303030303030303,-7.349145919001846e-27
5.858585858585858,3.080808080808081,-1.9417210530749505e-26
5.858585858585858,3.131313131313131,-3.099747165635577e-26
5.858585858585858,3.1818181818181817,-4.179900739751057e-26
5.858585858585858,3.2323232323232323,-5.155045916839267e-26
5.858585858585858,3.282828282828283,-6.000684882648043e-26
5.858585858585858,3.3333333333333335,-6.69557330679918e-26
5.858585858585858,3.3838383838383836,-7.222254047586177e-26
5.858585858585858,3.4343434343434343,-7.567495714174996e-26
5.858585858585858,3.484848484848485,-7.722625068550494e-26
5.858585858585858,3.5353535353535355,-7.68374491653293e-26
5.858585858585858,3.5858585858585856,-7.45183201395785e-26
5.858585858585858,3.6363636363636362,-7.032712528398501e-26
5.858585858585858,3.686868686868687,-6.436915672886893e-26
5.858585858585858,3.7373737373737375,-5.679409188679694e-26
5.858585858585858,3.7878787878787876,-4.7792233223298665e-26
5.858585858585858,3.8383838383838382,-3.7589727435957234e-26
5.858585858585858,3.888888888888889,-2.644288414672168e-26
5.858585858585858,3.9393939393939394,-1.4631736834517772e-26
5.858585858585858,3.9898989898989896,-2.4530077718418418e-27
5.858585858585858,4.040404040404041,9.78734629823391e-27
5.858585858585858,4.090909090909091,2.1781820475479803e-26
5.858585858585858,4.141414141414141,3.3229086909079113e-26
5.858585858585858,4.191919191919192,4.384156482298524e-26
5.858585858585858,4.242424242424242,5.335264518420597e-26
5.858585858585858,4.292929292929293,6.152338851429159e-26
5.858585858585858,4.343434343434343,6.814852758011013e-26
5.858585858585858,4.393939393939394,7.306162416298155e-26
5.858585858585858,4.444444444444445,7.613925035666375e-26
5.858585858585858,4.494949494949495,7.730408935069402e-26
5.858585858585858,4.545454545454545,7.652687780051627e-26
5.858585858585858,4.595959595959596,7.3827140987738e-26
5.858585858585858,4.646464646464646,6.927270230165871e-26
5.858585858585858,4.696969696969697,6.297797936498307e-26
5.858585858585858,4.747474747474747,5.510110960882901e-26
5.858585858585858,4.797979797979798,4.583997750897357e-26
5.858585858585858,4.848484848484849,3.5427243287994306e-26
5.858585858585858,4.898989898989899,2.4124497973357372e-26
5.858585858585858,4.94949494949495,1.2215691649381296e-26
5.858585858585858,5.0,4.734106172172436e-41
5.959595959595959,0.0,0.0
5.959595959595959,0.050505050505050504,4.507720478402049e-27
5.959595959595959,0.10101010101010101,8.902196999314288e-27
5.959595959595959,0.15151515151515152,1.3073030545160417e-26
5.959595959595959,0.20202020202020202,1.691544050697723e-26
5.959595959595959,0.25252525252525254,2.033289700620211e-26
5.959595959595959,0.30303030303030304,2.3239545939774358e-26
5.959595959595959,0.35353535353535354,2.5562365826027497e-26
5.959595959595959,0.40404040404040403,2.724300226660971e-26
5.959595959595959,0.45454545454545453,2.823923393867167e-26
5.959595959595959,0.5050505050505051,2.852603328833964e-26
5.959595959595959,0.5555555555555556,2.809619527849617e-26
5.959595959595959,0.6060606060606061,2.69605183953268e-26
5.959595959595959,0.6565656565656566,2.514753336634579e-26
5.959595959595959,0.7070707070707071,2.270278640510727e-26
5.959595959595959,0.7575757575757576,1.9687694989087552e-26
5.959595959595959,0.8080808080808081,1.61780049161416e-26
5.959595959595959,0.8585858585858586,1.2261887401704658e-26
5.959595959595959,0.9090909090909091,8.037724021887058e-27
5.959595959595959,0.9595959595959596,3.6116351496147616e-27
5.959595959595959,1.0101010101010102,-9.051860250066533e-28
5.959595959595959,1.0606060606060606,-5.399266914770681e-27
5.959595959595959,1.1111111111111112,-9.757706218970144e-27
5.959595959595959,1.1616161616161615,-1.3871010255010548e-26
5.959595959595959,1.2121212121212122,-1.7635843683082836e-26
5.959595959595959,1.2626262626262625,-2.095762551957728e-26
5.959595959595959,1.3131313131313131,-2.3752905221612048e-26
5.959595959595959,1.3636363636363635,-2.5951459150151354e-26
5.959595959595959,1.4141414141414141,-2.749805474390056e-26
5.959595959595959,1.4646464646464645,-2.8353838084008287e-26
5.959595959595959,1.5151515151515151,-2.849730999086658e-26
5.959595959595959,1.5656565656565655,-2.792486613128772e-26
5.959595959595959,1.6161616161616161,-2.665088756736508e-26
5.959595959595959,1.6666666666666667,-2.4707379472229293e-26
5.959595959595959,1.7171717171717171,-2.2143167088963037e-26
5.959595959595959,1.7676767676767677,-1.9022669131973434e-26
5.959595959595959,1.8181818181818181,-1.542427944570618e-26
5.959595959595959,1.8686868686868687,-1.1438397577031071e-26
5.959595959595959,1.9191919191919191,-7.165157737698464e-27
5.959595959595959,1.9696969696969697,-2.711913210377005e-27
5.959595959595959,2.0202020202020203,1.809460604415459e-27
5.959595959595959,2.0707070707070705,6.28537674703239e-27
5.959595959595959,2.121212121212121,1.0603390255588818e-26
5.959595959595959,2.1717171717171717,1.4655023033329075e-26
5.959595959595959,2.2222222222222223,1.833848905952602e-26
5.959595959595959,2.2727272727272725,2.1561251480556095e-26
5.959595959595959,2.323232323232323,2.4242347341339134e-26
5.959595959595959,2.3737373737373737,2.6314421554722024e-26
5.959595959595959,2.4242424242424243,2.7725419010974603e-26
5.959595959595959,2.474747474747475,2.843989231784625e-26
5.959595959595959,2.525252525252525,2.843989231784625e-26
5.959595959595959,2.5757575757575757,2.772541901097461e-26
5.959595959595959,2.6262626262626263,2.631442155472203e-26
5.959595959595959,2.676767676767677,2.4242347341339146e-26
5.959595959595959,2.727272727272727,2.1561251480556138e-26
5.959595959595959,2.7777777777777777,1.8338489059526055e-26
5.959595959595959,2.8282828282828283,1.465502303332911e-26
5.959595959595959,2.878787878787879,1.0603390255588858e-26
5.959595959595959,2.929292929292929,6.285376747032432e-27
5.959595959595959,2.9797979797979797,1.8094606044154508e-27
5.959595959595959,3.0303030303030303,-2.7119132103770124e-27
5.959595959595959,3.080808080808081,-7.165157737698471e-27
5.959595959595959,3.131313131313131,-1.1438397577031032e-26
5.959595959595959,3.1818181818181817,-1.5424279445706146e-26
5.959595959595959,3.2323232323232323,-1.9022669131973422e-26
5.959595959595959,3.282828282828283,-2.2143167088963025e-26
5.959595959595959,3.3333333333333335,-2.4707379472229296e-26
5.959595959595959,3.3838383838383836,-2.665088756736506e-26
5.959595959595959,3.4343434343434343,-2.7924866131287715e-26
5.959595959595959,3.484848484848485,-2.849730999086658e-26
5.959595959595959,3.5353535353535355,-2.835383808400829e-26
5.959595959595959,3.5858585858585856,-2.749805474390058e-26
5.959595959595959,3.6363636363636362,-2.595145915015138e-26
5.959595959595959,3.686868686868687,-2.375290522161207e-26
5.959595959595959,3.7373737373737375,-2.095762551957731e-26
5.959595959595959,3.7878787878787876,-1.7635843683082847e-26
5.959595959595959,3.8383838383838382,-1.3871010255010563e-26
5.959595959595959,3.888888888888889,-9.757706218970149e-27
5.959595959595959,3.9393939393939394,-5.399266914770686e-27
5.959595959595959,3.9898989898989896,-9.051860250066834e-28
5.959595959595959,4.040404040404041,3.611635149614781e-27
5.959595959595959,4.090909090909091,8.03772402188703e-27
5.959595959595959,4.141414141414141,1.2261887401704598e-26
5.959595959595959,4.191919191919192,1.6178004916141594e-26
5.959595959595959,4.242424242424242,1.9687694989087523e-26
5.959595959595959,4.292929292929293,2.2702786405107272e-26
5.959595959595959,4.343434343434343,2.5147533366345778e-26
5.959595959595959,4.393939393939394,2.6960518395326775e-26
5.959595959595959,4.444444444444445,2.809619527849617e-26
5.959595959595959,4.494949494949495,2.852603328833964e-26
5.959595959595959,4.545454545454545,2.823923393867168e-26
5.959595959595959,4.595959595959596,2.724300226660972e-26
5.959595959595959,4.646464646464646,2.556236582602751e-26
5.959595959595959,4.696969696969697,2.3239545939774338e-26
5.959595959595959,4.747474747474747,2.0332897006202115e-26
5.959595959595959,4.797979797979798,1.6915440506977273e-26
5.959595959595959,4.848484848484849,1.307303054516041e-26
5.959595959595959,4.898989898989899,8.90219699931432e-27
5.959595959595959,4.94949494949495,4.507720478402025e-27
5.959595959595959,5.0,1.7469356588017632e-41
6.0606060606060606,0.0,0.0
6.0606060606060606,0.050505050505050504,1.663396923778309e-27
6.0606060606060606,0.10101010101010101,3.285005619686774e-27
6.0606060606060606,0.15151515151515152,4.8240876730201265e-27
6.0606060606060606,0.20202020202020202,6.2419779217621995e-27
6.0606060606060606,0.25252525252525254,7.503055811394786e-27
6.0606060606060606,0.30303030303030304,8.57564026239906e-27
6.0606060606060606,0.35353535353535354,9.432785569388953e-27
6.0606060606060606,0.40404040404040403,1.0052958337121257e-26
6.0606060606060606,0.45454545454545453,1.0420578447245261e-26
6.0606060606060606,0.5050505050505051,1.0526410465504837e-26
6.0606060606060606,0.5555555555555556,1.0367795656374066e-26
6.0606060606060606,0.6060606060606061,9.948718776403074e-27
6.0606060606060606,0.6565656565656566,9.279707968276794e-27
6.0606060606060606,0.7070707070707071,8.377570270470364e-27
6.0606060606060606,0.7575757575757576,7.264969387086515e-27
6.0606060606060606,0.8080808080808081,5.969856325235108e-27
6.0606060606060606,0.8585858585858586,4.524767203609282e-27
6.0606060606060606,0.9090909090909091,2.966005872867584e-27
6.0606060606060606,0.9595959595959596,1.3327318822147659e-27
6.0606060606060606,1.0101010101010102,-3.3402329551208904e-28
6.0606060606060606,1.0606060606060606,-1.9923870656397247e-27
6.0606060606060606,1.1111111111111112,-3.6006976443049445e-27
6.0606060606060606,1.1616161616161615,-5.118550695064641e-27
6.0606060606060606,1.2121212121212122,-6.50781437563189e-27
6.0606060606060606,1.2626262626262625,-7.733587294507784e-27
6.0606060606060606,1.3131313131313131,-8.765075311509417e-27
6.0606060606060606,1.3636363636363635,-9.57636515501573e-27
6.0606060606060606,1.4141414141414141,-1.0147075420946746e-26
6.0606060606060606,1.4646464646464645,-1.046286859893469e-26
6.0606060606060606,1.5151515151515151,-1.051581126245168e-26
6.0606060606060606,1.5656565656565655,-1.030457337411731e-26
6.0606060606060606,1.6161616161616161,-9.834461699193834e-27
6.0606060606060606,1.6666666666666667,-9.11728648784774e-27
6.0606060606060606,1.7171717171717171,-8.171064775415529e-27
6.0606060606060606,1.7676767676767677,-7.019567754430535e-27
6.0606060606060606,1.8181818181818181,-5.6917235894315614e-27
6.0606060606060606,1.8686868686868687,-4.2208906771724955e-27
6.0606060606060606,1.9191919191919191,-2.644019609551963e-27
6.0606060606060606,1.9696969696969697,-1.0007248926166732e-27
6.0606060606060606,2.0202020202020203,6.677102578795397e-28
6.0606060606060606,2.0707070707070705,2.3193710426134577e-27
6.0606060606060606,2.121212121212121,3.9127640716133635e-27
6.0606060606060606,2.1717171717171717,5.4078597704401896e-27
6.0606060606060606,2.2222222222222223,6.767098012069118e-27
6.0606060606060606,2.2727272727272725,7.956331710763342e-27
6.0606060606060606,2.323232323232323,8.945684672764704e-27
6.0606060606060606,2.3737373737373737,9.710302152685126e-27
6.0606060606060606,2.4242424242424243,1.0230975259954097e-26
6.0606060606060606,2.474747474747475,1.0494623528844387e-26
6.0606060606060606,2.525252525252525,1.0494623528844387e-26
6.0606060606060606,2.5757575757575757,1.0230975259954098e-26
6.0606060606060606,2.6262626262626263,9.710302152685129e-27
6.0606060606060606,2.676767676767677,8.945684672764708e-27
6.0606060606060606,2.727272727272727,7.956331710763357e-27
6.0606060606060606,2.7777777777777777,6.767098012069131e-27
6.0606060606060606,2.8282828282828283,5.4078597704402025e-27
6.0606060606060606,2.878787878787879,3.9127640716133786e-27
6.0606060606060606,2.929292929292929,2.319371042613473e-27
6.0606060606060606,2.9797979797979797,6.677102578795369e-28
6.0606060606060606,3.0303030303030303,-1.0007248926166759e-27
6.0606060606060606,3.080808080808081,-2.644019609551966e-27
6.0606060606060606,3.131313131313131,-4.220890677172481e-27
6.0606060606060606,3.1818181818181817,-5.6917235894315485e-27
6.0606060606060606,3.2323232323232323,-7.019567754430531e-27
6.0606060606060606,3.282828282828283,-8.171064775415523e-27
6.0606060606060606,3.3333333333333335,-9.117286487847742e-27
6.0606060606060606,3.3838383838383836,-9.834461699193828e-27
6.0606060606060606,3.4343434343434343,-1.0304573374117305e-26
6.0606060606060606,3.484848484848485,-1.051581126245168e-26
6.0606060606060606,3.5353535353535355,-1.0462868598934692e-26
6.0606060606060606,3.5858585858585856,-1.0147075420946753e-26
6.0606060606060606,3.6363636363636362,-9.576365155015741e-27
6.0606060606060606,3.686868686868687,-8.765075311509426e-27
6.0606060606060606,3.7373737373737375,-7.733587294507794e-27
6.0606060606060606,3.7878787878787876,-6.507814375631894e-27
6.0606060606060606,3.8383838383838382,-5.118550695064647e-27
6.0606060606060606,3.888888888888889,-3.600697644304946e-27
6.0606060606060606,3.9393939393939394,-1.9923870656397265e-27
6.0606060606060606,3.9898989898989896,-3.340232955121001e-28
6.0606060606060606,4.040404040404041,1.3327318822147732e-27
6.0606060606060606,4.090909090909091,2.9660058728675734e-27
6.0606060606060606,4.141414141414141,4.52476720360926e-27
6.0606060606060606,4.191919191919192,5.969856325235106e-27
6.0606060606060606,4.242424242424242,7.264969387086504e-27
6.0606060606060606,4.292929292929293,8.377570270470365e-27
6.0606060606060606,4.343434343434343,9.27970796827679e-27
6.0606060606060606,4.393939393939394,9.948718776403067e-27
6.0606060606060606,4.444444444444445,1.0367795656374066e-26
6.0606060606060606,4.494949494949495,1.0526410465504836e-26
6.0606060606060606,4.545454545454545,1.0420578447245262e-26
6.0606060606060606,4.595959595959596,1.005295833712126e-26
6.0606060606060606,4.646464646464646,9.432785569388959e-27
6.0606060606060606,4.696969696969697,8.575640262399053e-27
6.0606060606060606,4.747474747474747,7.503055811394789e-27
6.0606060606060606,4.797979797979798,6.241977921762215e-27
6.0606060606060606,4.848484848484849,4.8240876730201236e-27
6.0606060606060606,4.898989898989899,3.285005619686785e-27
6.0606060606060606,4.94949494949495,1.6633969237783005e-27
6.0606060606060606,5.0,6.446378862248323e-42
6.161616161616162,0.0,0.0
6.161616161616162,0.050505050505050504,6.138112022012472e-28
6.161616161616162,0.10101010101010101,1.2122021027174422e-27
6.161616161616162,0.15151515151515152,1.780139792115752e-27
6.161616161616162,0.20202020202020202,2.303356413313369e-27
6.161616161616162,0.25252525252525254,2.768707601859846e-27
6.161616161616162,0.30303030303030304,3.164502701587373e-27
6.161616161616162,0.35353535353535354,3.48079845987792e-27
6.161616161616162,0.40404040404040403,3.709648824269345e-27
6.161616161616162,0.45454545454545453,3.845304564954508e-27
6.161616161616162,0.5050505050505051,3.884357708212547e-27
6.161616161616162,0.5555555555555556,3.8258271522834585e-27
6.161616161616162,0.6060606060606061,3.671183314824958e-27
6.161616161616162,0.6565656565656566,3.424311192752699e-27
6.161616161616162,0.7070707070707071,3.091412762482768e-27
6.161616161616162,0.7575757575757576,2.6808511724993135e-27
6.161616161616162,0.8080808080808081,2.202940642476295e-27
6.161616161616162,0.8585858585858586,1.6696873471543963e-27
6.161616161616162,0.9090909090909091,1.0944877945460532e-27
6.161616161616162,0.9595959595959596,4.917922758784674e-28
6.161616161616162,1.0101010101010102,-1.2325815783991614e-28
6.161616161616162,1.0606060606060606,-7.352120726739568e-28
6.161616161616162,1.1111111111111112,-1.328695826125368e-27
6.161616161616162,1.1616161616161615,-1.888799787202436e-27
6.161616161616162,1.2121212121212122,-2.4014528994894e-27
6.161616161616162,1.2626262626262625,-2.8537761773585974e-27
6.161616161616162,1.3131313131313131,-3.234406254714888e-27
6.161616161616162,1.3636363636363635,-3.533780858008695e-27
6.161616161616162,1.4141414141414141,-3.7443790318011565e-27
6.161616161616162,1.4646464646464645,-3.8609100818811596e-27
6.161616161616162,1.5151515151515151,-3.880446489263281e-27
6.161616161616162,1.5656565656565655,-3.8024974559715404e-27
6.161616161616162,1.6161616161616161,-3.6290212349754274e-27
6.161616161616162,1.6666666666666667,-3.3643759345228044e-27
6.161616161616162,1.7171717171717171,-3.0152100327741815e-27
6.161616161616162,1.7676767676767677,-2.590295353254098e-27
6.161616161616162,1.8181818181818181,-2.1003066971475313e-27
6.161616161616162,1.8686868686868687,-1.557553668567792e-27
6.161616161616162,1.9191919191919191,-9.75671429941312e-28
6.161616161616162,1.9696969696969697,-3.6927815642132308e-28
6.161616161616162,2.0202020202020203,2.4639220516303415e-28
6.161616161616162,2.0707070707070705,8.558726469107414e-28
6.161616161616162,2.121212121212121,1.4438516654651057e-27
6.161616161616162,2.1717171717171717,1.9955579210101088e-27
6.161616161616162,2.2222222222222223,2.4971313261580892e-27
6.161616161616162,2.2727272727272725,2.9359712421509983e-27
6.161616161616162,2.323232323232323,3.3010530349127825e-27
6.161616161616162,2.3737373737373737,3.583205038361234e-27
6.161616161616162,2.4242424242424243,3.7753389670453654e-27
6.161616161616162,2.474747474747475,3.8726279896306905e-27
6.161616161616162,2.525252525252525,3.8726279896306905e-27
6.161616161616162,2.5757575757575757,3.775338967045366e-27
6.161616161616162,2.6262626262626263,3.583205038361235e-27
6.161616161616162,2.676767676767677,3.301053034912783e-27
6.161616161616162,2.727272727272727,2.9359712421510044e-27
6.161616161616162,2.7777777777777777,2.497131326158094e-27
6.161616161616162,2.8282828282828283,1.9955579210101134e-27
6.161616161616162,2.878787878787879,1.4438516654651111e-27
6.161616161616162,2.929292929292929,8.558726469107472e-28
6.161616161616162,2.9797979797979797,2.4639220516303307e-28
6.161616161616162,3.0303030303030303,-3.692781564213241e-28
6.161616161616162,3.080808080808081,-9.75671429941313e-28
6.161616161616162,3.131313131313131,-1.557553668567787e-27
6.161616161616162,3.1818181818181817,-2.1003066971475263e-27
6.161616161616162,3.2323232323232323,-2.5902953532540963e-27
6.161616161616162,3.282828282828283,-3.01521003277418e-27
6.161616161616162,3.3333333333333335,-3.364375934522805e-27
6.161616161616162,3.3838383838383836,-3.629021234975425e-27
6.161616161616162,3.4343434343434343,-3.802497455971539e-27
6.161616161616162,3.484848484848485,-3.880446489263281e-27
6.161616161616162,3.5353535353535355,-3.8609100818811596e-27
6.161616161616162,3.5858585858585856,-3.744379031801159e-27
6.161616161616162,3.6363636363636362,-3.533780858008699e-27
6.161616161616162,3.686868686868687,-3.2344062547148906e-27
6.161616161616162,3.7373737373737375,-2.8537761773586013e-27
6.161616161616162,3.7878787878787876,-2.4014528994894018e-27
6.161616161616162,3.8383838383838382,-1.888799787202438e-27
6.161616161616162,3.888888888888889,-1.3286958261253687e-27
6.161616161616162,3.9393939393939394,-7.352120726739574e-28
6.161616161616162,3.9898989898989896,-1.2325815783992024e-28
6.161616161616162,4.040404040404041,4.917922758784702e-28
6.161616161616162,4.090909090909091,1.0944877945460493e-27
6.161616161616162,4.141414141414141,1.669687347154388e-27
6.161616161616162,4.191919191919192,2.2029406424762942e-27
6.161616161616162,4.242424242424242,2.6808511724993095e-27
6.161616161616162,4.292929292929293,3.0914127624827684e-27
6.161616161616162,4.343434343434343,3.4243111927526965e-27
6.161616161616162,4.393939393939394,3.671183314824955e-27
6.161616161616162,4.444444444444445,3.8258271522834585e-27
6.161616161616162,4.494949494949495,3.884357708212547e-27
6.161616161616162,4.545454545454545,3.845304564954509e-27
6.161616161616162,4.595959595959596,3.7096488242693454e-27
6.161616161616162,4.646464646464646,3.480798459877922e-27
6.161616161616162,4.696969696969697,3.1645027015873704e-27
6.161616161616162,4.747474747474747,2.768707601859847e-27
6.161616161616162,4.797979797979798,2.3033564133133748e-27
6.161616161616162,4.848484848484849,1.780139792115751e-27
6.161616161616162,4.898989898989899,1.2122021027174465e-27
6.161616161616162,4.94949494949495,6.138112022012439e-28
6.161616161616162,5.0,2.3787825399445702e-42
6.262626262626262,0.0,0.0
6.262626262626262,0.050505050505050504,2.2650287887508396e-28
6.262626262626262,0.10101010101010101,4.473155019968338e-28
6.262626262626262,0.15151515151515152,6.5689056548387e-28
6.262626262626262,0.20202020202020202,8.499630779299678e-28
6.262626262626262,0.25252525252525254,1.0216826286904002e-27
6.262626262626262,0.30303030303030304,1.167735240978084e-27
6.262626262626262,0.35353535353535354,1.2844517485489213e-27
6.262626262626262,0.40404040404040403,1.3688999733131129e-27
6.262626262626262,0.45454545454545453,1.4189583881659707e-27
6.262626262626262,0.5050505050505051,1.4333694144641952e-27
6.262626262626262,0.5555555555555556,1.4117710151965469e-27
6.262626262626262,0.6060606060606061,1.3547057901582515e-27
6.262626262626262,0.6565656565656566,1.2636073446381343e-27
6.262626262626262,0.7070707070707071,1.1407642740673664e-27
6.262626262626262,0.7575757575757576,9.892626694154932e-28
6.262626262626262,0.8080808080808081,8.129085877259901e-28
6.262626262626262,0.8585858585858586,6.161324355038043e-28
6.262626262626262,0.9090909090909091,4.0387766705672353e-28
6.262626262626262,0.9595959595959596,1.8147659393560685e-28
6.262626262626262,1.0101010101010102,-4.5483574583617766e-29
6.262626262626262,1.0606060606060606,-2.713010946153604e-28
6.262626262626262,1.1111111111111112,-4.903029281437451e-28
6.262626262626262,1.1616161616161615,-6.969872623467223e-28
6.262626262626262,1.2121212121212122,-8.861617273627555e-28
6.262626262626262,1.2626262626262625,-1.053073840162543e-27
6.262626262626262,1.3131313131313131,-1.1935303974858145e-27
6.262626262626262,1.3636363636363635,-1.3040028184272319e-27
6.262626262626262,1.4141414141414141,-1.3817157902315299e-27
6.262626262626262,1.4646464646464645,-1.4247169903184637e-27
6.262626262626262,1.5151515151515151,-1.4319261329653522e-27
6.262626262626262,1.5656565656565655,-1.4031621084855248e-27
6.262626262626262,1.6161616161616161,-1.3391475331061934e-27
6.262626262626262,1.6666666666666667,-1.2414905952427043e-27
6.262626262626262,1.7171717171717171,-1.1126446542311098e-27
6.262626262626262,1.7676767676767677,-9.558466064886911e-28
6.262626262626262,1.8181818181818181,-7.7503556748148305e-28
6.262626262626262,1.8686868686868687,-5.747539123884964e-28
6.262626262626262,1.9191919191919191,-3.600331615411302e-28
6.262626262626262,1.9696969696969697,-1.3626757744914827e-28
6.262626262626262,2.0202020202020203,9.092135106310735e-29
6.262626262626262,2.0707070707070705,3.158261331505678e-28
6.262626262626262,2.121212121212121,5.327966608032144e-28
6.262626262626262,2.1717171717171717,7.363821521174719e-28
6.262626262626262,2.2222222222222223,9.214680870528014e-28
6.262626262626262,2.2727272727272725,1.0834046955428898e-27
6.262626262626262,2.323232323232323,1.2181237700545163e-27
6.262626262626262,2.3737373737373737,1.3222408680029728e-27
6.262626262626262,2.4242424242424243,1.3931403364722164e-27
6.262626262626262,2.474747474747475,1.429041023229794e-27
6.262626262626262,2.525252525252525,1.429041023229794e-27
6.262626262626262,2.5757575757575757,1.3931403364722166e-27
6.262626262626262,2.6262626262626263,1.322240868002973e-27
6.262626262626262,2.676767676767677,1.2181237700545169e-27
6.262626262626262,2.727272727272727,1.0834046955428922e-27
6.262626262626262,2.7777777777777777,9.214680870528032e-28
6.262626262626262,2.8282828282828283,7.363821521174737e-28
6.262626262626262,2.878787878787879,5.3279666080321635e-28
6.262626262626262,2.929292929292929,3.158261331505699e-28
6.262626262626262,2.9797979797979797,9.092135106310695e-29
6.262626262626262,3.0303030303030303,-1.3626757744914865e-28
6.262626262626262,3.080808080808081,-3.6003316154113063e-28
6.262626262626262,3.131313131313131,-5.747539123884945e-28
6.262626262626262,3.1818181818181817,-7.7503556748148135e-28
6.262626262626262,3.2323232323232323,-9.558466064886904e-28
6.262626262626262,3.282828282828283,-1.1126446542311091e-27
6.262626262626262,3.3333333333333335,-1.2414905952427045e-27
6.262626262626262,3.3838383838383836,-1.3391475331061925e-27
6.262626262626262,3.4343434343434343,-1.4031621084855244e-27
6.262626262626262,3.484848484848485,-1.4319261329653522e-27
6.262626262626262,3.5353535353535355,-1.4247169903184639e-27
6.262626262626262,3.5858585858585856,-1.3817157902315308e-27
6.262626262626262,3.6363636363636362,-1.3040028184272332e-27
6.262626262626262,3.686868686868687,-1.1935303974858156e-27
6.262626262626262,3.7373737373737375,-1.0530738401625444e-27
6.262626262626262,3.7878787878787876,-8.861617273627562e-28
6.262626262626262,3.8383838383838382,-6.9698726234672315e-28
6.262626262626262,3.888888888888889,-4.903029281437453e-28
6.262626262626262,3.9393939393939394,-2.7130109461536064e-28
6.262626262626262,3.9898989898989896,-4.5483574583619273e-29
6.262626262626262,4.040404040404041,1.8147659393560786e-28
6.262626262626262,4.090909090909091,4.038776670567221e-28
6.262626262626262,4.141414141414141,6.161324355038013e-28
6.262626262626262,4.191919191919192,8.129085877259898e-28
6.262626262626262,4.242424242424242,9.892626694154918e-28
6.262626262626262,4.292929292929293,1.1407642740673665e-27
6.262626262626262,4.343434343434343,1.2636073446381336e-27
6.262626262626262,4.393939393939394,1.3547057901582504e-27
6.262626262626262,4.444444444444445,1.4117710151965469e-27
6.262626262626262,4.494949494949495,1.433369414464195e-27
6.262626262626262,4.545454545454545,1.4189583881659711e-27
6.262626262626262,4.595959595959596,1.3688999733131134e-27
6.262626262626262,4.646464646464646,1.284451748548922e-27
6.262626262626262,4.696969696969697,1.167735240978083e-27
6.262626262626262,4.747474747474747,1.0216826286904006e-27
6.262626262626262,4.797979797979798,8.4996307792997e-28
6.262626262626262,4.848484848484849,6.5689056548386965e-28
6.262626262626262,4.898989898989899,4.473155019968354e-28
6.262626262626262,4.94949494949495,2.265028788750828e-28
6.262626262626262,5.0,8.777961229495053e-43
6.363636363636363,0.0,0.0
6.363636363636363,0.050505050505050504,8.358197757668038e-29
6.363636363636363,0.10101010101010101,1.650641901033852e-28
6.363636363636363,0.15151515151515152,2.4239962329523116e-28
6.363636363636363,0.20202020202020202,3.136454391810541e-28
6.363636363636363,0.25252525252525254,3.7701178451148836e-28
6.363636363636363,0.30303030303030304,4.309067558508024e-28
6.363636363636363,0.35353535353535354,4.739763917294452e-28
6.363636363636363,0.40404040404040403,5.051386871655389e-28
6.363636363636363,0.45454545454545453,5.236107760349399e-28
6.363636363636363,0.5050505050505051,5.289285984083121e-28
6.363636363636363,0.5555555555555556,5.209585587679932e-28
6.363636363636363,0.6060606060606061,4.999008822243345e-28
6.363636363636363,0.6565656565656566,4.662845844158988e-28
6.363636363636363,0.7070707070707071,4.209541814608044e-28
6.363636363636363,0.7575757575757576,3.6504847383477696e-28
6.363636363636363,0.8080808080808081,2.9997193717204772e-28
6.363636363636363,0.8585858585858586,2.27359438715767e-28
6.363636363636363,0.9090909090909091,1.490351658191238e-28
6.363636363636363,0.9595959595959596,6.69667983045083e-29
6.363636363636363,1.0101010101010102,-1.678392402708396e-29
6.363636363636363,1.0606060606060606,-1.0011299688237347e-28
6.363636363636363,1.1111111111111112,-1.809270087401049e-28
6.363636363636363,1.1616161616161615,-2.5719573200137323e-28
6.363636363636363,1.2121212121212122,-3.2700312681939076e-28
6.363636363636363,1.2626262626262625,-3.885954762791169e-28
6.363636363636363,1.3131313131313131,-4.404254436640604e-28
6.363636363636363,1.3636363636363635,-4.811909449937781e-28
6.363636363636363,1.4141414141414141,-5.098678602675405e-28
6.363636363636363,1.4646464646464645,-5.257357616350044e-28
6.363636363636363,1.5151515151515151,-5.283960121450724e-28
6.363636363636363,1.5656565656565655,-5.177817803921334e-28
6.363636363636363,1.6161616161616161,-4.941597194695136e-28
6.363636363636363,1.6666666666666667,-4.581232680510972e-28
6.363636363636363,1.7171717171717171,-4.105777418928334e-28
6.363636363636363,1.7676767676767677,-3.5271759028874816e-28
6.363636363636363,1.8181818181818181,-2.8599638884984155e-28
6.363636363636363,1.8686868686868687,-2.1209032245395045e-28
6.363636363636363,1.9191919191919191,-1.328560757560523e-28
6.363636363636363,1.9696969696969697,-5.028418914297584e-29
6.363636363636363,2.0202020202020203,3.355094806538497e-29
6.363636363636363,2.0707070707070705,1.1654321088642123e-28
6.363636363636363,2.121212121212121,1.9660764921554883e-28
6.363636363636363,2.1717171717171717,2.717328664069386e-28
6.363636363636363,2.2222222222222223,3.4003155002788824e-28
6.363636363636363,2.2727272727272725,3.9978788534196064e-28
6.363636363636363,2.323232323232323,4.495006603888148e-28
6.363636363636363,2.3737373737373737,4.879209797653126e-28
6.363636363636363,2.4242424242424243,5.1408363965390065e-28
6.363636363636363,2.474747474747475,5.273313758878146e-28
6.363636363636363,2.525252525252525,5.273313758878146e-28
6.363636363636363,2.5757575757575757,5.1408363965390065e-28
6.363636363636363,2.6262626262626263,4.879209797653127e-28
6.363636363636363,2.676767676767677,4.49500660388815e-28
6.363636363636363,2.727272727272727,3.9978788534196145e-28
6.363636363636363,2.7777777777777777,3.4003155002788887e-28
6.363636363636363,2.8282828282828283,2.717328664069392e-28
6.363636363636363,2.878787878787879,1.9660764921554957e-28
6.363636363636363,2.929292929292929,1.16543210886422e-28
6.363636363636363,2.9797979797979797,3.355094806538482e-29
6.363636363636363,3.0303030303030303,-5.028418914297598e-29
6.363636363636363,3.080808080808081,-1.3285607575605245e-28
6.363636363636363,3.131313131313131,-2.1209032245394973e-28
6.363636363636363,3.1818181818181817,-2.8599638884984092e-28
6.363636363636363,3.2323232323232323,-3.5271759028874793e-28
6.363636363636363,3.282828282828283,-4.105777418928331e-28
6.363636363636363,3.3333333333333335,-4.581232680510973e-28
6.363636363636363,3.3838383838383836,-4.941597194695133e-28
6.363636363636363,3.4343434343434343,-5.177817803921332e-28
6.363636363636363,3.484848484848485,-5.283960121450724e-28
6.363636363636363,3.5353535353535355,-5.257357616350044e-28
6.363636363636363,3.5858585858585856,-5.098678602675408e-28
6.363636363636363,3.6363636363636362,-4.811909449937786e-28
6.363636363636363,3.686868686868687,-4.404254436640607e-28
6.363636363636363,3.7373737373737375,-3.8859547627911744e-28
6.363636363636363,3.7878787878787876,-3.27003126819391e-28
6.363636363636363,3.8383838383838382,-2.571957320013735e-28
6.363636363636363,3.888888888888889,-1.80927008740105e-28
6.363636363636363,3.9393939393939394,-1.0011299688237356e-28
6.363636363636363,3.9898989898989896,-1.678392402708452e-29
6.363636363636363,4.040404040404041,6.696679830450867e-29
6.363636363636363,4.090909090909091,1.4903516581912327e-28
6.363636363636363,4.141414141414141,2.2735943871576586e-28
6.363636363636363,4.191919191919192,2.999719371720476e-28
6.363636363636363,4.242424242424242,3.650484738347764e-28
6.363636363636363,4.292929292929293,4.209541814608045e-28
6.363636363636363,4.343434343434343,4.662845844158985e-28
6.363636363636363,4.393939393939394,4.999008822243341e-28
6.363636363636363,4.444444444444445,5.209585587679932e-28
6.363636363636363,4.494949494949495,5.289285984083121e-28
6.363636363636363,4.545454545454545,5.2361077603494e-28
6.363636363636363,4.595959595959596,5.051386871655391e-28
6.363636363636363,4.646464646464646,4.739763917294453e-28
6.363636363636363,4.696969696969697,4.309067558508021e-28
6.363636363636363,4.747474747474747,3.7701178451148845e-28
6.363636363636363,4.797979797979798,3.136454391810549e-28
6.363636363636363,4.848484848484849,2.42399623295231e-28
6.363636363636363,4.898989898989899,1.6506419010338578e-28
6.363636363636363,4.94949494949495,8.358197757667995e-29
6.363636363636363,5.0,3.23916129585818e-43
6.4646464646464645,0.0,0.0
6.4646464646464645,0.050505050505050504,3.084264098683484e-29
6.4646464646464645,0.10101010101010101,6.091044627977042e-29
6.4646464646464645,0.15151515151515152,8.94480457797246e-29
6.4646464646464645,0.20202020202020202,1.1573851155824257e-28
6.4646464646464645,0.25252525252525254,1.3912136868053756e-28
6.4646464646464645,0.30303030303030304,1.590091878038553e-28
6.4646464646464645,0.35353535353535354,1.7490234270821232e-28
6.4646464646464645,0.40404040404040403,1.864015620175348e-28
6.4646464646464645,0.45454545454545453,1.932179597840648e-28
6.4646464646464645,0.5050505050505051,1.951802929454596e-28
6.4646464646464645,0.5555555555555556,1.9223926333113063e-28
6.4646464646464645,0.6060606060606061,1.844687561418611e-28
6.4646464646464645,0.6565656565656566,1.7206398378934164e-28
6.4646464646464645,0.7070707070707071,1.5533658172650017e-28
6.4646464646464645,0.7575757575757576,1.3470677947226876e-28
6.4646464646464645,0.8080808080808081,1.106928435120463e-28
6.4646464646464645,0.8585858585858586,8.389805729166127e-29
6.4646464646464645,0.9090909090909091,5.499556539632666e-29
6.4646464646464645,0.9595959595959596,2.4711462662496176e-29
6.4646464646464645,1.0101010101010102,-6.193446938279798e-30
6.4646464646464645,1.0606060606060606,-3.694276338611844e-29
6.4646464646464645,1.1111111111111112,-6.676399550696795e-29
6.4646464646464645,1.1616161616161615,-9.49079676678739e-29
6.4646464646464645,1.2121212121212122,-1.2066764073403326e-28
6.4646464646464645,1.2626262626262625,-1.433958744633584e-28
6.4646464646464645,1.3131313131313131,-1.6252168510772362e-28
6.4646464646464645,1.3636363636363635,-1.7756458979381253e-28
6.4646464646464645,1.4141414141414141,-1.8814667732084064e-28
6.4646464646464645,1.4646464646464645,-1.9400210212988153e-28
6.4646464646464645,1.5151515151515151,-1.949837629351885e-28
6.4646464646464645,1.5656565656565655,-1.910669982354466e-28
6.4646464646464645,1.6161616161616161,-1.8235020586549945e-28
6.4646464646464645,1.6666666666666667,-1.690523710240344e-28
6.4646464646464645,1.7171717171717171,-1.5150756487866467e-28
6.4646464646464645,1.7676767676767677,-1.301565519556762e-28
6.4646464646464645,1.8181818181818181,-1.0553571715546404e-28
6.4646464646464645,1.8686868686868687,-7.826359057163905e-29
6.4646464646464645,1.9191919191919191,-4.9025308640303157e-29
6.4646464646464645,1.9696969696969697,-1.8555401989957305e-29
6.4646464646464645,2.0202020202020203,1.2380657600488765e-29
6.4646464646464645,2.0707070707070705,4.3005687554176124e-29
6.4646464646464645,2.121212121212121,7.255031905003141e-29
6.4646464646464645,2.1717171717171717,1.0027232527758558e-28
6.4646464646464645,2.2222222222222223,1.2547526782416264e-28
6.4646464646464645,2.2727272727272725,1.475259927557425e-28
6.4646464646464645,2.323232323232323,1.6587053685106181e-28
6.4646464646464645,2.3737373737373737,1.800480443889963e-28
6.4646464646464645,2.4242424242424243,1.8970234486859537e-28
6.4646464646464645,2.474747474747475,1.9459090080370753e-28
6.4646464646464645,2.525252525252525,1.9459090080370753e-28
6.4646464646464645,2.5757575757575757,1.8970234486859539e-28
6.4646464646464645,2.6262626262626263,1.8004804438899633e-28
6.4646464646464645,2.676767676767677,1.6587053685106188e-28
6.4646464646464645,2.727272727272727,1.4752599275574281e-28
6.4646464646464645,2.7777777777777777,1.2547526782416286e-28
6.4646464646464645,2.8282828282828283,1.0027232527758583e-28
6.4646464646464645,2.878787878787879,7.255031905003168e-29
6.4646464646464645,2.929292929292929,4.300568755417641e-29
6.4646464646464645,2.9797979797979797,1.2380657600488711e-29
6.4646464646464645,3.0303030303030303,-1.8555401989957355e-29
6.4646464646464645,3.080808080808081,-4.9025308640303213e-29
6.4646464646464645,3.131313131313131,-7.826359057163879e-29
6.4646464646464645,3.1818181818181817,-1.0553571715546379e-28
6.4646464646464645,3.2323232323232323,-1.301565519556761e-28
6.4646464646464645,3.282828282828283,-1.5150756487866458e-28
6.4646464646464645,3.3333333333333335,-1.6905237102403442e-28
6.4646464646464645,3.3838383838383836,-1.8235020586549934e-28
6.4646464646464645,3.4343434343434343,-1.9106699823544654e-28
6.4646464646464645,3.484848484848485,-1.949837629351885e-28
6.4646464646464645,3.5353535353535355,-1.9400210212988155e-28
6.4646464646464645,3.5858585858585856,-1.8814667732084078e-28
6.4646464646464645,3.6363636363636362,-1.7756458979381273e-28
6.4646464646464645,3.686868686868687,-1.6252168510772378e-28
6.4646464646464645,3.7373737373737375,-1.4339587446335859e-28
6.4646464646464645,3.7878787878787876,-1.2066764073403335e-28
6.4646464646464645,3.8383838383838382,-9.4907967667874e-29
6.4646464646464645,3.888888888888889,-6.676399550696798e-29
6.4646464646464645,3.9393939393939394,-3.6942763386118476e-29
6.4646464646464645,3.9898989898989896,-6.193446938280004e-30
6.4646464646464645,4.040404040404041,2.471146266249631e-29
6.4646464646464645,4.090909090909091,5.499556539632646e-29
6.4646464646464645,4.141414141414141,8.389805729166086e-29
6.4646464646464645,4.191919191919192,1.1069284351204625e-28
6.4646464646464645,4.242424242424242,1.3470677947226856e-28
6.4646464646464645,4.292929292929293,1.553365817265002e-28
6.4646464646464645,4.343434343434343,1.7206398378934155e-28
6.4646464646464645,4.393939393939394,1.8446875614186095e-28
6.4646464646464645,4.444444444444445,1.9223926333113063e-28
6.4646464646464645,4.494949494949495,1.9518029294545957e-28
6.4646464646464645,4.545454545454545,1.9321795978406484e-28
6.4646464646464645,4.595959595959596,1.8640156201753487e-28
6.4646464646464645,4.646464646464646,1.7490234270821241e-28
6.4646464646464645,4.696969696969697,1.5900918780385516e-28
6.4646464646464645,4.747474747474747,1.391213686805376e-28
6.4646464646464645,4.797979797979798,1.1573851155824286e-28
6.4646464646464645,4.848484848484849,8.944804577972454e-29
6.4646464646464645,4.898989898989899,6.091044627977064e-29
6.4646464646464645,4.94949494949495,3.084264098683468e-29
6.4646464646464645,5.0,1.1952850583721788e-43
6.565656565656566,0.0,0.0
6.565656565656566,0.050505050505050504,1.1381263408969613e-29
6.565656565656566,0.10101010101010101,2.2476604184572534e-29
6.565656565656566,0.15151515151515152,3.300728270549738e-29
6.565656565656566,0.20202020202020202,4.270874492131527e-29
6.565656565656566,0.25252525252525254,5.133726853823693e-29
6.565656565656566,0.30303030303030304,5.867608586484133e-29
6.565656565656566,0.35353535353535354,6.454082949828227e-29
6.565656565656566,0.40404040404040403,6.878416404323169e-29
6.565656565656566,0.45454545454545453,7.129948750448471e-29
6.565656565656566,0.5050505050505051,7.202360936601802e-29
6.565656565656566,0.5555555555555556,7.093833807720244e-29
6.565656565656566,0.6060606060606061,6.807093806498824e-29
6.565656565656566,0.6565656565656566,6.349344479090088e-29
6.565656565656566,0.7070707070707071,5.732085506013809e-29
6.565656565656566,0.7575757575757576,4.9708238046225946e-29
6.565656565656566,0.8080808080808081,4.084683960871597e-29
6.565656565656566,0.8585858585858586,3.0959277772120894e-29
6.565656565656566,0.9090909090909091,2.029395006633774e-29
6.565656565656566,0.9595959595959596,9.118793228596632e-30
6.565656565656566,1.0101010101010102,-2.2854479629071658e-30
6.565656565656566,1.0606060606060606,-1.363227362183813e-29
6.565656565656566,1.1111111111111112,-2.4636626267653636e-29
6.565656565656566,1.1616161616161615,-3.502205210309698e-29
6.565656565656566,1.2121212121212122,-4.4527646148044114e-29
6.565656565656566,1.2626262626262625,-5.291460675250379e-29
6.565656565656566,1.3131313131313131,-5.997223482483749e-29
6.565656565656566,1.3636363636363635,-6.552322706125073e-29
6.565656565656566,1.4141414141414141,-6.94281301988675e-29
6.565656565656566,1.4646464646464645,-7.158884439164873e-29
6.565656565656566,1.5151515151515151,-7.195108769656638e-29
6.565656565656566,1.5656565656565655,-7.050575975666188e-29
6.565656565656566,1.6161616161616161,-6.72891704222397e-29
6.565656565656566,1.6666666666666667,-6.238212756672387e-29
6.565656565656566,1.7171717171717171,-5.590790701327011e-29
6.565656565656566,1.7676767676767677,-4.802915557208934e-29
6.565656565656566,1.8181818181818181,-3.8943804991069043e-29
6.565656565656566,1.8686868686868687,-2.888009947033348e-29
6.565656565656566,1.9191919191919191,-1.809086166063059e-29
6.565656565656566,1.9696969696969697,-6.847141196409435e-30
6.565656565656566,2.0202020202020203,4.5685946734448126e-30
6.565656565656566,2.0707070707070705,1.5869557290727789e-29
6.565656565656566,2.121212121212121,2.6771841356440554e-29
6.565656565656566,2.1717171717171717,3.7001557262921e-29
6.565656565656566,2.2222222222222223,4.630171180954879e-29
6.565656565656566,2.2727272727272725,5.443866444315005e-29
6.565656565656566,2.323232323232323,6.120799682799371e-29
6.565656565656566,2.3737373737373737,6.643964828873469e-29
6.565656565656566,2.4242424242424243,7.000218811256367e-29
6.565656565656566,2.474747474747475,7.180611738083684e-29
6.565656565656566,2.525252525252525,7.180611738083684e-29
6.565656565656566,2.5757575757575757,7.000218811256367e-29
6.565656565656566,2.6262626262626263,6.64396482887347e-29
6.565656565656566,2.676767676767677,6.120799682799373e-29
6.565656565656566,2.727272727272727,5.443866444315016e-29
6.565656565656566,2.7777777777777777,4.6301711809548876e-29
6.565656565656566,2.8282828282828283,3.7001557262921083e-29
6.565656565656566,2.878787878787879,2.6771841356440655e-29
6.565656565656566,2.929292929292929,1.5869557290727895e-29
6.565656565656566,2.9797979797979797,4.568594673444792e-30
6.565656565656566,3.0303030303030303,-6.847141196409455e-30
6.565656565656566,3.080808080808081,-1.809086166063061e-29
6.565656565656566,3.131313131313131,-2.8880099470333384e-29
6.565656565656566,3.1818181818181817,-3.894380499106896e-29
6.565656565656566,3.2323232323232323,-4.8029155572089304e-29
6.565656565656566,3.282828282828283,-5.590790701327008e-29
6.565656565656566,3.3333333333333335,-6.238212756672388e-29
6.565656565656566,3.3838383838383836,-6.728917042223966e-29
6.565656565656566,3.4343434343434343,-7.050575975666184e-29
6.565656565656566,3.484848484848485,-7.195108769656638e-29
6.565656565656566,3.5353535353535355,-7.158884439164873e-29
6.565656565656566,3.5858585858585856,-6.942813019886754e-29
6.565656565656566,3.6363636363636362,-6.552322706125081e-29
6.565656565656566,3.686868686868687,-5.997223482483755e-29
6.565656565656566,3.7373737373737375,-5.291460675250386e-29
6.565656565656566,3.7878787878787876,-4.452764614804415e-29
6.565656565656566,3.8383838383838382,-3.502205210309702e-29
6.565656565656566,3.888888888888889,-2.4636626267653647e-29
6.565656565656566,3.9393939393939394,-1.3632273621838143e-29
6.565656565656566,3.9898989898989896,-2.2854479629072418e-30
6.565656565656566,4.040404040404041,9.118793228596683e-30
6.565656565656566,4.090909090909091,2.0293950066337667e-29
6.565656565656566,4.141414141414141,3.0959277772120737e-29
6.565656565656566,4.191919191919192,4.084683960871595e-29
6.565656565656566,4.242424242424242,4.970823804622587e-29
6.565656565656566,4.292929292929293,5.732085506013809e-29
6.565656565656566,4.343434343434343,6.349344479090085e-29
6.565656565656566,4.393939393939394,6.807093806498819e-29
6.565656565656566,4.444444444444445,7.093833807720244e-29
6.565656565656566,4.494949494949495,7.202360936601802e-29
6.565656565656566,4.545454545454545,7.129948750448473e-29
6.565656565656566,4.595959595959596,6.878416404323171e-29
6.565656565656566,4.646464646464646,6.454082949828231e-29
6.565656565656566,4.696969696969697,5.867608586484127e-29
6.565656565656566,4.747474747474747,5.133726853823694e-29
6.565656565656566,4.797979797979798,4.270874492131538e-29
6.565656565656566,4.848484848484849,3.300728270549736e-29
6.565656565656566,4.898989898989899,2.2476604184572615e-29
6.565656565656566,4.94949494949495,1.1381263408969553e-29
6.565656565656566,5.0,4.410729322416385e-44
6.666666666666667,0.0,0.0
6.666666666666667,0.050505050505050504,4.199807559918099e-30
6.666666666666667,0.10101010101010101,8.294106619240495e-30
6.666666666666667,0.15151515151515152,1.2180039285414621e-29
6.666666666666667,0.20202020202020202,1.5759982292808778e-29
6.666666666666667,0.25252525252525254,1.894399951612689e-29
6.666666666666667,0.30303030303030304,2.1652101365772195e-29
6.666666666666667,0.35353535353535354,2.3816254304126583e-29
6.666666666666667,0.40404040404040403,2.53820899992301e-29
6.666666666666667,0.45454545454545453,2.63102711781214e-29
6.666666666666667,0.5050505050505051,2.657747986656743e-29
6.666666666666667,0.5555555555555556,2.6177003188403773e-29
6.666666666666667,0.6060606060606061,2.5118902007904278e-29
6.666666666666667,0.6565656565656566,2.3429758178508728e-29
6.666666666666667,0.7070707070707071,2.1152006747582367e-29
6.666666666666667,0.7575757575757576,1.834286989370791e-29
6.666666666666667,0.8080808080808081,1.507291937837491e-29
6.666666666666667,0.8585858585858586,1.1424303626474903e-29
6.666666666666667,0.9090909090909091,7.488683975281255e-30
6.666666666666667,0.9595959595959596,3.364931937925975e-30
6.666666666666667,1.0101010101010102,-8.433546687665948e-31
6.666666666666667,1.0606060606060606,-5.030454331699821e-30
6.666666666666667,1.1111111111111112,-9.09117780089548e-30
6.666666666666667,1.1616161616161615,-1.2923510677251645e-29
6.666666666666667,1.2121212121212122,-1.643117624099029e-29
6.666666666666667,1.2626262626262625,-1.9526054136847194e-29
6.666666666666667,1.3131313131313131,-2.2130394153256738e-29
6.666666666666667,1.3636363636363635,-2.4178769480477606e-29
6.666666666666667,1.4141414141414141,-2.561972037747433e-29
6.666666666666667,1.4646464646464645,-2.6417046954988845e-29
6.666666666666667,1.5151515151515151,-2.6550718597218295e-29
6.666666666666667,1.5656565656565655,-2.601737717540497e-29
6.666666666666667,1.6161616161616161,-2.4830421411494648e-29
6.666666666666667,1.6666666666666667,-2.3019670272460669e-29
6.666666666666667,1.7171717171717171,-2.0630613851576556e-29
6.666666666666667,1.7676767676767677,-1.7723270556164477e-29
6.666666666666667,1.8181818181818181,-1.437067931180369e-29
6.666666666666667,1.8686868686868687,-1.065706466218008e-29
6.666666666666667,1.9191919191919191,-6.67572086134745e-30
6.666666666666667,1.9696969696969697,-2.5266681147054174e-30
6.666666666666667,2.0202020202020203,1.6858601508698557e-30
6.666666666666667,2.0707070707070705,5.8560358623828685e-30
6.666666666666667,2.121212121212121,9.879094937131091e-30
6.666666666666667,2.1717171717171717,1.3653969189315768e-29
6.666666666666667,2.2222222222222223,1.7085825387508287e-29
6.666666666666667,2.2727272727272725,2.0088447676204434e-29
6.666666666666667,2.323232323232323,2.2586403509742132e-29
6.666666666666667,2.3737373737373737,2.4516938685508332e-29
6.666666666666667,2.4242424242424243,2.583155386898916e-29
6.666666666666667,2.474747474747475,2.6497223004849807e-29
6.666666666666667,2.525252525252525,2.6497223004849807e-29
6.666666666666667,2.5757575757575757,2.5831553868989164e-29
6.666666666666667,2.6262626262626263,2.4516938685508338e-29
6.666666666666667,2.676767676767677,2.2586403509742143e-29
6.666666666666667,2.727272727272727,2.0088447676204476e-29
6.666666666666667,2.7777777777777777,1.708582538750832e-29
6.666666666666667,2.8282828282828283,1.3653969189315802e-29
6.666666666666667,2.878787878787879,9.879094937131128e-30
6.666666666666667,2.929292929292929,5.856035862382908e-30
6.666666666666667,2.9797979797979797,1.6858601508698484e-30
6.666666666666667,3.0303030303030303,-2.5266681147054244e-30
6.666666666666667,3.080808080808081,-6.675720861347458e-30
6.666666666666667,3.131313131313131,-1.0657064662180043e-29
6.666666666666667,3.1818181818181817,-1.437067931180366e-29
6.666666666666667,3.2323232323232323,-1.7723270556164466e-29
6.666666666666667,3.282828282828283,-2.0630613851576542e-29
6.666666666666667,3.3333333333333335,-2.301967027246067e-29
6.666666666666667,3.3838383838383836,-2.483042141149463e-29
6.666666666666667,3.4343434343434343,-2.6017377175404965e-29
6.666666666666667,3.484848484848485,-2.6550718597218295e-29
6.666666666666667,3.5353535353535355,-2.641704695498885e-29
6.666666666666667,3.5858585858585856,-2.561972037747435e-29
6.666666666666667,3.6363636363636362,-2.4178769480477632e-29
6.666666666666667,3.686868686868687,-2.2130394153256758e-29
6.666666666666667,3.7373737373737375,-1.952605413684722e-29
6.666666666666667,3.7878787878787876,-1.6431176240990305e-29
6.666666666666667,3.8383838383838382,-1.292351067725166e-29
6.666666666666667,3.888888888888889,-9.091177800895484e-30
6.666666666666667,3.9393939393939394,-5.030454331699826e-30
6.666666666666667,3.9898989898989896,-8.433546687666228e-31
6.666666666666667,4.040404040404041,3.364931937925993e-30
6.666666666666667,4.090909090909091,7.488683975281228e-30
6.666666666666667,4.141414141414141,1.1424303626474847e-29
6.666666666666667,4.191919191919192,1.5072919378374903e-29
6.666666666666667,4.242424242424242,1.8342869893707886e-29
6.666666666666667,4.292929292929293,2.115200674758237e-29
6.666666666666667,4.343434343434343,2.3429758178508717e-29
6.666666666666667,4.393939393939394,2.5118902007904256e-29
6.666666666666667,4.444444444444445,2.6177003188403773e-29
6.666666666666667,4.494949494949495,2.657747986656743e-29
6.666666666666667,4.545454545454545,2.631027117812141e-29
6.666666666666667,4.595959595959596,2.538208999923011e-29
6.666666666666667,4.646464646464646,2.3816254304126597e-29
6.666666666666667,4.696969696969697,2.1652101365772178e-29
6.666666666666667,4.747474747474747,1.8943999516126898e-29
6.666666666666667,4.797979797979798,1.575998229280882e-29
6.666666666666667,4.848484848484849,1.2180039285414614e-29
6.666666666666667,4.898989898989899,8.294106619240525e-30
6.666666666666667,4.94949494949495,4.1998075599180765e-30
6.666666666666667,5.0,1.6276061529722413e-44
6.767676767676767,0.0,0.0
6.767676767676767,0.050505050505050504,1.549773773484989e-30
6.767676767676767,0.10101010101010101,3.0606137851796796e-30
6.767676767676767,0.15151515151515152,4.494564375925962e-30
6.767676767676767,0.20202020202020202,5.8156015197180075e-30
6.767676767676767,0.25252525252525254,6.990537827304238e-30
6.767676767676767,0.30303030303030304,7.989856287169178e-30
6.767676767676767,0.35353535353535354,8.788451798468632e-30
6.767676767676767,0.40404040404040403,9.366261866962672e-30
6.767676767676767,0.45454545454545453,9.70877061946279e-30
6.767676767676767,0.5050505050505051,9.807373474830062e-30
6.767676767676767,0.5555555555555556,9.659593310178297e-30
6.767676767676767,0.6060606060606061,9.269142691706721e-30
6.767676767676767,0.6565656565656566,8.645830606785316e-30
6.767676767676767,0.7070707070707071,7.805316040390179e-30
6.767676767676767,0.7575757575757576,6.768714586596504e-30
6.767676767676767,0.8080808080808081,5.562067977922931e-30
6.767676767676767,0.8585858585858586,4.2156898591290516e-30
6.767676767676767,0.9090909090909091,2.7634042410825426e-30
6.767676767676767,0.9595959595959596,1.2416957664273053e-30
6.767676767676767,1.0101010101010102,-3.1120686573221864e-31
6.767676767676767,1.0606060606060606,-1.8562912897214682e-30
6.767676767676767,1.1111111111111112,-3.354741550632265e-30
6.767676767676767,1.1616161616161615,-4.7689132473842225e-30
6.767676767676767,1.2121212121212122,-6.063279243750162e-30
6.767676767676767,1.2626262626262625,-7.205322188982387e-30
6.767676767676767,1.3131313131313131,-8.166351425938114e-30
6.767676767676767,1.3636363636363635,-8.922223764156044e-30
6.767676767676767,1.4141414141414141,-9.45395001046261e-30
6.767676767676767,1.4646464646464645,-9.74817201971073e-30
6.767676767676767,1.5151515151515151,-9.79749828107636e-30
6.767676767676767,1.5656565656565655,-9.600689609239119e-30
6.767676767676767,1.6161616161616161,-9.162690275471804e-30
6.767676767676767,1.6666666666666667,-8.494503796556646e-30
6.767676767676767,1.7171717171717171,-7.612916501986817e-30
6.767676767676767,1.7676767676767677,-6.54007582405944e-30
6.767676767676767,1.8181818181818181,-5.3029339051504036e-30
6.767676767676767,1.8686868686868687,-3.9325704999927266e-30
6.767676767676767,1.9191919191919191,-2.463412183158377e-30
6.767676767676767,1.9696969696969697,-9.323674769868694e-31
6.767676767676767,2.0202020202020203,6.221003725305214e-31
6.767676767676767,2.0707070707070705,2.16093967798027e-30
6.767676767676767,2.121212121212121,3.6454913757126225e-30
6.767676767676767,2.1717171717171717,5.038460227445834e-30
6.767676767676767,2.2222222222222223,6.30485175954603e-30
6.767676767676767,2.2727272727272725,7.412851401985244e-30
6.767676767676767,2.323232323232323,8.334623741053098e-30
6.767676767676767,2.3737373737373737,9.04701180681748e-30
6.767676767676767,2.4242424242424243,9.532118827679045e-30
6.767676767676767,2.474747474747475,9.77775783705198e-30
6.767676767676767,2.525252525252525,9.77775783705198e-30
6.767676767676767,2.5757575757575757,9.532118827679046e-30
6.767676767676767,2.6262626262626263,9.047011806817483e-30
6.767676767676767,2.676767676767677,8.334623741053101e-30
6.767676767676767,2.727272727272727,7.41285140198526e-30
6.767676767676767,2.7777777777777777,6.304851759546042e-30
6.767676767676767,2.8282828282828283,5.0384602274458456e-30
6.767676767676767,2.878787878787879,3.645491375712636e-30
6.767676767676767,2.929292929292929,2.1609396779802845e-30
6.767676767676767,2.9797979797979797,6.221003725305187e-31
6.767676767676767,3.0303030303030303,-9.323674769868719e-31
6.767676767676767,3.080808080808081,-2.4634121831583798e-30
6.767676767676767,3.131313131313131,-3.932570499992713e-30
6.767676767676767,3.1818181818181817,-5.302933905150392e-30
6.767676767676767,3.2323232323232323,-6.540075824059435e-30
6.767676767676767,3.282828282828283,-7.612916501986813e-30
6.767676767676767,3.3333333333333335,-8.494503796556648e-30
6.767676767676767,3.3838383838383836,-9.162690275471798e-30
6.767676767676767,3.4343434343434343,-9.600689609239116e-30
6.767676767676767,3.484848484848485,-9.79749828107636e-30
6.767676767676767,3.5353535353535355,-9.748172019710731e-30
6.767676767676767,3.5858585858585856,-9.453950010462617e-30
6.767676767676767,3.6363636363636362,-8.922223764156054e-30
6.767676767676767,3.686868686868687,-8.16635142593812e-30
6.767676767676767,3.7373737373737375,-7.205322188982397e-30
6.767676767676767,3.7878787878787876,-6.063279243750166e-30
6.767676767676767,3.8383838383838382,-4.768913247384228e-30
6.767676767676767,3.888888888888889,-3.354741550632267e-30
6.767676767676767,3.9393939393939394,-1.85629128972147e-30
6.767676767676767,3.9898989898989896,-3.11206865732229e-31
6.767676767676767,4.040404040404041,1.2416957664273122e-30
6.767676767676767,4.090909090909091,2.7634042410825328e-30
6.767676767676767,4.141414141414141,4.215689859129031e-30
6.767676767676767,4.191919191919192,5.562067977922929e-30
6.767676767676767,4.242424242424242,6.768714586596495e-30
6.767676767676767,4.292929292929293,7.80531604039018e-30
6.767676767676767,4.343434343434343,8.645830606785312e-30
6.767676767676767,4.393939393939394,9.269142691706713e-30
6.767676767676767,4.444444444444445,9.659593310178297e-30
6.767676767676767,4.494949494949495,9.80737347483006e-30
6.767676767676767,4.545454545454545,9.708770619462793e-30
6.767676767676767,4.595959595959596,9.366261866962675e-30
6.767676767676767,4.646464646464646,8.788451798468636e-30
6.767676767676767,4.696969696969697,7.98985628716917e-30
6.767676767676767,4.747474747474747,6.99053782730424e-30
6.767676767676767,4.797979797979798,5.815601519718022e-30
6.767676767676767,4.848484848484849,4.4945643759259594e-30
6.767676767676767,4.898989898989899,3.0606137851796908e-30
6.767676767676767,4.94949494949495,1.5497737734849808e-30
6.767676767676767,5.0,6.00604026125513e-45
6.8686868686868685,0.0,0.0
6.8686868686868685,0.050505050505050504,5.718830481434582e-31
6.8686868686868685,0.10101010101010101,1.1293991230232907e-30
6.8686868686868685,0.15151515151515152,1.658542181676967e-30
6.8686868686868685,0.20202020202020202,2.1460189743727623e-30
6.8686868686868685,0.25252525252525254,2.579583000589226e-30
6.8686868686868685,0.30303030303030304,2.948342168327925e-30
6.8686868686868685,0.35353535353535354,3.243032427673728e-30
6.8686868686868685,0.40404040404040403,3.4562505043193854e-30
6.8686868686868685,0.45454545454545453,3.582639886270995e-30
6.8686868686868685,0.5050505050505051,3.619025391334925e-30
6.8686868686868685,0.5555555555555556,3.564492934751827e-30
6.8686868686868685,0.6060606060606061,3.4204124930374825e-30
6.8686868686868685,0.6565656565656566,3.190403687127748e-30
6.8686868686868685,0.7070707070707071,2.880244849455506e-30
6.8686868686868685,0.7575757575757576,2.4977278593967573e-30
6.8686868686868685,0.8080808080808081,2.0524623939421027e-30
6.8686868686868685,0.8585858585858586,1.555634511251806e-30
6.8686868686868685,0.9090909090909091,1.019725632012156e-30
6.8686868686868685,0.9595959595959596,4.581989784060267e-31
6.8686868686868685,1.0101010101010102,-1.1483865195234378e-31
6.8686868686868685,1.0606060606060606,-6.849912801278586e-31
6.8686868686868685,1.1111111111111112,-1.2379354048526062e-30
6.8686868686868685,1.1616161616161615,-1.7597798407137796e-30
6.8686868686868685,1.2121212121212122,-2.2374146956064683e-30
6.8686868686868685,1.2626262626262625,-2.6588407203619865e-30
6.8686868686868685,1.3131313131313131,-3.013470756557102e-30
6.8686868686868685,1.3636363636363635,-3.292395709465127e-30
6.8686868686868685,1.4141414141414141,-3.488608364317248e-30
6.8686868686868685,1.4646464646464645,-3.597179423112067e-30
6.8686868686868685,1.5151515151515151,-3.615381339537497e-30
6.8686868686868685,1.5656565656565655,-3.542756840996493e-30
6.8686868686868685,1.6161616161616161,-3.381130416311043e-30
6.8686868686868685,1.6666666666666667,-3.1345624805077696e-30
6.8686868686868685,1.7171717171717171,-2.809247368167586e-30
6.8686868686868685,1.7676767676767677,-2.4133577179732022e-30
6.8686868686868685,1.8181818181818181,-1.956839157860532e-30
6.8686868686868685,1.8686868686868687,-1.4511604487393058e-30
6.8686868686868685,1.9191919191919191,-9.090253637280235e-31
6.8686868686868685,1.9696969696969697,-3.440535411372033e-31
6.8686868686868685,2.0202020202020203,2.295616711166273e-31
6.8686868686868685,2.0707070707070705,7.974097839573936e-31
6.8686868686868685,2.121212121212121,1.3452251906645241e-30
6.8686868686868685,2.1717171717171717,1.859245550621143e-30
6.8686868686868685,2.2222222222222223,2.32655752989922e-30
6.8686868686868685,2.2727272727272725,2.735421212909621e-30
6.8686868686868685,2.323232323232323,3.075565035175404e-30
6.8686868686868685,2.3737373737373737,3.338443827861531e-30
6.8686868686868685,2.4242424242424243,3.517453491408912e-30
6.8686868686868685,2.474747474747475,3.608096905193908e-30
6.8686868686868685,2.525252525252525,3.608096905193908e-30
6.8686868686868685,2.5757575757575757,3.517453491408913e-30
6.8686868686868685,2.6262626262626263,3.338443827861532e-30
6.8686868686868685,2.676767676767677,3.075565035175405e-30
6.8686868686868685,2.727272727272727,2.7354212129096267e-30
6.8686868686868685,2.7777777777777777,2.3265575298992245e-30
6.8686868686868685,2.8282828282828283,1.8592455506211474e-30
6.8686868686868685,2.878787878787879,1.3452251906645292e-30
6.8686868686868685,2.929292929292929,7.97409783957399e-31
6.8686868686868685,2.9797979797979797,2.295616711166263e-31
6.8686868686868685,3.0303030303030303,-3.4405354113720425e-31
6.8686868686868685,3.080808080808081,-9.090253637280246e-31
6.8686868686868685,3.131313131313131,-1.451160448739301e-30
6.8686868686868685,3.1818181818181817,-1.956839157860528e-30
6.8686868686868685,3.2323232323232323,-2.4133577179732005e-30
6.8686868686868685,3.282828282828283,-2.8092473681675847e-30
6.8686868686868685,3.3333333333333335,-3.13456248050777e-30
6.8686868686868685,3.3838383838383836,-3.381130416311041e-30
6.8686868686868685,3.4343434343434343,-3.542756840996492e-30
6.8686868686868685,3.484848484848485,-3.615381339537497e-30
6.8686868686868685,3.5353535353535355,-3.5971794231120674e-30
6.8686868686868685,3.5858585858585856,-3.48860836431725e-30
6.8686868686868685,3.6363636363636362,-3.292395709465131e-30
6.8686868686868685,3.686868686868687,-3.0134707565571047e-30
6.8686868686868685,3.7373737373737375,-2.65884072036199e-30
6.8686868686868685,3.7878787878787876,-2.23741469560647e-30
6.8686868686868685,3.8383838383838382,-1.7597798407137813e-30
6.8686868686868685,3.888888888888889,-1.2379354048526069e-30
6.8686868686868685,3.9393939393939394,-6.849912801278592e-31
6.8686868686868685,3.9898989898989896,-1.1483865195234761e-31
6.8686868686868685,4.040404040404041,4.581989784060291e-31
6.8686868686868685,4.090909090909091,1.0197256320121522e-30
6.8686868686868685,4.141414141414141,1.5556345112517985e-30
6.8686868686868685,4.191919191919192,2.052462393942102e-30
6.8686868686868685,4.242424242424242,2.4977278593967538e-30
6.8686868686868685,4.292929292929293,2.8802448494555062e-30
6.8686868686868685,4.343434343434343,3.190403687127746e-30
6.8686868686868685,4.393939393939394,3.42041249303748e-30
6.8686868686868685,4.444444444444445,3.564492934751827e-30
6.8686868686868685,4.494949494949495,3.619025391334924e-30
6.8686868686868685,4.545454545454545,3.5826398862709956e-30
6.8686868686868685,4.595959595959596,3.456250504319387e-30
6.8686868686868685,4.646464646464646,3.2430324276737294e-30
6.8686868686868685,4.696969696969697,2.9483421683279224e-30
6.8686868686868685,4.747474747474747,2.5795830005892267e-30
6.8686868686868685,4.797979797979798,2.146018974372768e-30
6.8686868686868685,4.848484848484849,1.658542181676966e-30
6.8686868686868685,4.898989898989899,1.1293991230232948e-30
6.8686868686868685,4.94949494949495,5.718830481434552e-31
6.8686868686868685,5.0,2.2162929007084427e-45
6.96969696969697,0.0,0.0
6.96969696969697,0.050505050505050504,2.1103094293459864e-31
6.96969696969697,0.10101010101010101,4.167603195353434e-31
6.96969696969697,0.15151515151515152,6.120197505981984e-31
6.96969696969697,0.20202020202020202,7.919038852220345e-31
6.96969696969697,0.25252525252525254,9.518936341261313e-31
6.96969696969697,0.30303030303030304,1.087969699217248e-30
6.96969696969697,0.35353535353535354,1.1967135472912096e-30
6.96969696969697,0.40404040404040403,1.2753932911851873e-30
6.96969696969697,0.45454545454545453,1.322032320855251e-30
6.96969696969697,0.5050505050505051,1.3354589602139798e-30
6.96969696969697,0.5555555555555556,1.3153359022379995e-30
6.96969696969697,0.6060606060606061,1.2621686828701257e-30
6.96969696969697,0.6565656565656566,1.1772929808328512e-30
6.96969696969697,0.7070707070707071,1.0628410624100949e-30
6.96969696969697,0.7575757575757576,9.21688214178873e-31
6.96969696969697,0.8080808080808081,7.573805094197393e-31
6.96969696969697,0.8585858585858586,5.740457228743045e-31
6.96969696969697,0.9090909090909091,3.762896318691422e-31
6.96969696969697,0.9595959595959596,1.6908030895232562e-31
6.96969696969697,1.0101010101010102,-4.237668713125068e-32
6.96969696969697,1.0606060606060606,-2.527690866456633e-31
6.96969696969697,1.1111111111111112,-4.568113648870324e-31
6.96969696969697,1.1616161616161615,-6.493775263119326e-31
6.96969696969697,1.2121212121212122,-8.256298809387295e-31
6.96969696969697,1.2626262626262625,-9.81140577872392e-31
6.96969696969697,1.3131313131313131,-1.1120028427605318e-30
6.96969696969697,1.3636363636363635,-1.2149291246485088e-30
6.96969696969697,1.4141414141414141,-1.2873336865664851e-30
6.96969696969697,1.4646464646464645,-1.3273975649892826e-30
6.96969696969697,1.5151515151515151,-1.334114266243053e-30
6.96969696969697,1.5656565656565655,-1.3073150518634447e-30
6.96969696969697,1.6161616161616161,-1.247673177680872e-30
6.96969696969697,1.6666666666666667,-1.1566869801376467e-30
6.96969696969697,1.7171717171717171,-1.0366422347462738e-30
6.96969696969697,1.7676767676767677,-8.905547323281013e-31
6.96969696969697,1.8181818181818181,-7.220945156448556e-31
6.96969696969697,1.8686868686868687,-5.354936797672486e-31
6.96969696969697,1.9191919191919191,-3.3544005244035435e-31
6.96969696969697,1.9696969696969697,-1.269594254312612e-31
6.96969696969697,2.0202020202020203,8.471070453067815e-32
6.96969696969697,2.0707070707070705,2.9425271331279333e-31
6.96969696969697,2.121212121212121,4.964024399165208e-31
6.96969696969697,2.1717171717171717,6.860814339020465e-31
6.96969696969697,2.2222222222222223,8.585245373509668e-31
6.96969696969697,2.2727272727272725,1.0093995962244614e-30
6.96969696969697,2.323232323232323,1.1349162937016004e-30
6.96969696969697,2.3737373737373737,1.23192137136242e-30
6.96969696969697,2.4242424242424243,1.2979778460480148e-30
6.96969696969697,2.474747474747475,1.3314262322940434e-30
6.96969696969697,2.525252525252525,1.3314262322940434e-30
6.96969696969697,2.5757575757575757,1.297977846048015e-30
6.96969696969697,2.6262626262626263,1.2319213713624202e-30
6.96969696969697,2.676767676767677,1.134916293701601e-30
6.96969696969697,2.727272727272727,1.0093995962244635e-30
6.96969696969697,2.7777777777777777,8.585245373509683e-31
6.96969696969697,2.8282828282828283,6.8608143390204815e-31
6.96969696969697,2.878787878787879,4.964024399165227e-31
6.96969696969697,2.929292929292929,2.942527133127953e-31
6.96969696969697,2.9797979797979797,8.471070453067777e-32
6.96969696969697,3.0303030303030303,-1.2695942543126155e-31
6.96969696969697,3.080808080808081,-3.3544005244035475e-31
6.96969696969697,3.131313131313131,-5.354936797672469e-31
6.96969696969697,3.1818181818181817,-7.220945156448539e-31
6.96969696969697,3.2323232323232323,-8.905547323281008e-31
6.96969696969697,3.282828282828283,-1.036642234746273e-30
6.96969696969697,3.3333333333333335,-1.1566869801376469e-30
6.96969696969697,3.3838383838383836,-1.2476731776808713e-30
6.96969696969697,3.4343434343434343,-1.3073150518634442e-30
6.96969696969697,3.484848484848485,-1.334114266243053e-30
6.96969696969697,3.5353535353535355,-1.3273975649892828e-30
6.96969696969697,3.5858585858585856,-1.287333686566486e-30
6.96969696969697,3.6363636363636362,-1.21492912464851e-30
6.96969696969697,3.686868686868687,-1.1120028427605328e-30
6.96969696969697,3.7373737373737375,-9.811405778723933e-31
6.96969696969697,3.7878787878787876,-8.2562988093873e-31
6.96969696969697,3.8383838383838382,-6.493775263119333e-31
6.96969696969697,3.888888888888889,-4.568113648870327e-31
6.96969696969697,3.9393939393939394,-2.5276908664566353e-31
6.96969696969697,3.9898989898989896,-4.237668713125209e-32
6.96969696969697,4.040404040404041,1.6908030895232654e-31
6.96969696969697,4.090909090909091,3.762896318691409e-31
6.96969696969697,4.141414141414141,5.740457228743017e-31
6.96969696969697,4.191919191919192,7.57380509419739e-31
6.96969696969697,4.242424242424242,9.216882141788716e-31
6.96969696969697,4.292929292929293,1.062841062410095e-30
6.96969696969697,4.343434343434343,1.1772929808328507e-30
6.96969696969697,4.393939393939394,1.2621686828701246e-30
6.96969696969697,4.444444444444445,1.3153359022379995e-30
6.96969696969697,4.494949494949495,1.3354589602139797e-30
6.96969696969697,4.545454545454545,1.3220323208552514e-30
6.96969696969697,4.595959595959596,1.2753932911851876e-30
6.96969696969697,4.646464646464646,1.1967135472912101e-30
6.96969696969697,4.696969696969697,1.087969699217247e-30
6.96969696969697,4.747474747474747,9.518936341261314e-31
6.96969696969697,4.797979797979798,7.919038852220366e-31
6.96969696969697,4.848484848484849,6.12019750598198e-31
6.96969696969697,4.898989898989899,4.167603195353449e-31
6.96969696969697,4.94949494949495,2.1103094293459755e-31
6.96969696969697,5.0,8.178357133929843e-46
7.070707070707071,0.0,0.0
7.070707070707071,0.050505050505050504,7.78726682325002e-32
7.070707070707071,0.10101010101010101,1.5378900195553113e-31
7.070707070707071,0.15151515151515152,2.2584181413074278e-31
7.070707070707071,0.20202020202020202,2.9222097796831174e-31
7.070707070707071,0.25252525252525254,3.5125890133517505e-31
7.070707070707071,0.30303030303030304,4.014724203758812e-31
7.070707070707071,0.35353535353535354,4.4160005988518955e-31
7.070707070707071,0.40404040404040403,4.706337243690404e-31
7.070707070707071,0.45454545454545453,4.87844023644006e-31
7.070707070707071,0.5050505050505051,4.927985967398754e-31
7.070707070707071,0.5555555555555556,4.853729737682123e-31
7.070707070707071,0.6060606060606061,4.657537028826051e-31
7.070707070707071,0.6565656565656566,4.34433663774418e-31
7.070707070707071,0.7070707070707071,3.9219968543944636e-31
7.070707070707071,0.7575757575757576,3.4011277928469845e-31
7.070707070707071,0.8080808080808081,2.7948148416359874e-31
7.070707070707071,0.8585858585858586,2.1182899297156797e-31
7.070707070707071,0.9090909090909091,1.3885488665497098e-31
7.070707070707071,0.9595959595959596,6.239243696017429e-32
7.070707070707071,1.0101010101010102,-1.5637449427438017e-32
7.070707070707071,1.0606060606060606,-9.327448832889928e-32
7.070707070707071,1.1111111111111112,-1.6856826476725766e-31
7.070707070707071,1.1616161616161615,-2.396272317268787e-31
7.070707070707071,1.2121212121212122,-3.046662300187224e-31
7.070707070707071,1.2626262626262625,-3.620513354469489e-31
7.070707070707071,1.3131313131313131,-4.103409066163573e-31
7.070707070707071,1.3636363636363635,-4.483218021684908e-31
7.070707070707071,1.4141414141414141,-4.750398575889486e-31
7.070707070707071,1.4646464646464645,-4.898238559407572e-31
7.070707070707071,1.5151515151515151,-4.923023903257066e-31
7.070707070707071,1.5656565656565655,-4.824131944511393e-31
7.070707070707071,1.6161616161616161,-4.604047068976178e-31
7.070707070707071,1.6666666666666667,-4.268298297895904e-31
7.070707070707071,1.7171717171717171,-3.8253203866511777e-31
7.070707070707071,1.7676767676767677,-3.2862419249560814e-31
7.070707070707071,1.8181818181818181,-2.6646057619496414e-31
7.070707070707071,1.8686868686868687,-1.976028779724457e-31
7.070707070707071,1.9191919191919191,-1.2378095625377375e-31
7.070707070707071,1.9696969696969697,-4.684938179260974e-32
7.070707070707071,2.0202020202020203,3.1259153268832434e-32
7.070707070707071,2.0707070707070705,1.0858238892209083e-31
7.070707070707071,2.121212121212121,1.8317779362528322e-31
7.070707070707071,2.1717171717171717,2.5317136501299636e-31
7.070707070707071,2.2222222222222223,3.1680470900095447e-31
7.070707070707071,2.2727272727272725,3.724792145537054e-31
7.070707070707071,2.323232323232323,4.1879621434698e-31
7.070707070707071,2.3737373737373737,4.545921223996205e-31
7.070707070707071,2.4242424242424243,4.789676659396693e-31
7.070707070707071,2.474747474747475,4.913104771351666e-31
7.070707070707071,2.525252525252525,4.913104771351666e-31
7.070707070707071,2.5757575757575757,4.789676659396694e-31
7.070707070707071,2.6262626262626263,4.545921223996206e-31
7.070707070707071,2.676767676767677,4.187962143469801e-31
7.070707070707071,2.727272727272727,3.7247921455370616e-31
7.070707070707071,2.7777777777777777,3.168047090009551e-31
7.070707070707071,2.8282828282828283,2.5317136501299693e-31
7.070707070707071,2.878787878787879,1.8317779362528393e-31
7.070707070707071,2.929292929292929,1.0858238892209155e-31
7.070707070707071,2.9797979797979797,3.1259153268832297e-32
7.070707070707071,3.0303030303030303,-4.684938179260987e-32
7.070707070707071,3.080808080808081,-1.237809562537739e-31
7.070707070707071,3.131313131313131,-1.9760287797244506e-31
7.070707070707071,3.1818181818181817,-2.6646057619496357e-31
7.070707070707071,3.2323232323232323,-3.2862419249560792e-31
7.070707070707071,3.282828282828283,-3.8253203866511755e-31
7.070707070707071,3.3333333333333335,-4.268298297895904e-31
7.070707070707071,3.3838383838383836,-4.6040470689761755e-31
7.070707070707071,3.4343434343434343,-4.824131944511391e-31
7.070707070707071,3.484848484848485,-4.923023903257066e-31
7.070707070707071,3.5353535353535355,-4.898238559407573e-31
7.070707070707071,3.5858585858585856,-4.750398575889489e-31
7.070707070707071,3.6363636363636362,-4.483218021684912e-31
7.070707070707071,3.686868686868687,-4.103409066163577e-31
7.070707070707071,3.7373737373737375,-3.6205133544694937e-31
7.070707070707071,3.7878787878787876,-3.0466623001872263e-31
7.070707070707071,3.8383838383838382,-2.39627231726879e-31
7.070707070707071,3.888888888888889,-1.6856826476725775e-31
7.070707070707071,3.9393939393939394,-9.327448832889936e-32
7.070707070707071,3.9898989898989896,-1.5637449427438537e-32
7.070707070707071,4.040404040404041,6.239243696017463e-32
7.070707070707071,4.090909090909091,1.3885488665497047e-31
7.070707070707071,4.141414141414141,2.1182899297156696e-31
7.070707070707071,4.191919191919192,2.7948148416359865e-31
7.070707070707071,4.242424242424242,3.4011277928469797e-31
7.070707070707071,4.292929292929293,3.921996854394464e-31
7.070707070707071,4.343434343434343,4.3443366377441785e-31
7.070707070707071,4.393939393939394,4.657537028826047e-31
7.070707070707071,4.444444444444445,4.853729737682123e-31
7.070707070707071,4.494949494949495,4.927985967398753e-31
7.070707070707071,4.545454545454545,4.8784402364400605e-31
7.070707070707071,4.595959595959596,4.706337243690406e-31
7.070707070707071,4.646464646464646,4.416000598851898e-31
7.070707070707071,4.696969696969697,4.014724203758808e-31
7.070707070707071,4.747474747474747,3.5125890133517514e-31
7.070707070707071,4.797979797979798,2.922209779683125e-31
7.070707070707071,4.848484848484849,2.2584181413074265e-31
7.070707070707071,4.898989898989899,1.5378900195553168e-31
7.070707070707071,4.94949494949495,7.787266823249978e-32
7.070707070707071,5.0,3.0179009908267086e-46
7.171717171717171,0.0,0.0
7.171717171717171,0.050505050505050504,2.873584495866281e-32
7.171717171717171,0.10101010101010101,5.674978162231836e-32
7.171717171717171,0.15151515151515152,8.333803763687739e-32
7.171717171717171,0.20202020202020202,1.078326569149411e-31
7.171717171717171,0.25252525252525254,1.2961828017734735e-31
7.171717171717171,0.30303030303030304,1.4814760414598963e-31
7.171717171717171,0.35353535353535354,1.6295513101862545e-31
7.171717171717171,0.40404040404040403,1.7366886280830585e-31
7.171717171717171,0.45454545454545453,1.8001964675962798e-31
7.171717171717171,0.5050505050505051,1.8184793706418245e-31
7.171717171717171,0.5555555555555556,1.7910780300587441e-31
7.171717171717171,0.6060606060606061,1.7186808284259994e-31
7.171717171717171,0.6565656565656566,1.6031065443620434e-31
7.171717171717171,0.7070707070707071,1.4472586607634224e-31
7.171717171717171,0.7575757575757576,1.2550524228609975e-31
7.171717171717171,0.8080808080808081,1.0313164785575373e-31
7.171717171717171,0.8585858585858586,7.816715720600163e-32
7.171717171717171,0.9090909090909091,5.123893382922082e-32
7.171717171717171,0.9595959595959596,2.302347454857652e-32
7.171717171717171,1.0101010101010102,-5.7703855857895304e-33
7.171717171717171,1.0606060606060606,-3.4419280808708956e-32
7.171717171717171,1.1111111111111112,-6.220348719579527e-32
7.171717171717171,1.1616161616161615,-8.842500372811578e-32
7.171717171717171,1.2121212121212122,-1.1242508762919815e-31
7.171717171717171,1.2626262626262625,-1.336008034477274e-31
7.171717171717171,1.3131313131313131,-1.514201701361967e-31
7.171717171717171,1.3636363636363635,-1.654355255972257e-31
7.171717171717171,1.4141414141414141,-1.7529477295044289e-31
7.171717171717171,1.4646464646464645,-1.8075022598870666e-31
7.171717171717171,1.5151515151515151,-1.8166483160614837e-31
7.171717171717171,1.5656565656565655,-1.7801561287681228e-31
7.171717171717171,1.6161616161616161,-1.698942462861051e-31
7.171717171717171,1.6666666666666667,-1.5750475861371823e-31
7.171717171717171,1.7171717171717171,-1.4115840132744233e-31
7.171717171717171,1.7676767676767677,-1.2126583125449392e-31
7.171717171717171,1.8181818181818181,-9.832679396927109e-32
7.171717171717171,1.8686868686868687,-7.291756907376562e-32
7.171717171717171,1.9191919191919191,-4.56764927730956e-32
7.171717171717171,1.9696969696969697,-1.7287921451236122e-32
7.171717171717171,2.0202020202020203,1.1534960882428812e-32
7.171717171717171,2.0707070707070705,4.006805936057818e-32
7.171717171717171,2.121212121212121,6.759455913042974e-32
7.171717171717171,2.1717171717171717,9.342293333606655e-32
7.171717171717171,2.2222222222222223,1.169043158100791e-31
7.171717171717171,2.2727272727272725,1.3744880203389083e-31
7.171717171717171,2.323232323232323,1.5454026885041478e-31
7.171717171717171,2.3737373737373737,1.6774934062491871e-31
7.171717171717171,2.4242424242424243,1.7674417611532052e-31
7.171717171717171,2.474747474747475,1.812988050617553e-31
7.171717171717171,2.525252525252525,1.812988050617553e-31
7.171717171717171,2.5757575757575757,1.7674417611532054e-31
7.171717171717171,2.6262626262626263,1.6774934062491876e-31
7.171717171717171,2.676767676767677,1.5454026885041485e-31
7.171717171717171,2.727272727272727,1.3744880203389112e-31
7.171717171717171,2.7777777777777777,1.169043158100793e-31
7.171717171717171,2.8282828282828283,9.342293333606678e-32
7.171717171717171,2.878787878787879,6.759455913042999e-32
7.171717171717171,2.929292929292929,4.006805936057845e-32
7.171717171717171,2.9797979797979797,1.1534960882428763e-32
7.171717171717171,3.0303030303030303,-1.7287921451236172e-32
7.171717171717171,3.080808080808081,-4.567649277309565e-32
7.171717171717171,3.131313131313131,-7.291756907376538e-32
7.171717171717171,3.1818181818181817,-9.832679396927087e-32
7.171717171717171,3.2323232323232323,-1.2126583125449385e-31
7.171717171717171,3.282828282828283,-1.4115840132744226e-31
7.171717171717171,3.3333333333333335,-1.5750475861371825e-31
7.171717171717171,3.3838383838383836,-1.69894246286105e-31
7.171717171717171,3.4343434343434343,-1.7801561287681221e-31
7.171717171717171,3.484848484848485,-1.8166483160614837e-31
7.171717171717171,3.5353535353535355,-1.8075022598870668e-31
7.171717171717171,3.5858585858585856,-1.75294772950443e-31
7.171717171717171,3.6363636363636362,-1.6543552559722588e-31
7.171717171717171,3.686868686868687,-1.5142017013619683e-31
7.171717171717171,3.7373737373737375,-1.336008034477276e-31
7.171717171717171,3.7878787878787876,-1.1242508762919821e-31
7.171717171717171,3.8383838383838382,-8.842500372811587e-32
7.171717171717171,3.888888888888889,-6.22034871957953e-32
7.171717171717171,3.9393939393939394,-3.441928080870899e-32
7.171717171717171,3.9898989898989896,-5.7703855857897226e-33
7.171717171717171,4.040404040404041,2.3023474548576647e-32
7.171717171717171,4.090909090909091,5.123893382922064e-32
7.171717171717171,4.141414141414141,7.816715720600125e-32
7.171717171717171,4.191919191919192,1.0313164785575368e-31
7.171717171717171,4.242424242424242,1.2550524228609956e-31
7.171717171717171,4.292929292929293,1.4472586607634227e-31
7.171717171717171,4.343434343434343,1.6031065443620425e-31
7.171717171717171,4.393939393939394,1.718680828425998e-31
7.171717171717171,4.444444444444445,1.7910780300587441e-31
7.171717171717171,4.494949494949495,1.8184793706418242e-31
7.171717171717171,4.545454545454545,1.8001964675962803e-31
7.171717171717171,4.595959595959596,1.7366886280830591e-31
7.171717171717171,4.646464646464646,1.6295513101862551e-31
7.171717171717171,4.696969696969697,1.4814760414598952e-31
7.171717171717171,4.747474747474747,1.296182801773474e-31
7.171717171717171,4.797979797979798,1.078326569149414e-31
7.171717171717171,4.848484848484849,8.333803763687735e-32
7.171717171717171,4.898989898989899,5.674978162231856e-32
7.171717171717171,4.94949494949495,2.873584495866266e-32
7.171717171717171,5.0,1.1136376464470205e-46
7.2727272727272725,0.0,0.0
7.2727272727272725,0.050505050505050504,1.0603833209142158e-32
7.2727272727272725,0.10101010101010101,2.0941274559490355e-32
7.2727272727272725,0.15151515151515152,3.0752624547838655e-32
7.2727272727272725,0.20202020202020202,3.979140025531005e-32
7.2727272727272725,0.25252525252525254,4.783052754612325e-32
7.2727272727272725,0.30303030303030304,5.466804567458916e-32
7.2727272727272725,0.35353535353535354,6.013218098793013e-32
7.2727272727272725,0.40404040404040403,6.408566226222991e-32
7.2727272727272725,0.45454545454545453,6.642916926068396e-32
7.2727272727272725,0.5050505050505051,6.710382787870183e-32
7.2727272727272725,0.5555555555555556,6.609268919227079e-32
7.2727272727272725,0.6060606060606061,6.34211552525986e-32
7.2727272727272725,0.6565656565656566,5.915634093012727e-32
7.2727272727272725,0.7070707070707071,5.340538783981494e-32
7.2727272727272725,0.7575757575757576,4.631277270563009e-32
7.2727272727272725,0.8080808080808081,3.805667778412474e-32
7.2727272727272725,0.8585858585858586,2.8844514530113415e-32
7.2727272727272725,0.9090909090909091,1.890771295992587e-32
7.2727272727272725,0.9595959595959596,8.495907615009474e-33
7.2727272727272725,1.0101010101010102,-2.129333812601332e-33
7.2727272727272725,1.0606060606060606,-1.2701081642081672e-32
7.2727272727272725,1.1111111111111112,-2.2953750070689286e-32
7.2727272727272725,1.1616161616161615,-3.2629769279432575e-32
7.2727272727272725,1.2121212121212122,-4.148605615941084e-32
7.2727272727272725,1.2626262626262625,-4.9300121099797636e-32
7.2727272727272725,1.3131313131313131,-5.587565742138088e-32
7.2727272727272725,1.3636363636363635,-6.104747303666485e-32
7.2727272727272725,1.4141414141414141,-6.468564044227213e-32
7.2727272727272725,1.4646464646464645,-6.669876078661118e-32
7.2727272727272725,1.5151515151515151,-6.703626001217589e-32
7.2727272727272725,1.5656565656565655,-6.568965938827837e-32
7.2727272727272725,1.6161616161616161,-6.269278851560904e-32
7.2727272727272725,1.6666666666666667,-5.812093545147605e-32
7.2727272727272725,1.7171717171717171,-5.20889553064669e-32
7.2727272727272725,1.7676767676767677,-4.4748384828788023e-32
7.2727272727272725,1.8181818181818181,-3.628363546433728e-32
7.2727272727272725,1.8686868686868687,-2.6907360531301155e-32
7.2727272727272725,1.9191919191919191,-1.68551128961489e-32
7.2727272727272725,1.9696969696969697,-6.379427362075702e-33
7.2727272727272725,2.0202020202020203,4.256523566549273e-33
7.2727272727272725,2.0707070707070705,1.478554116243218e-32
7.2727272727272725,2.121212121212121,2.494311310127307e-32
7.2727272727272725,2.1717171717171717,3.447405859926921e-32
7.2727272727272725,2.2222222222222223,4.313893912158149e-32
7.2727272727272725,2.2727272727272725,5.072007361051687e-32
7.2727272727272725,2.323232323232323,5.702700711752593e-32
7.2727272727272725,2.3737373737373737,6.190129545482439e-32
7.2727272727272725,2.4242424242424243,6.522048566555595e-32
7.2727272727272725,2.474747474747475,6.690119231423814e-32
7.2727272727272725,2.525252525252525,6.690119231423814e-32
7.2727272727272725,2.5757575757575757,6.522048566555595e-32
7.2727272727272725,2.6262626262626263,6.190129545482441e-32
7.2727272727272725,2.676767676767677,5.702700711752595e-32
7.2727272727272725,2.727272727272727,5.072007361051698e-32
7.2727272727272725,2.7777777777777777,4.313893912158157e-32
7.2727272727272725,2.8282828282828283,3.4474058599269295e-32
7.2727272727272725,2.878787878787879,2.4943113101273163e-32
7.2727272727272725,2.929292929292929,1.4785541162432278e-32
7.2727272727272725,2.9797979797979797,4.2565235665492545e-33
7.2727272727272725,3.0303030303030303,-6.37942736207572e-33
7.2727272727272725,3.080808080808081,-1.6855112896148918e-32
7.2727272727272725,3.131313131313131,-2.690736053130107e-32
7.2727272727272725,3.1818181818181817,-3.62836354643372e-32
7.2727272727272725,3.2323232323232323,-4.474838482878799e-32
7.2727272727272725,3.282828282828283,-5.208895530646688e-32
7.2727272727272725,3.3333333333333335,-5.812093545147606e-32
7.2727272727272725,3.3838383838383836,-6.269278851560901e-32
7.2727272727272725,3.4343434343434343,-6.568965938827835e-32
7.2727272727272725,3.484848484848485,-6.703626001217589e-32
7.2727272727272725,3.5353535353535355,-6.669876078661118e-32
7.2727272727272725,3.5858585858585856,-6.468564044227217e-32
7.2727272727272725,3.6363636363636362,-6.104747303666491e-32
7.2727272727272725,3.686868686868687,-5.587565742138093e-32
7.2727272727272725,3.7373737373737375,-4.93001210997977e-32
7.2727272727272725,3.7878787878787876,-4.1486056159410875e-32
7.2727272727272725,3.8383838383838382,-3.262976927943261e-32
7.2727272727272725,3.888888888888889,-2.2953750070689297e-32
7.2727272727272725,3.9393939393939394,-1.2701081642081682e-32
7.2727272727272725,3.9898989898989896,-2.1293338126014027e-33
7.2727272727272725,4.040404040404041,8.49590761500952e-33
7.2727272727272725,4.090909090909091,1.8907712959925802e-32
7.2727272727272725,4.141414141414141,2.8844514530113273e-32
7.2727272727272725,4.191919191919192,3.805667778412472e-32
7.2727272727272725,4.242424242424242,4.6312772705630025e-32
7.2727272727272725,4.292929292929293,5.340538783981495e-32
7.2727272727272725,4.343434343434343,5.915634093012724e-32
7.2727272727272725,4.393939393939394,6.342115525259854e-32
7.2727272727272725,4.444444444444445,6.609268919227079e-32
7.2727272727272725,4.494949494949495,6.710382787870181e-32
7.2727272727272725,4.545454545454545,6.642916926068397e-32
7.2727272727272725,4.595959595959596,6.408566226222993e-32
7.2727272727272725,4.646464646464646,6.013218098793015e-32
7.2727272727272725,4.696969696969697,5.466804567458911e-32
7.2727272727272725,4.747474747474747,4.7830527546123266e-32
7.2727272727272725,4.797979797979798,3.979140025531015e-32
7.2727272727272725,4.848484848484849,3.0752624547838633e-32
7.2727272727272725,4.898989898989899,2.094127455949043e-32
7.2727272727272725,4.94949494949495,1.0603833209142101e-32
7.2727272727272725,5.0,4.109441666090941e-47
7.373737373737374,0.0,0.0
7.373737373737374,0.050505050505050504,3.912927526197928e-33
7.373737373737374,0.10101010101010101,7.727553615880311e-33
7.373737373737374,0.15151515151515152,1.1348046383106285e-32
7.373737373737374,0.20202020202020202,1.4683451002484979e-32
7.373737373737374,0.25252525252525254,1.7649974696549833e-32
7.373737373737374,0.30303030303030304,2.0173091796570311e-32
7.373737373737374,0.35353535353535354,2.2189415992994718e-32
7.373737373737374,0.40404040404040403,2.3648292740431523e-32
7.373737373737374,0.45454545454545453,2.4513071812416772e-32
7.373737373737374,0.5050505050505051,2.476202803656341e-32
7.373737373737374,0.5555555555555556,2.438890707917901e-32
7.373737373737374,0.6060606060606061,2.340308256802933e-32
7.373737373737374,0.6565656565656566,2.1829320605974545e-32
7.373737373737374,0.7070707070707071,1.9707157591419114e-32
7.373737373737374,0.7575757575757576,1.708990697610836e-32
7.373737373737374,0.8080808080808081,1.4043319912723694e-32
7.373737373737374,0.8585858585858586,1.0643933439785563e-32
7.373737373737374,0.9090909090909091,6.977147701131044e-33
7.373737373737374,0.9595959595959596,3.135080504486222e-33
7.373737373737374,1.0101010101010102,-7.857468826092352e-34
7.373737373737374,1.0606060606060606,-4.686834561575409e-33
7.373737373737374,1.1111111111111112,-8.470178539175063e-33
7.373737373737374,1.1616161616161615,-1.2040732805651919e-32
7.373737373737374,1.2121212121212122,-1.5308797101749615e-32
7.373737373737374,1.2626262626262625,-1.8192270388596156e-32
7.373737373737374,1.3131313131313131,-2.0618713408282134e-32
7.373737373737374,1.3636363636363635,-2.252716851902619e-32
7.373737373737374,1.4141414141414141,-2.3869691086624036e-32
7.373737373737374,1.4646464646464645,-2.4612553960223552e-32
7.373737373737374,1.5151515151515151,-2.473709477331783e-32
7.373737373737374,1.5656565656565655,-2.4240184783871648e-32
7.373737373737374,1.6161616161616161,-2.3134307475275496e-32
7.373737373737374,1.6666666666666667,-2.1447244943496427e-32
7.373737373737374,1.7171717171717171,-1.9221379949077573e-32
7.373737373737374,1.7676767676767677,-1.6512631167991338e-32
7.373737373737374,1.8181818181818181,-1.338904839021156e-32
7.373737373737374,1.8686868686868687,-9.929102957738582e-33
7.373737373737374,1.9191919191919191,-6.219716390074212e-33
7.373737373737374,1.9696969696969697,-2.3540767224558864e-33
7.373737373737374,2.0202020202020203,1.570702584712594e-33
7.373737373737374,2.0707070707070705,5.456022351835331e-33
7.373737373737374,2.121212121212121,9.204274710667141e-33
7.373737373737374,2.1717171717171717,1.2721295230911478e-32
7.373737373737374,2.2222222222222223,1.5918728540003943e-32
7.373737373737374,2.2727272727272725,1.8716248006453898e-32
7.373737373737374,2.323232323232323,2.104357372336531e-32
7.373737373737374,2.3737373737373737,2.2842238095905329e-32
7.373737373737374,2.4242424242424243,2.40670546772394e-32
7.373737373737374,2.474747474747475,2.468725335250925e-32
7.373737373737374,2.525252525252525,2.468725335250925e-32
7.373737373737374,2.5757575757575757,2.4067054677239402e-32
7.373737373737374,2.6262626262626263,2.2842238095905334e-32
7.373737373737374,2.676767676767677,2.1043573723365317e-32
7.373737373737374,2.727272727272727,1.871624800645394e-32
7.373737373737374,2.7777777777777777,1.5918728540003973e-32
7.373737373737374,2.8282828282828283,1.2721295230911508e-32
7.373737373737374,2.878787878787879,9.204274710667177e-33
7.373737373737374,2.929292929292929,5.456022351835367e-33
7.373737373737374,2.9797979797979797,1.5707025847125872e-33
7.373737373737374,3.0303030303030303,-2.354076722455893e-33
7.373737373737374,3.080808080808081,-6.219716390074219e-33
7.373737373737374,3.131313131313131,-9.929102957738549e-33
7.373737373737374,3.1818181818181817,-1.338904839021153e-32
7.373737373737374,3.2323232323232323,-1.6512631167991327e-32
7.373737373737374,3.282828282828283,-1.9221379949077562e-32
7.373737373737374,3.3333333333333335,-2.144724494349643e-32
7.373737373737374,3.3838383838383836,-2.3134307475275482e-32
7.373737373737374,3.4343434343434343,-2.424018478387164e-32
7.373737373737374,3.484848484848485,-2.473709477331783e-32
7.373737373737374,3.5353535353535355,-2.4612553960223555e-32
7.373737373737374,3.5858585858585856,-2.3869691086624053e-32
7.373737373737374,3.6363636363636362,-2.2527168519026215e-32
7.373737373737374,3.686868686868687,-2.0618713408282153e-32
7.373737373737374,3.7373737373737375,-1.819227038859618e-32
7.373737373737374,3.7878787878787876,-1.5308797101749626e-32
7.373737373737374,3.8383838383838382,-1.2040732805651933e-32
7.373737373737374,3.888888888888889,-8.470178539175067e-33
7.373737373737374,3.9393939393939394,-4.686834561575413e-33
7.373737373737374,3.9898989898989896,-7.857468826092612e-34
7.373737373737374,4.040404040404041,3.1350805044862394e-33
7.373737373737374,4.090909090909091,6.977147701131019e-33
7.373737373737374,4.141414141414141,1.0643933439785511e-32
7.373737373737374,4.191919191919192,1.404331991272369e-32
7.373737373737374,4.242424242424242,1.7089906976108335e-32
7.373737373737374,4.292929292929293,1.9707157591419117e-32
7.373737373737374,4.343434343434343,2.1829320605974534e-32
7.373737373737374,4.393939393939394,2.340308256802931e-32
7.373737373737374,4.444444444444445,2.438890707917901e-32
7.373737373737374,4.494949494949495,2.476202803656341e-32
7.373737373737374,4.545454545454545,2.4513071812416777e-32
7.373737373737374,4.595959595959596,2.364829274043153e-32
7.373737373737374,4.646464646464646,2.218941599299473e-32
7.373737373737374,4.696969696969697,2.0173091796570295e-32
7.373737373737374,4.747474747474747,1.764997469654984e-32
7.373737373737374,4.797979797979798,1.4683451002485017e-32
7.373737373737374,4.848484848484849,1.1348046383106278e-32
7.373737373737374,4.898989898989899,7.727553615880339e-33
7.373737373737374,4.94949494949495,3.912927526197907e-33
7.373737373737374,5.0,1.516427795062685e-47
7.474747474747475,0.0,0.0
7.474747474747475,0.050505050505050504,1.4439119819497676e-33
7.474747474747475,0.10101010101010101,2.8515496856060175e-33
7.474747474747475,0.15151515151515152,4.1875501231708866e-33
7.474747474747475,0.20202020202020202,5.4183499941951e-33
7.474747474747475,0.25252525252525254,6.513028870284629e-33
7.474747474747475,0.30303030303030304,7.444085984987151e-33
7.474747474747475,0.35353535353535354,8.18813111416984e-33
7.474747474747475,0.40404040404040403,8.726472190437796e-33
7.474747474747475,0.45454545454545453,9.045584889412877e-33
7.474747474747475,0.5050505050505051,9.137452390821877e-33
7.474747474747475,0.5555555555555556,8.999766778840354e-33
7.474747474747475,0.6060606060606061,8.63598702206783e-33
7.474747474747475,0.6565656565656566,8.055252076548491e-33
7.474747474747475,0.7070707070707071,7.272151294882689e-33
7.474747474747475,0.7575757575757576,6.306357909262636e-33
7.474747474747475,0.8080808080808081,5.182134796153088e-33
7.474747474747475,0.8585858585858586,3.92772493890672e-33
7.474747474747475,0.9090909090909091,2.5746419012481342e-33
7.474747474747475,0.9595959595959596,1.1568781365095492e-33
7.474747474747475,1.0101010101010102,-2.899489783501201e-34
7.474747474747475,1.0606060606060606,-1.729491930419338e-33
7.474747474747475,1.1111111111111112,-3.1255862011460145e-33
7.474747474747475,1.1616161616161615,-4.443158799424445e-33
7.474747474747475,1.2121212121212122,-5.6491093730868214e-33
7.474747474747475,1.2626262626262625,-6.713141763320057e-33
7.474747474747475,1.3131313131313131,-7.60852511151288e-33
7.474747474747475,1.3636363636363635,-8.312765397837371e-33
7.474747474747475,1.4141414141414141,-8.808170541023363e-33
7.474747474747475,1.4646464646464645,-9.082294862763157e-33
7.474747474747475,1.5151515151515151,-9.128251750812991e-33
7.474747474747475,1.5656565656565655,-8.944886665999105e-33
7.474747474747475,1.6161616161616161,-8.536806146807916e-33
7.474747474747475,1.6666666666666667,-7.914262082900536e-33
7.474747474747475,1.7171717171717171,-7.092894164858152e-33
7.474747474747475,1.7676767676767677,-6.093336980393088e-33
7.474747474747475,1.8181818181818181,-4.94070162764211e-33
7.474747474747475,1.8686868686868687,-3.663944868568061e-33
7.474747474747475,1.9191919191919191,-2.295141670738738e-33
7.474747474747475,1.9696969696969697,-8.686794128502231e-34
7.474747474747475,2.0202020202020203,5.796060026569641e-34
7.474747474747475,2.0707070707070705,2.013330427117727e-33
7.474747474747475,2.121212121212121,3.3964755163260493e-33
7.474747474747475,2.1717171717171717,4.694293591397426e-33
7.474747474747475,2.2222222222222223,5.8741805776943386e-33
7.474747474747475,2.2727272727272725,6.906495091648484e-33
7.474747474747475,2.323232323232323,7.765303098198371e-33
7.474747474747475,2.3737373737373737,8.429029431392236e-33
7.474747474747475,2.4242424242424243,8.880999810510768e-33
7.474747474747475,2.474747474747475,9.109859735059806e-33
7.474747474747475,2.525252525252525,9.109859735059806e-33
7.474747474747475,2.5757575757575757,8.88099981051077e-33
7.474747474747475,2.6262626262626263,8.429029431392238e-33
7.474747474747475,2.676767676767677,7.765303098198373e-33
7.474747474747475,2.727272727272727,6.906495091648499e-33
7.474747474747475,2.7777777777777777,5.8741805776943495e-33
7.474747474747475,2.8282828282828283,4.694293591397437e-33
7.474747474747475,2.878787878787879,3.396475516326062e-33
7.474747474747475,2.929292929292929,2.0133304271177403e-33
7.474747474747475,2.9797979797979797,5.7960600265696165e-34
7.474747474747475,3.0303030303030303,-8.686794128502255e-34
7.474747474747475,3.080808080808081,-2.2951416707387406e-33
7.474747474747475,3.131313131313131,-3.663944868568049e-33
7.474747474747475,3.1818181818181817,-4.940701627642099e-33
7.474747474747475,3.2323232323232323,-6.093336980393084e-33
7.474747474747475,3.282828282828283,-7.092894164858148e-33
7.474747474747475,3.3333333333333335,-7.914262082900538e-33
7.474747474747475,3.3838383838383836,-8.536806146807911e-33
7.474747474747475,3.4343434343434343,-8.944886665999103e-33
7.474747474747475,3.484848484848485,-9.128251750812991e-33
7.474747474747475,3.5353535353535355,-9.082294862763158e-33
7.474747474747475,3.5858585858585856,-8.80817054102337e-33
7.474747474747475,3.6363636363636362,-8.31276539783738e-33
7.474747474747475,3.686868686868687,-7.608525111512886e-33
7.474747474747475,3.7373737373737375,-6.713141763320065e-33
7.474747474747475,3.7878787878787876,-5.6491093730868255e-33
7.474747474747475,3.8383838383838382,-4.4431587994244496e-33
7.474747474747475,3.888888888888889,-3.125586201146016e-33
7.474747474747475,3.9393939393939394,-1.7294919304193397e-33
7.474747474747475,3.9898989898989896,-2.8994897835012977e-34
7.474747474747475,4.040404040404041,1.1568781365095555e-33
7.474747474747475,4.090909090909091,2.574641901248125e-33
7.474747474747475,4.141414141414141,3.927724938906701e-33
7.474747474747475,4.191919191919192,5.182134796153086e-33
7.474747474747475,4.242424242424242,6.306357909262626e-33
7.474747474747475,4.292929292929293,7.27215129488269e-33
7.474747474747475,4.343434343434343,8.055252076548487e-33
7.474747474747475,4.393939393939394,8.635987022067823e-33
7.474747474747475,4.444444444444445,8.999766778840354e-33
7.474747474747475,4.494949494949495,9.137452390821875e-33
7.474747474747475,4.545454545454545,9.045584889412878e-33
7.474747474747475,4.595959595959596,8.726472190437799e-33
7.474747474747475,4.646464646464646,8.188131114169844e-33
7.474747474747475,4.696969696969697,7.444085984987144e-33
7.474747474747475,4.747474747474747,6.51302887028463e-33
7.474747474747475,4.797979797979798,5.418349994195114e-33
7.474747474747475,4.848484848484849,4.1875501231708846e-33
7.474747474747475,4.898989898989899,2.8515496856060274e-33
7.474747474747475,4.94949494949495,1.44391198194976e-33
7.474747474747475,5.0,5.595780265269144e-48
7.575757575757575,0.0,0.0
7.575757575757575,0.050505050505050504,5.328189182292246e-34
7.575757575757575,0.10101010101010101,1.0522522409640484e-33
7.575757575757575,0.15151515151515152,1.5452506486203464e-33
7.575757575757575,0.20202020202020202,1.9994289254362557e-33
7.575757575757575,0.25252525252525254,2.403377103620082e-33
7.575757575757575,0.30303030303030304,2.7469471071015538e-33
7.575757575757575,0.35353535353535354,3.0215076937583076e-33
7.575757575757575,0.40404040404040403,3.2201612914022034e-33
7.575757575757575,0.45454545454545453,3.337917280123561e-33
7.575757575757575,0.5050505050505051,3.371817367755681e-33
7.575757575757575,0.5555555555555556,3.3210099087493086e-33
7.575757575757575,0.6060606060606061,3.1867712994017406e-33
7.575757575757575,0.6565656565656566,2.97247391194486e-33
7.575757575757575,0.7070707070707071,2.6835013730590735e-33
7.575757575757575,0.7575757575757576,2.3271133152051984e-33
7.575757575757575,0.8080808080808081,1.9122629985214495e-33
7.575757575757575,0.8585858585858586,1.4493723850288205e-33
7.575757575757575,0.9090909090909091,9.500703157807782e-34
7.575757575757575,0.9595959595959596,4.269003685291832e-34
7.575757575757575,1.0101010101010102,-1.0699426482877849e-34
7.575757575757575,1.0606060606060606,-6.382009644437339e-34
7.575757575757575,1.1111111111111112,-1.1533746373362719e-33
7.575757575757575,1.1616161616161615,-1.639572975794e-33
7.575757575757575,1.2121212121212122,-2.0845815969074815e-33
7.575757575757575,1.2626262626262625,-2.477220895017172e-33
7.575757575757575,1.3131313131313131,-2.807626898255919e-33
7.575757575757575,1.3636363636363635,-3.0674990734463797e-33
7.575757575757575,1.4141414141414141,-3.2503088539436075e-33
7.575757575757575,1.4646464646464645,-3.351463651739862e-33
7.575757575757575,1.5151515151515151,-3.36842223348307e-33
7.575757575757575,1.5656565656565655,-3.3007585619069015e-33
7.575757575757575,1.6161616161616161,-3.1501724988338174e-33
7.575757575757575,1.6666666666666667,-2.9204471008679076e-33
7.575757575757575,1.7171717171717171,-2.6173535806045933e-33
7.575757575757575,1.7676767676767677,-2.2485063209428528e-33
7.575757575757575,1.8181818181818181,-1.8231715848627265e-33
7.575757575757575,1.8686868686868687,-1.352034726303607e-33
7.575757575757575,1.9191919191919191,-8.469317503235269e-34
7.575757575757575,1.9696969696969697,-3.2055196634482664e-34
7.575757575757575,2.0202020202020203,2.1388079550238987e-34
7.575757575757575,2.0707070707070705,7.4294039638502675e-34
7.575757575757575,2.121212121212121,1.2533356832160774e-33
7.575757575757575,2.1717171717171717,1.7322443919616792e-33
7.575757575757575,2.2222222222222223,2.1676352714130358e-33
7.575757575757575,2.2727272727272725,2.5485703349580043e-33
7.575757575757575,2.323232323232323,2.8654796471160815e-33
7.575757575757575,2.3737373737373737,3.110401741588256e-33
7.575757575757575,2.4242424242424243,3.277183630985976e-33
7.575757575757575,2.474747474747475,3.361635383550269e-33
7.575757575757575,2.525252525252525,3.361635383550269e-33
7.575757575757575,2.5757575757575757,3.277183630985976e-33
7.575757575757575,2.6262626262626263,3.1104017415882566e-33
7.575757575757575,2.676767676767677,2.8654796471160825e-33
7.575757575757575,2.727272727272727,2.5485703349580095e-33
7.575757575757575,2.7777777777777777,2.16763527141304e-33
7.575757575757575,2.8282828282828283,1.7322443919616833e-33
7.575757575757575,2.878787878787879,1.253335683216082e-33
7.575757575757575,2.929292929292929,7.429403963850317e-34
7.575757575757575,2.9797979797979797,2.1388079550238893e-34
7.575757575757575,3.0303030303030303,-3.205519663448275e-34
7.575757575757575,3.080808080808081,-8.469317503235279e-34
7.575757575757575,3.131313131313131,-1.3520347263036025e-33
7.575757575757575,3.1818181818181817,-1.8231715848627224e-33
7.575757575757575,3.2323232323232323,-2.2485063209428514e-33
7.575757575757575,3.282828282828283,-2.617353580604592e-33
7.575757575757575,3.3333333333333335,-2.920447100867908e-33
7.575757575757575,3.3838383838383836,-3.1501724988338154e-33
7.575757575757575,3.4343434343434343,-3.3007585619069e-33
7.575757575757575,3.484848484848485,-3.36842223348307e-33
7.575757575757575,3.5353535353535355,-3.351463651739862e-33
7.575757575757575,3.5858585858585856,-3.2503088539436096e-33
7.575757575757575,3.6363636363636362,-3.067499073446383e-33
7.575757575757575,3.686868686868687,-2.8076268982559217e-33
7.575757575757575,3.7373737373737375,-2.477220895017175e-33
7.575757575757575,3.7878787878787876,-2.0845815969074832e-33
7.575757575757575,3.8383838383838382,-1.6395729757940018e-33
7.575757575757575,3.888888888888889,-1.1533746373362724e-33
7.575757575757575,3.9393939393939394,-6.382009644437345e-34
7.575757575757575,3.9898989898989896,-1.0699426482878204e-34
7.575757575757575,4.040404040404041,4.269003685291856e-34
7.575757575757575,4.090909090909091,9.500703157807747e-34
7.575757575757575,4.141414141414141,1.4493723850288133e-33
7.575757575757575,4.191919191919192,1.9122629985214485e-33
7.575757575757575,4.242424242424242,2.327113315205195e-33
7.575757575757575,4.292929292929293,2.6835013730590738e-33
7.575757575757575,4.343434343434343,2.9724739119448586e-33
7.575757575757575,4.393939393939394,3.186771299401738e-33
7.575757575757575,4.444444444444445,3.3210099087493086e-33
7.575757575757575,4.494949494949495,3.371817367755681e-33
7.575757575757575,4.545454545454545,3.337917280123562e-33
7.575757575757575,4.595959595959596,3.220161291402205e-33
7.575757575757575,4.646464646464646,3.0215076937583093e-33
7.575757575757575,4.696969696969697,2.7469471071015517e-33
7.575757575757575,4.747474747474747,2.4033771036200827e-33
7.575757575757575,4.797979797979798,1.999428925436261e-33
7.575757575757575,4.848484848484849,1.5452506486203454e-33
7.575757575757575,4.898989898989899,1.0522522409640521e-33
7.575757575757575,4.94949494949495,5.328189182292218e-34
7.575757575757575,5.0,2.064902587457629e-48
7.6767676767676765,0.0,0.0
7.6767676767676765,0.050505050505050504,1.9661586244308735e-34
7.6767676767676765,0.10101010101010101,3.882922974139061e-34
7.6767676767676765,0.15151515151515152,5.702139668368953e-34
7.6767676767676765,0.20202020202020202,7.3781059402845845e-34
7.6767676767676765,0.25252525252525254,8.868717792053676e-34
7.6767676767676765,0.30303030303030304,1.0136527740855509e-33
7.6767676767676765,0.35353535353535354,1.1149685582881938e-33
7.6767676767676765,0.40404040404040403,1.1882738541248803e-33
7.6767676767676765,0.45454545454545453,1.2317270696323816e-33
7.6767676767676765,0.5050505050505051,1.2442365634559813e-33
7.6767676767676765,0.5555555555555556,1.2254880693066384e-33
7.6767676767676765,0.6060606060606061,1.1759525910286732e-33
7.6767676767676765,0.6565656565656566,1.0968745699363207e-33
7.6767676767676765,0.7070707070707071,9.90240621681964e-34
7.6767676767676765,0.7575757575757576,8.587296280553992e-34
7.6767676767676765,0.8080808080808081,7.056454375190705e-34
7.6767676767676765,0.8585858585858586,5.348338651913987e-34
7.6767676767676765,0.9090909090909091,3.5058607742312008e-34
7.6767676767676765,0.9595959595959596,1.5753078816080487e-34
7.6767676767676765,1.0101010101010102,-3.948202463547685e-35
7.6767676767676765,1.0606060606060606,-2.3550296121830234e-34
7.6767676767676765,1.1111111111111112,-4.256075399753251e-34
7.6767676767676765,1.1616161616161615,-6.050199113527554e-34
7.6767676767676765,1.2121212121212122,-7.692328378111861e-34
7.6767676767676765,1.2626262626262625,-9.141209256505771e-34
7.6767676767676765,1.3131313131313131,-1.0360442640693005e-33
7.6767676767676765,1.3636363636363635,-1.1319398678137078e-33
7.6767676767676765,1.4141414141414141,-1.1993986261756448e-33
7.6767676767676765,1.4646464646464645,-1.2367258252080378e-33
7.6767676767676765,1.5151515151515151,-1.2429837227059983e-33
7.6767676767676765,1.5656565656565655,-1.218015106375279e-33
7.6767676767676765,1.6161616161616161,-1.1624472433545331e-33
7.6767676767676765,1.6666666666666667,-1.0776761218705976e-33
7.6767676767676765,1.7171717171717171,-9.658313809114461e-34
7.6767676767676765,1.7676767676767677,-8.297228089613731e-34
7.6767676767676765,1.8181818181818181,-6.727697558691038e-34
7.6767676767676765,1.8686868686868687,-4.989152311795798e-34
7.6767676767676765,1.9191919191919191,-3.125268469702777e-34
7.6767676767676765,1.9696969696969697,-1.1828709372815717e-34
7.6767676767676765,2.0202020202020203,7.892429421889369e-35
7.6767676767676765,2.0707070707070705,2.7415292847430133e-34
7.6767676767676765,2.121212121212121,4.624942318211947e-34
7.6767676767676765,2.1717171717171717,6.392166521032251e-34
7.6767676767676765,2.2222222222222223,7.99880529331313e-34
7.6767676767676765,2.2727272727272725,9.404496298103698e-34
7.6767676767676765,2.323232323232323,1.0573925453008437e-33
7.6767676767676765,2.3737373737373737,1.1477714098427683e-33
7.6767676767676765,2.4242424242424243,1.209315705478519e-33
7.6767676767676765,2.474747474747475,1.2404793027104689e-33
7.6767676767676765,2.525252525252525,1.2404793027104689e-33
7.6767676767676765,2.5757575757575757,1.2093157054785192e-33
7.6767676767676765,2.6262626262626263,1.1477714098427685e-33
7.6767676767676765,2.676767676767677,1.0573925453008442e-33
7.6767676767676765,2.727272727272727,9.404496298103719e-34
7.6767676767676765,2.7777777777777777,7.998805293313145e-34
7.6767676767676765,2.8282828282828283,6.3921665210322655e-34
7.6767676767676765,2.878787878787879,4.624942318211964e-34
7.6767676767676765,2.929292929292929,2.7415292847430313e-34
7.6767676767676765,2.9797979797979797,7.892429421889335e-35
7.6767676767676765,3.0303030303030303,-1.182870937281575e-34
7.6767676767676765,3.080808080808081,-3.1252684697027803e-34
7.6767676767676765,3.131313131313131,-4.989152311795782e-34
7.6767676767676765,3.1818181818181817,-6.727697558691022e-34
7.6767676767676765,3.2323232323232323,-8.297228089613726e-34
7.6767676767676765,3.282828282828283,-9.658313809114456e-34
7.6767676767676765,3.3333333333333335,-1.0776761218705977e-33
7.6767676767676765,3.3838383838383836,-1.1624472433545325e-33
7.6767676767676765,3.4343434343434343,-1.2180151063752787e-33
7.6767676767676765,3.484848484848485,-1.2429837227059983e-33
7.6767676767676765,3.5353535353535355,-1.236725825208038e-33
7.6767676767676765,3.5858585858585856,-1.1993986261756457e-33
7.6767676767676765,3.6363636363636362,-1.131939867813709e-33
7.6767676767676765,3.686868686868687,-1.0360442640693015e-33
7.6767676767676765,3.7373737373737375,-9.141209256505785e-34
7.6767676767676765,3.7878787878787876,-7.692328378111867e-34
7.6767676767676765,3.8383838383838382,-6.050199113527561e-34
7.6767676767676765,3.888888888888889,-4.256075399753253e-34
7.6767676767676765,3.9393939393939394,-2.355029612183025e-34
7.6767676767676765,3.9898989898989896,-3.948202463547816e-35
7.6767676767676765,4.040404040404041,1.5753078816080573e-34
7.6767676767676765,4.090909090909091,3.5058607742311883e-34
7.6767676767676765,4.141414141414141,5.348338651913961e-34
7.6767676767676765,4.191919191919192,7.056454375190702e-34
7.6767676767676765,4.242424242424242,8.58729628055398e-34
7.6767676767676765,4.292929292929293,9.90240621681964e-34
7.6767676767676765,4.343434343434343,1.09687456993632e-33
7.6767676767676765,4.393939393939394,1.1759525910286721e-33
7.6767676767676765,4.444444444444445,1.2254880693066384e-33
7.6767676767676765,4.494949494949495,1.2442365634559811e-33
7.6767676767676765,4.545454545454545,1.231727069632382e-33
7.6767676767676765,4.595959595959596,1.1882738541248806e-33
7.6767676767676765,4.646464646464646,1.1149685582881943e-33
7.6767676767676765,4.696969696969697,1.0136527740855502e-33
7.6767676767676765,4.747474747474747,8.86871779205368e-34
7.6767676767676765,4.797979797979798,7.378105940284604e-34
7.6767676767676765,4.848484848484849,5.702139668368949e-34
7.6767676767676765,4.898989898989899,3.882922974139074e-34
7.6767676767676765,4.94949494949495,1.9661586244308633e-34
7.6767676767676765,5.0,7.61971073480694e-49
7.777777777777778,0.0,0.0
7.777777777777778,0.050505050505050504,7.255334981857285e-35
7.777777777777778,0.10101010101010101,1.432839982292025e-34
7.777777777777778,0.15151515151515152,2.1041503413453553e-34
7.777777777777778,0.20202020202020202,2.722599767040201e-34
7.777777777777778,0.25252525252525254,3.272651435208218e-34
7.777777777777778,0.30303030303030304,3.740486825374218e-34
7.777777777777778,0.35353535353535354,4.114352872704206e-34
7.777777777777778,0.40404040404040403,4.384857231116926e-34
7.777777777777778,0.45454545454545453,4.5452042298932915e-34
7.777777777777778,0.5050505050505051,4.5913655960292315e-34
7.777777777777778,0.5555555555555556,4.5221816534069785e-34
7.777777777777778,0.6060606060606061,4.339390456436702e-34
7.777777777777778,0.6565656565656566,4.047584126266638e-34
7.777777777777778,0.7070707070707071,3.6540934864931863e-34
7.777777777777778,0.7575757575757576,3.168803896578326e-34
7.777777777777778,0.8080808080808081,2.603906909648276e-34
7.777777777777778,0.8585858585858586,1.9735939935814297e-34
7.777777777777778,0.9090909090909091,1.2937000097926325e-34
7.777777777777778,0.9595959595959596,5.81305406319123e-35
7.777777777777778,1.0101010101010102,-1.456928809979632e-35
7.777777777777778,1.0606060606060606,-8.690310393205009e-35
7.777777777777778,1.1111111111111112,-1.5705372063858955e-34
7.777777777777778,1.1616161616161615,-2.2325879880767323e-34
7.777777777777778,1.2121212121212122,-2.838551197251618e-34
7.777777777777778,1.2626262626262625,-3.3732036912536363e-34
7.777777777777778,1.3131313131313131,-3.82311381108959e-34
7.777777777777778,1.3636363636363635,-4.176978814557719e-34
7.777777777777778,1.4141414141414141,-4.425908826253846e-34
7.777777777777778,1.4646464646464645,-4.563650171000567e-34
7.777777777777778,1.5151515151515151,-4.586742480067426e-34
7.777777777777778,1.5656565656565655,-4.49460562332461e-34
7.777777777777778,1.6161616161616161,-4.2895542834012245e-34
7.777777777777778,1.6666666666666667,-3.976739805712933e-34
7.777777777777778,1.7171717171717171,-3.564020785215497e-34
7.777777777777778,1.7676767676767677,-3.061765641032585e-34
7.777777777777778,1.8181818181818181,-2.482592138722074e-34
7.777777777777778,1.8686868686868687,-1.8410504039603676e-34
7.777777777777778,1.9191919191919191,-1.15325739104563e-34
7.777777777777778,1.9696969696969697,-4.3649198918350205e-35
7.777777777777778,2.0202020202020203,2.912390616146182e-35
7.777777777777778,2.0707070707070705,1.011653539863283e-34
7.777777777777778,2.121212121212121,1.706653032641671e-34
7.777777777777778,2.1717171717171717,2.3587776079524966e-34
7.777777777777778,2.2222222222222223,2.9516444470210823e-34
7.777777777777778,2.2727272727272725,3.470359417116197e-34
7.777777777777778,2.323232323232323,3.901891245268675e-34
7.777777777777778,2.3737373737373737,4.235398892812308e-34
7.777777777777778,2.4242424242424243,4.462503906370957e-34
7.777777777777778,2.474747474747475,4.577500903229704e-34
7.777777777777778,2.525252525252525,4.577500903229704e-34
7.777777777777778,2.5757575757575757,4.462503906370958e-34
7.777777777777778,2.6262626262626263,4.235398892812309e-34
7.777777777777778,2.676767676767677,3.901891245268676e-34
7.777777777777778,2.727272727272727,3.4703594171162044e-34
7.777777777777778,2.7777777777777777,2.951644447021088e-34
7.777777777777778,2.8282828282828283,2.358777607952502e-34
7.777777777777778,2.878787878787879,1.7066530326416775e-34
7.777777777777778,2.929292929292929,1.0116535398632898e-34
7.777777777777778,2.9797979797979797,2.9123906161461693e-35
7.777777777777778,3.0303030303030303,-4.364919891835033e-35
7.777777777777778,3.080808080808081,-1.1532573910456314e-34
7.777777777777778,3.131313131313131,-1.8410504039603614e-34
7.777777777777778,3.1818181818181817,-2.4825921387220685e-34
7.777777777777778,3.2323232323232323,-3.061765641032583e-34
7.777777777777778,3.282828282828283,-3.564020785215495e-34
7.777777777777778,3.3333333333333335,-3.976739805712934e-34
7.777777777777778,3.3838383838383836,-4.289554283401222e-34
7.777777777777778,3.4343434343434343,-4.4946056233246085e-34
7.777777777777778,3.484848484848485,-4.586742480067426e-34
7.777777777777778,3.5353535353535355,-4.563650171000567e-34
7.777777777777778,3.5858585858585856,-4.42590882625385e-34
7.777777777777778,3.6363636363636362,-4.176978814557723e-34
7.777777777777778,3.686868686868687,-3.823113811089593e-34
7.777777777777778,3.7373737373737375,-3.373203691253641e-34
7.777777777777778,3.7878787878787876,-2.8385511972516196e-34
7.777777777777778,3.8383838383838382,-2.232587988076735e-34
7.777777777777778,3.888888888888889,-1.5705372063858963e-34
7.777777777777778,3.9393939393939394,-8.690310393205016e-35
7.777777777777778,3.9898989898989896,-1.4569288099796806e-35
7.777777777777778,4.040404040404041,5.813054063191262e-35
7.777777777777778,4.090909090909091,1.2937000097926278e-34
7.777777777777778,4.141414141414141,1.9735939935814203e-34
7.777777777777778,4.191919191919192,2.603906909648275e-34
7.777777777777778,4.242424242424242,3.1688038965783214e-34
7.777777777777778,4.292929292929293,3.6540934864931867e-34
7.777777777777778,4.343434343434343,4.0475841262666364e-34
7.777777777777778,4.393939393939394,4.339390456436698e-34
7.777777777777778,4.444444444444445,4.5221816534069785e-34
7.777777777777778,4.494949494949495,4.5913655960292315e-34
7.777777777777778,4.545454545454545,4.545204229893292e-34
7.777777777777778,4.595959595959596,4.384857231116927e-34
7.777777777777778,4.646464646464646,4.114352872704209e-34
7.777777777777778,4.696969696969697,3.740486825374215e-34
7.777777777777778,4.747474747474747,3.2726514352082193e-34
7.777777777777778,4.797979797979798,2.7225997670402084e-34
7.777777777777778,4.848484848484849,2.104150341345354e-34
7.777777777777778,4.898989898989899,1.4328399822920302e-34
7.777777777777778,4.94949494949495,7.255334981857246e-35
7.777777777777778,5.0,2.811754512527223e-49
7.878787878787879,0.0,0.0
7.878787878787879,0.050505050505050504,2.6772959742350386e-35
7.878787878787879,0.10101010101010101,5.287332322912863e-35
7.878787878787879,0.15151515151515152,7.764539131764672e-35
7.878787878787879,0.20202020202020202,1.0046683459795304e-34
7.878787878787879,0.25252525252525254,1.2076432769082906e-34
7.878787878787879,0.30303030303030304,1.3802795245561526e-34
7.878787878787879,0.35353535353535354,1.5182400826727279e-34
7.878787878787879,0.40404040404040403,1.6180590754004785e-34
7.878787878787879,0.45454545454545453,1.6772288277796773e-34
7.878787878787879,0.5050505050505051,1.6942628641170738e-34
7.878787878787879,0.5555555555555556,1.6687332515592192e-34
7.878787878787879,0.6060606060606061,1.601281350716889e-34
7.878787878787879,0.6565656565656566,1.4936017032610222e-34
7.878787878787879,0.7070707070707071,1.3483994612695778e-34
7.878787878787879,0.7575757575757576,1.1693224277947388e-34
7.878787878787879,0.8080808080808081,9.608694159424631e-35
7.878787878787879,0.8585858585858586,7.28277228687985e-35
7.878787878787879,0.9090909090909091,4.773890987455134e-35
7.878787878787879,0.9595959595959596,2.1450789357500477e-35
7.878787878787879,1.0101010101010102,-5.3762226657479534e-36
7.878787878787879,1.0606060606060606,-3.2068172026186327e-35
7.878787878787879,1.1111111111111112,-5.795449762909393e-35
7.878787878787879,1.1616161616161615,-8.238487743915607e-35
7.878787878787879,1.2121212121212122,-1.0474556601542859e-34
7.878787878787879,1.2626262626262625,-1.2447481316095321e-34
7.878787878787879,1.3131313131313131,-1.4107697633627847e-34
7.878787878787879,1.3636363636363635,-1.5413497230168827e-34
7.878787878787879,1.4141414141414141,-1.633207551752134e-34
7.878787878787879,1.4646464646464645,-1.684035576743161e-34
7.878787878787879,1.5151515151515151,-1.6925568850294212e-34
7.878787878787879,1.5656565656565655,-1.658557402406902e-34
7.878787878787879,1.6161616161616161,-1.582891271447936e-34
7.878787878787879,1.6666666666666667,-1.4674593935413274e-34
7.878787878787879,1.7171717171717171,-1.3151616740244325e-34
7.878787878787879,1.7676767676767677,-1.1298241701156157e-34
7.878787878787879,1.8181818181818181,-9.16102971852955e-35
7.878787878787879,1.8686868686868687,-6.793672307636311e-35
7.878787878787879,1.9191919191919191,-4.25564274843844e-35
7.878787878787879,1.9696969696969697,-1.610701984607306e-35
7.878787878787879,2.0202020202020203,1.074703193099438e-35
7.878787878787879,2.0707070707070705,3.7331094379094393e-35
7.878787878787879,2.121212121212121,6.297731676253904e-35
7.878787878787879,2.1717171717171717,8.704140897255121e-35
7.878787878787879,2.2222222222222223,1.0891882752682796e-34
7.878787878787879,2.2727272727272725,1.2805996304550245e-34
7.878787878787879,2.323232323232323,1.4398394766035424e-34
7.878787878787879,2.3737373737373737,1.562907354844582e-34
7.878787878787879,2.4242424242424243,1.6467115265402517e-34
7.878787878787879,2.474747474747475,1.6891466446304476e-34
7.878787878787879,2.525252525252525,1.6891466446304476e-34
7.878787878787879,2.5757575757575757,1.646711526540252e-34
7.878787878787879,2.6262626262626263,1.5629073548445823e-34
7.878787878787879,2.676767676767677,1.439839476603543e-34
7.878787878787879,2.727272727272727,1.280599630455027e-34
7.878787878787879,2.7777777777777777,1.0891882752682817e-34
7.878787878787879,2.8282828282828283,8.704140897255142e-35
7.878787878787879,2.878787878787879,6.297731676253927e-35
7.878787878787879,2.929292929292929,3.7331094379094644e-35
7.878787878787879,2.9797979797979797,1.0747031930994333e-35
7.878787878787879,3.0303030303030303,-1.6107019846073105e-35
7.878787878787879,3.080808080808081,-4.2556427484384444e-35
7.878787878787879,3.131313131313131,-6.793672307636289e-35
7.878787878787879,3.1818181818181817,-9.16102971852953e-35
7.878787878787879,3.2323232323232323,-1.129824170115615e-34
7.878787878787879,3.282828282828283,-1.3151616740244317e-34
7.878787878787879,3.3333333333333335,-1.4674593935413274e-34
7.878787878787879,3.3838383838383836,-1.582891271447935e-34
7.878787878787879,3.4343434343434343,-1.6585574024069014e-34
7.878787878787879,3.484848484848485,-1.6925568850294212e-34
7.878787878787879,3.5353535353535355,-1.6840355767431612e-34
7.878787878787879,3.5858585858585856,-1.633207551752135e-34
7.878787878787879,3.6363636363636362,-1.5413497230168844e-34
7.878787878787879,3.686868686868687,-1.410769763362786e-34
7.878787878787879,3.7373737373737375,-1.2447481316095338e-34
7.878787878787879,3.7878787878787876,-1.0474556601542865e-34
7.878787878787879,3.8383838383838382,-8.238487743915617e-35
7.878787878787879,3.888888888888889,-5.795449762909396e-35
7.878787878787879,3.9393939393939394,-3.206817202618636e-35
7.878787878787879,3.9898989898989896,-5.376222665748132e-36
7.878787878787879,4.040404040404041,2.1450789357500594e-35
7.878787878787879,4.090909090909091,4.773890987455117e-35
7.878787878787879,4.141414141414141,7.282772286879814e-35
7.878787878787879,4.191919191919192,9.608694159424627e-35
7.878787878787879,4.242424242424242,1.169322427794737e-34
7.878787878787879,4.292929292929293,1.348399461269578e-34
7.878787878787879,4.343434343434343,1.4936017032610214e-34
7.878787878787879,4.393939393939394,1.6012813507168878e-34
7.878787878787879,4.444444444444445,1.6687332515592192e-34
7.878787878787879,4.494949494949495,1.6942628641170738e-34
7.878787878787879,4.545454545454545,1.6772288277796775e-34
7.878787878787879,4.595959595959596,1.618059075400479e-34
7.878787878787879,4.646464646464646,1.5182400826727287e-34
7.878787878787879,4.696969696969697,1.3802795245561515e-34
7.878787878787879,4.747474747474747,1.207643276908291e-34
7.878787878787879,4.797979797979798,1.004668345979533e-34
7.878787878787879,4.848484848484849,7.764539131764668e-35
7.878787878787879,4.898989898989899,5.287332322912882e-35
7.878787878787879,4.94949494949495,2.6772959742350247e-35
7.878787878787879,5.0,1.0375673977494669e-49
7.979797979797979,0.0,0.0
7.979797979797979,0.050505050505050504,9.879507633457662e-36
7.979797979797979,0.10101010101010101,1.951082007650278e-35
7.979797979797979,0.15151515151515152,2.865197735355631e-35
7.979797979797979,0.20202020202020202,3.707333327625094e-35
7.979797979797979,0.25252525252525254,4.4563324666105337e-35
7.979797979797979,0.30303030303030304,5.093378629179786e-35
7.979797979797979,0.35353535353535354,5.602467799800236e-35
7.979797979797979,0.40404040404040403,5.970810526980272e-35
7.979797979797979,0.45454545454545453,6.189153222717197e-35
7.979797979797979,0.5050505050505051,6.252010633195316e-35
7.979797979797979,0.5555555555555556,6.157803640553568e-35
7.979797979797979,0.6060606060606061,5.908898933836025e-35
7.979797979797979,0.6565656565656566,5.511549552502785e-35
7.979797979797979,0.7070707070707071,4.975737796180432e-35
7.979797979797979,0.7575757575757576,4.314924447108287e-35
7.979797979797979,0.8080808080808081,3.545710605369995e-35
7.979797979797979,0.8585858585858586,2.6874206323610195e-35
7.979797979797979,0.9090909090909091,1.761616679879161e-35
7.979797979797979,0.9595959595959596,7.91557000946335e-36
7.979797979797979,1.0101010101010102,-1.9838834920222426e-36
7.979797979797979,1.0606060606060606,-1.183349743071507e-35
7.979797979797979,1.1111111111111112,-2.1385827612258323e-35
7.979797979797979,1.1616161616161615,-3.040089827103152e-35
7.979797979797979,1.2121212121212122,-3.865223079476466e-35
7.979797979797979,1.2626262626262625,-4.5932533370660285e-35
7.979797979797979,1.3131313131313131,-5.205890861646776e-35
7.979797979797979,1.3636363636363635,-5.687744836924147e-35
7.979797979797979,1.4141414141414141,-6.026710020047786e-35
7.979797979797979,1.4646464646464645,-6.214270852217604e-35
7.979797979797979,1.5151515151515151,-6.245715388447936e-35
7.979797979797979,1.5656565656565655,-6.120253672098565e-35
7.979797979797979,1.6161616161616161,-5.84103758034132e-35
7.979797979797979,1.6666666666666667,-5.415081642000012e-35
7.979797979797979,1.7171717171717171,-4.853086816995555e-35
7.979797979797979,1.7676767676767677,-4.169171664448287e-35
7.979797979797979,1.8181818181818181,-3.3805176530923087e-35
7.979797979797979,1.8686868686868687,-2.5069375245925123e-35
7.979797979797979,1.9191919191919191,-1.5703775534372548e-35
7.979797979797979,1.9696969696969697,-5.943662077443626e-36
7.979797979797979,2.0202020202020203,3.9657693815346213e-36
7.979797979797979,2.0707070707070705,1.3775571899142353e-35
7.979797979797979,2.121212121212121,2.3239301432407272e-35
7.979797979797979,2.1717171717171717,3.21192080609216e-35
7.979797979797979,2.2222222222222223,4.019220879327734e-35
7.979797979797979,2.2727272727272725,4.7255491907645127e-35
7.979797979797979,2.323232323232323,5.31316120330056e-35
7.979797979797979,2.3737373737373737,5.767294797126765e-35
7.979797979797979,2.4242424242424243,6.076541126987447e-35
7.979797979797979,2.474747474747475,6.233131237731012e-35
7.979797979797979,2.525252525252525,6.233131237731012e-35
7.979797979797979,2.5757575757575757,6.076541126987447e-35
7.979797979797979,2.6262626262626263,5.767294797126766e-35
7.979797979797979,2.676767676767677,5.313161203300562e-35
7.979797979797979,2.727272727272727,4.7255491907645223e-35
7.979797979797979,2.7777777777777777,4.0192208793277413e-35
7.979797979797979,2.8282828282828283,3.2119208060921673e-35
7.979797979797979,2.878787878787879,2.3239301432407357e-35
7.979797979797979,2.929292929292929,1.3775571899142444e-35
7.979797979797979,2.9797979797979797,3.965769381534604e-36
7.979797979797979,3.0303030303030303,-5.943662077443642e-36
7.979797979797979,3.080808080808081,-1.5703775534372564e-35
7.979797979797979,3.131313131313131,-2.5069375245925043e-35
7.979797979797979,3.1818181818181817,-3.380517653092301e-35
7.979797979797979,3.2323232323232323,-4.169171664448284e-35
7.979797979797979,3.282828282828283,-4.853086816995553e-35
7.979797979797979,3.3333333333333335,-5.415081642000013e-35
7.979797979797979,3.3838383838383836,-5.841037580341316e-35
7.979797979797979,3.4343434343434343,-6.120253672098563e-35
7.979797979797979,3.484848484848485,-6.245715388447936e-35
7.979797979797979,3.5353535353535355,-6.214270852217604e-35
7.979797979797979,3.5858585858585856,-6.026710020047791e-35
7.979797979797979,3.6363636363636362,-5.687744836924153e-35
7.979797979797979,3.686868686868687,-5.20589086164678e-35
7.979797979797979,3.7373737373737375,-4.5932533370660344e-35
7.979797979797979,3.7878787878787876,-3.865223079476469e-35
7.979797979797979,3.8383838383838382,-3.040089827103155e-35
7.979797979797979,3.888888888888889,-2.1385827612258333e-35
7.979797979797979,3.9393939393939394,-1.1833497430715079e-35
7.979797979797979,3.9898989898989896,-1.9838834920223084e-36
7.979797979797979,4.040404040404041,7.915570009463394e-36
7.979797979797979,4.090909090909091,1.761616679879155e-35
7.979797979797979,4.141414141414141,2.687420632361006e-35
7.979797979797979,4.191919191919192,3.545710605369994e-35
7.979797979797979,4.242424242424242,4.3149244471082805e-35
7.979797979797979,4.292929292929293,4.975737796180433e-35
7.979797979797979,4.343434343434343,5.511549552502781e-35
7.979797979797979,4.393939393939394,5.90889893383602e-35
7.979797979797979,4.444444444444445,6.157803640553568e-35
7.979797979797979,4.494949494949495,6.252010633195314e-35
7.979797979797979,4.545454545454545,6.189153222717199e-35
7.979797979797979,4.595959595959596,5.970810526980275e-35
7.979797979797979,4.646464646464646,5.602467799800239e-35
7.979797979797979,4.696969696969697,5.093378629179782e-35
7.979797979797979,4.747474747474747,4.4563324666105353e-35
7.979797979797979,4.797979797979798,3.707333327625104e-35
7.979797979797979,4.848484848484849,2.8651977353556295e-35
7.979797979797979,4.898989898989899,1.951082007650285e-35
7.979797979797979,4.94949494949495,9.87950763345761e-36
7.979797979797979,5.0,3.8287343367860157e-50
8.080808080808081,0.0,0.0
8.080808080808081,0.050505050505050504,3.645643665057787e-36
8.080808080808081,0.10101010101010101,7.199700658269598e-36
8.080808080808081,0.15151515151515152,1.0572885168551084e-35
8.080808080808081,0.20202020202020202,1.368045530360483e-35
8.080808080808081,0.25252525252525254,1.6444341994606199e-35
8.080808080808081,0.30303030303030304,1.8795110264732177e-35
8.080808080808081,0.35353535353535354,2.067370359010867e-35
8.080808080808081,0.40404040404040403,2.2032927530952e-35
8.080808080808081,0.45454545454545453,2.283863536079288e-35
8.080808080808081,0.5050505050505051,2.3070585908141452e-35
8.080808080808081,0.5555555555555556,2.2722952059704074e-35
8.080808080808081,0.6060606060606061,2.1804467150420902e-35
8.080808080808081,0.6565656565656566,2.0338205562681053e-35
8.080808080808081,0.7070707070707071,1.8361003046550782e-35
8.080808080808081,0.7575757575757576,1.5922531323858926e-35
8.080808080808081,0.8080808080808081,1.30840502241419e-35
8.080808080808081,0.8585858585858586,9.916868701566682e-36
8.080808080808081,0.9090909090909091,6.500553395507548e-36
8.080808080808081,0.9595959595959596,2.9209297397163787e-36
8.080808080808081,1.0101010101010102,-7.32074163332808e-37
8.080808080808081,1.0606060606060606,-4.366686736256457e-36
8.080808080808081,1.1111111111111112,-7.891598432761266e-36
8.080808080808081,1.1616161616161615,-1.1218255636395853e-35
8.080808080808081,1.2121212121212122,-1.426308532421958e-35
8.080808080808081,1.2626262626262625,-1.6949594606892072e-35
8.080808080808081,1.3131313131313131,-1.9210292400070268e-35
8.080808080808081,1.3636363636363635,-2.098838495045585e-35
8.080808080808081,1.4141414141414141,-2.2239202621110716e-35
8.080808080808081,1.4646464646464645,-2.293132209202159e-35
8.080808080808081,1.5151515151515151,-2.304735578374178e-35
8.080808080808081,1.5656565656565655,-2.2584388672033316e-35
8.080808080808081,1.6161616161616161,-2.155405151975487e-35
8.080808080808081,1.6666666666666667,-1.9982228686247679e-35
8.080808080808081,1.7171717171717171,-1.790840785469709e-35
8.080808080808081,1.7676767676767677,-1.538468801376372e-35
8.080808080808081,1.8181818181818181,-1.247447061519071e-35
8.080808080808081,1.8686868686868687,-9.250866788416768e-36
8.080808080808081,1.9191919191919191,-5.7948606265045276e-36
8.080808080808081,1.9696969696969697,-2.1932746857236808e-36
8.080808080808081,2.0202020202020203,1.4634111900384098e-36
8.080808080808081,2.0707070707070705,5.0833329240598944e-36
8.080808080808081,2.121212121212121,8.575550036573287e-36
8.080808080808081,2.1717171717171717,1.1852330271745583e-35
8.080808080808081,2.2222222222222223,1.4831353626942802e-35
8.080808080808081,2.2727272727272725,1.7437780414164426e-35
8.080808080808081,2.323232323232323,1.9606131399348244e-35
8.080808080808081,2.3737373737373737,2.1281932786267152e-35
8.080808080808081,2.4242424242424243,2.242308471936647e-35
8.080808080808081,2.474747474747475,2.3000918925708574e-35
8.080808080808081,2.525252525252525,2.3000918925708574e-35
8.080808080808081,2.5757575757575757,2.2423084719366472e-35
8.080808080808081,2.6262626262626263,2.1281932786267158e-35
8.080808080808081,2.676767676767677,1.9606131399348252e-35
8.080808080808081,2.727272727272727,1.7437780414164463e-35
8.080808080808081,2.7777777777777777,1.483135362694283e-35
8.080808080808081,2.8282828282828283,1.1852330271745612e-35
8.080808080808081,2.878787878787879,8.575550036573319e-36
8.080808080808081,2.929292929292929,5.083332924059928e-36
8.080808080808081,2.9797979797979797,1.4634111900384032e-36
8.080808080808081,3.0303030303030303,-2.193274685723687e-36
8.080808080808081,3.080808080808081,-5.794860626504534e-36
8.080808080808081,3.131313131313131,-9.250866788416737e-36
8.080808080808081,3.1818181818181817,-1.2474470615190682e-35
8.080808080808081,3.2323232323232323,-1.538468801376371e-35
8.080808080808081,3.282828282828283,-1.7908407854697079e-35
8.080808080808081,3.3333333333333335,-1.9982228686247679e-35
8.080808080808081,3.3838383838383836,-2.1554051519754857e-35
8.080808080808081,3.4343434343434343,-2.2584388672033308e-35
8.080808080808081,3.484848484848485,-2.304735578374178e-35
8.080808080808081,3.5353535353535355,-2.2931322092021592e-35
8.080808080808081,3.5858585858585856,-2.2239202621110732e-35
8.080808080808081,3.6363636363636362,-2.0988384950455875e-35
8.080808080808081,3.686868686868687,-1.9210292400070287e-35
8.080808080808081,3.7373737373737375,-1.6949594606892096e-35
8.080808080808081,3.7878787878787876,-1.4263085324219588e-35
8.080808080808081,3.8383838383838382,-1.1218255636395867e-35
8.080808080808081,3.888888888888889,-7.89159843276127e-36
8.080808080808081,3.9393939393939394,-4.366686736256461e-36
8.080808080808081,3.9898989898989896,-7.320741633328324e-37
8.080808080808081,4.040404040404041,2.9209297397163948e-36
8.080808080808081,4.090909090909091,6.500553395507525e-36
8.080808080808081,4.141414141414141,9.916868701566634e-36
8.080808080808081,4.191919191919192,1.3084050224141893e-35
8.080808080808081,4.242424242424242,1.5922531323858902e-35
8.080808080808081,4.292929292929293,1.8361003046550784e-35
8.080808080808081,4.343434343434343,2.0338205562681042e-35
8.080808080808081,4.393939393939394,2.1804467150420883e-35
8.080808080808081,4.444444444444445,2.2722952059704074e-35
8.080808080808081,4.494949494949495,2.307058590814145e-35
8.080808080808081,4.545454545454545,2.2838635360792885e-35
8.080808080808081,4.595959595959596,2.2032927530952006e-35
8.080808080808081,4.646464646464646,2.067370359010868e-35
8.080808080808081,4.696969696969697,1.8795110264732164e-35
8.080808080808081,4.747474747474747,1.6444341994606204e-35
8.080808080808081,4.797979797979798,1.3680455303604866e-35
8.080808080808081,4.848484848484849,1.0572885168551078e-35
8.080808080808081,4.898989898989899,7.199700658269623e-36
8.080808080808081,4.94949494949495,3.6456436650577674e-36
8.080808080808081,5.0,1.4128437972781876e-50
8.181818181818182,0.0,0.0
8.181818181818182,0.050505050505050504,1.3452813870567993e-36
8.181818181818182,0.10101010101010101,2.6567663155848086e-36
8.181818181818182,0.15151515151515152,3.901507369211085e-36
8.181818181818182,0.20202020202020202,5.048233886048304e-36
8.181818181818182,0.25252525252525254,6.068137547225023e-36
8.181818181818182,0.30303030303030304,6.93559610588645e-36
8.181818181818182,0.35353535353535354,7.628817074984666e-36
8.181818181818182,0.40404040404040403,8.13038520299027e-36
8.181818181818182,0.45454545454545453,8.427699983718759e-36
8.181818181818182,0.5050505050505051,8.513292209052368e-36
8.181818181818182,0.5555555555555556,8.385011612049392e-36
8.181818181818182,0.6060606060606061,8.046080886429061e-36
8.181818181818182,0.6565656565656566,7.505014725342387e-36
8.181818181818182,0.7070707070707071,6.775405913355063e-36
8.181818181818182,0.7575757575757576,5.875583845487197e-36
8.181818181818182,0.8080808080808081,4.8281540520706476e-36
8.181818181818182,0.8585858585858586,3.659430297582943e-36
8.181818181818182,0.9090909090909091,2.3987735203974092e-36
8.181818181818182,0.9595959595959596,1.0778542207522138e-36
8.181818181818182,1.0101010101010102,-2.7014317260795567e-37
8.181818181818182,1.0606060606060606,-1.6113539690392365e-36
8.181818181818182,1.1111111111111112,-2.9120839722968535e-36
8.181818181818182,1.1616161616161615,-4.1396559536350495e-36
8.181818181818182,1.2121212121212122,-5.2632305764231755e-36
8.181818181818182,1.2626262626262625,-6.254581148826782e-36
8.181818181818182,1.3131313131313131,-7.088802741044517e-36
8.181818181818182,1.3636363636363635,-7.744937852499565e-36
8.181818181818182,1.4141414141414141,-8.206502910835309e-36
8.181818181818182,1.4646464646464645,-8.461902375890059e-36
8.181818181818182,1.5151515151515151,-8.504720045438732e-36
8.181818181818182,1.5656565656565655,-8.333880244453692e-36
8.181818181818182,1.6161616161616161,-7.95367484845229e-36
8.181818181818182,1.6666666666666667,-7.373655462044544e-36
8.181818181818182,1.7171717171717171,-6.608393461395493e-36
8.181818181818182,1.7676767676767677,-5.677113928868884e-36
8.181818181818182,1.8181818181818181,-4.603212676227653e-36
8.181818181818182,1.8686868686868687,-3.4136684898417584e-36
8.181818181818182,1.9191919191919191,-2.13836536361029e-36
8.181818181818182,1.9696969696969697,-8.093417466131182e-37
8.181818181818182,2.0202020202020203,5.400143339401514e-37
8.181818181818182,2.0707070707070705,1.875804054163476e-36
8.181818181818182,2.121212121212121,3.1644694072955786e-36
8.181818181818182,2.1717171717171717,4.373636255417313e-36
8.181818181818182,2.2222222222222223,5.4729276397525376e-36
8.181818181818182,2.2727272727272725,6.434726917389817e-36
8.181818181818182,2.323232323232323,7.234871552734431e-36
8.181818181818182,2.3737373737373737,7.853260134107274e-36
8.181818181818182,2.4242424242424243,8.274357365884604e-36
8.181818181818182,2.474747474747475,8.487584349653588e-36
8.181818181818182,2.525252525252525,8.487584349653588e-36
8.181818181818182,2.5757575757575757,8.274357365884605e-36
8.181818181818182,2.6262626262626263,7.853260134107275e-36
8.181818181818182,2.676767676767677,7.234871552734433e-36
8.181818181818182,2.727272727272727,6.43472691738983e-36
8.181818181818182,2.7777777777777777,5.4729276397525476e-36
8.181818181818182,2.8282828282828283,4.373636255417324e-36
8.181818181818182,2.878787878787879,3.1644694072955906e-36
8.181818181818182,2.929292929292929,1.8758040541634886e-36
8.181818181818182,2.9797979797979797,5.40014333940149e-37
8.181818181818182,3.0303030303030303,-8.093417466131203e-37
8.181818181818182,3.080808080808081,-2.1383653636102923e-36
8.181818181818182,3.131313131313131,-3.413668489841747e-36
8.181818181818182,3.1818181818181817,-4.603212676227642e-36
8.181818181818182,3.2323232323232323,-5.67711392886888e-36
8.181818181818182,3.282828282828283,-6.608393461395489e-36
8.181818181818182,3.3333333333333335,-7.373655462044544e-36
8.181818181818182,3.3838383838383836,-7.953674848452286e-36
8.181818181818182,3.4343434343434343,-8.333880244453689e-36
8.181818181818182,3.484848484848485,-8.504720045438732e-36
8.181818181818182,3.5353535353535355,-8.46190237589006e-36
8.181818181818182,3.5858585858585856,-8.206502910835314e-36
8.181818181818182,3.6363636363636362,-7.744937852499574e-36
8.181818181818182,3.686868686868687,-7.088802741044523e-36
8.181818181818182,3.7373737373737375,-6.25458114882679e-36
8.181818181818182,3.7878787878787876,-5.263230576423179e-36
8.181818181818182,3.8383838383838382,-4.139655953635054e-36
8.181818181818182,3.888888888888889,-2.912083972296855e-36
8.181818181818182,3.9393939393939394,-1.6113539690392378e-36
8.181818181818182,3.9898989898989896,-2.7014317260796465e-37
8.181818181818182,4.040404040404041,1.0778542207522197e-36
8.181818181818182,4.090909090909091,2.398773520397401e-36
8.181818181818182,4.141414141414141,3.659430297582925e-36
8.181818181818182,4.191919191919192,4.8281540520706456e-36
8.181818181818182,4.242424242424242,5.875583845487188e-36
8.181818181818182,4.292929292929293,6.775405913355063e-36
8.181818181818182,4.343434343434343,7.505014725342383e-36
8.181818181818182,4.393939393939394,8.046080886429054e-36
8.181818181818182,4.444444444444445,8.385011612049392e-36
8.181818181818182,4.494949494949495,8.513292209052368e-36
8.181818181818182,4.545454545454545,8.427699983718761e-36
8.181818181818182,4.595959595959596,8.130385202990272e-36
8.181818181818182,4.646464646464646,7.628817074984669e-36
8.181818181818182,4.696969696969697,6.935596105886443e-36
8.181818181818182,4.747474747474747,6.068137547225024e-36
8.181818181818182,4.797979797979798,5.0482338860483176e-36
8.181818181818182,4.848484848484849,3.901507369211083e-36
8.181818181818182,4.898989898989899,2.656766315584818e-36
8.181818181818182,4.94949494949495,1.3452813870567921e-36
8.181818181818182,5.0,5.213544267955404e-51
8.282828282828282,0.0,0.0
8.282828282828282,0.050505050505050504,4.964231769845172e-37
8.282828282828282,0.10101010101010101,9.803751003895936e-37
8.282828282828282,0.15151515151515152,1.4396978222449003e-36
8.282828282828282,0.20202020202020202,1.862852134865065e-36
8.282828282828282,0.25252525252525254,2.2392074613943175e-36
8.282828282828282,0.30303030303030304,2.5593089195251243e-36
8.282828282828282,0.35353535353535354,2.8151148491566274e-36
8.282828282828282,0.40404040404040403,3.0001988367701468e-36
8.282828282828282,0.45454545454545453,3.1099111612204224e-36
8.282828282828282,0.5050505050505051,3.141495605065471e-36
8.282828282828282,0.5555555555555556,3.0941586968748285e-36
8.282828282828282,0.6060606060606061,2.969089644995492e-36
8.282828282828282,0.6565656565656566,2.7694304619950488e-36
8.282828282828282,0.7070707070707071,2.500197030322397e-36
8.282828282828282,0.7575757575757576,2.1681530921920884e-36
8.282828282828282,0.8080808080808081,1.781640329346492e-36
8.282828282828282,0.8585858585858586,1.3503688014698011e-36
8.282828282828282,0.9090909090909091,8.851730079067387e-37
8.282828282828282,0.9595959595959596,3.977397009577401e-37
8.282828282828282,1.0101010101010102,-9.968571131435426e-38
8.282828282828282,1.0606060606060606,-5.94606796952061e-37
8.282828282828282,1.1111111111111112,-1.0745900382491956e-36
8.282828282828282,1.1616161616161615,-1.5275771893509572e-36
8.282828282828282,1.2121212121212122,-1.9421882061910443e-36
8.282828282828282,1.2626262626262625,-2.3080071384924094e-36
8.282828282828282,1.3131313131313131,-2.6158438015892177e-36
8.282828282828282,1.3636363636363635,-2.8579646542921718e-36
8.282828282828282,1.4141414141414141,-3.028287082632139e-36
8.282828282828282,1.4646464646464645,-3.122532208642548e-36
8.282828282828282,1.5151515151515151,-3.1383323852843495e-36
8.282828282828282,1.5656565656565655,-3.075290677002084e-36
8.282828282828282,1.6161616161616161,-2.934990831627279e-36
8.282828282828282,1.6666666666666667,-2.720957493112809e-36
8.282828282828282,1.7171717171717171,-2.4385676546427625e-36
8.282828282828282,1.7676767676767677,-2.094915576612491e-36
8.282828282828282,1.8181818181818181,-1.6986345630394514e-36
8.282828282828282,1.8686868686868687,-1.259680073777484e-36
8.282828282828282,1.9191919191919191,-7.89079621237823e-37
8.282828282828282,1.9696969696969697,-2.986557347670483e-37
8.282828282828282,2.0202020202020203,1.992710475674109e-37
8.282828282828282,2.0707070707070705,6.92191698277733e-37
8.282828282828282,2.121212121212121,1.1677229550293761e-36
8.282828282828282,2.1717171717171717,1.6139184157145118e-36
8.282828282828282,2.2222222222222223,2.019568658625632e-36
8.282828282828282,2.2727272727272725,2.374482848043428e-36
8.282828282828282,2.323232323232323,2.6697447506806943e-36
8.282828282828282,2.3737373737373737,2.8979367312801364e-36
8.282828282828282,2.4242424242424243,3.0533261000988264e-36
8.282828282828282,2.474747474747475,3.132009130816292e-36
8.282828282828282,2.525252525252525,3.132009130816292e-36
8.282828282828282,2.5757575757575757,3.053326100098827e-36
8.282828282828282,2.6262626262626263,2.897936731280137e-36
8.282828282828282,2.676767676767677,2.6697447506806953e-36
8.282828282828282,2.727272727272727,2.374482848043433e-36
8.282828282828282,2.7777777777777777,2.019568658625636e-36
8.282828282828282,2.8282828282828283,1.6139184157145155e-36
8.282828282828282,2.878787878787879,1.1677229550293804e-36
8.282828282828282,2.929292929292929,6.921916982777377e-37
8.282828282828282,2.9797979797979797,1.9927104756741003e-37
8.282828282828282,3.0303030303030303,-2.986557347670491e-37
8.282828282828282,3.080808080808081,-7.89079621237824e-37
8.282828282828282,3.131313131313131,-1.2596800737774799e-36
8.282828282828282,3.1818181818181817,-1.6986345630394474e-36
8.282828282828282,3.2323232323232323,-2.0949155766124895e-36
8.282828282828282,3.282828282828283,-2.438567654642761e-36
8.282828282828282,3.3333333333333335,-2.7209574931128092e-36
8.282828282828282,3.3838383838383836,-2.934990831627277e-36
8.282828282828282,3.4343434343434343,-3.0752906770020834e-36
8.282828282828282,3.484848484848485,-3.1383323852843495e-36
8.282828282828282,3.5353535353535355,-3.122532208642548e-36
8.282828282828282,3.5858585858585856,-3.028287082632142e-36
8.282828282828282,3.6363636363636362,-2.8579646542921748e-36
8.282828282828282,3.686868686868687,-2.61584380158922e-36
8.282828282828282,3.7373737373737375,-2.3080071384924124e-36
8.282828282828282,3.7878787878787876,-1.9421882061910456e-36
8.282828282828282,3.8383838383838382,-1.5275771893509592e-36
8.282828282828282,3.888888888888889,-1.0745900382491961e-36
8.282828282828282,3.9393939393939394,-5.946067969520615e-37
8.282828282828282,3.9898989898989896,-9.968571131435758e-38
8.282828282828282,4.040404040404041,3.977397009577423e-37
8.282828282828282,4.090909090909091,8.851730079067357e-37
8.282828282828282,4.141414141414141,1.3503688014697946e-36
8.282828282828282,4.191919191919192,1.781640329346491e-36
8.282828282828282,4.242424242424242,2.1681530921920854e-36
8.282828282828282,4.292929292929293,2.5001970303223974e-36
8.282828282828282,4.343434343434343,2.7694304619950475e-36
8.282828282828282,4.393939393939394,2.9690896449954895e-36
8.282828282828282,4.444444444444445,3.0941586968748285e-36
8.282828282828282,4.494949494949495,3.1414956050654704e-36
8.282828282828282,4.545454545454545,3.109911161220423e-36
8.282828282828282,4.595959595959596,3.0001988367701478e-36
8.282828282828282,4.646464646464646,2.8151148491566287e-36
8.282828282828282,4.696969696969697,2.5593089195251223e-36
8.282828282828282,4.747474747474747,2.2392074613943182e-36
8.282828282828282,4.797979797979798,1.86285213486507e-36
8.282828282828282,4.848484848484849,1.4396978222448994e-36
8.282828282828282,4.898989898989899,9.803751003895971e-37
8.282828282828282,4.94949494949495,4.964231769845146e-37
8.282828282828282,5.0,1.923853428545628e-51
8.383838383838384,0.0,0.0
8.383838383838384,0.050505050505050504,1.8318544582449726e-37
8.383838383838384,0.10101010101010101,3.6176886609326285e-37
8.383838383838384,0.15151515151515152,5.312638483612043e-37
8.383838383838384,0.20202020202020202,6.874123019462012e-37
8.383838383838384,0.25252525252525254,8.262914306312738e-37
8.383838383838384,0.30303030303030304,9.444122820245444e-37
8.383838383838384,0.35353535353535354,1.0388073977980336e-36
8.383838383838384,0.40404040404040403,1.1071053628364705e-36
8.383838383838384,0.45454545454545453,1.1475903804558078e-36
8.383838383838384,0.5050505050505051,1.1592453770295365e-36
8.383838383838384,0.5555555555555556,1.1417775531387785e-36
8.383838383838384,0.6060606060606061,1.0956257393444802e-36
8.383838383838384,0.6565656565656566,1.0219493717883543e-36
8.383838383838384,0.7070707070707071,9.225993645799838e-37
8.383838383838384,0.7575757575757576,8.000716107204586e-37
8.383838383838384,0.8080808080808081,6.574442797227016e-37
8.383838383838384,0.8585858585858586,4.983004871516155e-37
8.383838383838384,0.9090909090909091,3.2663827879709257e-37
8.383838383838384,0.9595959595959596,1.4677019087752674e-37
8.383838383838384,1.0101010101010102,-3.6785090455238054e-38
8.383838383838384,1.0606060606060606,-2.194162485554875e-37
8.383838383838384,1.1111111111111112,-3.9653518280711115e-37
8.383838383838384,1.1616161616161615,-5.636922719088015e-37
8.383838383838384,1.2121212121212122,-7.1668815825108685e-37
8.383838383838384,1.2626262626262625,-8.51679245113168e-37
8.383838383838384,1.3131313131313131,-9.652742563555078e-37
8.383838383838384,1.3636363636363635,-1.0546194328140626e-36
8.383838383838384,1.4141414141414141,-1.1174702250733876e-36
8.383838383838384,1.4646464646464645,-1.1522476815367893e-36
8.383838383838384,1.5151515151515151,-1.1580781151998906e-36
8.383838383838384,1.5656565656565655,-1.1348150526100775e-36
8.383838383838384,1.6161616161616161,-1.083042913605187e-36
8.383838383838384,1.6666666666666667,-1.0040623293882226e-36
8.383838383838384,1.7171717171717171,-8.998574677806902e-37
8.383838383838384,1.7676767676767677,-7.730461865168148e-37
8.383838383838384,1.8181818181818181,-6.26814266838687e-37
8.383838383838384,1.8686868686868687,-4.6483537959058854e-37
8.383838383838384,1.9191919191919191,-2.9117879444211427e-37
8.383838383838384,1.9696969696969697,-1.1020715078951853e-37
8.383838383838384,2.0202020202020203,7.353314144252628e-38
8.383838383838384,2.0707070707070705,2.5542611772330103e-37
8.383838383838384,2.121212121212121,4.309022222047202e-37
8.383838383838384,2.1717171717171717,5.955531051207343e-37
8.383838383838384,2.2222222222222223,7.452423703316671e-37
8.383838383838384,2.2727272727272725,8.762094907889917e-37
8.383838383838384,2.323232323232323,9.851642813331161e-37
8.383838383838384,2.3737373737373737,1.06936955545751e-36
8.383838383838384,2.4242424242424243,1.1267098895175508e-36
8.383838383838384,2.474747474747475,1.1557447668743169e-36
8.383838383838384,2.525252525252525,1.1557447668743169e-36
8.383838383838384,2.5757575757575757,1.126709889517551e-36
8.383838383838384,2.6262626262626263,1.0693695554575104e-36
8.383838383838384,2.676767676767677,9.851642813331166e-37
8.383838383838384,2.727272727272727,8.762094907889935e-37
8.383838383838384,2.7777777777777777,7.452423703316685e-37
8.383838383838384,2.8282828282828283,5.955531051207357e-37
8.383838383838384,2.878787878787879,4.309022222047219e-37
8.383838383838384,2.929292929292929,2.5542611772330274e-37
8.383838383838384,2.9797979797979797,7.353314144252596e-38
8.383838383838384,3.0303030303030303,-1.1020715078951885e-37
8.383838383838384,3.080808080808081,-2.911787944421146e-37
8.383838383838384,3.131313131313131,-4.64835379590587e-37
8.383838383838384,3.1818181818181817,-6.268142668386856e-37
8.383838383838384,3.2323232323232323,-7.730461865168143e-37
8.383838383838384,3.282828282828283,-8.998574677806897e-37
8.383838383838384,3.3333333333333335,-1.0040623293882228e-36
8.383838383838384,3.3838383838383836,-1.0830429136051864e-36
8.383838383838384,3.4343434343434343,-1.1348150526100772e-36
8.383838383838384,3.484848484848485,-1.1580781151998906e-36
8.383838383838384,3.5353535353535355,-1.1522476815367893e-36
8.383838383838384,3.5858585858585856,-1.1174702250733883e-36
8.383838383838384,3.6363636363636362,-1.0546194328140638e-36
8.383838383838384,3.686868686868687,-9.652742563555088e-37
8.383838383838384,3.7373737373737375,-8.51679245113169e-37
8.383838383838384,3.7878787878787876,-7.166881582510874e-37
8.383838383838384,3.8383838383838382,-5.636922719088021e-37
8.383838383838384,3.888888888888889,-3.965351828071114e-37
8.383838383838384,3.9393939393939394,-2.1941624855548772e-37
8.383838383838384,3.9898989898989896,-3.6785090455239276e-38
8.383838383838384,4.040404040404041,1.4677019087752755e-37
8.383838383838384,4.090909090909091,3.266382787970914e-37
8.383838383838384,4.141414141414141,4.98300487151613e-37
8.383838383838384,4.191919191919192,6.574442797227014e-37
8.383838383838384,4.242424242424242,8.000716107204575e-37
8.383838383838384,4.292929292929293,9.225993645799838e-37
8.383838383838384,4.343434343434343,1.0219493717883537e-36
8.383838383838384,4.393939393939394,1.0956257393444792e-36
8.383838383838384,4.444444444444445,1.1417775531387785e-36
8.383838383838384,4.494949494949495,1.1592453770295364e-36
8.383838383838384,4.545454545454545,1.1475903804558081e-36
8.383838383838384,4.595959595959596,1.107105362836471e-36
8.383838383838384,4.646464646464646,1.0388073977980343e-36
8.383838383838384,4.696969696969697,9.444122820245438e-37
8.383838383838384,4.747474747474747,8.26291430631274e-37
8.383838383838384,4.797979797979798,6.8741230194620295e-37
8.383838383838384,4.848484848484849,5.3126384836120394e-37
8.383838383838384,4.898989898989899,3.6176886609326415e-37
8.383838383838384,4.94949494949495,1.8318544582449627e-37
8.383838383838384,5.0,7.099224297904004e-52
8.484848484848484,0.0,0.0
8.484848484848484,0.050505050505050504,6.759738287353752e-38
8.484848484848484,0.10101010101010101,1.3349656924415727e-37
8.484848484848484,0.15151515151515152,1.960420250795864e-37
8.484848484848484,0.20202020202020202,2.5366246951275597e-37
8.484848484848484,0.25252525252525254,3.049103489095847e-37
8.484848484848484,0.30303030303030304,3.4849820263366786e-37
8.484848484848484,0.35353535353535354,3.833310069190351e-37
8.484848484848484,0.40404040404040403,4.085336843010026e-37
8.484848484848484,0.45454545454545453,4.234730875070748e-37
8.484848484848484,0.5050505050505051,4.277739055236923e-37
8.484848484848484,0.5555555555555556,4.213280922430764e-37
8.484848484848484,0.6060606060606061,4.0429758082160515e-37
8.484848484848484,0.6565656565656566,3.771102155590047e-37
8.484848484848484,0.7070707070707071,3.4044900349859305e-37
8.484848484848484,0.7575757575757576,2.9523495577226838e-37
8.484848484848484,0.8080808080808081,2.4260394975379336e-37
8.484848484848484,0.8585858585858586,1.8387819329451064e-37
8.484848484848484,0.9090909090909091,1.2053300792331632e-37
8.484848484848484,0.9595959595959596,5.415976549073416e-38
8.484848484848484,1.0101010101010102,-1.3574090629026978e-38
8.484848484848484,1.0606060606060606,-8.09669354217719e-38
8.484848484848484,1.1111111111111112,-1.4632571083578906e-37
8.484848484848484,1.1616161616161615,-2.0800845916317787e-37
8.484848484848484,1.2121212121212122,-2.6446557266696614e-37
8.484848484848484,1.2626262626262625,-3.1427872317169236e-37
8.484848484848484,1.3131313131313131,-3.5619649361961832e-37
8.484848484848484,1.3636363636363635,-3.89165816448676e-37
8.484848484848484,1.4141414141414141,-4.123584289902264e-37
8.484848484848484,1.4646464646464645,-4.251916812682302e-37
8.484848484848484,1.5151515151515151,-4.273431734616712e-37
8.484848484848484,1.5656565656565655,-4.187588553046423e-37
8.484848484848484,1.6161616161616161,-3.996543839491588e-37
8.484848484848484,1.6666666666666667,-3.705097061781704e-37
8.484848484848484,1.7171717171717171,-3.320570010756214e-37
8.484848484848484,1.7676767676767677,-2.8526228606048507e-37
8.484848484848484,1.8181818181818181,-2.3130114838208505e-37
8.484848484848484,1.8686868686868687,-1.7152921175547435e-37
8.484848484848484,1.9191919191919191,-1.0744808008064194e-37
8.484848484848484,1.9696969696969697,-4.066761381500824e-38
8.484848484848484,2.0202020202020203,2.713451329941692e-38
8.484848484848484,2.0707070707070705,9.425496112930967e-38
8.484848484848484,2.121212121212121,1.5900751484010838e-37
8.484848484848484,2.1717171717171717,2.1976544636051414e-37
8.484848484848484,2.2222222222222223,2.750023814072872e-37
8.484848484848484,2.2727272727272725,3.233306453998329e-37
8.484848484848484,2.323232323232323,3.635361249299777e-37
8.484848484848484,2.3737373737373737,3.946087689893271e-37
8.484848484848484,2.4242424242424243,4.157679636955846e-37
8.484848484848484,2.474747474747475,4.264821430483039e-37
8.484848484848484,2.525252525252525,4.264821430483039e-37
8.484848484848484,2.5757575757575757,4.157679636955846e-37
8.484848484848484,2.6262626262626263,3.946087689893272e-37
8.484848484848484,2.676767676767677,3.635361249299778e-37
8.484848484848484,2.727272727272727,3.2333064539983356e-37
8.484848484848484,2.7777777777777777,2.7500238140728775e-37
8.484848484848484,2.8282828282828283,2.197654463605147e-37
8.484848484848484,2.878787878787879,1.5900751484010898e-37
8.484848484848484,2.929292929292929,9.42549611293103e-38
8.484848484848484,2.9797979797979797,2.71345132994168e-38
8.484848484848484,3.0303030303030303,-4.0667613815008353e-38
8.484848484848484,3.080808080808081,-1.0744808008064206e-37
8.484848484848484,3.131313131313131,-1.7152921175547377e-37
8.484848484848484,3.1818181818181817,-2.3130114838208455e-37
8.484848484848484,3.2323232323232323,-2.8526228606048486e-37
8.484848484848484,3.282828282828283,-3.320570010756212e-37
8.484848484848484,3.3333333333333335,-3.7050970617817046e-37
8.484848484848484,3.3838383838383836,-3.996543839491586e-37
8.484848484848484,3.4343434343434343,-4.187588553046422e-37
8.484848484848484,3.484848484848485,-4.273431734616712e-37
8.484848484848484,3.5353535353535355,-4.251916812682302e-37
8.484848484848484,3.5858585858585856,-4.123584289902268e-37
8.484848484848484,3.6363636363636362,-3.8916581644867644e-37
8.484848484848484,3.686868686868687,-3.5619649361961866e-37
8.484848484848484,3.7373737373737375,-3.142787231716928e-37
8.484848484848484,3.7878787878787876,-2.6446557266696635e-37
8.484848484848484,3.8383838383838382,-2.0800845916317812e-37
8.484848484848484,3.888888888888889,-1.4632571083578914e-37
8.484848484848484,3.9393939393939394,-8.096693542177197e-38
8.484848484848484,3.9898989898989896,-1.357409062902743e-38
8.484848484848484,4.040404040404041,5.415976549073446e-38
8.484848484848484,4.090909090909091,1.2053300792331588e-37
8.484848484848484,4.141414141414141,1.8387819329450974e-37
8.484848484848484,4.191919191919192,2.4260394975379328e-37
8.484848484848484,4.242424242424242,2.952349557722679e-37
8.484848484848484,4.292929292929293,3.404490034985931e-37
8.484848484848484,4.343434343434343,3.771102155590045e-37
8.484848484848484,4.393939393939394,4.042975808216048e-37
8.484848484848484,4.444444444444445,4.213280922430764e-37
8.484848484848484,4.494949494949495,4.277739055236922e-37
8.484848484848484,4.545454545454545,4.234730875070749e-37
8.484848484848484,4.595959595959596,4.0853368430100274e-37
8.484848484848484,4.646464646464646,3.833310069190353e-37
8.484848484848484,4.696969696969697,3.4849820263366757e-37
8.484848484848484,4.747474747474747,3.049103489095848e-37
8.484848484848484,4.797979797979798,2.5366246951275664e-37
8.484848484848484,4.848484848484849,1.9604202507958627e-37
8.484848484848484,4.898989898989899,1.3349656924415773e-37
8.484848484848484,4.94949494949495,6.759738287353716e-38
8.484848484848484,5.0,2.6196894671987216e-52
8.585858585858587,0.0,0.0
8.585858585858587,0.050505050505050504,2.4944155092589953e-38
8.585858585858587,0.10101010101010101,4.92616575671973e-38
8.585858585858587,0.15151515151515152,7.234159771243082e-38
8.585858585858587,0.20202020202020202,9.360415613327767e-38
8.585858585858587,0.25252525252525254,1.1251517010304e-37
8.585858585858587,0.30303030303030304,1.2859955291828489e-37
8.585858585858587,0.35353535353535354,1.4145322913278477e-37
8.585858585858587,0.40404040404040403,1.5075328583084385e-37
8.585858585858587,0.45454545454545453,1.5626608491746178e-37
8.585858585858587,0.5050505050505051,1.5785313262657524e-37
8.585858585858587,0.5555555555555556,1.5547455879228405e-37
8.585858585858587,0.6060606060606061,1.4919011847603616e-37
8.585858585858587,0.6565656565656566,1.3915769078666947e-37
8.585858585858587,0.7070707070707071,1.2562931260628832e-37
8.585858585858587,0.7575757575757576,1.0894484686359579e-37
8.585858585858587,0.8080808080808081,8.952344442172974e-38
8.585858585858587,0.8585858585858586,6.785301407695573e-38
8.585858585858587,0.9090909090909091,4.447796520525609e-38
8.585858585858587,0.9595959595959596,1.9985530988775027e-38
8.585858585858587,1.0101010101010102,-5.008984186928796e-39
8.585858585858587,1.0606060606060606,-2.9877662546652095e-38
8.585858585858587,1.1111111111111112,-5.399574761570029e-38
8.585858585858587,1.1616161616161615,-7.675733949114416e-38
8.585858585858587,1.2121212121212122,-9.759061639408397e-38
8.585858585858587,1.2626262626262625,-1.1597220010369292e-37
8.585858585858587,1.3131313131313131,-1.3144030438141007e-37
8.585858585858587,1.3636363636363635,-1.436063360676401e-37
8.585858585858587,1.4141414141414141,-1.521646574056287e-37
8.585858585858587,1.4646464646464645,-1.5690026434123648e-37
8.585858585858587,1.5151515151515151,-1.5769418790265735e-37
8.585858585858587,1.5656565656565655,-1.545264829654165e-37
8.585858585858587,1.6161616161616161,-1.4747672931822794e-37
8.585858585858587,1.6666666666666667,-1.3672203244182433e-37
8.585858585858587,1.7171717171717171,-1.2253257422563803e-37
8.585858585858587,1.7676767676767677,-1.0526482539821922e-37
8.585858585858587,1.8181818181818181,-8.535259019022662e-38
8.585858585858587,1.8686868686868687,-6.329610820795886e-38
8.585858585858587,1.9191919191919191,-3.964948730258878e-38
8.585858585858587,1.9696969696969697,-1.500678314935527e-38
8.585858585858587,2.0202020202020203,1.0012924751374764e-38
8.585858585858587,2.0707070707070705,3.478108572715071e-38
8.585858585858587,2.121212121212121,5.86754685233777e-38
8.585858585858587,2.1717171717171717,8.109579313543097e-38
8.585858585858587,2.2222222222222223,1.0147881117658372e-37
8.585858585858587,2.2727272727272725,1.1931245592938395e-37
8.585858585858587,2.323232323232323,1.3414870659974068e-37
8.585858585858587,2.3737373737373737,1.4561484359506327e-37
8.585858585858587,2.4242424242424243,1.5342281206885185e-37
8.585858585858587,2.474747474747475,1.5737645849868542e-37
8.585858585858587,2.525252525252525,1.5737645849868542e-37
8.585858585858587,2.5757575757575757,1.5342281206885187e-37
8.585858585858587,2.6262626262626263,1.4561484359506332e-37
8.585858585858587,2.676767676767677,1.3414870659974074e-37
8.585858585858587,2.727272727272727,1.193124559293842e-37
8.585858585858587,2.7777777777777777,1.0147881117658391e-37
8.585858585858587,2.8282828282828283,8.109579313543116e-38
8.585858585858587,2.878787878787879,5.867546852337792e-38
8.585858585858587,2.929292929292929,3.4781085727150943e-38
8.585858585858587,2.9797979797979797,1.001292475137472e-38
8.585858585858587,3.0303030303030303,-1.5006783149355312e-38
8.585858585858587,3.080808080808081,-3.964948730258882e-38
8.585858585858587,3.131313131313131,-6.329610820795865e-38
8.585858585858587,3.1818181818181817,-8.535259019022643e-38
8.585858585858587,3.2323232323232323,-1.0526482539821915e-37
8.585858585858587,3.282828282828283,-1.2253257422563797e-37
8.585858585858587,3.3333333333333335,-1.3672203244182435e-37
8.585858585858587,3.3838383838383836,-1.4747672931822786e-37
8.585858585858587,3.4343434343434343,-1.5452648296541647e-37
8.585858585858587,3.484848484848485,-1.5769418790265735e-37
8.585858585858587,3.5353535353535355,-1.5690026434123648e-37
8.585858585858587,3.5858585858585856,-1.5216465740562881e-37
8.585858585858587,3.6363636363636362,-1.4360633606764027e-37
8.585858585858587,3.686868686868687,-1.314403043814102e-37
8.585858585858587,3.7373737373737375,-1.1597220010369308e-37
8.585858585858587,3.7878787878787876,-9.759061639408406e-38
8.585858585858587,3.8383838383838382,-7.675733949114425e-38
8.585858585858587,3.888888888888889,-5.399574761570031e-38
8.585858585858587,3.9393939393939394,-2.987766254665212e-38
8.585858585858587,3.9898989898989896,-5.0089841869289625e-39
8.585858585858587,4.040404040404041,1.9985530988775137e-38
8.585858585858587,4.090909090909091,4.4477965205255935e-38
8.585858585858587,4.141414141414141,6.785301407695539e-38
8.585858585858587,4.191919191919192,8.95234444217297e-38
8.585858585858587,4.242424242424242,1.0894484686359562e-37
8.585858585858587,4.292929292929293,1.2562931260628832e-37
8.585858585858587,4.343434343434343,1.391576907866694e-37
8.585858585858587,4.393939393939394,1.4919011847603603e-37
8.585858585858587,4.444444444444445,1.5547455879228405e-37
8.585858585858587,4.494949494949495,1.5785313262657522e-37
8.585858585858587,4.545454545454545,1.5626608491746182e-37
8.585858585858587,4.595959595959596,1.5075328583084392e-37
8.585858585858587,4.646464646464646,1.4145322913278485e-37
8.585858585858587,4.696969696969697,1.2859955291828478e-37
8.585858585858587,4.747474747474747,1.1251517010304002e-37
8.585858585858587,4.797979797979798,9.360415613327791e-38
8.585858585858587,4.848484848484849,7.234159771243078e-38
8.585858585858587,4.898989898989899,4.926165756719747e-38
8.585858585858587,4.94949494949495,2.494415509258982e-38
8.585858585858587,5.0,9.666933479729488e-53
8.686868686868687,0.0,0.0
8.686868686868687,0.050505050505050504,9.204659216574285e-39
8.686868686868687,0.10101010101010101,1.8178076934918086e-38
8.686868686868687,0.15151515151515152,2.669482095720474e-38
8.686868686868687,0.20202020202020202,3.4540931743877044e-38
8.686868686868687,0.25252525252525254,4.1519297552837557e-38
8.686868686868687,0.30303030303030304,4.745460632451985e-38
8.686868686868687,0.35353535353535354,5.21977499104818e-38
8.686868686868687,0.40404040404040403,5.562957000150918e-38
8.686868686868687,0.45454545454545453,5.766385164919e-38
8.686868686868687,0.5050505050505051,5.824948917704412e-38
8.686868686868687,0.5555555555555556,5.73717700687062e-38
8.686868686868687,0.6060606060606061,5.505274457903764e-38
8.686868686868687,0.6565656565656566,5.135067178271445e-38
8.686868686868687,0.7070707070707071,4.635855597678202e-38
8.686868686868687,0.7575757575757576,4.020181020599765e-38
8.686868686868687,0.8080808080808081,3.30351056083973e-38
8.686868686868687,0.8585858585858586,2.5038485732528646e-38
8.686868686868687,0.9090909090909091,1.6412843443338385e-38
8.686868686868687,0.9595959595959596,7.374874046890735e-39
8.686868686868687,1.0101010101010102,-1.8483685773580478e-39
8.686868686868687,1.0606060606060606,-1.102517607467228e-38
8.686868686868687,1.1111111111111112,-1.992500664391394e-38
8.686868686868687,1.1616161616161615,-2.8324276760000006e-38
8.686868686868687,1.2121212121212122,-3.601197808900014e-38
8.686868686868687,1.2626262626262625,-4.279497848648187e-38
8.686868686868687,1.3131313131313131,-4.850287390624364e-38
8.686868686868687,1.3636363636363635,-5.299226932870309e-38
8.686868686868687,1.4141414141414141,-5.615038116250592e-38
8.686868686868687,1.4646464646464645,-5.789787061901847e-38
8.686868686868687,1.5151515151515151,-5.819083687904061e-38
8.686868686868687,1.5656565656565655,-5.702191997895994e-38
8.686868686868687,1.6161616161616161,-5.442048570939636e-38
8.686868686868687,1.6666666666666667,-5.045188788127193e-38
8.686868686868687,1.7171717171717171,-4.5215826492822085e-38
8.686868686868687,1.7676767676767677,-3.884384304404185e-38
8.686868686868687,1.8181818181818181,-3.1496015921835904e-38
8.686868686868687,1.8686868686868687,-2.3356938875141446e-38
8.686868686868687,1.9191919191919191,-1.463108360966838e-38
8.686868686868687,1.9696969696969697,-5.537663004183252e-39
8.686868686868687,2.0202020202020203,3.694876004238191e-39
8.686868686868687,2.0707070707070705,1.2834591515027223e-38
8.686868686868687,2.121212121212121,2.1651873560189833e-38
8.686868686868687,2.1717171717171717,2.992521241704408e-38
8.686868686868687,2.2222222222222223,3.7446763424792255e-38
8.686868686868687,2.2727272727272725,4.4027568504365314e-38
8.686868686868687,2.323232323232323,4.95023032053564e-38
8.686868686868687,2.3737373737373737,5.373343002367274e-38
8.686868686868687,2.4242424242424243,5.661465364933602e-38
8.686868686868687,2.474747474747475,5.807359134092593e-38
8.686868686868687,2.525252525252525,5.807359134092593e-38
8.686868686868687,2.5757575757575757,5.661465364933603e-38
8.686868686868687,2.6262626262626263,5.373343002367275e-38
8.686868686868687,2.676767676767677,4.950230320535641e-38
8.686868686868687,2.727272727272727,4.4027568504365403e-38
8.686868686868687,2.7777777777777777,3.7446763424792323e-38
8.686868686868687,2.8282828282828283,2.9925212417044155e-38
8.686868686868687,2.878787878787879,2.1651873560189913e-38
8.686868686868687,2.929292929292929,1.283459151502731e-38
8.686868686868687,2.9797979797979797,3.694876004238175e-39
8.686868686868687,3.0303030303030303,-5.537663004183268e-39
8.686868686868687,3.080808080808081,-1.4631083609668395e-38
8.686868686868687,3.131313131313131,-2.3356938875141368e-38
8.686868686868687,3.1818181818181817,-3.1496015921835836e-38
8.686868686868687,3.2323232323232323,-3.8843843044041823e-38
8.686868686868687,3.282828282828283,-4.521582649282206e-38
8.686868686868687,3.3333333333333335,-5.045188788127194e-38
8.686868686868687,3.3838383838383836,-5.442048570939632e-38
8.686868686868687,3.4343434343434343,-5.702191997895992e-38
8.686868686868687,3.484848484848485,-5.819083687904061e-38
8.686868686868687,3.5353535353535355,-5.789787061901847e-38
8.686868686868687,3.5858585858585856,-5.615038116250595e-38
8.686868686868687,3.6363636363636362,-5.299226932870315e-38
8.686868686868687,3.686868686868687,-4.850287390624368e-38
8.686868686868687,3.7373737373737375,-4.279497848648193e-38
8.686868686868687,3.7878787878787876,-3.6011978089000166e-38
8.686868686868687,3.8383838383838382,-2.832427676000004e-38
8.686868686868687,3.888888888888889,-1.9925006643913951e-38
8.686868686868687,3.9393939393939394,-1.1025176074672291e-38
8.686868686868687,3.9898989898989896,-1.848368577358109e-39
8.686868686868687,4.040404040404041,7.374874046890776e-39
8.686868686868687,4.090909090909091,1.6412843443338328e-38
8.686868686868687,4.141414141414141,2.503848573252852e-38
8.686868686868687,4.191919191919192,3.303510560839728e-38
8.686868686868687,4.242424242424242,4.020181020599759e-38
8.686868686868687,4.292929292929293,4.635855597678203e-38
8.686868686868687,4.343434343434343,5.135067178271441e-38
8.686868686868687,4.393939393939394,5.50527445790376e-38
8.686868686868687,4.444444444444445,5.73717700687062e-38
8.686868686868687,4.494949494949495,5.824948917704412e-38
8.686868686868687,4.545454545454545,5.766385164919002e-38
8.686868686868687,4.595959595959596,5.56295700015092e-38
8.686868686868687,4.646464646464646,5.219774991048183e-38
8.686868686868687,4.696969696969697,4.745460632451982e-38
8.686868686868687,4.747474747474747,4.151929755283757e-38
8.686868686868687,4.797979797979798,3.454093174387714e-38
8.686868686868687,4.848484848484849,2.6694820957204725e-38
8.686868686868687,4.898989898989899,1.8178076934918152e-38
8.686868686868687,4.94949494949495,9.204659216574237e-39
8.686868686868687,5.0,3.567201535586815e-53
8.787878787878787,0.0,0.0
8.787878787878787,0.050505050505050504,3.396617403105941e-39
8.787878787878787,0.10101010101010101,6.707904227563663e-39
8.787878787878787,0.15151515151515152,9.85067358852036e-39
8.787878787878787,0.20202020202020202,1.2745972134361242e-38
8.787878787878787,0.25252525252525254,1.5321063530387555e-38
8.787878787878787,0.30303030303030304,1.7511255757211398e-38
8.787878787878787,0.35353535353535354,1.9261526318070315e-38
8.787878787878787,0.40404040404040403,2.052790452624155e-38
8.787878787878787,0.45454545454545453,2.1278576146423848e-38
8.787878787878787,0.5050505050505051,2.1494682639040047e-38
8.787878787878787,0.5555555555555556,2.117079492866713e-38
8.787878787878787,0.6060606060606061,2.031504979447779e-38
8.787878787878787,0.6565656565656566,1.8948945456262394e-38
8.787878787878787,0.7070707070707071,1.7106801491364911e-38
8.787878787878787,0.7575757575757576,1.4834896650619705e-38
8.787878787878787,0.8080808080808081,1.219030623326927e-38
8.787878787878787,0.8585858585858586,9.239468228588955e-39
8.787878787878787,0.9090909090909091,6.056514245928194e-39
8.787878787878787,0.9595959595959596,2.721407163915209e-39
8.787878787878787,1.0101010101010102,-6.820677147833709e-40
8.787878787878787,1.0606060606060606,-4.068407536490669e-39
8.787878787878787,1.1111111111111112,-7.352539918246675e-39
8.787878787878787,1.1616161616161615,-1.045196015515397e-38
8.787878787878787,1.2121212121212122,-1.3288803921943713e-38
8.787878787878787,1.2626262626262625,-1.5791803397891237e-38
8.787878787878787,1.3131313131313131,-1.7898077672875964e-38
8.787878787878787,1.3636363636363635,-1.9554712455605607e-38
8.787878787878787,1.4141414141414141,-2.0720089398223338e-38
8.787878787878787,1.4646464646464645,-2.136493164170878e-38
8.787878787878787,1.5151515151515151,-2.147303931564876e-38
8.787878787878787,1.5656565656565655,-2.1041696514988692e-38
8.787878787878787,1.6161616161616161,-2.0081739529604024e-38
8.787878787878787,1.6666666666666667,-1.8617284612613338e-38
8.787878787878787,1.7171717171717171,-1.668512212649809e-38
8.787878787878787,1.7676767676767677,-1.433379228742503e-38
8.787878787878787,1.8181818181818181,-1.1622365727128415e-38
8.787878787878787,1.8686868686868687,-8.618959507347546e-39
8.787878787878787,1.9191919191919191,-5.3990258678357926e-39
8.787878787878787,1.9696969696969697,-2.0434566983942143e-39
8.787878787878787,2.0202020202020203,1.3634486451943593e-39
8.787878787878787,2.0707070707070705,4.736101128350284e-39
8.787878787878787,2.121212121212121,7.989772224480122e-39
8.787878787878787,2.1717171717171717,1.1042722483886064e-38
8.787878787878787,2.2222222222222223,1.381825501042045e-38
8.787878787878787,2.2727272727272725,1.6246642257987103e-38
8.787878787878787,2.323232323232323,1.8266877741479022e-38
8.787878787878787,2.3737373737373737,1.9828208655280113e-38
8.787878787878787,2.4242424242424243,2.0891410896547893e-38
8.787878787878787,2.474747474747475,2.142977446185822e-38
8.787878787878787,2.525252525252525,2.142977446185822e-38
8.787878787878787,2.5757575757575757,2.0891410896547896e-38
8.787878787878787,2.6262626262626263,1.9828208655280118e-38
8.787878787878787,2.676767676767677,1.826687774147903e-38
8.787878787878787,2.727272727272727,1.6246642257987137e-38
8.787878787878787,2.7777777777777777,1.3818255010420477e-38
8.787878787878787,2.8282828282828283,1.104272248388609e-38
8.787878787878787,2.878787878787879,7.989772224480152e-39
8.787878787878787,2.929292929292929,4.7361011283503153e-39
8.787878787878787,2.9797979797979797,1.3634486451943534e-39
8.787878787878787,3.0303030303030303,-2.04345669839422e-39
8.787878787878787,3.080808080808081,-5.3990258678357985e-39
8.787878787878787,3.131313131313131,-8.618959507347517e-39
8.787878787878787,3.1818181818181817,-1.1622365727128389e-38
8.787878787878787,3.2323232323232323,-1.433379228742502e-38
8.787878787878787,3.282828282828283,-1.668512212649808e-38
8.787878787878787,3.3333333333333335,-1.861728461261334e-38
8.787878787878787,3.3838383838383836,-2.0081739529604011e-38
8.787878787878787,3.4343434343434343,-2.1041696514988687e-38
8.787878787878787,3.484848484848485,-2.147303931564876e-38
8.787878787878787,3.5353535353535355,-2.1364931641708783e-38
8.787878787878787,3.5858585858585856,-2.0720089398223354e-38
8.787878787878787,3.6363636363636362,-1.9554712455605628e-38
8.787878787878787,3.686868686868687,-1.789807767287598e-38
8.787878787878787,3.7373737373737375,-1.5791803397891257e-38
8.787878787878787,3.7878787878787876,-1.3288803921943724e-38
8.787878787878787,3.8383838383838382,-1.0451960155153981e-38
8.787878787878787,3.888888888888889,-7.352539918246679e-39
8.787878787878787,3.9393939393939394,-4.068407536490673e-39
8.787878787878787,3.9898989898989896,-6.820677147833935e-40
8.787878787878787,4.040404040404041,2.7214071639152238e-39
8.787878787878787,4.090909090909091,6.056514245928173e-39
8.787878787878787,4.141414141414141,9.239468228588909e-39
8.787878787878787,4.191919191919192,1.2190306233269266e-38
8.787878787878787,4.242424242424242,1.4834896650619684e-38
8.787878787878787,4.292929292929293,1.7106801491364914e-38
8.787878787878787,4.343434343434343,1.8948945456262383e-38
8.787878787878787,4.393939393939394,2.0315049794477774e-38
8.787878787878787,4.444444444444445,2.117079492866713e-38
8.787878787878787,4.494949494949495,2.1494682639040044e-38
8.787878787878787,4.545454545454545,2.1278576146423853e-38
8.787878787878787,4.595959595959596,2.0527904526241558e-38
8.787878787878787,4.646464646464646,1.9261526318070325e-38
8.787878787878787,4.696969696969697,1.7511255757211383e-38
8.787878787878787,4.747474747474747,1.532106353038756e-38
8.787878787878787,4.797979797979798,1.2745972134361276e-38
8.787878787878787,4.848484848484849,9.850673588520354e-39
8.787878787878787,4.898989898989899,6.707904227563686e-39
8.787878787878787,4.94949494949495,3.3966174031059234e-39
8.787878787878787,5.0,1.3163354048287953e-53
8.88888888888889,0.0,0.0
8.88888888888889,0.050505050505050504,1.2533880409508233e-39
8.88888888888889,0.10101010101010101,2.4752881884735283e-39
8.88888888888889,0.15151515151515152,3.635003595009389e-39
8.88888888888889,0.20202020202020202,4.703399631908009e-39
8.88888888888889,0.25252525252525254,5.653635816055026e-39
8.88888888888889,0.30303030303030304,6.46184010246486e-39
8.88888888888889,0.35353535353535354,7.107708603109892e-39
8.88888888888889,0.40404040404040403,7.575015665716099e-39
8.88888888888889,0.45454545454545453,7.85202149821207e-39
8.88888888888889,0.5050505050505051,7.93176709839927e-39
8.88888888888889,0.5555555555555556,7.812249079554658e-39
8.88888888888889,0.6060606060606061,7.496469999958002e-39
8.88888888888889,0.6565656565656566,6.992362931954261e-39
8.88888888888889,0.7070707070707071,6.312592165543858e-39
8.88888888888889,0.7575757575757576,5.474235053269618e-39
8.88888888888889,0.8080808080808081,4.4983529891639726e-39
8.88888888888889,0.8585858585858586,3.409462299718801e-39
8.88888888888889,0.9090909090909091,2.2349183392728207e-39
8.88888888888889,0.9595959595959596,1.0042282627092901e-39
8.88888888888889,1.0101010101010102,-2.516902598586461e-40
8.88888888888889,1.0606060606060606,-1.501285763680272e-39
8.88888888888889,1.1111111111111112,-2.7131656322896402e-39
8.88888888888889,1.1616161616161615,-3.856884749805863e-39
8.88888888888889,1.2121212121212122,-4.9037103499128316e-39
8.88888888888889,1.2626262626262625,-5.82734384681185e-39
8.88888888888889,1.3131313131313131,-6.60458151414941e-39
8.88888888888889,1.3636363636363635,-7.215897414196848e-39
8.88888888888889,1.4141414141414141,-7.6459339328054e-39
8.88888888888889,1.4646464646464645,-7.883887596808146e-39
8.88888888888889,1.5151515151515151,-7.923780481278289e-39
8.88888888888889,1.5656565656565655,-7.764610388290133e-39
8.88888888888889,1.6161616161616161,-7.4103760243585e-39
8.88888888888889,1.6666666666666667,-6.869976544043376e-39
8.88888888888889,1.7171717171717171,-6.156987983407678e-39
8.88888888888889,1.7676767676767677,-5.289322199816604e-39
8.88888888888889,1.8181818181818181,-4.2887768862689055e-39
8.88888888888889,1.8686868686868687,-3.18048796490014e-39
8.88888888888889,1.9191919191919191,-1.992298116750377e-39
8.88888888888889,1.9696969696969697,-7.540573117319907e-40
8.88888888888889,2.0202020202020203,5.031270889604843e-40
8.88888888888889,2.0707070707070705,1.747671818904237e-39
8.88888888888889,2.121212121212121,2.9483111482992343e-39
8.88888888888889,2.1717171717171717,4.074882348593403e-39
8.88888888888889,2.2222222222222223,5.099083447265016e-39
8.88888888888889,2.2727272727272725,5.995184236277723e-39
8.88888888888889,2.323232323232323,6.740672672095614e-39
8.88888888888889,2.3737373737373737,7.316820428253145e-39
8.88888888888889,2.4242424242424243,7.709153392542437e-39
8.88888888888889,2.474747474747475,7.907815288882771e-39
8.88888888888889,2.525252525252525,7.907815288882771e-39
8.88888888888889,2.5757575757575757,7.709153392542438e-39
8.88888888888889,2.6262626262626263,7.316820428253148e-39
8.88888888888889,2.676767676767677,6.740672672095616e-39
8.88888888888889,2.727272727272727,5.995184236277736e-39
8.88888888888889,2.7777777777777777,5.099083447265026e-39
8.88888888888889,2.8282828282828283,4.074882348593413e-39
8.88888888888889,2.878787878787879,2.9483111482992454e-39
8.88888888888889,2.929292929292929,1.7476718189042488e-39
8.88888888888889,2.9797979797979797,5.031270889604821e-40
8.88888888888889,3.0303030303030303,-7.540573117319928e-40
8.88888888888889,3.080808080808081,-1.992298116750379e-39
8.88888888888889,3.131313131313131,-3.1804879649001294e-39
8.88888888888889,3.1818181818181817,-4.288776886268896e-39
8.88888888888889,3.2323232323232323,-5.289322199816601e-39
8.88888888888889,3.282828282828283,-6.156987983407675e-39
8.88888888888889,3.3333333333333335,-6.869976544043376e-39
8.88888888888889,3.3838383838383836,-7.410376024358496e-39
8.88888888888889,3.4343434343434343,-7.76461038829013e-39
8.88888888888889,3.484848484848485,-7.923780481278289e-39
8.88888888888889,3.5353535353535355,-7.883887596808147e-39
8.88888888888889,3.5858585858585856,-7.645933932805405e-39
8.88888888888889,3.6363636363636362,-7.215897414196856e-39
8.88888888888889,3.686868686868687,-6.604581514149417e-39
8.88888888888889,3.7373737373737375,-5.827343846811858e-39
8.88888888888889,3.7878787878787876,-4.903710349912835e-39
8.88888888888889,3.8383838383838382,-3.856884749805867e-39
8.88888888888889,3.888888888888889,-2.7131656322896415e-39
8.88888888888889,3.9393939393939394,-1.5012857636802733e-39
8.88888888888889,3.9898989898989896,-2.516902598586545e-40
8.88888888888889,4.040404040404041,1.0042282627092957e-39
8.88888888888889,4.090909090909091,2.234918339272813e-39
8.88888888888889,4.141414141414141,3.409462299718784e-39
8.88888888888889,4.191919191919192,4.4983529891639706e-39
8.88888888888889,4.242424242424242,5.47423505326961e-39
8.88888888888889,4.292929292929293,6.312592165543858e-39
8.88888888888889,4.343434343434343,6.992362931954257e-39
8.88888888888889,4.393939393939394,7.496469999957995e-39
8.88888888888889,4.444444444444445,7.812249079554658e-39
8.88888888888889,4.494949494949495,7.93176709839927e-39
8.88888888888889,4.545454545454545,7.852021498212073e-39
8.88888888888889,4.595959595959596,7.575015665716101e-39
8.88888888888889,4.646464646464646,7.107708603109895e-39
8.88888888888889,4.696969696969697,6.461840102464855e-39
8.88888888888889,4.747474747474747,5.653635816055028e-39
8.88888888888889,4.797979797979798,4.7033996319080215e-39
8.88888888888889,4.848484848484849,3.6350035950093864e-39
8.88888888888889,4.898989898989899,2.475288188473537e-39
8.88888888888889,4.94949494949495,1.2533880409508167e-39
8.88888888888889,5.0,4.85741800882221e-54
8.98989898989899,0.0,0.0
8.98989898989899,0.050505050505050504,4.6251355238362295e-40
8.98989898989899,0.10101010101010101,9.13407736326912e-40
8.98989898989899,0.15151515151515152,1.341355087750511e-39
8.98989898989899,0.20202020202020202,1.735604618010672e-39
8.98989898989899,0.25252525252525254,2.086251902629641e-39
8.98989898989899,0.30303030303030304,2.3844879024525794e-39
8.98989898989899,0.35353535353535354,2.6228202662905226e-39
8.98989898989899,0.40404040404040403,2.795261555435097e-39
8.98989898989899,0.45454545454545453,2.8974796614268405e-39
8.98989898989899,0.5050505050505051,2.9269066382484527e-39
8.98989898989899,0.5555555555555556,2.8828032148363863e-39
8.98989898989899,0.6060606060606061,2.7662773672131038e-39
8.98989898989899,0.6565656565656566,2.5802564836667522e-39
8.98989898989899,0.7070707070707071,2.3294138222508142e-39
8.98989898989899,0.7575757575757576,2.0200511081547984e-39
8.98989898989899,0.8080808080808081,1.659940220360973e-39
8.98989898989899,0.8585858585858586,1.2581279447701781e-39
8.98989898989899,0.9090909090909091,8.247086988321887e-40
8.98989898989899,0.9595959595959596,3.7057093734304375e-40
8.98989898989899,1.0101010101010102,-9.2876389740619e-41
8.98989898989899,1.0606060606060606,-5.539904554825462e-40
8.98989898989899,1.1111111111111112,-1.0011870496574134e-39
8.98989898989899,1.1616161616161615,-1.4232315998592812e-39
8.98989898989899,1.2121212121212122,-1.8095214089309386e-39
8.98989898989899,1.2626262626262625,-2.1503520182825352e-39
8.98989898989899,1.3131313131313131,-2.4371610054609597e-39
8.98989898989899,1.3636363636363635,-2.6627430912330912e-39
8.98989898989899,1.4141414141414141,-2.8214311522149426e-39
8.98989898989899,1.4646464646464645,-2.9092385916070716e-39
8.98989898989899,1.5151515151515151,-2.9239594913669883e-39
8.98989898989899,1.5656565656565655,-2.865224029773357e-39
8.98989898989899,1.6161616161616161,-2.7345077721696186e-39
8.98989898989899,1.6666666666666667,-2.5350946014829053e-39
8.98989898989899,1.7171717171717171,-2.2719942197859966e-39
8.98989898989899,1.7676767676767677,-1.951816293446445e-39
8.98989898989899,1.8181818181818181,-1.5826044036164794e-39
8.98989898989899,1.8686868686868687,-1.1736339735964011e-39
8.98989898989899,1.9191919191919191,-7.351792495853027e-40
8.98989898989899,1.9696969696969697,-2.7825518878051245e-40
8.98989898989899,2.0202020202020203,1.8565926082956367e-40
8.98989898989899,2.0707070707070705,6.4490953715255765e-40
8.98989898989899,2.121212121212121,1.0879582524959003e-39
8.98989898989899,2.1717171717171717,1.5036750383891698e-39
8.98989898989899,2.2222222222222223,1.881616165178972e-39
8.98989898989899,2.2727272727272725,2.212286911730555e-39
8.98989898989899,2.323232323232323,2.487380093926133e-39
8.98989898989899,2.3737373737373737,2.6999847595938568e-39
8.98989898989899,2.4242424242424243,2.8447598069869865e-39
8.98989898989899,2.474747474747475,2.9180681651311506e-39
8.98989898989899,2.525252525252525,2.9180681651311506e-39
8.98989898989899,2.5757575757575757,2.844759806986987e-39
8.98989898989899,2.6262626262626263,2.6999847595938575e-39
8.98989898989899,2.676767676767677,2.487380093926134e-39
8.98989898989899,2.727272727272727,2.2122869117305597e-39
8.98989898989899,2.7777777777777777,1.8816161651789757e-39
8.98989898989899,2.8282828282828283,1.5036750383891734e-39
8.98989898989899,2.878787878787879,1.0879582524959042e-39
8.98989898989899,2.929292929292929,6.44909537152562e-40
8.98989898989899,2.9797979797979797,1.8565926082956286e-40
8.98989898989899,3.0303030303030303,-2.7825518878051323e-40
8.98989898989899,3.080808080808081,-7.351792495853035e-40
8.98989898989899,3.131313131313131,-1.1736339735963972e-39
8.98989898989899,3.1818181818181817,-1.5826044036164758e-39
8.98989898989899,3.2323232323232323,-1.9518162934464436e-39
8.98989898989899,3.282828282828283,-2.2719942197859953e-39
8.98989898989899,3.3333333333333335,-2.5350946014829057e-39
8.98989898989899,3.3838383838383836,-2.734507772169617e-39
8.98989898989899,3.4343434343434343,-2.865224029773356e-39
8.98989898989899,3.484848484848485,-2.9239594913669883e-39
8.98989898989899,3.5353535353535355,-2.909238591607072e-39
8.98989898989899,3.5858585858585856,-2.8214311522149446e-39
8.98989898989899,3.6363636363636362,-2.6627430912330942e-39
8.98989898989899,3.686868686868687,-2.437161005460962e-39
8.98989898989899,3.7373737373737375,-2.150352018282538e-39
8.98989898989899,3.7878787878787876,-1.80952140893094e-39
8.98989898989899,3.8383838383838382,-1.4232315998592829e-39
8.98989898989899,3.888888888888889,-1.0011870496574139e-39
8.98989898989899,3.9393939393939394,-5.539904554825467e-40
8.98989898989899,3.9898989898989896,-9.28763897406221e-41
8.98989898989899,4.040404040404041,3.705709373430458e-40
8.98989898989899,4.090909090909091,8.247086988321858e-40
8.98989898989899,4.141414141414141,1.258127944770172e-39
8.98989898989899,4.191919191919192,1.6599402203609723e-39
8.98989898989899,4.242424242424242,2.0200511081547955e-39
8.98989898989899,4.292929292929293,2.3294138222508145e-39
8.98989898989899,4.343434343434343,2.580256483666751e-39
8.98989898989899,4.393939393939394,2.7662773672131015e-39
8.98989898989899,4.444444444444445,2.8828032148363863e-39
8.98989898989899,4.494949494949495,2.9269066382484524e-39
8.98989898989899,4.545454545454545,2.8974796614268412e-39
8.98989898989899,4.595959595959596,2.7952615554350978e-39
8.98989898989899,4.646464646464646,2.622820266290524e-39
8.98989898989899,4.696969696969697,2.3844879024525774e-39
8.98989898989899,4.747474747474747,2.0862519026296417e-39
8.98989898989899,4.797979797979798,1.7356046180106764e-39
8.98989898989899,4.848484848484849,1.3413550877505102e-39
8.98989898989899,4.898989898989899,9.134077363269153e-40
8.98989898989899,4.94949494949495,4.625135523836206e-40
8.98989898989899,5.0,1.792439041438637e-54
9.09090909090909,0.0,0.0
9.09090909090909,0.050505050505050504,1.7067243275772683e-40
9.09090909090909,0.10101010101010101,3.370571946599729e-40
9.09090909090909,0.15151515151515152,4.949743306731266e-40
9.09090909090909,0.20202020202020202,6.404566113464556e-40
9.09090909090909,0.25252525252525254,7.698491984336606e-40
9.09090909090909,0.30303030303030304,8.79901462553038e-40
9.09090909090909,0.35353535353535354,9.67848646222551e-40
9.09090909090909,0.40404040404040403,1.031481320712859e-39
9.09090909090909,0.45454545454545453,1.0692008918077788e-39
9.09090909090909,0.5050505050505051,1.080059760044107e-39
9.09090909090909,0.5555555555555556,1.0637851265163134e-39
9.09090909090909,0.6060606060606061,1.0207858461913851e-39
9.09090909090909,0.6565656565656566,9.521421565633148e-40
9.09090909090909,0.7070707070707071,8.595785396862651e-40
9.09090909090909,0.7575757575757576,7.454203993524518e-40
9.09090909090909,0.8080808080808081,6.125356417803336e-40
9.09090909090909,0.8585858585858586,4.642626274360572e-40
9.09090909090909,0.9090909090909091,3.04326303998553e-40
9.09090909090909,0.9595959595959596,1.3674462739459376e-40
9.09090909090909,1.0101010101010102,-3.4272378184582484e-41
9.09090909090909,1.0606060606060606,-2.0442838544835524e-40
9.09090909090909,1.1111111111111112,-3.694486972974854e-40
9.09090909090909,1.1616161616161615,-5.251876367163856e-40
9.09090909090909,1.2121212121212122,-6.677326953941344e-40
9.09090909090909,1.2626262626262625,-7.935028246293684e-40
9.09090909090909,1.3131313131313131,-8.99338399233073e-40
9.09090909090909,1.3636363636363635,-9.825805943360574e-40
9.09090909090909,1.4141414141414141,-1.0411381809793024e-39
9.09090909090909,1.4646464646464645,-1.0735400624334728e-39
9.09090909090909,1.5151515151515151,-1.0789722314184882e-39
9.09090909090909,1.5656565656565655,-1.0572982197756499e-39
9.09090909090909,1.6161616161616161,-1.0090625268511075e-39
9.09090909090909,1.6666666666666667,-9.35476940462054e-40
9.09090909090909,1.7171717171717171,-8.38390094093381e-40
9.09090909090909,1.7676767676767677,-7.2024102511567706e-40
9.09090909090909,1.8181818181818181,-5.839979007453622e-40
9.09090909090909,1.8686868686868687,-4.330834510870175e-40
9.09090909090909,1.9191919191919191,-2.7128898254564216e-40
9.09090909090909,1.9696969696969697,-1.0267913178301968e-40
9.09090909090909,2.0202020202020203,6.851024698947819e-41
9.09090909090909,2.0707070707070705,2.3797849608348906e-40
9.09090909090909,2.121212121212121,4.014681964136439e-40
9.09090909090909,2.1717171717171717,5.5487212332772085e-40
9.09090909090909,2.2222222222222223,6.943364292188277e-40
9.09090909090909,2.2727272727272725,8.16357460743029e-40
9.09090909090909,2.323232323232323,9.178697783787322e-40
9.09090909090909,2.3737373737373737,9.963231670808584e-40
9.09090909090909,2.4242424242424243,1.0497467033510045e-39
9.09090909090909,2.474747474747475,1.0767982692163906e-39
9.09090909090909,2.525252525252525,1.0767982692163906e-39
9.09090909090909,2.5757575757575757,1.0497467033510047e-39
9.09090909090909,2.6262626262626263,9.963231670808588e-40
9.09090909090909,2.676767676767677,9.178697783787327e-40
9.09090909090909,2.727272727272727,8.163574607430306e-40
9.09090909090909,2.7777777777777777,6.94336429218829e-40
9.09090909090909,2.8282828282828283,5.5487212332772215e-40
9.09090909090909,2.878787878787879,4.014681964136454e-40
9.09090909090909,2.929292929292929,2.3797849608349065e-40
9.09090909090909,2.9797979797979797,6.85102469894779e-41
9.09090909090909,3.0303030303030303,-1.0267913178301997e-40
9.09090909090909,3.080808080808081,-2.7128898254564244e-40
9.09090909090909,3.131313131313131,-4.330834510870161e-40
9.09090909090909,3.1818181818181817,-5.839979007453609e-40
9.09090909090909,3.2323232323232323,-7.202410251156766e-40
9.09090909090909,3.282828282828283,-8.383900940933804e-40
9.09090909090909,3.3333333333333335,-9.35476940462054e-40
9.09090909090909,3.3838383838383836,-1.0090625268511069e-39
9.09090909090909,3.4343434343434343,-1.0572982197756496e-39
9.09090909090909,3.484848484848485,-1.0789722314184882e-39
9.09090909090909,3.5353535353535355,-1.0735400624334728e-39
9.09090909090909,3.5858585858585856,-1.041138180979303e-39
9.09090909090909,3.6363636363636362,-9.825805943360583e-40
9.09090909090909,3.686868686868687,-8.993383992330739e-40
9.09090909090909,3.7373737373737375,-7.935028246293694e-40
9.09090909090909,3.7878787878787876,-6.6773269539413485e-40
9.09090909090909,3.8383838383838382,-5.251876367163861e-40
9.09090909090909,3.888888888888889,-3.694486972974856e-40
9.09090909090909,3.9393939393939394,-2.0442838544835544e-40
9.09090909090909,3.9898989898989896,-3.427237818458362e-41
9.09090909090909,4.040404040404041,1.3674462739459451e-40
9.09090909090909,4.090909090909091,3.0432630399855193e-40
9.09090909090909,4.141414141414141,4.64262627436055e-40
9.09090909090909,4.191919191919192,6.125356417803334e-40
9.09090909090909,4.242424242424242,7.454203993524508e-40
9.09090909090909,4.292929292929293,8.595785396862653e-40
9.09090909090909,4.343434343434343,9.521421565633143e-40
9.09090909090909,4.393939393939394,1.0207858461913841e-39
9.09090909090909,4.444444444444445,1.0637851265163134e-39
9.09090909090909,4.494949494949495,1.0800597600441069e-39
9.09090909090909,4.545454545454545,1.0692008918077792e-39
9.09090909090909,4.595959595959596,1.0314813207128593e-39
9.09090909090909,4.646464646464646,9.678486462225514e-40
9.09090909090909,4.696969696969697,8.799014625530373e-40
9.09090909090909,4.747474747474747,7.69849198433661e-40
9.09090909090909,4.797979797979798,6.404566113464573e-40
9.09090909090909,4.848484848484849,4.949743306731264e-40
9.09090909090909,4.898989898989899,3.370571946599741e-40
9.09090909090909,4.94949494949495,1.7067243275772593e-40
9.09090909090909,5.0,6.614291196347922e-55
9.191919191919192,0.0,0.0
9.191919191919192,0.050505050505050504,6.297994762168572e-41
9.191919191919192,0.10101010101010101,1.2437769897690976e-40
9.191919191919192,0.15151515151515152,1.8265080608608803e-40
9.191919191919192,0.20202020202020202,2.3633531897807897e-40
9.191919191919192,0.25252525252525254,2.8408256336730294e-40
9.191919191919192,0.30303030303030304,3.2469302234942295e-40
9.191919191919192,0.35353535353535354,3.5714647093208484e-40
9.191919191919192,0.40404040404040403,3.8062760635432505e-40
9.191919191919192,0.45454545454545453,3.945465303040568e-40
9.191919191919192,0.5050505050505051,3.985535684748054e-40
9.191919191919192,0.5555555555555556,3.925480551614893e-40
9.191919191919192,0.6060606060606061,3.7668086220667654e-40
9.191919191919192,0.6565656565656566,3.5135060876456408e-40
9.191919191919192,0.7070707070707071,3.1719364710183504e-40
9.191919191919192,0.7575757575757576,2.750680760143326e-40
9.191919191919192,0.8080808080808081,2.2603218347805816e-40
9.191919191919192,0.8585858585858586,1.7131786010301264e-40
9.191919191919192,0.9090909090909091,1.1229965130301545e-40
9.191919191919192,0.9595959595959596,5.046022565977953e-41
9.191919191919192,1.0101010101010102,-1.26468730073099e-41
9.191919191919192,1.0606060606060606,-7.543625411491833e-41
9.191919191919192,1.1111111111111112,-1.3633050885098053e-40
9.191919191919192,1.1616161616161615,-1.937998381900806e-40
9.191919191919192,1.2121212121212122,-2.464004848451761e-40
9.191919191919192,1.2626262626262625,-2.9281100365960997e-40
9.191919191919192,1.3131313131313131,-3.31865459246554e-40
9.191919191919192,1.3636363636363635,-3.6258271687738683e-40
9.191919191919192,1.4141414141414141,-3.841910907667954e-40
9.191919191919192,1.4646464646464645,-3.961477305348855e-40
9.191919191919192,1.5151515151515151,-3.981522588152907e-40
9.191919191919192,1.5656565656565655,-3.90154317402248e-40
9.191919191919192,1.6161616161616161,-3.723548323606553e-40
9.191919191919192,1.6666666666666667,-3.4520096631673314e-40
9.191919191919192,1.7171717171717171,-3.093748847389697e-40
9.191919191919192,1.7676767676767677,-2.657766184253383e-40
9.191919191919192,1.8181818181818181,-2.155014527292029e-40
9.191919191919192,1.8686868686868687,-1.5981241155680667e-40
9.191919191919192,1.9191919191919191,-1.001085273994926e-40
9.191919191919192,1.9696969696969697,-3.7889694527963995e-41
9.191919191919192,2.0202020202020203,2.5281011685530955e-41
9.191919191919192,2.0707070707070705,8.781660269471454e-41
9.191919191919192,2.121212121212121,1.4814604545888052e-40
9.191919191919192,2.1717171717171717,2.047537302847246e-40
9.191919191919192,2.2222222222222223,2.5621754631050873e-40
9.191919191919192,2.2727272727272725,3.0124460809175786e-40
9.191919191919192,2.323232323232323,3.3870373575725416e-40
9.191919191919192,2.3737373737373737,3.676538727616144e-40
9.191919191919192,2.4242424242424243,3.873677273173479e-40
9.191919191919192,2.474747474747475,3.973500435810707e-40
9.191919191919192,2.525252525252525,3.973500435810707e-40
9.191919191919192,2.5757575757575757,3.87367727317348e-40
9.191919191919192,2.6262626262626263,3.676538727616145e-40
9.191919191919192,2.676767676767677,3.387037357572543e-40
9.191919191919192,2.727272727272727,3.0124460809175848e-40
9.191919191919192,2.7777777777777777,2.562175463105092e-40
9.191919191919192,2.8282828282828283,2.047537302847251e-40
9.191919191919192,2.878787878787879,1.4814604545888107e-40
9.191919191919192,2.929292929292929,8.781660269471513e-41
9.191919191919192,2.9797979797979797,2.528101168553085e-41
9.191919191919192,3.0303030303030303,-3.7889694527964097e-41
9.191919191919192,3.080808080808081,-1.0010852739949272e-40
9.191919191919192,3.131313131313131,-1.5981241155680614e-40
9.191919191919192,3.1818181818181817,-2.155014527292024e-40
9.191919191919192,3.2323232323232323,-2.657766184253381e-40
9.191919191919192,3.282828282828283,-3.0937488473896952e-40
9.191919191919192,3.3333333333333335,-3.452009663167332e-40
9.191919191919192,3.3838383838383836,-3.723548323606551e-40
9.191919191919192,3.4343434343434343,-3.901543174022479e-40
9.191919191919192,3.484848484848485,-3.981522588152907e-40
9.191919191919192,3.5353535353535355,-3.961477305348855e-40
9.191919191919192,3.5858585858585856,-3.841910907667956e-40
9.191919191919192,3.6363636363636362,-3.6258271687738724e-40
9.191919191919192,3.686868686868687,-3.3186545924655433e-40
9.191919191919192,3.7373737373737375,-2.928110036596104e-40
9.191919191919192,3.7878787878787876,-2.464004848451763e-40
9.191919191919192,3.8383838383838382,-1.937998381900808e-40
9.191919191919192,3.888888888888889,-1.3633050885098059e-40
9.191919191919192,3.9393939393939394,-7.54362541149184e-41
9.191919191919192,3.9898989898989896,-1.264687300731032e-41
9.191919191919192,4.040404040404041,5.046022565977981e-41
9.191919191919192,4.090909090909091,1.1229965130301504e-40
9.191919191919192,4.141414141414141,1.713178601030118e-40
9.191919191919192,4.191919191919192,2.2603218347805808e-40
9.191919191919192,4.242424242424242,2.750680760143322e-40
9.191919191919192,4.292929292929293,3.1719364710183508e-40
9.191919191919192,4.343434343434343,3.513506087645639e-40
9.191919191919192,4.393939393939394,3.766808622066762e-40
9.191919191919192,4.444444444444445,3.925480551614893e-40
9.191919191919192,4.494949494949495,3.985535684748054e-40
9.191919191919192,4.545454545454545,3.945465303040569e-40
9.191919191919192,4.595959595959596,3.806276063543252e-40
9.191919191919192,4.646464646464646,3.57146470932085e-40
9.191919191919192,4.696969696969697,3.246930223494227e-40
9.191919191919192,4.747474747474747,2.8408256336730302e-40
9.191919191919192,4.797979797979798,2.363353189780796e-40
9.191919191919192,4.848484848484849,1.8265080608608793e-40
9.191919191919192,4.898989898989899,1.243776989769102e-40
9.191919191919192,4.94949494949495,6.297994762168539e-41
9.191919191919192,5.0,2.4407439817295857e-55
9.292929292929292,0.0,0.0
9.292929292929292,0.050505050505050504,2.3240272247486086e-41
9.292929292929292,0.10101010101010101,4.5896697201189025e-41
9.292929292929292,0.15151515151515152,6.740009510903205e-41
9.292929292929292,0.20202020202020202,8.721025282110274e-41
9.292929292929292,0.25252525252525254,1.0482949514468211e-40
9.292929292929292,0.30303030303030304,1.1981518755124203e-40
9.292929292929292,0.35353535353535354,1.3179085613962224e-40
9.292929292929292,0.40404040404040403,1.4045564549719627e-40
9.292929292929292,0.45454545454545453,1.4559187685653195e-40
9.292929292929292,0.5050505050505051,1.4707051666985249e-40
9.292929292929292,0.5555555555555556,1.4485441821855254e-40
9.292929292929292,0.6060606060606061,1.3899925482133387e-40
9.292929292929292,0.6565656565656566,1.2965212119669722e-40
9.292929292929292,0.7070707070707071,1.1704783811667391e-40
9.292929292929292,0.7575757575757576,1.0150305318710871e-40
9.292929292929292,0.8080808080808081,8.340828595600529e-41
9.292929292929292,0.8585858585858586,6.321811719449283e-41
9.292929292929292,0.9090909090909091,4.143976881748284e-41
9.292929292929292,0.9595959595959596,1.8620361341791012e-41
9.292929292929292,1.0101010101010102,-4.666830997300822e-42
9.292929292929292,1.0606060606060606,-2.7836782169021427e-41
9.292929292929292,1.1111111111111112,-5.030741150131008e-41
9.292929292929292,1.1616161616161615,-7.151420684105788e-41
9.292929292929292,1.2121212121212122,-9.092440635410596e-41
9.292929292929292,1.2626262626262625,-1.0805038268666057e-40
9.292929292929292,1.3131313131313131,-1.224618932482446e-40
9.292929292929292,1.3636363636363635,-1.3379688886184712e-40
9.292929292929292,1.4141414141414141,-1.4177060924395823e-40
9.292929292929292,1.4646464646464645,-1.4618273681581177e-40
9.292929292929292,1.5151515151515151,-1.469224291261998e-40
9.292929292929292,1.5656565656565655,-1.4397110346021033e-40
9.292929292929292,1.6161616161616161,-1.3740290367832872e-40
9.292929292929292,1.6666666666666667,-1.273828375578668e-40
9.292929292929292,1.7171717171717171,-1.1416263143084268e-40
9.292929292929292,1.7676767676767677,-9.807440625902131e-41
9.292929292929292,1.8181818181818181,-7.952233401716785e-41
9.292929292929292,1.8686868686868687,-5.897248399470909e-41
9.292929292929292,1.9191919191919191,-3.6941114099276157e-41
9.292929292929292,1.9696969696969697,-1.3981701310605151e-41
9.292929292929292,2.0202020202020203,9.328962891377687e-42
9.292929292929292,2.0707070707070705,3.2405262810535505e-41
9.292929292929292,2.121212121212121,5.466747050242591e-41
9.292929292929292,2.1717171717171717,7.55563098287945e-41
9.292929292929292,2.2222222222222223,9.454700671724244e-41
9.292929292929292,2.2727272727272725,1.1116247265231233e-40
9.292929292929292,2.323232323232323,1.2498529019939638e-40
9.292929292929292,2.3737373737373737,1.3566819945846487e-40
9.292929292929292,2.4242424242424243,1.429428220045915e-40
9.292929292929292,2.474747474747475,1.4662640315049809e-40
9.292929292929292,2.525252525252525,1.4662640315049809e-40
9.292929292929292,2.5757575757575757,1.4294282200459153e-40
9.292929292929292,2.6262626262626263,1.356681994584649e-40
9.292929292929292,2.676767676767677,1.2498529019939644e-40
9.292929292929292,2.727272727272727,1.1116247265231256e-40
9.292929292929292,2.7777777777777777,9.45470067172426e-41
9.292929292929292,2.8282828282828283,7.555630982879469e-41
9.292929292929292,2.878787878787879,5.466747050242611e-41
9.292929292929292,2.929292929292929,3.240526281053572e-41
9.292929292929292,2.9797979797979797,9.328962891377646e-42
9.292929292929292,3.0303030303030303,-1.398170131060519e-41
9.292929292929292,3.080808080808081,-3.69411140992762e-41
9.292929292929292,3.131313131313131,-5.89724839947089e-41
9.292929292929292,3.1818181818181817,-7.952233401716768e-41
9.292929292929292,3.2323232323232323,-9.807440625902123e-41
9.292929292929292,3.282828282828283,-1.1416263143084262e-40
9.292929292929292,3.3333333333333335,-1.2738283755786683e-40
9.292929292929292,3.3838383838383836,-1.3740290367832864e-40
9.292929292929292,3.4343434343434343,-1.4397110346021027e-40
9.292929292929292,3.484848484848485,-1.469224291261998e-40
9.292929292929292,3.5353535353535355,-1.461827368158118e-40
9.292929292929292,3.5858585858585856,-1.4177060924395833e-40
9.292929292929292,3.6363636363636362,-1.3379688886184728e-40
9.292929292929292,3.686868686868687,-1.2246189324824472e-40
9.292929292929292,3.7373737373737375,-1.080503826866607e-40
9.292929292929292,3.7878787878787876,-9.092440635410602e-41
9.292929292929292,3.8383838383838382,-7.151420684105796e-41
9.292929292929292,3.888888888888889,-5.03074115013101e-41
9.292929292929292,3.9393939393939394,-2.783678216902145e-41
9.292929292929292,3.9898989898989896,-4.666830997300977e-42
9.292929292929292,4.040404040404041,1.8620361341791114e-41
9.292929292929292,4.090909090909091,4.143976881748269e-41
9.292929292929292,4.141414141414141,6.321811719449252e-41
9.292929292929292,4.191919191919192,8.340828595600526e-41
9.292929292929292,4.242424242424242,1.0150305318710855e-40
9.292929292929292,4.292929292929293,1.1704783811667391e-40
9.292929292929292,4.343434343434343,1.2965212119669714e-40
9.292929292929292,4.393939393939394,1.3899925482133377e-40
9.292929292929292,4.444444444444445,1.4485441821855254e-40
9.292929292929292,4.494949494949495,1.4707051666985247e-40
9.292929292929292,4.545454545454545,1.4559187685653199e-40
9.292929292929292,4.595959595959596,1.4045564549719633e-40
9.292929292929292,4.646464646464646,1.317908561396223e-40
9.292929292929292,4.696969696969697,1.1981518755124192e-40
9.292929292929292,4.747474747474747,1.0482949514468216e-40
9.292929292929292,4.797979797979798,8.721025282110296e-41
9.292929292929292,4.848484848484849,6.740009510903201e-41
9.292929292929292,4.898989898989899,4.589669720118919e-41
9.292929292929292,4.94949494949495,2.3240272247485963e-41
9.292929292929292,5.0,9.006605556826042e-56
9.393939393939394,0.0,0.0
9.393939393939394,0.050505050505050504,8.575908277689353e-42
9.393939393939394,0.10101010101010101,1.6936370678224536e-41
9.393939393939394,0.15151515151515152,2.4871353803745654e-41
9.393939393939394,0.20202020202020202,3.2181513241471507e-41
9.393939393939394,0.25252525252525254,3.868320153842094e-41
9.393939393939394,0.30303030303030304,4.4213081833615214e-41
9.393939393939394,0.35353535353535354,4.863223124306603e-41
9.393939393939394,0.40404040404040403,5.182963091139787e-41
9.393939393939394,0.45454545454545453,5.372495505225079e-41
9.393939393939394,0.5050505050505051,5.427058891056965e-41
9.393939393939394,0.5555555555555556,5.345282495108189e-41
9.393939393939394,0.6060606060606061,5.129220722205065e-41
9.393939393939394,0.6565656565656566,4.784301524312015e-41
9.393939393939394,0.7070707070707071,4.3191900383138063e-41
9.393939393939394,0.7575757575757576,3.745570898517459e-41
9.393939393939394,0.8080808080808081,3.077854692667643e-41
9.393939393939394,0.8585858585858586,2.332815935952866e-41
9.393939393939394,0.9090909090909091,1.529171657900119e-41
9.393939393939394,0.9595959595959596,6.871111889917975e-42
9.393939393939394,1.0101010101010102,-1.7221104018976635e-42
9.393939393939394,1.0606060606060606,-1.0272069452773702e-41
9.393939393939394,1.1111111111111112,-1.8563971287809588e-41
9.393939393939394,1.1616161616161615,-2.638950490293666e-41
9.393939393939394,1.2121212121212122,-3.3552075500342504e-41
9.393939393939394,1.2626262626262625,-3.987174338675266e-41
9.393939393939394,1.3131313131313131,-4.518974445846838e-41
9.393939393939394,1.3636363636363635,-4.937247870852784e-41
9.393939393939394,1.4141414141414141,-5.231486655582699e-41
9.393939393939394,1.4646464646464645,-5.394298867775151e-41
9.393939393939394,1.5151515151515151,-5.421594302785754e-41
9.393939393939394,1.5656565656565655,-5.312687238618921e-41
9.393939393939394,1.6161616161616161,-5.070313662788505e-41
9.393939393939394,1.6666666666666667,-4.700562538230319e-41
9.393939393939394,1.7171717171717171,-4.212722835019571e-41
9.393939393939394,1.7676767676767677,-3.6190501707964683e-41
9.393939393939394,1.8181818181818181,-2.9344589224111917e-41
9.393939393939394,1.8686868686868687,-2.176147543628002e-41
9.393939393939394,1.9191919191919191,-1.3631665017406073e-41
9.393939393939394,1.9696969696969697,-5.1593968749126454e-42
9.393939393939394,2.0202020202020203,3.442486784597664e-42
9.393939393939394,2.0707070707070705,1.1957887524645133e-41
9.393939393939394,2.121212121212121,2.0172879551908252e-41
9.393939393939394,2.1717171717171717,2.7881084007632955e-41
9.393939393939394,2.2222222222222223,3.4888853663272293e-41
9.393939393939394,2.2727272727272725,4.10201377692769e-41
9.393939393939394,2.323232323232323,4.612090484122248e-41
9.393939393939394,2.3737373737373737,5.006301227305602e-41
9.393939393939394,2.4242424242424243,5.274742556417577e-41
9.393939393939394,2.474747474747475,5.410670628620508e-41
9.393939393939394,2.525252525252525,5.410670628620508e-41
9.393939393939394,2.5757575757575757,5.274742556417577e-41
9.393939393939394,2.6262626262626263,5.006301227305604e-41
9.393939393939394,2.676767676767677,4.61209048412225e-41
9.393939393939394,2.727272727272727,4.102013776927699e-41
9.393939393939394,2.7777777777777777,3.488885366327236e-41
9.393939393939394,2.8282828282828283,2.788108400763302e-41
9.393939393939394,2.878787878787879,2.0172879551908329e-41
9.393939393939394,2.929292929292929,1.1957887524645214e-41
9.393939393939394,2.9797979797979797,3.4424867845976494e-42
9.393939393939394,3.0303030303030303,-5.15939687491266e-42
9.393939393939394,3.080808080808081,-1.3631665017406088e-41
9.393939393939394,3.131313131313131,-2.1761475436279948e-41
9.393939393939394,3.1818181818181817,-2.934458922411185e-41
9.393939393939394,3.2323232323232323,-3.6190501707964657e-41
9.393939393939394,3.282828282828283,-4.212722835019569e-41
9.393939393939394,3.3333333333333335,-4.700562538230319e-41
9.393939393939394,3.3838383838383836,-5.070313662788502e-41
9.393939393939394,3.4343434343434343,-5.312687238618919e-41
9.393939393939394,3.484848484848485,-5.421594302785754e-41
9.393939393939394,3.5353535353535355,-5.394298867775152e-41
9.393939393939394,3.5858585858585856,-5.231486655582704e-41
9.393939393939394,3.6363636363636362,-4.93724787085279e-41
9.393939393939394,3.686868686868687,-4.5189744458468426e-41
9.393939393939394,3.7373737373737375,-3.9871743386752716e-41
9.393939393939394,3.7878787878787876,-3.355207550034253e-41
9.393939393939394,3.8383838383838382,-2.638950490293669e-41
9.393939393939394,3.888888888888889,-1.8563971287809598e-41
9.393939393939394,3.9393939393939394,-1.0272069452773711e-41
9.393939393939394,3.9898989898989896,-1.722110401897721e-42
9.393939393939394,4.040404040404041,6.871111889918012e-42
9.393939393939394,4.090909090909091,1.5291716579001137e-41
9.393939393939394,4.141414141414141,2.332815935952855e-41
9.393939393939394,4.191919191919192,3.077854692667642e-41
9.393939393939394,4.242424242424242,3.7455708985174535e-41
9.393939393939394,4.292929292929293,4.3191900383138073e-41
9.393939393939394,4.343434343434343,4.784301524312013e-41
9.393939393939394,4.393939393939394,5.12922072220506e-41
9.393939393939394,4.444444444444445,5.345282495108189e-41
9.393939393939394,4.494949494949495,5.427058891056964e-41
9.393939393939394,4.545454545454545,5.37249550522508e-41
9.393939393939394,4.595959595959596,5.18296309113979e-41
9.393939393939394,4.646464646464646,4.863223124306605e-41
9.393939393939394,4.696969696969697,4.421308183361518e-41
9.393939393939394,4.747474747474747,3.868320153842096e-41
9.393939393939394,4.797979797979798,3.2181513241471593e-41
9.393939393939394,4.848484848484849,2.487135380374564e-41
9.393939393939394,4.898989898989899,1.6936370678224594e-41
9.393939393939394,4.94949494949495,8.575908277689309e-42
9.393939393939394,5.0,3.3235334907499833e-56
9.494949494949495,0.0,0.0
9.494949494949495,0.050505050505050504,3.164601602087491e-42
9.494949494949495,0.10101010101010101,6.249701378137619e-42
9.494949494949495,0.15151515151515152,9.17779476468759e-42
9.494949494949495,0.20202020202020202,1.1875321547748667e-41
9.494949494949495,0.25252525252525254,1.427451385887998e-41
9.494949494949495,0.30303030303030304,1.6315098654667804e-41
9.494949494949495,0.35353535353535354,1.7945811909541845e-41
9.494949494949495,0.40404040404040403,1.9125686482039398e-41
9.494949494949495,0.45454545454545453,1.9825081300454398e-41
9.494949494949495,0.5050505050505051,2.002642601244032e-41
9.494949494949495,0.5555555555555556,1.9724662391313809e-41
9.494949494949495,0.6060606060606061,1.8927371409951636e-41
9.494949494949495,0.6565656565656566,1.76545827899022e-41
9.494949494949495,0.7070707070707071,1.5938271810261216e-41
9.494949494949495,0.7575757575757576,1.382155601759107e-41
9.494949494949495,0.8080808080808081,1.1357612017316105e-41
9.494949494949495,0.8585858585858586,8.608339559201481e-42
9.494949494949495,0.9090909090909091,5.642806478057802e-42
9.494949494949495,0.9595959595959596,2.5355135562172203e-42
9.494949494949495,1.0101010101010102,-6.354771017076738e-43
9.494949494949495,1.0606060606060606,-3.790503162396246e-42
9.494949494949495,1.1111111111111112,-6.850303358694158e-42
9.494949494949495,1.1616161616161615,-9.738008708814007e-42
9.494949494949495,1.2121212121212122,-1.2381073636010556e-41
9.494949494949495,1.2626262626262625,-1.4713098474711715e-41
9.494949494949495,1.3131313131313131,-1.6675497577700835e-41
9.494949494949495,1.3636363636363635,-1.821897111778991e-41
9.494949494949495,1.4141414141414141,-1.9304743609054766e-41
9.494949494949495,1.4646464646464645,-1.9905538033225614e-41
9.494949494949495,1.5151515151515151,-2.0006261099013236e-41
9.494949494949495,1.5656565656565655,-1.9604382419133204e-41
9.494949494949495,1.6161616161616161,-1.870999807925863e-41
9.494949494949495,1.6666666666666667,-1.7345577001908022e-41
9.494949494949495,1.7171717171717171,-1.5545396477171143e-41
9.494949494949495,1.7676767676767677,-1.3354681040995585e-41
9.494949494949495,1.8181818181818181,-1.0828466334325658e-41
9.494949494949495,1.8686868686868687,-8.030216485476955e-42
9.494949494949495,1.9191919191919191,-5.030229750174794e-42
9.494949494949495,1.9696969696969697,-1.9038724631221137e-42
9.494949494949495,2.0202020202020203,1.2703143318410155e-42
9.494949494949495,2.0707070707070705,4.412588007327656e-42
9.494949494949495,2.121212121212121,7.444007664443832e-42
9.494949494949495,2.1717171717171717,1.0288417303626301e-41
9.494949494949495,2.2222222222222223,1.2874359032619646e-41
9.494949494949495,2.2727272727272725,1.5136868247555375e-41
9.494949494949495,2.323232323232323,1.7019105688194525e-41
9.494949494949495,2.3737373737373737,1.847378536647843e-41
9.494949494949495,2.4242424242424243,1.9464362495648867e-41
9.494949494949495,2.474747474747475,1.996595157651758e-41
9.494949494949495,2.525252525252525,1.996595157651758e-41
9.494949494949495,2.5757575757575757,1.946436249564887e-41
9.494949494949495,2.6262626262626263,1.8473785366478434e-41
9.494949494949495,2.676767676767677,1.7019105688194533e-41
9.494949494949495,2.727272727272727,1.5136868247555406e-41
9.494949494949495,2.7777777777777777,1.2874359032619671e-41
9.494949494949495,2.8282828282828283,1.0288417303626325e-41
9.494949494949495,2.878787878787879,7.444007664443858e-42
9.494949494949495,2.929292929292929,4.412588007327685e-42
9.494949494949495,2.9797979797979797,1.2703143318410099e-42
9.494949494949495,3.0303030303030303,-1.9038724631221188e-42
9.494949494949495,3.080808080808081,-5.0302297501747996e-42
9.494949494949495,3.131313131313131,-8.030216485476928e-42
9.494949494949495,3.1818181818181817,-1.0828466334325634e-41
9.494949494949495,3.2323232323232323,-1.3354681040995575e-41
9.494949494949495,3.282828282828283,-1.5545396477171135e-41
9.494949494949495,3.3333333333333335,-1.7345577001908025e-41
9.494949494949495,3.3838383838383836,-1.8709998079258617e-41
9.494949494949495,3.4343434343434343,-1.9604382419133199e-41
9.494949494949495,3.484848484848485,-2.0006261099013236e-41
9.494949494949495,3.5353535353535355,-1.9905538033225617e-41
9.494949494949495,3.5858585858585856,-1.930474360905478e-41
9.494949494949495,3.6363636363636362,-1.821897111778993e-41
9.494949494949495,3.686868686868687,-1.667549757770085e-41
9.494949494949495,3.7373737373737375,-1.4713098474711735e-41
9.494949494949495,3.7878787878787876,-1.2381073636010564e-41
9.494949494949495,3.8383838383838382,-9.738008708814019e-42
9.494949494949495,3.888888888888889,-6.850303358694161e-42
9.494949494949495,3.9393939393939394,-3.790503162396249e-42
9.494949494949495,3.9898989898989896,-6.354771017076949e-43
9.494949494949495,4.040404040404041,2.5355135562172343e-42
9.494949494949495,4.090909090909091,5.642806478057782e-42
9.494949494949495,4.141414141414141,8.608339559201439e-42
9.494949494949495,4.191919191919192,1.1357612017316101e-41
9.494949494949495,4.242424242424242,1.3821556017591049e-41
9.494949494949495,4.292929292929293,1.593827181026122e-41
9.494949494949495,4.343434343434343,1.765458278990219e-41
9.494949494949495,4.393939393939394,1.892737140995162e-41
9.494949494949495,4.444444444444445,1.9724662391313809e-41
9.494949494949495,4.494949494949495,2.0026426012440317e-41
9.494949494949495,4.545454545454545,1.9825081300454403e-41
9.494949494949495,4.595959595959596,1.9125686482039406e-41
9.494949494949495,4.646464646464646,1.7945811909541853e-41
9.494949494949495,4.696969696969697,1.631509865466779e-41
9.494949494949495,4.747474747474747,1.4274513858879986e-41
9.494949494949495,4.797979797979798,1.1875321547748697e-41
9.494949494949495,4.848484848484849,9.177794764687585e-42
9.494949494949495,4.898989898989899,6.249701378137642e-42
9.494949494949495,4.94949494949495,3.1646016020874744e-42
9.494949494949495,5.0,1.226419297974657e-56
9.595959595959595,0.0,0.0
9.595959595959595,0.050505050505050504,1.1677717363172265e-42
9.595959595959595,0.10101010101010101,2.3062064510735712e-42
9.595959595959595,0.15151515151515152,3.386704133895611e-42
9.595959595959595,0.20202020202020202,4.3821202814256925e-42
9.595959595959595,0.25252525252525254,5.26744782757894e-42
9.595959595959595,0.30303030303030304,6.020445376625178e-42
9.595959595959595,0.35353535353535354,6.622195956484464e-42
9.595959595959595,0.40404040404040403,7.057582255111486e-42
9.595959595959595,0.45454545454545453,7.315666400974589e-42
9.595959595959595,0.5050505050505051,7.389964746699685e-42
9.595959595959595,0.5555555555555556,7.278610752703148e-42
9.595959595959595,0.6060606060606061,6.984401878814818e-42
9.595959595959595,0.6565656565656566,6.5147293058693e-42
9.595959595959595,0.7070707070707071,5.881392252815423e-42
9.595959595959595,0.7575757575757576,5.100301554110729e-42
9.595959595959595,0.8080808080808081,4.191079944195751e-42
9.595959595959595,0.8585858585858586,3.1765690907904245e-42
9.595959595959595,0.9090909090909091,2.082255761432012e-42
9.595959595959595,0.9595959595959596,9.356315392264627e-43
9.595959595959595,1.0101010101010102,-2.3449782682328697e-43
9.595959595959595,1.0606060606060606,-1.3987360862572882e-42
9.595959595959595,1.1111111111111112,-2.5278349863076516e-42
9.595959595959595,1.1616161616161615,-3.59342905301658e-42
9.595959595959595,1.2121212121212122,-4.5687481949886716e-42
9.595959595959595,1.2626262626262625,-5.4292902275872076e-42
9.595959595959595,1.3131313131313131,-6.153436422271974e-42
9.595959595959595,1.3636363636363635,-6.722994617110961e-42
9.595959595959595,1.4141414141414141,-7.123656244322886e-42
9.595959595959595,1.4646464646464645,-7.345355793302734e-42
9.595959595959595,1.5151515151515151,-7.382523678620246e-42
9.595959595959595,1.5656565656565655,-7.234226160385152e-42
9.595959595959595,1.6161616161616161,-6.904188801868579e-42
9.595959595959595,1.6666666666666667,-6.400702875073081e-42
9.595959595959595,1.7171717171717171,-5.736417065551355e-42
9.595959595959595,1.7676767676767677,-4.9280197093115805e-42
9.595959595959595,1.8181818181818181,-3.99581954472464e-42
9.595959595959595,1.8686868686868687,-2.963235511877044e-42
9.595959595959595,1.9191919191919191,-1.8562084167439494e-42
9.595959595959595,1.9696969696969697,-7.02549240485785e-43
9.595959595959595,2.0202020202020203,4.687595342124925e-43
9.595959595959595,2.0707070707070705,1.6282920275242677e-42
9.595959595959595,2.121212121212121,2.7469182059859123e-42
9.595959595959595,2.1717171717171717,3.7965356936831e-42
9.595959595959595,2.2222222222222223,4.7507757663954953e-42
9.595959595959595,2.2727272727272725,5.585665792557523e-42
9.595959595959595,2.323232323232323,6.280231479046013e-42
9.595959595959595,2.3737373737373737,6.817023792041883e-42
9.595959595959595,2.4242424242424243,7.182557315542739e-42
9.595959595959595,2.474747474747475,7.367649034986173e-42
9.595959595959595,2.525252525252525,7.367649034986173e-42
9.595959595959595,2.5757575757575757,7.18255731554274e-42
9.595959595959595,2.6262626262626263,6.817023792041884e-42
9.595959595959595,2.676767676767677,6.280231479046016e-42
9.595959595959595,2.727272727272727,5.5856657925575346e-42
9.595959595959595,2.7777777777777777,4.750775766395504e-42
9.595959595959595,2.8282828282828283,3.796535693683109e-42
9.595959595959595,2.878787878787879,2.7469182059859225e-42
9.595959595959595,2.929292929292929,1.6282920275242786e-42
9.595959595959595,2.9797979797979797,4.6875953421249046e-43
9.595959595959595,3.0303030303030303,-7.02549240485787e-43
9.595959595959595,3.080808080808081,-1.8562084167439513e-42
9.595959595959595,3.131313131313131,-2.9632355118770344e-42
9.595959595959595,3.1818181818181817,-3.9958195447246313e-42
9.595959595959595,3.2323232323232323,-4.928019709311577e-42
9.595959595959595,3.282828282828283,-5.7364170655513516e-42
9.595959595959595,3.3333333333333335,-6.400702875073082e-42
9.595959595959595,3.3838383838383836,-6.904188801868575e-42
9.595959595959595,3.4343434343434343,-7.234226160385149e-42
9.595959595959595,3.484848484848485,-7.382523678620246e-42
9.595959595959595,3.5353535353535355,-7.345355793302735e-42
9.595959595959595,3.5858585858585856,-7.123656244322891e-42
9.595959595959595,3.6363636363636362,-6.722994617110968e-42
9.595959595959595,3.686868686868687,-6.15343642227198e-42
9.595959595959595,3.7373737373737375,-5.4292902275872146e-42
9.595959595959595,3.7878787878787876,-4.568748194988675e-42
9.595959595959595,3.8383838383838382,-3.5934290530165846e-42
9.595959595959595,3.888888888888889,-2.5278349863076528e-42
9.595959595959595,3.9393939393939394,-1.3987360862572895e-42
9.595959595959595,3.9898989898989896,-2.3449782682329478e-43
9.595959595959595,4.040404040404041,9.356315392264679e-43
9.595959595959595,4.090909090909091,2.0822557614320045e-42
9.595959595959595,4.141414141414141,3.1765690907904085e-42
9.595959595959595,4.191919191919192,4.191079944195749e-42
9.595959595959595,4.242424242424242,5.100301554110722e-42
9.595959595959595,4.292929292929293,5.881392252815423e-42
9.595959595959595,4.343434343434343,6.514729305869297e-42
9.595959595959595,4.393939393939394,6.984401878814812e-42
9.595959595959595,4.444444444444445,7.278610752703148e-42
9.595959595959595,4.494949494949495,7.389964746699685e-42
9.595959595959595,4.545454545454545,7.31566640097459e-42
9.595959595959595,4.595959595959596,7.057582255111488e-42
9.595959595959595,4.646464646464646,6.622195956484468e-42
9.595959595959595,4.696969696969697,6.020445376625173e-42
9.595959595959595,4.747474747474747,5.2674478275789416e-42
9.595959595959595,4.797979797979798,4.3821202814257046e-42
9.595959595959595,4.848484848484849,3.386704133895608e-42
9.595959595959595,4.898989898989899,2.3062064510735795e-42
9.595959595959595,4.94949494949495,1.1677717363172203e-42
9.595959595959595,5.0,4.525617986491888e-57
9.696969696969697,0.0,0.0
9.696969696969697,0.050505050505050504,4.309202230201012e-43
9.696969696969697,0.10101010101010101,8.510147722543055e-43
9.696969696969697,0.15151515151515152,1.2497299389038713e-42
9.696969696969697,0.20202020202020202,1.617049111779408e-42
9.696969696969697,0.25252525252525254,1.9437444168373475e-42
9.696969696969697,0.30303030303030304,2.221608541886225e-42
9.696969696969697,0.35353535353535354,2.4436609225108902e-42
9.696969696969697,0.40404040404040403,2.604323109365947e-42
9.696969696969697,0.45454545454545453,2.6995589112222347e-42
9.696969696969697,0.5050505050505051,2.7269757930615345e-42
9.696969696969697,0.5555555555555556,2.685884981873986e-42
9.696969696969697,0.6060606060606061,2.5773187701669988e-42
9.696969696969697,0.6565656565656566,2.404004582483039e-42
9.696969696969697,0.7070707070707071,2.1702964564330248e-42
9.696969696969697,0.7575757575757576,1.882065659594045e-42
9.696969696969697,0.8080808080808081,1.546553190218074e-42
9.696969696969697,0.8585858585858586,1.1721878672616894e-42
9.696969696969697,0.9090909090909091,7.683745797195972e-43
9.696969696969697,0.9595959595959596,3.4525801490933062e-43
9.696969696969697,1.0101010101010102,-8.65321986222225e-44
9.696969696969697,1.0606060606060606,-5.16148530993833e-43
9.696969696969697,1.1111111111111112,-9.327980650507878e-43
9.696969696969697,1.1616161616161615,-1.3260136384326476e-42
9.696969696969697,1.2121212121212122,-1.6859168019565645e-42
9.696969696969697,1.2626262626262625,-2.0034659882170526e-42
9.696969696969697,1.3131313131313131,-2.2706836558554382e-42
9.696969696969697,1.3636363636363635,-2.4808567031300385e-42
9.696969696969697,1.4141414141414141,-2.6287051159527804e-42
9.696969696969697,1.4646464646464645,-2.710514613578693e-42
9.696969696969697,1.5151515151515151,-2.7242299595937613e-42
9.696969696969697,1.5656565656565655,-2.669506594021712e-42
9.696969696969697,1.6161616161616161,-2.5477192894364498e-42
9.696969696969697,1.6666666666666667,-2.36192761361937e-42
9.696969696969697,1.7171717171717171,-2.1167990664163493e-42
9.696969696969697,1.7676767676767677,-1.8184918217674065e-42
9.696969696969697,1.8181818181818181,-1.4745000206898917e-42
9.696969696969697,1.8686868686868687,-1.093465501799286e-42
9.696969696969697,1.9191919191919191,-6.849606991154339e-43
9.696969696969697,1.9696969696969697,-2.5924816124381418e-43
9.696969696969697,2.0202020202020203,1.7297726665545284e-43
9.696969696969697,2.0707070707070705,6.008571211488907e-43
9.696969696969697,2.121212121212121,1.0136421092656685e-42
9.696969696969697,2.1717171717171717,1.4009621546288853e-42
9.696969696969697,2.2222222222222223,1.753086916823198e-42
9.696969696969697,2.2727272727272725,2.0611702391731634e-42
9.696969696969697,2.323232323232323,2.3174723838608166e-42
9.696969696969697,2.3737373737373737,2.5155544713423545e-42
9.696969696969697,2.4242424242424243,2.6504402393136414e-42
9.696969696969697,2.474747474747475,2.7187410574797627e-42
9.696969696969697,2.525252525252525,2.7187410574797627e-42
9.696969696969697,2.5757575757575757,2.6504402393136417e-42
9.696969696969697,2.6262626262626263,2.5155544713423552e-42
9.696969696969697,2.676767676767677,2.3174723838608176e-42
9.696969696969697,2.727272727272727,2.061170239173168e-42
9.696969696969697,2.7777777777777777,1.7530869168232012e-42
9.696969696969697,2.8282828282828283,1.4009621546288886e-42
9.696969696969697,2.878787878787879,1.0136421092656723e-42
9.696969696969697,2.929292929292929,6.008571211488948e-43
9.696969696969697,2.9797979797979797,1.7297726665545208e-43
9.696969696969697,3.0303030303030303,-2.592481612438149e-43
9.696969696969697,3.080808080808081,-6.849606991154347e-43
9.696969696969697,3.131313131313131,-1.0934655017992824e-42
9.696969696969697,3.1818181818181817,-1.4745000206898885e-42
9.696969696969697,3.2323232323232323,-1.8184918217674052e-42
9.696969696969697,3.282828282828283,-2.116799066416348e-42
9.696969696969697,3.3333333333333335,-2.3619276136193705e-42
9.696969696969697,3.3838383838383836,-2.5477192894364482e-42
9.696969696969697,3.4343434343434343,-2.669506594021711e-42
9.696969696969697,3.484848484848485,-2.7242299595937613e-42
9.696969696969697,3.5353535353535355,-2.7105146135786933e-42
9.696969696969697,3.5858585858585856,-2.6287051159527824e-42
9.696969696969697,3.6363636363636362,-2.480856703130041e-42
9.696969696969697,3.686868686868687,-2.2706836558554405e-42
9.696969696969697,3.7373737373737375,-2.003465988217055e-42
9.696969696969697,3.7878787878787876,-1.6859168019565658e-42
9.696969696969697,3.8383838383838382,-1.326013638432649e-42
9.696969696969697,3.888888888888889,-9.327980650507883e-43
9.696969696969697,3.9393939393939394,-5.161485309938335e-43
9.696969696969697,3.9898989898989896,-8.653219862222538e-44
9.696969696969697,4.040404040404041,3.452580149093325e-43
9.696969696969697,4.090909090909091,7.683745797195945e-43
9.696969696969697,4.141414141414141,1.1721878672616837e-42
9.696969696969697,4.191919191919192,1.5465531902180734e-42
9.696969696969697,4.242424242424242,1.882065659594042e-42
9.696969696969697,4.292929292929293,2.170296456433025e-42
9.696969696969697,4.343434343434343,2.4040045824830382e-42
9.696969696969697,4.393939393939394,2.5773187701669966e-42
9.696969696969697,4.444444444444445,2.685884981873986e-42
9.696969696969697,4.494949494949495,2.726975793061534e-42
9.696969696969697,4.545454545454545,2.6995589112222354e-42
9.696969696969697,4.595959595959596,2.604323109365948e-42
9.696969696969697,4.646464646464646,2.4436609225108915e-42
9.696969696969697,4.696969696969697,2.2216085418862233e-42
9.696969696969697,4.747474747474747,1.9437444168373482e-42
9.696969696969697,4.797979797979798,1.6170491117794124e-42
9.696969696969697,4.848484848484849,1.2497299389038705e-42
9.696969696969697,4.898989898989899,8.510147722543085e-43
9.696969696969697,4.94949494949495,4.309202230200989e-43
9.696969696969697,5.0,1.670001295110209e-57
9.797979797979798,0.0,0.0
9.797979797979798,0.050505050505050504,1.590141573329346e-43
9.797979797979798,0.10101010101010101,3.1403352560129257e-43
9.797979797979798,0.15151515151515152,4.611636737208061e-43
9.797979797979798,0.20202020202020202,5.9670836535229954e-43
9.797979797979798,0.25252525252525254,7.172624165739592e-43
9.797979797979798,0.30303030303030304,8.197972416699708e-43
9.797979797979798,0.35353535353535354,9.017369379351798e-43
9.797979797979798,0.40404040404040403,9.610229980763667e-43
9.797979797979798,0.45454545454545453,9.961660244907883e-43
9.797979797979798,0.5050505050505051,1.0062831462443652e-42
9.797979797979798,0.5555555555555556,9.911201987518548e-43
9.797979797979798,0.6060606060606061,9.510581089561519e-43
9.797979797979798,0.6565656565656566,8.871033255968169e-43
9.797979797979798,0.7070707070707071,8.008625349807571e-43
9.797979797979798,0.7575757575757576,6.945022974511004e-43
9.797979797979798,0.8080808080808081,5.7069461857587766e-43
9.797979797979798,0.8585858585858586,4.325498224292263e-43
9.797979797979798,0.9090909090909091,2.835384133374963e-43
9.797979797979798,0.9595959595959596,1.2740388909686424e-43
9.797979797979798,1.0101010101010102,-3.193130401177988e-44
9.797979797979798,1.0606060606060606,-1.904643117916234e-43
9.797979797979798,1.1111111111111112,-3.4421243272429074e-43
9.797979797979798,1.1616161616161615,-4.8931317228411975e-43
9.797979797979798,1.2121212121212122,-6.221212773856143e-43
9.797979797979798,1.2626262626262625,-7.393003132430591e-43
9.797979797979798,1.3131313131313131,-8.379064820280595e-43
9.797979797979798,1.3636363636363635,-9.154625776140089e-43
9.797979797979798,1.4141414141414141,-9.700202184999496e-43
9.797979797979798,1.4646464646464645,-1.000208795484438e-42
9.797979797979798,1.5151515151515151,-1.0052699044150669e-42
9.797979797979798,1.5656565656565655,-9.8507639898644e-43
9.797979797979798,1.6161616161616161,-9.401355849379622e-43
9.797979797979798,1.6666666666666667,-8.715764754061069e-43
9.797979797979798,1.7171717171717171,-7.81121427605028e-43
9.797979797979798,1.7676767676767677,-6.710428733851474e-43
9.797979797979798,1.8181818181818181,-5.441062306942615e-43
9.797979797979798,1.8686868686868687,-4.035004301321387e-43
9.797979797979798,1.9191919191919191,-2.5275780192599076e-43
9.797979797979798,1.9696969696969697,-9.566533594403826e-44
9.797979797979798,2.0202020202020203,6.383045590712064e-44
9.797979797979798,2.0707070707070705,2.217226848333061e-43
9.797979797979798,2.121212121212121,3.740447471051735e-43
9.797979797979798,2.1717171717171717,5.169699739602449e-43
9.797979797979798,2.2222222222222223,6.469077660275639e-43
9.797979797979798,2.2727272727272725,7.605937971645277e-43
9.797979797979798,2.323232323232323,8.55172021585037e-43
9.797979797979798,2.3737373737373737,9.282664240776211e-43
9.797979797979798,2.4242424242424243,9.780407107885964e-43
9.797979797979798,2.474747474747475,1.0032444410051037e-42
9.797979797979798,2.525252525252525,1.0032444410051037e-42
9.797979797979798,2.5757575757575757,9.780407107885965e-43
9.797979797979798,2.6262626262626263,9.282664240776213e-43
9.797979797979798,2.676767676767677,8.551720215850374e-43
9.797979797979798,2.727272727272727,7.605937971645293e-43
9.797979797979798,2.7777777777777777,6.469077660275651e-43
9.797979797979798,2.8282828282828283,5.169699739602461e-43
9.797979797979798,2.878787878787879,3.740447471051749e-43
9.797979797979798,2.929292929292929,2.2172268483330757e-43
9.797979797979798,2.9797979797979797,6.383045590712035e-44
9.797979797979798,3.0303030303030303,-9.566533594403852e-44
9.797979797979798,3.080808080808081,-2.5275780192599104e-43
9.797979797979798,3.131313131313131,-4.0350043013213735e-43
9.797979797979798,3.1818181818181817,-5.441062306942603e-43
9.797979797979798,3.2323232323232323,-6.710428733851469e-43
9.797979797979798,3.282828282828283,-7.811214276050276e-43
9.797979797979798,3.3333333333333335,-8.71576475406107e-43
9.797979797979798,3.3838383838383836,-9.401355849379618e-43
9.797979797979798,3.4343434343434343,-9.850763989864397e-43
9.797979797979798,3.484848484848485,-1.0052699044150669e-42
9.797979797979798,3.5353535353535355,-1.000208795484438e-42
9.797979797979798,3.5858585858585856,-9.700202184999503e-43
9.797979797979798,3.6363636363636362,-9.154625776140098e-43
9.797979797979798,3.686868686868687,-8.379064820280603e-43
9.797979797979798,3.7373737373737375,-7.3930031324306e-43
9.797979797979798,3.7878787878787876,-6.221212773856147e-43
9.797979797979798,3.8383838383838382,-4.893131722841203e-43
9.797979797979798,3.888888888888889,-3.442124327242909e-43
9.797979797979798,3.9393939393939394,-1.9046431179162355e-43
9.797979797979798,3.9898989898989896,-3.193130401178094e-44
9.797979797979798,4.040404040404041,1.2740388909686496e-43
9.797979797979798,4.090909090909091,2.8353841333749526e-43
9.797979797979798,4.141414141414141,4.3254982242922415e-43
9.797979797979798,4.191919191919192,5.706946185758774e-43
9.797979797979798,4.242424242424242,6.9450229745109935e-43
9.797979797979798,4.292929292929293,8.008625349807573e-43
9.797979797979798,4.343434343434343,8.871033255968164e-43
9.797979797979798,4.393939393939394,9.510581089561511e-43
9.797979797979798,4.444444444444445,9.911201987518548e-43
9.797979797979798,4.494949494949495,1.0062831462443652e-42
9.797979797979798,4.545454545454545,9.961660244907886e-43
9.797979797979798,4.595959595959596,9.61022998076367e-43
9.797979797979798,4.646464646464646,9.017369379351803e-43
9.797979797979798,4.696969696969697,8.197972416699702e-43
9.797979797979798,4.747474747474747,7.172624165739594e-43
9.797979797979798,4.797979797979798,5.967083653523011e-43
9.797979797979798,4.848484848484849,4.611636737208059e-43
9.797979797979798,4.898989898989899,3.140335256012937e-43
9.797979797979798,4.94949494949495,1.5901415733293377e-43
9.797979797979798,5.0,6.162482856472299e-58
9.8989898989899,0.0,0.0
9.8989898989899,0.050505050505050504,5.867791967406158e-44
9.8989898989899,0.10101010101010101,1.1588171958559622e-43
9.8989898989899,0.15151515151515152,1.701743131369598e-43
9.8989898989899,0.20202020202020202,2.201917497048604e-43
9.8989898989899,0.25252525252525254,2.646774801115965e-43
9.8989898989899,0.30303030303030304,3.025139239332662e-43
9.8989898989899,0.35353535353535354,3.3275054560400283e-43
9.8989898989899,0.40404040404040403,3.5462773398209465e-43
9.8989898989899,0.45454545454545453,3.675958854702123e-43
9.8989898989899,0.5050505050505051,3.713292112793484e-43
9.8989898989899,0.5555555555555556,3.657339219673114e-43
9.8989898989899,0.6060606060606061,3.509505836379738e-43
9.8989898989899,0.6565656565656566,3.2735058660831428e-43
9.8989898989899,0.7070707070707071,2.9552681525818547e-43
9.8989898989899,0.7575757575757576,2.5627875345691907e-43
9.8989898989899,0.8080808080808081,2.105923997515584e-43
9.8989898989899,0.8585858585858586,1.5961549689182844e-43
9.8989898989899,0.9090909090909091,1.0462869798123675e-43
9.8989898989899,0.9595959595959596,4.701339362467245e-44
9.8989898989899,1.0101010101010102,-1.1782991673931864e-44
9.8989898989899,1.0606060606060606,-7.02833620322531e-44
9.8989898989899,1.1111111111111112,-1.2701805812120585e-43
9.8989898989899,1.1616161616161615,-1.8056177827382106e-43
9.8989898989899,1.2121212121212122,-2.2956938523106507e-43
9.8989898989899,1.2626262626262625,-2.728096989795506e-43
9.8989898989899,1.3131313131313131,-3.091964267299534e-43
9.8989898989899,1.3636363636363635,-3.37815453006324e-43
9.8989898989899,1.4141414141414141,-3.5794780425860128e-43
9.8989898989899,1.4646464646464645,-3.690877110762136e-43
9.8989898989899,1.5151515151515151,-3.709553142398196e-43
9.8989898989899,1.5656565656565655,-3.635036954069266e-43
9.8989898989899,1.6161616161616161,-3.4692005580493665e-43
9.8989898989899,1.6666666666666667,-3.216210133202321e-43
9.8989898989899,1.7171717171717171,-2.882421361308752e-43
9.8989898989899,1.7676767676767677,-2.4762197582133036e-43
9.8989898989899,1.8181818181818181,-2.0078100110286e-43
9.8989898989899,1.8686868686868687,-1.4889596137135332e-43
9.8989898989899,1.9191919191919191,-9.327032414700493e-44
9.8989898989899,1.9696969696969697,-3.5301529073057893e-44
9.8989898989899,2.0202020202020203,2.355411887404952e-44
9.8989898989899,2.0707070707070705,8.181803500254352e-44
9.8989898989899,2.121212121212121,1.3802650023914694e-43
9.8989898989899,2.1717171717171717,1.9076743300552718e-43
9.8989898989899,2.2222222222222223,2.387158638461055e-43
9.8989898989899,2.2727272727272725,2.806672216057204e-43
9.8989898989899,2.323232323232323,3.1556759493438238e-43
9.8989898989899,2.3737373737373737,3.425402088828578e-43
9.8989898989899,2.4242424242424243,3.609074514381557e-43
9.8989898989899,2.474747474747475,3.702078966433867e-43
9.8989898989899,2.525252525252525,3.702078966433867e-43
9.8989898989899,2.5757575757575757,3.609074514381558e-43
9.8989898989899,2.6262626262626263,3.4254020888285787e-43
9.8989898989899,2.676767676767677,3.155675949343825e-43
9.8989898989899,2.727272727272727,2.8066722160572098e-43
9.8989898989899,2.7777777777777777,2.3871586384610595e-43
9.8989898989899,2.8282828282828283,1.907674330055276e-43
9.8989898989899,2.878787878787879,1.3802650023914746e-43
9.8989898989899,2.929292929292929,8.181803500254407e-44
9.8989898989899,2.9797979797979797,2.3554118874049414e-44
9.8989898989899,3.0303030303030303,-3.530152907305799e-44
9.8989898989899,3.080808080808081,-9.327032414700503e-44
9.8989898989899,3.131313131313131,-1.4889596137135282e-43
9.8989898989899,3.1818181818181817,-2.0078100110285955e-43
9.8989898989899,3.2323232323232323,-2.476219758213302e-43
9.8989898989899,3.282828282828283,-2.8824213613087503e-43
9.8989898989899,3.3333333333333335,-3.2162101332023215e-43
9.8989898989899,3.3838383838383836,-3.4692005580493645e-43
9.8989898989899,3.4343434343434343,-3.6350369540692646e-43
9.8989898989899,3.484848484848485,-3.709553142398196e-43
9.8989898989899,3.5353535353535355,-3.690877110762136e-43
9.8989898989899,3.5858585858585856,-3.579478042586015e-43
9.8989898989899,3.6363636363636362,-3.3781545300632435e-43
9.8989898989899,3.686868686868687,-3.0919642672995373e-43
9.8989898989899,3.7373737373737375,-2.72809698979551e-43
9.8989898989899,3.7878787878787876,-2.2956938523106527e-43
9.8989898989899,3.8383838383838382,-1.8056177827382126e-43
9.8989898989899,3.888888888888889,-1.270180581212059e-43
9.8989898989899,3.9393939393939394,-7.028336203225316e-44
9.8989898989899,3.9898989898989896,-1.1782991673932258e-44
9.8989898989899,4.040404040404041,4.701339362467271e-44
9.8989898989899,4.090909090909091,1.0462869798123637e-43
9.8989898989899,4.141414141414141,1.5961549689182766e-43
9.8989898989899,4.191919191919192,2.1059239975155827e-43
9.8989898989899,4.242424242424242,2.562787534569187e-43
9.8989898989899,4.292929292929293,2.955268152581855e-43
9.8989898989899,4.343434343434343,3.273505866083141e-43
9.8989898989899,4.393939393939394,3.509505836379735e-43
9.8989898989899,4.444444444444445,3.657339219673114e-43
9.8989898989899,4.494949494949495,3.713292112793484e-43
9.8989898989899,4.545454545454545,3.6759588547021235e-43
9.8989898989899,4.595959595959596,3.5462773398209477e-43
9.8989898989899,4.646464646464646,3.32750545604003e-43
9.8989898989899,4.696969696969697,3.0251392393326594e-43
9.8989898989899,4.747474747474747,2.6467748011159657e-43
9.8989898989899,4.797979797979798,2.2019174970486094e-43
9.8989898989899,4.848484848484849,1.701743131369597e-43
9.8989898989899,4.898989898989899,1.1588171958559664e-43
9.8989898989899,4.94949494949495,5.867791967406127e-44
9.8989898989899,5.0,2.2740218865403445e-58
10.0,0.0,0.0
10.0,0.050505050505050504,2.1652778060929267e-44
10.0,0.10101010101010101,4.2761590210481222e-44
10.0,0.15151515151515152,6.279613617001665e-44
10.0,0.20202020202020202,8.125310361530431e-44
10.0,0.25252525252525254,9.76688125007914e-44
10.0,0.30303030303030304,1.1163086373294484e-43
10.0,0.35353535353535354,1.2278849955209873e-43
10.0,0.40404040404040403,1.3086141534698779e-43
10.0,0.45454545454545453,1.3564680152960063e-43
10.0,0.5050505050505051,1.3702443856280478e-43
10.0,0.5555555555555556,1.3495971714232499e-43
10.0,0.6060606060606061,1.2950450765939105e-43
10.0,0.6565656565656566,1.2079585710122043e-43
10.0,0.7070707070707071,1.0905254612609222e-43
10.0,0.7575757575757576,9.4569592806939e-44
10.0,0.8080808080808081,7.771084112163378e-44
10.0,0.8585858585858586,5.889982038356882e-44
10.0,0.9090909090909091,3.8609105243947096e-44
10.0,0.9595959595959596,1.7348443566177257e-44
10.0,1.0101010101010102,-4.3480495734446707e-45
10.0,1.0606060606060606,-2.5935310043601287e-44
10.0,1.1111111111111112,-4.687101788041821e-44
10.0,1.1616161616161615,-6.66292215703418e-44
10.0,1.2121212121212122,-8.471355112116493e-44
10.0,1.2626262626262625,-1.0066968797948614e-43
10.0,1.3131313131313131,-1.1409677852256151e-43
10.0,1.3636363636363635,-1.2465750439226344e-43
10.0,1.4141414141414141,-1.320865566819773e-43
10.0,1.4646464646464645,-1.3619730108602298e-43
10.0,1.5151515151515151,-1.368864665682363e-43
10.0,1.5656565656565655,-1.3413673975993238e-43
10.0,1.6161616161616161,-1.2801719991020836e-43
10.0,1.6666666666666667,-1.1868158346166752e-43
10.0,1.7171717171717171,-1.0636442184927913e-43
10.0,1.7676767676767677,-9.137514954945116e-44
10.0,1.8181818181818181,-7.409033039821975e-44
10.0,1.8686868686868687,-5.494419747071873e-44
10.0,1.9191919191919191,-3.441774418118595e-44
10.0,1.9696969696969697,-1.3026640659318656e-44
10.0,2.0202020202020203,8.691721029537262e-45
10.0,2.0707070707070705,3.0191727367501457e-44
10.0,2.121212121212121,5.093325040843561e-44
10.0,2.1717171717171717,7.039521699246289e-44
10.0,2.2222222222222223,8.808869926190673e-44
10.0,2.2727272727272725,1.0356919761578964e-43
10.0,2.323232323232323,1.1644780752777573e-43
10.0,2.3737373737373737,1.2640098969226943e-43
10.0,2.4242424242424243,1.3317869805088606e-43
10.0,2.474747474747475,1.3661066150520257e-43
10.0,2.525252525252525,1.3661066150520257e-43
10.0,2.5757575757575757,1.3317869805088608e-43
10.0,2.6262626262626263,1.2640098969226947e-43
10.0,2.676767676767677,1.164478075277758e-43
10.0,2.727272727272727,1.0356919761578986e-43
10.0,2.7777777777777777,8.808869926190689e-44
10.0,2.8282828282828283,7.039521699246306e-44
10.0,2.878787878787879,5.09332504084358e-44
10.0,2.929292929292929,3.0191727367501656e-44
10.0,2.9797979797979797,8.691721029537225e-45
10.0,3.0303030303030303,-1.302664065931869e-44
10.0,3.080808080808081,-3.441774418118599e-44
10.0,3.131313131313131,-5.494419747071854e-44
10.0,3.1818181818181817,-7.409033039821959e-44
10.0,3.2323232323232323,-9.13751495494511e-44
10.0,3.282828282828283,-1.0636442184927907e-43
10.0,3.3333333333333335,-1.1868158346166752e-43
10.0,3.3838383838383836,-1.2801719991020828e-43
10.0,3.4343434343434343,-1.3413673975993234e-43
10.0,3.484848484848485,-1.368864665682363e-43
10.0,3.5353535353535355,-1.36197301086023e-43
10.0,3.5858585858585856,-1.3208655668197738e-43
10.0,3.6363636363636362,-1.2465750439226358e-43
10.0,3.686868686868687,-1.1409677852256161e-43
10.0,3.7373737373737375,-1.0066968797948628e-43
10.0,3.7878787878787876,-8.471355112116499e-44
10.0,3.8383838383838382,-6.662922157034187e-44
10.0,3.888888888888889,-4.687101788041824e-44
10.0,3.9393939393939394,-2.593531004360131e-44
10.0,3.9898989898989896,-4.348049573444815e-45
10.0,4.040404040404041,1.7348443566177354e-44
10.0,4.090909090909091,3.8609105243946957e-44
10.0,4.141414141414141,5.889982038356853e-44
10.0,4.191919191919192,7.771084112163375e-44
10.0,4.242424242424242,9.456959280693885e-44
10.0,4.292929292929293,1.0905254612609224e-43
10.0,4.343434343434343,1.2079585710122035e-43
10.0,4.393939393939394,1.2950450765939095e-43
10.0,4.444444444444445,1.3495971714232499e-43
10.0,4.494949494949495,1.3702443856280476e-43
10.0,4.545454545454545,1.3564680152960067e-43
10.0,4.595959595959596,1.3086141534698785e-43
10.0,4.646464646464646,1.227884995520988e-43
10.0,4.696969696969697,1.1163086373294474e-43
10.0,4.747474747474747,9.766881250079141e-44
10.0,4.797979797979798,8.125310361530452e-44
10.0,4.848484848484849,6.279613617001661e-44
10.0,4.898989898989899,4.276159021048137e-44
10.0,4.94949494949495,2.1652778060929152e-44
10.0,5.0,8.391383247473866e-59
