x1,y1,y2,d1y1dx1,d1y2dx1,d2y1dx1,d2y2dx1
-4,5.6412845756009,-2.55076418213153,-14.6285653393807,-11.9237973454281,10.742812939864,6.48562587972793
-3.99466310873916,5.5633667371583,-2.61430715928222,-14.5711008827378,-11.8888079220907,10.7919810557227,6.62662875912388
-3.98932621747832,5.48575628016043,-2.67766139455473,-14.5133742053238,-11.8530665019597,10.8410790692699,6.76743446907991
-3.98398932621748,5.40845460302123,-2.74082287749478,-14.4553856989433,-11.8165741726588,10.8901003580108,6.90802976460679
-3.97865243495664,5.33146310196938,-2.80378760364113,-14.3971357907182,-11.7793320924473,10.9390383092516,7.04840142031691
-3.9733155436958,5.25478317085992,-2.86655157490232,-14.3386249430343,-11.7413414901119,10.9878863206646,7.1885362315545
-3.96797865243496,5.17841620098621,-2.92911079993272,-14.2798536534847,-11.7026036648533,11.0366378008516,7.32842101552374
-3.96264176117412,5.10236358089219,-2.99146129450802,-14.2208224548092,-11.6631199861666,11.0852861699082,7.46804261241534
-3.95730486991328,5.02662669618498,-3.05359908190008,-14.1615319148321,-11.6228918937154,11.1338248599851,7.60738788653094
-3.95196797865243,4.95120692934783,-3.115520193251,-14.1019826363964,-11.5819208972005,11.1822473158498,7.74644372740545
-3.94663108739159,4.87610565955336,-3.17722066794662,-14.0421752572945,-11.5402085762217,11.2305469954466,7.88519705092743
-3.94129419613075,4.80132426247728,-3.23869655398909,-13.9821104501965,-11.4977565801347,11.2787173704555,8.02363480045696
-3.93595730486991,4.72686411011241,-3.29994390836884,-13.921788922576,-11.4545666279011,11.3267519268501,8.16174394794136
-3.93062041360907,4.65272657058317,-3.36095879743559,-13.8612114166314,-11.4106405079332,11.3746441654544,8.29951149502834
-3.92528352234823,4.57891300796047,-3.42173729726858,-13.8003787092059,-11.3659800779324,11.4223876024976,8.43692447417671
-3.91994663108739,4.50542478207704,-3.48227549404593,-13.7392916117036,-11.3205872647215,11.4699757701689,8.5739699497644
-3.91460973982655,4.43226324834317,-3.54256948441307,-13.6779509700024,-11.274464064072,11.5174022171693,8.71063501919373
-3.90927284856571,4.35942975756303,-3.60261537585024,-13.6163576643653,-11.2276125405243,11.5646605092635,8.84690681399395
-3.90393595730487,4.28692565575136,-3.66240928703899,-13.554512609347,-11.1800348272031,11.6117442298293,8.98277250092078
-3.89859906604403,4.21475228395073,-3.72194734822772,-13.4924167536989,-11.1317331256264,11.6586469804062,9.11821928305295
-3.89326217478319,4.14291097804928,-3.78122570159616,-13.4300710802706,-11.0827097055083,11.7053623812416,9.25323440088567
-3.88792528352235,4.07140306859905,-3.84024050161879,-13.3674766059087,-11.0329669045569,11.7518840718366,9.38780513342093
-3.88258839226151,4.00022988063478,-3.89898791542715,-13.3046343813524,-10.9825071282657,11.7982057114891,9.52191879925436
-3.87725150100067,3.9293927334933,-3.95746412317107,-13.2415454911265,-10.9313328496995,11.8443209798354,9.65556275765894
-3.87191460973983,3.85889294063358,-4.01566531837864,-13.1782110534315,-10.8794466092742,11.8902235773909,9.78872440966499
-3.86657771847899,3.78873180945724,-4.07358770831512,-13.1146322200307,-10.8268510145312,11.9359072260875,9.92139119913679
-3.86124082721815,3.71891064112977,-4.13122751434054,-13.0508101761341,-10.773548739906,11.9813656698108,10.0535506138454
-3.8559039359573,3.64943073040233,-4.18858097226607,-12.9867461402806,-10.7195425264911,12.0265926749345,10.1851901865379
-3.85056704469646,3.5802933654342,-4.24564433270915,-12.9224413642158,-10.6648351817927,12.0715820308525,10.3162974960026
-3.84523015343562,3.51149982761592,-4.30241386144721,-12.857897132768,-10.6094295794827,12.1163275505103,10.4468601681301
-3.83989326217478,3.443051391393,-4.35888583977018,-12.7931147637212,-10.5533286591441,12.1608230709334,10.5768658769714
-3.83455637091394,3.37494932409046,-4.4150565648315,-12.7280956076852,-10.4965354260113,12.2050624537535,10.7063023457902
-3.8292194796531,3.30719488573796,-4.47092234999783,-12.6628410479626,-10.4390529507047,12.2490395857336,10.8351573481125
-3.82388258839226,3.23978932889567,-4.5264795251973,-12.5973525004135,-10.3808843689595,12.2927483792903,10.9634187087711
-3.81854569713142,3.17273389848093,-4.58172443726622,-12.5316314133172,-10.3220328813493,12.3361827730134,11.0910743049459
-3.81320880587058,3.10602983159553,-4.63665345029442,-12.4656792672311,-10.2625017530041,12.3793367321844,11.2181120671998
-3.80787191460974,3.03967835735392,-4.69126294596901,-12.3994975748469,-10.2022943133219,12.4222042492919,11.3445199805102
-3.8025350233489,2.97368069671201,-4.74554932391656,-12.3330878808439,-10.1414139556767,12.4647793445451,11.4702860852952
-3.79719813208806,2.90803806229693,-4.79950900204379,-12.2664517617397,-10.0798641371187,12.5070560663845,11.595398478436
-3.79186124082722,2.84275165823749,-4.85313841687653,-12.1995908257385,-10.0176483780714,12.5490284919905,11.7198453142934
-3.78652434956638,2.77782267999545,-4.90643402389717,-12.132506712576,-9.95477026202096,12.5906907277898,11.8436148057205
-3.78118745830554,2.7132523141977,-4.95939229788035,-12.0652010933621,-9.89123343520238,12.6320369099584,11.9666952250697
-3.7758505670447,2.64904173846926,-5.01200973322702,-11.9976756704207,-9.82704160627865,12.6730612049233,12.0890749051948
-3.77051367578386,2.58519212126705,-5.06428284429668,-11.9299321771273,-9.76219854601542,12.7137578098604,12.2107422404477
-3.76517678452302,2.52170462171471,-5.11620816573801,-11.8619723777429,-9.69670808695014,12.7541209531907,12.3316856876704
-3.75983989326217,2.45858038943814,-5.16778225281762,-11.7937980672467,-9.63057412305584,12.7941448950734,12.451893767181
-3.75450300200133,2.39582056440204,-5.21900168174699,-11.7254110711647,-9.56380060939983,12.833823927896,12.571355063755
-3.74916611074049,2.33342627674738,-5.26986305000764,-11.6568132453969,-9.49639156179707,12.8731523767626,12.6900582276003
-3.74382921947965,2.27139864662967,-5.32036297667436,-11.5880064760412,-9.42835105645833,12.9121245999784,12.8079919753271
-3.73849232821881,2.20973878405841,-5.37049810273661,-11.5189926792149,-9.35968322963332,12.9507349895316,12.9251450909124
-3.73315543695797,2.14844778873724,-5.42026509141799,-11.4497738008737,-9.29039227724851,12.9889779715732,13.0415064266575
-3.72781854569713,2.08752674990524,-5.4696606284937,-11.3803518166282,-9.22048245453999,13.0268480068926,13.1570649041418
-3.72248165443629,2.02697674617915,-5.51868142260614,-11.3107287315576,-9.1499580756812,13.0643395913914,13.2718095151681
-3.71714476317545,1.96679884539661,-5.56732420557839,-11.240906580021,-9.07882351340568,13.1014472565534,13.3857293227041
-3.71180787191461,1.90699410446041,-5.61558573272578,-11.1708874254667,-9.00708319862473,13.138165569912,13.4988134618167
-3.70647098065377,1.84756356918372,-5.66346278316528,-11.1006733602381,-8.93474162004014,13.1744891355143,13.6110511406001
-3.70113408939293,1.78850827413647,-5.71095216012295,-11.0302665053776,-8.86180332375203,13.2104125943824,13.7224316410983
-3.69579719813209,1.72982924249263,-5.75805069123915,-10.9596690104284,-8.7882729128617,13.2459306249709,13.8329443202208
-3.69046030687125,1.67152748587871,-5.80475522887171,-10.8888830532333,-8.71415504706966,13.2810379436221,13.942578610652
-3.68512341561041,1.61360400422327,-5.8510626503969,-10.8179108397312,-8.63945444226886,13.3157293050171,14.051324021754
-3.67978652434957,1.55605978560745,-5.89696985850823,-10.7467546037514,-8.56417587013301,13.3499995026239,14.1591701404632
-3.67444963308873,1.49889580611675,-5.94247378151306,-10.6754166068055,-8.48832415770023,13.3838433691429,14.2661066321798
-3.66911274182789,1.44211302969383,-5.98757137362688,-10.6038991378767,-8.41190418695193,13.4172557769476,14.3721232416514
-3.66377585056704,1.38571240799245,-6.0322596152655,-10.532204513207,-8.33492089438702,13.4502316385235,14.4772097938486
-3.6584389593062,1.3296948802326,-6.07653551333478,-10.4603350760816,-8.25737927059143,13.4827659069022,14.5813561948349
-3.65310206804536,1.2740613730567,-6.12039610151817,-10.3882931966122,-8.17928435980298,13.514853576093,14.6845524326288
-3.64776517678452,1.21881280038708,-6.16383844056185,-10.3160812715161,-8.1006412594718,13.5464896815108,14.7867885780597
-3.64242828552368,1.16395006328451,-6.20685961855755,-10.243701723895,-8.02145511981603,13.5776693003996,14.8880547856162
-3.63709139426284,1.10947404980804,-6.24945675122297,-10.1711570030101,-7.94173114337313,13.608387552254,14.9883412942871
-3.631754503002,1.05538563487599,-6.29162698217977,-10.0984495840556,-7.86147458454667,13.6386395992355,15.0876384283957
-3.62641761174116,1.00168568012814,-6.33336748322921,-10.0255819679301,-7.78069074914872,13.6684206465866,15.1859365984266
-3.62108072048032,0.94837503378915,-6.37467545462522,-9.95255668100532,-7.69938499393778,13.6977259430396,15.2832263018449
-3.61574382921948,0.895454530533278,-6.41554812534508,-9.87937627489301,-7.61756272615248,13.7265507812234,15.3794981239081
-3.61040693795864,0.842924991350257,-6.4559827533576,-9.80604332620966,-7.53522940304079,13.7548904980655,15.474742738471
-3.6050700466978,0.790787223412523,-6.49597662588868,-9.73256043633899,-7.45239053138518,13.7827404751899,15.5689509087821
-3.59973315543696,0.739042019943635,-6.53552705968445,-9.65893023119232,-7.36905166702329,13.8100961393125,15.662113488273
-3.59439626417612,0.687690160088045,-6.5746314012718,-9.5851553609669,-7.28521841436467,13.8369529626316,15.7542214213401
-3.58905937291528,0.63673240878212,-6.61328702721623,-9.51123849990211,-7.20089642590314,13.8633064632146,15.8452657441181
-3.58372248165444,0.586169516626492,-6.65149134437722,-9.43718234603371,-7.11609140172521,13.8891522053809,15.9352375852464
-3.5783855903936,0.536002219759735,-6.68924179016088,-9.36298962094591,-7.03080908901437,13.9144858000815,16.0241281666265
-3.57304869913276,0.486231239733328,-6.72653583277001,-9.28866306952154,-6.94505528155129,13.9393029052733,16.1119288041724
-3.56771180787191,0.436857283388,-6.76337097145136,-9.21420545969019,-6.85883581921017,13.9635992262907,16.1986309085528
-3.56237491661107,0.387881042731406,-6.79974473674037,-9.13961958217435,-6.77215658745105,13.9873705162121,16.2842259859245
-3.55703802535023,0.339303194817166,-6.83565469070302,-9.06490825023366,-6.68502351680825,14.0106125762232,16.3687056386589
-3.55170113408939,0.291124401625276,-6.87109842717505,-8.99007429940725,-6.59744258237501,14.0333212559754,16.4520615660589
-3.54636424282855,0.243345309943892,-6.90607357199836,-8.91512058725403,-6.50941980328424,14.0554924539406,16.5342855650683
-3.54102735156771,0.1959665512525,-6.94057778325468,-8.84004999309131,-6.42096124218555,14.0771221177619,16.6153695309731
-3.53569046030687,0.148988741606523,-6.97460875149638,-8.76486541773138,-6.33207300471857,14.0982062445993,16.6953054580936
-3.53035356904603,0.102412481523283,-7.00816419997453,-8.68956978321635,-6.24276123898258,14.1187408814723,16.7740854404686
-3.52501667778519,0.056238355869437,-7.041241884864,-8.61416603255121,-6.15303213500253,14.1387221255974,16.8517016725311
-3.51967978652435,0.010466933749791,-7.07383959548589,-8.53865712943492,-6.06289192419142,14.1581461247216,16.928146449775
-3.51434289526351,-0.034901231602404,-7.10595515452686,-8.46304605798998,-5.97234687880927,14.1770090774513,17.0034121694135
-3.50900600400267,-0.079865602933724,-7.13758641825577,-8.38733582249005,-5.88140331141842,14.1953072335778,17.0774913310289
-3.50366911274183,-0.124425659077402,-7.16873127673725,-8.31152944708594,-5.79006757433555,14.2130368943971,17.1503765372131
-3.49833222148099,-0.168580895058644,-7.19938765404239,-8.23562997552993,-5.69834605908023,14.2301944130261,17.2220604942002
-3.49299533022015,-0.212330822198537,-7.22955350845654,-8.15964047089832,-5.60624519582009,14.2467761947145,17.2925360124893
-3.48765843895931,-0.255674968216409,-7.25922683268401,-8.08356401531241,-5.51377145281277,14.2627786971516,17.3617960074592
-3.48232154769847,-0.298612877330737,-7.28840565404992,-8.00740370965781,-5.42093133584453,14.2781984307691,17.4298334999732
-3.47698465643762,-0.341144110358532,-7.31708803469894,-7.93116267330219,-5.32773138766574,14.2930319590394,17.496641616976
-3.47164776517678,-0.383268244813209,-7.34527207179106,-7.8548440438114,-5.23417818742311,14.3072758987689,17.5622135920809
-3.46631087391594,-0.424984875000958,-7.37295589769431,-7.77845097666407,-5.14027835008894,14.3209269203877,17.6265427661474
-3.4609739826551,-0.466293612115593,-7.40013768017445,-7.70198664496463,-5.04603852588715,14.3339817482333,17.6896225878511
-3.45563709139426,-0.507194084331816,-7.42681562258151,-7.62545423915491,-4.95146539971641,14.3464371608312,17.7514466142426
-3.45030020013342,-0.547685936897003,-7.45298796403339,-7.54885696672419,-4.85656569057031,14.3582899911698,17.8120085112988
-3.44496330887258,-0.587768832221382,-7.47865297959616,-7.47219805191782,-4.76134615095459,14.3695371269709,17.8713020544635
-3.43962641761174,-0.627442449966694,-7.50380898046143,-7.39548073544438,-4.66581356630143,14.3801755109562,17.9293211291797
-3.4342895263509,-0.666706487133273,-7.52845431412047,-7.31870827418146,-4.56997475438107,14.3902021411077,17.9860597314118
-3.42895263509006,-0.705560658145535,-7.55258736453525,-7.24188394088009,-4.47383656471057,14.399614070925,18.0415119681588
-3.42361574382922,-0.744004694935916,-7.57620655230622,-7.16501102386771,-4.37740587795986,14.4084084096765,18.0956720579578
-3.41827885256838,-0.782038347027195,-7.59931033483706,-7.08809282674995,-4.28068960535522,14.4165823226469,18.1485343313777
-3.41294196130754,-0.819661381613238,-7.6218972064961,-7.01113266811096,-4.18369468808002,14.424133031379,18.2000932315042
-3.4076050700467,-0.856873583638137,-7.6439656987746,-6.9341338812126,-4.08642809667295,14.4310578139111,18.2503433144142
-3.40226817878586,-0.893674755873737,-7.66551438044185,-6.85709981369223,-3.9888968304238,14.43735400501,18.2992792496411
-3.39693128752502,-0.930064718995546,-7.68654185769694,-6.78003382725939,-3.8911079167667,14.4430189963983,18.3468958206303
-3.39159439626418,-0.966043311657013,-7.70704677431735,-6.70293929739128,-3.79306841067103,14.4480502369777,18.3931879251848
-3.38625750500334,-1.00161039056221,-7.7270278118043,-6.62581961302691,-3.69478539402989,14.4524452330464,18.4381505759014
-3.3809206137425,-1.03676583053685,-7.74648368952478,-6.54867817626031,-3.59626597504634,14.4562015485127,18.4817789005965
-3.37558372248165,-1.07150952459767,-7.76541316485033,-6.47151840203245,-3.49751728761737,14.459316805103,18.5240681427229
-3.37024683122081,-1.10584138402016,-7.78381503329248,-6.39434371782215,-3.39854649071566,14.4617886825648,18.5650136617757
-3.36490993995997,-1.13976133840467,-7.80168812863499,-6.31715756333592,-3.29936076776925,14.4636149188653,18.6046109336892
-3.35957304869913,-1.17326933574082,-7.81903132306266,-6.2399633901967,-3.19996732603903,14.4647933103845,18.6428555512234
-3.35423615743829,-1.20636534247028,-7.83584352728684,-6.1627646616316,-3.10037339599428,14.4653217121034,18.6797432243404
-3.34889926617745,-1.23904934354783,-7.85212369066767,-6.08556485215869,-3.00058623068618,14.4651980377875,18.7152697805711
-3.34356237491661,-1.27132134250085,-7.86787080133291,-6.00836744727278,-2.90061310511938,14.464420260165,18.7494311653719
-3.33822548365577,-1.30318136148697,-7.88308388629337,-5.93117594313032,-2.80046131562178,14.4629864110998,18.7822234424707
-3.33288859239493,-1.3346294413502,-7.8977620115551,-5.85399384623326,-2.70013817921235,14.46089458176,18.8136427942037
-3.32755170113409,-1.36566564167527,-7.91190428222807,-5.7768246731122,-2.5996510329673,14.4581429227809,18.8436855218413
-3.32221480987325,-1.39629004084031,-7.92550984263153,-5.69967195000855,-2.49900723338448,14.4547296444228,18.8723480459044
-3.31687791861241,-1.4265027360678,-7.938577876396,-5.62253921255592,-2.39821415574615,14.4506530167242,18.8996269064698
-3.31154102735157,-1.45630384347389,-7.95110760656174,-5.54543000546069,-2.2972791934801,14.4459113696496,18.9255187634665
-3.30620413609073,-1.48569349811592,-7.96309829567396,-5.46834788218181,-2.19620975751928,14.440503093232,18.9500203969605
-3.30086724482989,-1.51467185403831,-7.97454924587448,-5.39129640460985,-2.09501327565984,14.4344266377106,18.9731287074304
-3.29553035356905,-1.54323908431669,-7.98545979899004,-5.31427914274535,-1.99369719191789,14.4276805136634,18.9948407160319
-3.29019346230821,-1.5713953811003,-7.99582933661714,-5.2372996743764,-1.89226896588466,14.420263292134,19.0151535648523
-3.28485657104736,-1.59914095565272,-8.00565728020341,-5.1603615847557,-1.79073607208057,14.4121736047541,19.0340645171551
-3.27951967978652,-1.62647603839085,-8.01494309112559,-5.08346846627681,-1.68910599930778,14.4034101438603,19.0515709576135
-3.27418278852568,-1.6534008789221,-8.02368627076401,-5.00662391814993,-1.58738625000171,14.3939716626059,19.067670392534
-3.26884589726484,-1.67991574607997,-8.03188636057364,-4.929831546077,-1.48558433958129,14.3838569750673,19.0823604500694
-3.263509006004,-1.70602092795779,-8.03954294215158,-4.85309496192633,-1.38370779579817,14.3730649563454,19.0956388804215
-3.25817211474316,-1.73171673194078,-8.04665563730122,-4.77641778340665,-1.28176415808481,14.3615945426617,19.1075035560334
-3.25283522348232,-1.7570034847363,-8.05322410809277,-4.69980363374062,-1.1797609769016,14.3494447314492,19.1179524717712
-3.24749833222148,-1.78188153240249,-8.05924805692043,-4.62325614133798,-1.07770581308304,14.3366145814384,19.1269837450954
-3.24216144096064,-1.80635124037501,-8.06472722655595,-4.54677893946819,-0.975606237183076,14.3231032127369,19.1345956162218
-3.2368245496998,-1.83041299349212,-8.0696614001988,-4.47037566593262,-0.873469828819482,14.3089098069055,19.1407864482717
-3.23148765843896,-1.85406719601798,-8.07405040152277,-4.39404996273644,-0.771304176017648,14.2940336070275,19.1455547274118
-3.22615076717812,-1.87731427166427,-8.07789409471907,-4.31780547576009,-0.669116874553455,14.2784739177739,19.1488990629838
-3.22081387591728,-1.90015466360989,-8.081192384536,-4.24164585443041,-0.56691552729564,14.2622301054621,19.1508181876229
-3.21547698465644,-1.92258883451911,-8.08394521631496,-4.16557475139153,-0.464707743547494,14.2453015981108,19.1513109573664
-3.2101400933956,-1.94461726655779,-8.08615257602313,-4.08959582217542,-0.362501138387973,14.2276878854885,19.150376351751
-3.20480320213476,-1.96624046140795,-8.08781449028243,-4.01371272487223,-0.260303332012422,14.2093885191569,19.1480134739006
-3.19946631087392,-1.98745894028054,-8.08893102639517,-3.93792911980039,-0.158121949072735,14.1904031125098,19.1442215506025
-3.19412941961308,-2.00827324392643,-8.08950229236598,-3.86224866917654,-0.05596461801721,14.1707313408055,19.1389999323733
-3.18879252835224,-2.02868393264567,-8.08952843692039,-3.78667503678529,0.046161029569881,14.1503729411951,19.1323480935152
-3.18345563709139,-2.048691586295,-8.08900964951973,-3.71121188764883,0.148247359629153,14.1293277127445,19.1242656321599
-3.17811874583055,-2.06829680429354,-8.08794616037262,-3.63586288769646,0.250286736286947,14.1075955164517,19.1147522703038
-3.17278185456971,-2.08750020562675,-8.0863382404429,-3.56063170343403,0.352271522516541,14.0851762752591,19.1038078538313
-3.16744496330887,-2.10630242884866,-8.08418620145397,-3.48552200161332,0.454194080799341,14.0620699740593,19.0914323525278
-3.16210807204803,-2.12470413208226,-8.0814903958897,-3.41053744890145,0.556046773786095,14.0382766596971,19.0776258600829
-3.15677118078719,-2.14270599301819,-8.0782512169917,-3.33568171155017,0.657821964958226,14.0137964409652,19.0623885940819
-3.15143428952635,-2.16030870891162,-8.07446909875323,-3.26095845506539,0.759512019288913,13.9886294885948,19.0457208959872
-3.14609739826551,-2.17751299657742,-8.07014451590934,-3.18637134387657,0.861109303904208,13.9627760352413,19.0276232311095
-3.14076050700467,-2.19431959238351,-8.06527798392373,-3.11192404100631,0.962606188743874,13.9362363754639,19.0080961885677
-3.13542361574383,-2.21072925224246,-8.05987005897189,-3.03762020774007,1.06399504722196,13.9090108657013,18.9871404812385
-3.13008672448299,-2.22674275160138,-8.05392133792086,-2.96346350329593,1.16526825688725,13.8810999242404,18.9647569456961
-3.12474983322215,-2.24236088542994,-8.04743245830536,-2.88945758449473,1.26641820008306,13.8525040311808,18.9409465421397
-3.11941294196131,-2.25758446820677,-8.04040409830045,-2.81560610543015,1.36743726460698,13.8232237283941,18.9157103543126
-3.11407605070047,-2.27241433390397,-8.03283697669068,-2.74191271713928,1.46831784436982,13.7932596194774,18.8890495894085
-3.10873915943963,-2.28685133596996,-8.02473185283567,-2.66838106727325,1.56905234005426,13.7626123697014,18.8609655779694
-3.10340226817879,-2.30089634731049,-8.01608952663226,-2.59501479976826,1.66963315977289,13.731282705954,18.8314597737708
-3.09806537691795,-2.31455026026795,-8.00691083847306,-2.52181755451693,1.77005271972543,13.6992714166782,18.8005337536986
-3.0927284856571,-2.32781398659896,-7.99719666920158,-2.44879296703991,1.87030344485553,13.6665793518042,18.7681892176135
-3.08739159439626,-2.34068845745008,-7.98694794006378,-2.37594466815797,1.97037776950666,13.6332074226775,18.7344279882062
-3.08205470313542,-2.35317462333192,-7.97616561265615,-2.30327628366442,2.07026813807714,13.5991566019804,18.6992520108416
-3.07671781187458,-2.3652734540914,-7.96485068887034,-2.23079143399794,2.16996700567456,13.5644279236493,18.6626633533922
-3.07138092061374,-2.37698593888233,-7.95300421083424,-2.158493733916,2.26946683876898,13.5290224827861,18.6246642060622
-3.0660440293529,-2.38831308613417,-7.94062726084957,-2.08638679216858,2.36876011584539,13.492941435565,18.5852568811994
-3.06070713809206,-2.39925592351917,-7.9277209613261,-2.01447421117256,2.46783932805501,13.456185999133,18.5444438130984
-3.05537024683122,-2.40981549791763,-7.91428647471221,-1.94275958668657,2.56669697986555,13.4187574515068,18.5022275577921
-3.05003335557038,-2.41999287538156,-7.90032500342218,-1.87124650748637,2.66532558971043,13.3806571314628,18.4586107928337
-3.04469646430954,-2.42978914109651,-7.88583778975987,-1.799938555041,2.76371769063657,13.3418864384232,18.4135963170674
-3.0393595730487,-2.43920539934172,-7.87082611583903,-1.72883930318933,2.86186583095119,13.3024468323363,18.3671870503899
-3.03402268178786,-2.44824277344855,-7.85529130350013,-1.65795231781741,2.95976257486714,13.2623398335517,18.3193860335002
-3.02868579052702,-2.45690240575717,-7.83923471422374,-1.58728115653649,3.05740050314691,13.2215670226903,18.2701964276404
-3.02334889926618,-2.46518545757152,-7.82265774904052,-1.51682936836164,3.1547722137453,13.1801300405095,18.219621514325
-3.01801200800534,-2.47309310911262,-7.80556184843773,-1.44660049339128,3.25187032245048,13.1380305877628,18.1676646950613
-3.0126751167445,-2.48062655947009,-7.78794849226234,-1.37659806248728,3.34868746352364,13.0952704250546,18.1143294910577
-3.00733822548366,-2.48778702655202,-7.76981919962078,-1.30682559695599,3.44521629033707,13.0518513726895,18.0596195429239
-3.00200133422282,-2.49457574703314,-7.75117552877521,-1.23728660823005,3.54144947601045,13.0077753105173,18.003538610359
-2.99666444296197,-2.50099397630124,-7.73201907703644,-1.16798459755096,3.63737971404574,12.9630441777716,17.9460905718307
-2.99132755170113,-2.50704298840196,-7.71235148065348,-1.0989230556527,3.73299971895996,12.917659972905,17.8872794242437
-2.98599066044029,-2.51272407598187,-7.69217441469967,-1.03010546244605,3.8283022269165,12.8716247534175,17.8271092825983
-2.98065376917945,-2.51803855022988,-7.67148959295551,-0.961535286703973,3.92327999635443,12.8249406356811,17.7655843796386
-2.97531687791861,-2.52298774081692,-7.6502987677881,-0.893215985747898,4.01792580861584,12.7776097947593,17.7027090654912
-2.96997998665777,-2.52757299583403,-7.62860373002719,-0.825151005134941,4.11223246857147,12.7296344642203,17.638487807293
-2.96464309539693,-2.53179568172873,-7.60640630883801,-0.757343778346246,4.206192805244,12.6810169359473,17.5729251888099
-2.95930620413609,-2.53565718323972,-7.58370837159067,-0.689797726476242,4.29979967242954,12.6317595599416,17.5060259100449
-2.95396931287525,-2.53915890332999,-7.56051182372631,-0.622516257923004,4.3930459493169,12.5818647441226,17.4377947868366
-2.94863242161441,-2.5423022631182,-7.53681860861995,-0.555502768079737,4.48592454110466,12.5313349541217,17.3682367504477
-2.94329553035357,-2.54508870180848,-7.51263070744,-0.488760639027261,4.57842837961613,12.4801727130715,17.2973568471437
-2.93795863909273,-2.54751967661854,-7.48795013900456,-0.422293239227795,4.67055042391183,12.4283806013906,17.2251602377615
-2.93262174783189,-2.5495966627062,-7.46277895963441,-0.356103923219745,4.76228366089994,12.3759612565626,17.1516521972687
-2.92728485657105,-2.55132115309425,-7.4371192630028,-0.290196031313778,4.85362110594408,12.3229173729114,17.0768381143125
-2.92194796531021,-2.5526946585937,-7.41097317998192,-0.224572889290104,4.94455580346881,12.2692517013701,17.0007234907598
-2.91661107404937,-2.55371870772547,-7.38434287848624,-0.159237808096934,5.03508082756265,12.214967049247,16.9233139412266
-2.91127418278853,-2.55439484664038,-7.35723056331255,-0.094194083550311,5.12518928257851,12.1600662799847,16.8446151925984
-2.90593729152769,-2.55472463903764,-7.3296384759769,-0.029444996035124,5.21487430373156,12.1045523129162,16.7646330835411
-2.90060040026684,-2.55470966608167,-7.30156889454825,0.035006189792485,5.30412905769449,12.0484281230148,16.6833735640015
-2.895263509006,-2.55435152631736,-7.27302413347904,0.09915622530137,5.39294674318999,11.9916967406407,16.6008426946997
-2.88992661774516,-2.55365183558378,-7.24400654343253,0.163001878180351,5.48132059158064,11.9343612512813,16.5170466466106
-2.88458972648432,-2.55261222692631,-7.21451851110707,0.226539932731632,5.56924386745584,11.8764247952878,16.4319917004368
-2.87925283522348,-2.55123435050716,-7.18456245905722,0.289767190162966,5.65670986921605,11.8178905676073,16.3456842460721
-2.87391594396264,-2.54951987351439,-7.15414084551168,0.352680468878264,5.74371192965407,11.758761817509,16.2581307820553
-2.8685790527018,-2.54747048006935,-7.12325616418831,0.41527660476676,5.83024341653333,11.6990418483073,16.169337915015
-2.86324216144096,-2.54508787113265,-7.09191094410586,0.477552451490735,5.91629773316335,11.6387340170791,16.079312359105
-2.85790527018012,-2.54237376440844,-7.06010774939279,0.539504880771616,6.00186831897197,11.5778417343771,15.9880609354309
-2.85256837891928,-2.53932989424738,-7.02784917909295,0.601130782674655,6.08694865007466,11.5163684639385,15.8955905714669
-2.84723148765844,-2.5359580115479,-6.99513786696832,0.662427065891951,6.17153223984057,11.4543177223887,15.8019083004638
-2.8418945963976,-2.53225988365609,-6.96197648129867,0.723390658023892,6.25561263945546,11.3916930789412,15.7070212608486
-2.83655770513676,-2.52823729426403,-6.92836772467818,0.784018505859062,6.33918343848145,11.3284981550923,15.610936695614
-2.83122081387592,-2.52389204330661,-6.89431433380927,0.84430757565236,6.42223826541332,11.2647366243119,15.5136619516996
-2.82588392261508,-2.51922594685695,-6.8598190792932,0.904254853401613,6.50477078823168,11.2004122117295,15.4152044793645
-2.82054703135424,-2.51424083702028,-6.824884765418,0.963857345122399,6.58677471495267,11.1355286938157,15.3155718315502
-2.8152101400934,-2.50893856182635,-6.78951422994324,1.02311207712118,6.66824379417417,11.0700898980601,15.2147716632356
-2.80987324883255,-2.50332098512047,-6.75371034388208,1.08201609626676,6.74917181561875,11.0040997026437,15.1128117307826
-2.80453635757171,-2.497389986453,-6.71747601128029,1.14056647025985,6.82955261067283,10.9375620361076,15.0096998912735
-2.79919946631087,-2.49114746096749,-6.68081416899249,1.19876028790106,6.90938005292255,10.8704808770175,14.9054441018399
-2.79386257505003,-2.48459531928733,-6.64372778645554,1.25659465935687,6.98864805868586,10.8028602536238,14.8000524189823
-2.78852568378919,-2.47773548740107,-6.60621986545903,1.31406671642389,7.06735058754098,10.734704243517,14.693532997882
-2.78318879252835,-2.47056990654621,-6.56829343991301,1.37117361279133,7.14548164285125,10.6660169732798,14.5858940917042
-2.77785190126751,-2.46310053309172,-6.52995157561293,1.42791252430143,7.22303527228614,10.5968026181342,14.4771440508928
-2.77251501000667,-2.4553293384191,-6.49119737000183,1.48428064920815,7.30000556833853,10.5270654015846,14.3672913224568
-2.76717811874583,-2.4472583088021,-6.45203395192968,1.54027520843387,7.37638666883815,10.4568095950573,14.2563444492488
-2.76184122748499,-2.43888944528502,-6.41246448141013,1.59589344582416,7.45217275746113,10.3860395175352,14.1443120692347
-2.75650433622415,-2.43022476355976,-6.37249214937445,1.65113262840065,7.52735806423566,10.3147595351891,14.0312029147557
-2.75116744496331,-2.42126629384139,-6.33212017742282,1.70599004661179,7.60193686604364,10.2429740610042,13.9170258117825
-2.74583055370247,-2.41201608074253,-6.29135181757292,1.76046301458179,7.67590348711842,10.1706875544033,13.8017896791606
-2.74049366244163,-2.40247618314628,-6.25019035200597,1.81454887035734,7.74925229953838,10.0979045208657,13.6855035278486
-2.73515677118079,-2.39264867407791,-6.20863909281,1.86824497615243,7.82197772371648,10.0246295115421,13.5681764601481
-2.72981987991995,-2.38253564057526,-6.16670138172063,1.92154871859109,7.89407422888572,9.950867122866,13.4498176689259
-2.72448298865911,-2.37213918355777,-6.12438058985927,1.97445750894795,7.96553633358033,9.87662199616076,13.3304364368287
-2.71914609739827,-2.36146141769434,-6.08168011746865,2.02696878338679,8.03635860611283,9.80189881724295,13.2100421354897
-2.71380920613742,-2.35050447126985,-6.03860339364598,2.07908000319692,8.10653566504683,9.72670231602212,13.088644224728
-2.70847231487658,-2.33927048605041,-5.99515387607348,2.13078865502741,8.17606217966543,9.65103726609656,12.9662522517402
-2.70313542361574,-2.32776161714743,-5.95133505074641,2.18209225111922,8.24493287043551,9.57490848434539,12.8428758502845
-2.6977985323549,-2.31598003288043,-5.90715043169876,2.23298832953501,8.31314250946736,9.49832083051709,12.7185247398579
-2.69246164109406,-2.30392791463861,-5.86260356072636,2.28347445438687,8.38068592097014,9.42127920681411,12.5932087248653
-2.68712474983322,-2.29160745674121,-5.81769800710764,2.33354821606178,8.44755798170276,9.34378855747407,12.4669376937819
-2.68178785857238,-2.27902086629672,-5.77243736732201,2.38320723144479,8.51375362142031,9.26585386834731,12.3397216183084
-2.67645096731154,-2.26617036306083,-5.72682526476581,2.43244914414001,8.57926782331596,9.18748016647078,12.2115705525187
-2.6711140760507,-2.25305817929331,-5.68086534946596,2.48127162468922,8.64409562445824,9.10867251963861,12.082494632001
-2.66577718478986,-2.2396865596136,-5.63456129779129,2.52967237078829,8.70823211622386,9.02943603596898,11.9525040729918
-2.66044029352902,-2.22605776085537,-5.58791681216155,2.57764910750118,8.7716724447257,8.94977586346772,11.8216091715027
-2.65510340226818,-2.21217405191987,-5.54093562075414,2.62519958747164,8.83441181123625,8.86969718958841,11.6898203024408
-2.64976651100734,-2.19803771362818,-5.49362147720863,2.67232159113262,8.89644547260636,8.78920524078908,11.5571479187222
-2.6444296197465,-2.18365103857235,-5.44597816032904,2.71901292691315,8.95776874167907,8.70830528208572,11.4236025503788
-2.63909272848566,-2.16901633096546,-5.3980094737839,2.76527143144301,9.01837698769888,8.62700261660233,11.2891948036588
-2.63375583722482,-2.15413590649054,-5.34971924580418,2.81109496975482,9.07826563671604,8.54530258511782,11.1539353601198
-2.62841894596398,-2.1390120921485,-5.30111132887907,2.85648143548385,9.13743017198601,8.46321056560964,11.0178349757169
-2.62308205470314,-2.12364722610488,-5.25218959944956,2.90142875106528,9.19586613436416,8.38073197279424,10.8809044798829
-2.61774516344229,-2.10804365753573,-5.20295795760009,2.94593486792905,9.25356912269532,8.29787225766445,10.7431547746034
-2.61240827218145,-2.09220374647225,-5.15342032674796,2.98999776669223,9.31053479419859,8.21463690702367,10.6045968334853
-2.60707138092061,-2.07612986364458,-5.10358065333081,3.03361545734887,9.36675886484704,8.13103144301705,10.4652417008188
-2.60173448965977,-2.0598243903245,-5.05344290649207,3.07678597945736,9.42223710974246,8.04706142265964,10.3251004906341
-2.59639759839893,-2.04328971816714,-5.00301107776434,3.11950740232531,9.47696536348497,7.96273243736153,10.1841843857513
-2.59106070713809,-2.02652824905175,-4.95228918075097,3.16177782519175,9.53093952053763,7.8780501124502,10.0425046368254
-2.58572381587725,-2.00954239492144,-4.90128125080557,3.20359537740693,9.58415553558591,7.79302010668969,9.90007256138456
-2.58038692461641,-1.99233457762206,-4.84999134470962,3.24495821860945,9.63660942389198,7.70764811179719,9.75689954286304
-2.57505003335557,-1.97490722874004,-4.79842354034837,3.28586453890085,9.68829726164387,7.6219398519567,9.61299702962887
-2.56971314209473,-1.95726278943935,-4.74658193638459,3.32631255901755,9.73921518629942,7.53590108332982,9.46837653400527
-2.56437625083389,-1.93940371029762,-4.69447065193083,3.36630053050024,9.78935939692494,7.44953759356404,9.32304963128721
-2.55903935957305,-1.92133245114121,-4.64209382621967,3.40582673586055,9.83872615452868,7.36285520129813,9.17702795875221
-2.55370246831221,-1.90305148087953,-4.58945561827223,3.44488948874515,9.88731178238897,7.27585975566492,9.03032321466598
-2.54836557705137,-1.88456327733843,-4.53656020656503,3.48348713409717,9.93511266637699,7.18855713579164,8.88294715728292
-2.54302868579053,-1.86587032709275,-4.48341178869507,3.52161804831493,9.98212525527437,7.10095325029738,8.73491160384127
-2.53769179452969,-1.84697512529804,-4.43001458104323,3.55928063940795,10.0283460610851,7.01305403678843,8.58622842955355
-2.53235490326885,-1.82788017552142,-4.37637281843609,3.59647334715037,10.0737716593425,6.92486546135075,8.43690956659174
-2.52701801200801,-1.80858798957169,-4.322490753806,3.63319464323151,10.1183986894101,6.83639351804031,8.28696700306773
-2.52168112074717,-1.78910108732857,-4.26837265784972,3.66944303140384,10.1622238547778,6.74764422837086,8.13641278200905
-2.51634422948632,-1.76942199657121,-4.21402281868531,3.70521704762812,10.2052439233521,6.65862364079941,7.98525900032971
-2.51100733822548,-1.74955325280591,-4.15944554150769,3.74051526021579,10.2474557277409,6.56933783020947,7.8335178077967
-2.50567044696464,-1.72949739909312,-4.10464514824249,3.77533626996867,10.2888561655328,6.47979289739186,7.68120140599173
-2.5003335557038,-1.70925698587362,-4.04962597719858,3.8096787103158,10.3294421995708,6.38999496852353,7.52832204726864
-2.49499666444296,-1.6888345707941,-3.99439238271909,3.84354124744755,10.3692108582206,6.29995019464407,7.37489203370663
-2.48965977318212,-1.66823271853192,-3.93894873483098,3.87692258044689,10.4081592356332,6.20966475113004,7.22092371605883
-2.48432288192128,-1.64745400061924,-3.88329941889334,3.90982144141786,10.4462844920015,6.11914483716745,7.06642949269725
-2.47898599066044,-1.62650099526642,-3.82744883524418,3.94223659561124,10.4835838538122,6.02839667522194,6.91142180855315
-2.4736490993996,-1.60537628718486,-3.77140139884599,3.9741668415474,10.5200546140909,5.93742651050713,6.7559131540538
-2.46831220813876,-1.58408246740906,-3.71516153893004,4.00561101113622,10.5556941326423,5.84624061045103,6.59991606405521
-2.46297531687792,-1.56262213311812,-3.65873369863927,4.03656796979427,10.5904998362846,5.75484526416042,6.44344311677096
-2.45763842561708,-1.54099788745665,-3.60212233467012,4.06703661655902,10.6244692190777,5.66324678188358,6.28650693269757
-2.45230153435624,-1.51921233935499,-3.54533191691299,4.09701588420031,10.6575998425461,5.571451494471,6.12912017353604
-2.4469646430954,-1.49726810334892,-3.48836692809169,4.12650473932878,10.6898893358962,5.47946575283447,5.97129554110995
-2.44162775183456,-1.47516779939878,-3.43123186340161,4.15550218250154,10.7213353962272,5.38729592740444,5.8130457762802
-2.43629086057372,-1.45291405270801,-3.37393123014682,4.18400724832486,10.7519357887366,5.29494840758562,5.65438365785623
-2.43095396931288,-1.43050949354116,-3.31646954737615,4.212019005554,10.7816883469197,5.20242960121114,5.49532200150425
-2.42561707805203,-1.40795675704141,-3.25885134551815,4.23953655719006,10.8105909727639,5.10974593399489,5.33587365865209
-2.42028018679119,-1.38525848304752,-3.20108116601504,4.26655904057399,10.838641636936,5.01690384898255,5.17605151539109
-2.41494329553035,-1.36241731591032,-3.14316356095569,4.2930856274776,10.8658383789645,4.92390980600106,5.01586849137512
-2.40960640426951,-1.33943590430876,-3.08510309270767,4.31911552419164,10.8921793074159,4.83077028110658,4.8553375387165
-2.40426951300867,-1.31631690106541,-3.0269043335483,4.34464797161094,10.917662600065,4.73749176603119,4.69447164087942
-2.39893262174783,-1.29306296296157,-2.96857186529488,4.36968224531661,10.9422865040587,4.64408076762819,4.53328381157045
-2.39359573048699,-1.26967675055196,-2.91011027893401,4.39421765565523,10.9660493360754,4.55054380731607,4.37178709362659
-2.38825883922615,-1.24616092797897,-2.85152417425016,4.4182535478151,10.9889494824765,4.45688742052135,4.20999455790086
-2.38292194796531,-1.22251816278652,-2.79281815945329,4.44178930189955,11.0109853994537,4.36311815612007,4.04791930214535
-2.37758505670447,-1.19875112573349,-2.73399685080587,4.46482433299717,11.0321556131691,4.26924257587825,3.88557444989211
-2.37224816544363,-1.1748624906069,-2.67506487224906,4.48735809124913,11.05245871989,4.17526725389123,3.72297314933179
-2.36691127418279,-1.15085493403461,-2.61602685502824,4.5093900619135,11.0718933861175,4.08119877602187,3.56012857219014
-2.36157438292195,-1.12673113529775,-2.55688743731782,4.53091976542652,11.0904583487092,3.98704373933789,3.39705391260261
-2.35623749166111,-1.10249377614285,-2.4976512638455,4.55194675746091,11.1081524149953,3.89280875154815,3.23376238598687
-2.35090060040027,-1.0781455405936,-2.43832298551578,4.57247062898115,11.1249744628899,3.79850043043797,3.0702672279136
-2.34556370913943,-1.05368911476237,-2.37890725903307,4.59249100629578,11.1409234409949,3.70412540330376,2.90658169297561
-2.34022681787859,-1.02912718666148,-2.31940874652409,4.61200755110659,11.1559983686989,3.60969030638669,2.74271905365525
-2.33488992661775,-1.00446244601415,-2.25983211515991,4.63101996055488,11.1701983362696,3.51520178430568,2.57869259919033
-2.3295530353569,-0.979697584065253,-2.20018203677742,4.64952796726466,11.1835225049398,3.42066648948958,2.41451563443859
-2.32421614409606,-0.954835293391851,-2.14046318750033,4.66753133938281,11.1959701069882,3.32609108160881,2.25020147874084
-2.31887925283522,-0.929878267713505,-2.08068024735988,4.68502988061619,11.2075404458137,3.23148222700625,2.08576346478285
-2.31354236157438,-0.904829201702409,-2.02083789991505,4.70202343026576,11.2182328960031,3.13684659812769,1.92121493745621
-2.30820547031354,-0.879690790793339,-1.9609408318725,4.7185118632576,11.2280469033934,3.04219087295166,1.75656925271795
-2.3028685790527,-0.854465730993444,-1.90099373270611,4.73449509017095,11.2369819851282,2.94752173441878,1.59183977644934
-2.29753168779186,-0.829156718691913,-1.84100129427635,4.74997305726314,11.2450377297071,2.8528458698608,1.42703988331387
-2.29219479653102,-0.803766450469497,-1.78096821044931,4.76494574649149,11.2522137970297,2.75816997042913,1.26218295561436
-2.28685790527018,-0.778297622907931,-1.72089917671553,4.77941317553223,11.2585099184334,2.66350073052313,1.09728238214954
-2.28152101400934,-0.752752932399272,-1.6607988898087,4.79337539779622,11.2639258967248,2.56884484721812,0.932351557070039
-2.2761841227485,-0.727135074955133,-1.60067204732411,4.80683250244179,11.2684616062058,2.47420901969308,0.767403878733806
-2.27084723148766,-0.701446746015895,-1.54052334733708,4.81978461438438,11.2721169926919,2.37959994865827,0.602452748561383
-2.26551034022682,-0.675690640259844,-1.48035748802126,4.8322318943032,11.2748920735268,2.28502433578267,0.43751156989071
-2.26017344896598,-0.649869451412292,-1.42017916726681,4.84417453864484,11.2767869375885,2.19048888312132,0.272593746831884
-2.25483655770514,-0.623985872054703,-1.35999308229871,4.85561277962379,11.2778017452909,2.09600029254271,0.107712683121873
-2.2494996664443,-0.598042593433786,-1.29980392929492,4.86654688521988,11.2779367285787,2.00156526515606,-0.057118219020888
-2.24416277518346,-0.572042305270653,-1.23961640300471,4.87697715917277,11.2771921909162,1.90719050073877,-0.221885560041573
-2.23882588392262,-0.54598769556998,-1.17943519636696,4.88690394097324,11.2755685072699,1.81288269716394,-0.386575944193991
-2.23348899266177,-0.519881450429244,-1.11926500012866,4.89632760585157,11.2730661240853,1.71864854982807,-0.551175980685162
-2.22815210140093,-0.493726253848028,-1.05911050246349,4.90524856476275,11.2696855592574,1.62449475107895,-0.715672284819494
-2.22281521014009,-0.467524787537393,-0.998976388590601,4.91366726436868,11.265427402095,1.53042798964381,-0.88005147914253
-2.21747831887925,-0.441279730729387,-0.938867340393598,4.92158418701735,11.2602923132789,1.43645495005781,-1.04430019458394
-2.21214142761841,-0.414993759986638,-0.878788036039749,4.92899985071895,11.2542810248146,1.34258231209286,-1.20840507159991
-2.20680453635757,-0.388669549012108,-0.818743149599482,4.93591480911887,11.2473943399778,1.24881675018685,-1.37235276131465
-2.20146764509673,-0.362309768458993,-0.758737350666189,4.94232965146777,11.2396331332548,1.15516493287339,-1.53612992666097
-2.19613075383589,-0.335917085740782,-0.698775303976348,4.94824500258852,11.2309983502762,1.06163352221191,-1.69972324351997
-2.19079386257505,-0.309494164841509,-0.638861669030013,4.95366152284013,11.2214910077451,0.968229173218516,-1.86311940185948
-2.18545697131421,-0.283043666126204,-0.579001099711728,4.95857990807868,11.2111121933586,0.874958533297252,-2.02630510687137
-2.18012008005337,-0.256568246151556,-0.519198243911855,4.96300088961509,11.1998630657236,0.781828241672155,-2.1892670801076
-2.17478318879253,-0.230070557476825,-0.459457743148393,4.96692523417005,11.1877448542663,0.68884492881996,-2.35199206061468
-2.16944629753169,-0.203553248474982,-0.399784232189249,4.97035374382578,11.1747588591361,0.596015215903516,-2.51446680606692
-2.16410940627085,-0.17701896314412,-0.340182338675079,4.97328725597479,11.1609064511031,0.503345714206038,-2.67667809389788
-2.15877251501001,-0.15047034091916,-0.280656682742685,4.97572664326569,11.1461890714495,0.410843024566209,-2.83861272243021
-2.15343562374917,-0.123910016483836,-0.221211876648991,4.97767281354592,11.130608231855,0.318513736814147,-3.00025751200367
-2.14809873248833,-0.097340619583011,-0.161852524395679,4.97912670980149,11.1141655142767,0.226364429208347,-3.16159930610126
-2.14276184122749,-0.070764774835308,-0.10258322135444,4.98008931009374,11.0968625708223,0.134401667873572,-3.32262497247346
-2.13742494996664,-0.04418510154609,-0.04340855389294,4.98056162749308,11.0787011236174,0.042632006239791,-3.48332140426033
-2.1320880587058,-0.017604213520809,0.015666900998477,4.98054471000973,11.0596829646676,-0.048938015517763,-3.64367552111141
-2.12675116744496,0.008975281121278,0.074638576079366,4.98003964052152,11.0398099557134,-0.140301871037454,-3.80367427030342
-2.12141427618412,0.035550780132984,0.133501914230924,4.97904753669864,11.0190840280802,-0.231453048328865,-3.96330462785553
-2.11607738492328,0.06211968732468,0.192252368826969,4.97756955092549,10.9975071825218,-0.322385050329258,-4.12255359964227
-2.11074049366244,0.088679412749338,0.25088540410403,4.97560687021953,10.975081489058,-0.413091395458724,-4.28140822250382
-2.1054036024016,0.115227372887146,0.30939649553057,4.97316071614713,10.9518090868066,-0.503565618173995,-4.43985556535363
-2.10006671114076,0.141760990829658,0.367781130175286,4.97023234473657,10.927692183809,-0.593801269520914,-4.5978827302834
-2.09472981987992,0.168277696463467,0.426034807074461,4.966823046388,10.9027330568506,-0.683791917685456,-4.75547685366507
-2.08939292861908,0.194774926653414,0.484153037598377,4.96293414578047,10.8769340512745,-0.773531148543342,-4.9126251072501
-2.08405603735824,0.221250125425263,0.54213134581667,4.95856700177614,10.8502975807898,-0.863012566208079,-5.06931469926548
-2.0787191460974,0.247700744147874,0.599965268862673,4.9537230073214,10.8228261272744,-0.952229793577473,-5.22553287550684
-2.07338225483656,0.27412424171484,0.657650357296684,4.94840358934521,10.7945222405712,-1.04117647287853,-5.38126692042819
-2.06804536357572,0.30051808472556,0.715182175468122,4.94261020865451,10.765388538279,-1.12984626621069,-5.53650415822839
-2.06270847231488,0.326879747665771,0.772556301876588,4.93634435982667,10.7354277055374,-1.21823285608741,-5.69123195393438
-2.05737158105404,0.353206713087474,0.829768329531714,4.92960757109913,10.7046424948064,-1.30632994597596,-5.84543771448069
-2.0520346897932,0.379496471788279,0.886813866311853,4.92240140425613,10.6730357256394,-1.39413126083543,-5.99910888978551
-2.04669779853235,0.405746522990124,0.943688535321524,4.91472745451257,10.6406102844511,-1.48163054765292,-6.15223297382304
-2.04136090727151,0.431954374517379,1.00038797524761,4.90658735039506,10.6073691242798,-1.56882157597784,-6.30479750569206
-2.03602401601067,0.458117542974309,1.05690784071429,4.89798275362001,10.5733152645433,-1.65569813845427,-6.45679007068077
-2.03068712474983,0.484233553921863,1.11324380263662,4.88891535896905,10.5384517907897,-1.74225405135137,-6.60819830132748
-2.02535023348899,0.510299942053808,1.16939154857279,4.87938689416148,10.5027818544427,-1.82848315509176,-6.75900987847744
-2.02001334222815,0.536314251372165,1.225346783075,4.86939911972395,10.4663086725404,-1.91437931477783,-6.90921253233541
-2.01467645096731,0.562274035361935,1.28110522803893,4.85895382885739,10.4290355274698,-1.99993642071592,-7.05879404351409
-2.00933955970647,0.588176857165136,1.33666262305179,4.84805284730108,10.3909657666944,-2.08514838893844,-7.20774224407827
-2.00400266844563,0.614020289754073,1.39201472573886,4.83669803319397,10.3521028024769,-2.17000916172365,-7.3560450185845
-1.99866577718479,0.639801916103877,1.44715731210859,4.82489127693321,10.3124501115968,-2.25451270811331,-7.5036903051163
-1.99332888592395,0.665519329364287,1.50208617689616,4.81263450102998,10.2720112350613,-2.33865302442802,-7.65066609631486
-1.98799199466311,0.691170133030637,1.55679713390541,4.7999296599625,10.2307897778118,-2.42242413478017,-7.79696044040496
-1.98265510340227,0.716751941114076,1.61128601634934,4.78677874002634,10.1887894084245,-2.5058200915846,-7.94256144221626
-1.97731821214143,0.742262378310956,1.66554867718886,4.77318375918205,10.1460138588053,-2.58883497606677,-8.08745726419972
-1.97198132088059,0.767699080171419,1.71958098946997,4.75914676690003,10.1024669238802,-2.67146289876852,-8.23163612743899
-1.96664442961975,0.793059693267142,1.77337884665922,4.74466984400272,10.0581524612788,-2.75369800005131,-8.37508631265699
-1.96130753835891,0.818341875358222,1.82693816297754,4.72975510250414,10.0130743910143,-2.83553445059686,-8.51779616121718
-1.95597064709807,0.843543295559223,1.88025487373227,4.71440468544671,9.9672366951564,-2.91696645190531,-8.65975407611984
-1.95063375583723,0.868661634504324,1.93332493564748,4.69862076673549,9.92064341750026,-2.99798823679065,-8.80094852299293
-1.94529686457638,0.893694584511575,1.98614432719253,4.68240555096974,9.87329866322931,-3.07859406987348,-8.94136803107768
-1.93995997331554,0.918639849746264,2.03870904890871,4.66576127327183,9.82520659857328,-3.15877824807116,-9.08100119420877
-1.9346230820547,0.943495146383339,2.09101512373418,4.6486901991136,9.77637145046082,-3.23853510108501,-9.21983667178887
-1.92928619079386,0.968258202768929,2.14305859732692,4.6311946241401,9.72679750616701,-3.31785899188491,-9.35786318975771
-1.92394929953302,0.992926759580886,2.19483553838589,4.61327687399076,9.67648911295565,-3.3967443171909,-9.49506954155541
-1.91861240827218,1.01749856998838,2.2463420389702,4.59493930411796,9.6254506777165,-3.47518550795202,-9.63144458908003
-1.91327551701134,1.04197139981052,2.29757421481633,4.57618429960312,9.57368666659733,-3.55317702982213,-9.76697726363927
-1.9079386257505,1.06634302767399,2.34852820565339,4.5570142749702,9.52120160463105,-3.63071338363279,-9.90165656689628
-1.90260173448966,1.09061124516967,2.39920017551642,4.5374316739967,9.46800007535762,-3.70778910586317,-10.0354715718094
-1.89726484322882,1.11477385700825,2.44958631305757,4.51743896952217,9.41408672044113,-3.7843987691069,-10.1684114235659
-1.89192795196798,1.1388286811748,2.4996828318553,4.49703866325426,9.35946623928181,-3.8605369825358,-10.3004653405093
-1.88659106070714,1.16277354908236,2.54948597072143,4.47623328557223,9.30414338862317,-3.9361983923605,-10.4316226150611
-1.8812541694463,1.18660630572438,2.59899199400615,4.45502539532809,9.2481229821542,-4.01137768228792,-10.5618726146349
-1.87591727818546,1.21032480982614,2.64819719190084,4.43341757964525,9.19140989010668,-4.08606957397554,-10.6912047825458
-1.87058038692462,1.23392693399512,2.69709788073876,4.41141245371479,9.13400903884775,-4.1602688274824,-10.8196086389118
-1.86524349566378,1.25741056487025,2.74569040329354,4.38901266058932,9.07592541046759,-4.23397024171682,-10.9470737815497
-1.85990660440294,1.28077360326999,2.79397112907543,4.36622087097446,9.0171640423624,-4.30716865488088,-11.0735898868634
-1.85456971314209,1.3040139643394,2.84193645462538,4.34303978301794,8.95773002681262,-4.37985894491137,-11.1991467107267
-1.84923282188125,1.32712957769604,2.8895828038068,4.31947212209638,8.89762851055645,-4.45203602991756,-11.323734089358
-1.84389593062041,1.35011838757464,2.936906628095,4.29552064059974,8.83686469435878,-4.52369486861537,-11.4473419401893
-1.83855903935957,1.37297835297079,2.98390440686447,4.27118811771345,8.77544383257544,-4.59483046075815,-11.5699602627271
-1.83322214809873,1.39570744778327,3.0305726476736,4.24647735919825,8.71337123271286,-4.66543784756393,-11.6915791394076
-1.82788525683789,1.41830366095532,3.07690788654722,4.22139119716777,8.6506522549833,-4.73551211213913,-11.8121887364436
-1.82254836557705,1.4407649966147,3.1229066882567,4.19593248986386,8.5872923118554,-4.8050483798987,-11.931779304665
-1.81721147431621,1.46308947421251,3.16856564659756,4.17010412142967,8.52329686760046,-4.87404181898261,-12.0503411803517
-1.81187458305537,1.4852751286608,3.21388138466478,4.14390900168054,8.4586714378341,-4.94248764066876,-12.1678647860596
-1.80653769179453,1.50732001046901,3.25885055512557,4.11735006587267,8.39342158905369,-5.01038109978214,-12.2843406314386
-1.80120080053369,1.52922218587905,3.30346984048965,4.09043027446965,8.32755293817139,-5.07771749510026,-12.3997593140437
-1.79586390927285,1.55097973699929,3.34773595337709,4.06315261290679,8.26107115204277,-5.14449216975489,-12.5141115201385
-1.79052701801201,1.57259076193711,3.39164563678354,4.03552009135336,8.19398194699135,-5.21070051162997,-12.6273880254909
-1.78519012675117,1.59405337493032,3.43519566434301,4.0075357444727,8.12629108832878,-5.2763379537557,-12.7395796961612
-1.77985323549033,1.61536570647724,3.47838284058799,3.97920263118023,8.05800438987085,-5.34139997469874,-12.8506774892829
-1.77451634422949,1.63652590346544,3.52120400120702,3.9505238343994,7.98912771344945,-5.40588209894859,-12.9606724538348
-1.76917945296865,1.65753212929923,3.56365601329961,3.92150246081557,7.91966696842026,-5.4697798973,-13.0695557314064
-1.76384256170781,1.67838256402584,3.60573577562862,3.89214164062789,7.84962811116654,-5.53308898723141,-13.1773185569548
-1.75850567044697,1.6990754044602,3.64744021886982,3.86244452729914,7.77901714459884,-5.59580503327944,-13.283952259553
-1.75316877918612,1.71960886430846,3.6887663058589,3.8324142973036,7.70784011765067,-5.65792374740934,-13.3894482631317
-1.74783188792528,1.73998117429011,3.72971103183575,3.80205414987295,7.63610312477036,-5.71944088938139,-13.4937980872112
-1.74249499666444,1.76019058225873,3.77027142468596,3.77136730674024,7.56381230540896,-5.78035226711318,-13.596993347627
-1.7371581054036,1.78023535332143,3.81044454517965,3.74035701188186,7.49097384350427,-5.84065373703788,-13.6990257572452
-1.73182121414276,1.80011376995684,3.85022748720753,3.70902653125777,7.41759396696112,-5.90034120445821,-13.7998871266713
-1.72648432288192,1.81982413213174,3.88961737801407,3.67737915254966,7.34367894712788,-5.9594106238964,-13.8995693649498
-1.72114743162108,1.8393647574163,3.92861137842804,3.6454181848974,7.26923509826927,-6.01785799943978,-13.9980644802554
-1.71581054036024,1.85873398109785,3.96720668309007,3.6131469586336,7.19426877703546,-6.07567938508228,-14.0953645805759
-1.7104736490994,1.87793015629334,4.00540052067747,3.58056882501634,7.11878638192758,-6.13287088506159,-14.1914618743866
-1.70513675783856,1.89695165406024,4.04319015412613,3.54768715596013,7.04279435275964,-6.18942865419203,-14.2863486713162
-1.69979986657772,1.91579686350607,4.08057288084957,3.51450534376516,6.96629917011697,-6.24534889819308,-14.3800173828038
-1.69446297531688,1.93446419189649,4.11754603295507,3.4810268008447,6.88930735481107,-6.30062787401364,-14.472460522747
-1.68912608405604,1.95295206476191,4.15410697745689,3.44725495945087,6.81182546733115,-6.35526189015186,-14.5636707081422
-1.6837891927952,1.97125892600261,4.19025311648656,3.41319327139867,6.73386010729219,-6.40924730697051,-14.6536406597149
-1.67845230153436,1.98938323799242,4.22598188750023,3.37884520778836,6.65541791287966,-6.46258053700803,-14.742363202542
-1.67311541027352,2.0073234816809,4.26129076348297,3.34421425872617,6.57650556029102,-6.51525804528504,-14.8298312666648
-1.66777851901268,2.025078156694,4.2961772531502,3.30930393304344,6.49712976317389,-6.5672763496064,-14.9160378876929
-1.66244162775183,2.04264578143328,4.33063890114601,3.27411775801407,6.41729727206105,-6.61863202085874,-15.0009762073996
-1.65710473649099,2.06002489317356,4.36467328823853,3.23865927907047,6.33701487380228,-6.66932168330349,-15.0846394743079
-1.65176784523015,2.07721404815906,4.39827803151219,3.20293205951793,6.25628939099313,-6.71934201486533,-15.1670210442669
-1.64643095396931,2.09421182169802,4.431450784557,3.16693968024748,6.17512768140061,-6.76868974741598,-15.2481143810203
-1.64109406270847,2.11101680825581,4.46418923765468,3.13068573944719,6.09353663738587,-6.81736166705356,-15.3279130567641
-1.63575717144763,2.12762762154644,4.49649111796177,3.09417385231209,6.01152318532391,-6.8653546143771,-15.4064107526965
-1.63042028018679,2.14404289462255,4.52835418968956,3.05740765075254,5.92909428502041,-6.91266548475658,-15.4836012595575
-1.62508338892595,2.16026127996385,4.55977625428101,3.02039078310122,5.84625692912573,-6.95929122859818,-15.5594784781594
-1.61974649766511,2.17628144956397,4.59075515058441,2.98312691381875,5.76301814254604,-7.00522885160484,-15.6340364199081
-1.61440960640427,2.19210209501576,4.62128875502395,2.94561972319784,5.67938498185175,-7.05047541503215,-15.7072692073147
-1.60907271514343,2.20772192759496,4.65137498176719,2.90787290706616,5.59536453468316,-7.09502803593942,-15.7791710744979
-1.60373582388259,2.22313967834234,4.68101178288918,2.86989017648786,5.51096391915355,-7.13888388743603,-15.8497363676764
-1.59839893262175,2.2383540981442,4.7101971485336,2.8316752574638,5.4261902832496,-7.18204019892301,-15.9189595456524
-1.59306204136091,2.25336395781131,4.73892910707051,2.7932318906305,5.3410508042293,-7.22449425632971,-15.9868351802844
-1.58772515010007,2.26816804815617,4.76720572525097,2.7545638309578,5.25555268801732,-7.26624340234577,-16.0533579569518
-1.58238825883923,2.28276518006872,4.79502510835844,2.71567484744535,5.16970316859794,-7.30728503664816,-16.1185226750086
-1.57705136757839,2.29715418459043,4.8223854003569,2.67656872281789,5.08350950740557,-7.34761661612336,-16.1823242482276
-1.57171447631755,2.31133391298667,4.84928478403567,2.63724925321932,4.996978992713,-7.38723565508467,-16.2447577052355
-1.5663775850567,2.32530323681756,4.87572148115106,2.59772024790569,4.9101189390173,-7.42613972548457,-16.3058181899372
-1.56104069379586,2.3390610480071,4.90169375256468,2.55798552893698,4.8229366864234,-7.46432645712226,-16.3655009619312
-1.55570380253502,2.35260625891071,4.92719989837841,2.51804893086788,4.73543960002564,-7.50179353784611,-16.4238013969142
-1.55036691127418,2.36593780238104,4.95223825806616,2.47791430043743,4.64763506928706,-7.53853871375129,-16.4807149870764
-1.54503002001334,2.3790546318322,4.97680721060224,2.43758549625766,4.55953050741669,-7.57455978937229,-16.536237341487
-1.5396931287525,2.39195572130227,5.00090517458642,2.39706638850121,4.47113335074479,-7.60985462787057,-16.5903641864688
-1.53435623749166,2.40464006551418,5.02453060836566,2.35636085858792,4.38245105809601,-7.64442115121714,-16.6430913659639
-1.52901934623082,2.4171066799349,5.0476820101525,2.31547279887054,4.29349111016081,-7.6782573403701,-16.6944148418883
-1.52368245496998,2.42935460083292,5.07035791814003,2.27440611231944,4.2042610088649,-7.71136123544714,-16.7443306944776
-1.51834556370914,2.4413828853341,5.09255691061359,2.23316471220642,4.11476827673683,-7.74373093589309,-16.7928351226214
-1.5130086724483,2.45319061147577,5.11427760605899,2.19175252178767,4.02502045627396,-7.7753646006422,-16.8399244441882
-1.50767178118746,2.46477687825921,5.13551866326739,2.15017347398584,3.93502510930658,-7.80626044827556,-16.8855950963401
-1.50233488992662,2.47614080570037,5.15627878143681,2.10843151107134,3.84478981636045,-7.83641675717325,-16.9298436358373
-1.49699799866578,2.48728153487887,5.17655670027017,2.06653058434274,3.7543221760177,-7.86583186566146,-16.9726667393323
-1.49166110740494,2.49819822798539,5.19635120006994,2.02447465380655,3.66362980427628,-7.89450417215449,-17.0140612036535
-1.4863242161441,2.50889006836725,5.21566110182942,1.98226768785609,3.57272033390784,-7.92243213529158,-17.0540239460795
-1.48098732488326,2.51935626057231,5.23448526732047,1.93991366294976,3.48160141381413,-7.94961427406863,-17.0925520046021
-1.47565043362242,2.52959603039117,5.25282259917796,1.89741656328858,3.39028070838215,-7.97604916796475,-17.1296425381795
-1.47031354236157,2.53960862489761,5.27067204098062,1.85478038049307,3.29876589683792,-8.00173545706362,-17.1652928269791
-1.46497665110073,2.54939331248735,5.28803257732852,1.81200911327949,3.20706467259892,-8.02667184216969,-17.1995002726097
-1.45963975983989,2.55894938291501,5.30490323391711,1.76910676713549,3.11518474262542,-8.05085708491921,-17.2322623983439
-1.45430286857905,2.56827614732944,5.32128307760775,1.72607735399517,3.0231338267706,-8.07429000788605,-17.2635768493294
-1.44896597731821,2.57737293830721,5.33717121649475,1.68292489191359,2.93091965712954,-8.09696949468228,-17.2934413927903
-1.44362908605737,2.58623910988441,5.35256679996899,1.63965340474077,2.83854997738723,-8.11889449005357,-17.321853918218
-1.43829219479653,2.59487403758673,5.36746901877805,1.59626692179516,2.74603254216555,-8.14006399996937,-17.3488124375514
-1.43295530353569,2.60327711845776,5.38187710508279,1.55276947753669,2.65337511636935,-8.16047709170783,-17.3743150853467
-1.42761841227485,2.61144777108556,5.39579033251054,1.50916511123935,2.56058547453153,-8.18013289393551,-17.3983601189372
-1.42228152101401,2.61938543562746,5.40920801620465,1.46545786666335,2.46767140015752,-8.19903059678184,-17.4209459185816
-1.41694462975317,2.62708957383316,5.42212951287073,1.42165179172693,2.37464068506876,-8.21716945190831,-17.442070987603
-1.41160773849233,2.63455966906599,5.43455422081919,1.37775093817781,2.28150112874564,-8.23454877257239,-17.4617339525162
-1.40627084723149,2.64179522632254,5.44648158000439,1.33375936126426,2.18826053766969,-8.25116793368624,-17.4799335631457
-1.40093395597065,2.64879577225042,5.45791107206028,1.28968111940596,2.09492672466521,-8.26702637187015,-17.4966686927319
-1.39559706470981,2.65556085516429,5.46884222033244,1.24552027386447,2.00150750824033,-8.28212358550059,-17.5119383380278
-1.39026017344897,2.66209004506021,5.47927458990668,1.20128088841363,1.90801071192765,-8.29645913475316,-17.5257416193847
-1.38492328218813,2.6683829336281,5.48920778763411,1.15696702900952,1.81444416362433,-8.31003264164012,-17.538077780827
-1.37958639092729,2.67443913426254,5.49864146215264,1.11258276346047,1.72081569493199,-8.32284379004273,-17.5489461901172
-1.37424949966644,2.68025828207179,5.50757530390499,1.06813216109672,1.62713314049607,-8.3348923257382,-17.5583463388099
-1.3689126084056,2.68584003388497,5.51600904515322,1.02361929244005,1.53340433734511,-8.34617805642147,-17.5662778422948
-1.36357571714476,2.69118406825762,5.52394245998962,0.979048228873312,1.43963712422978,-8.35670085172162,-17.5727404398301
-1.35823882588392,2.69629008547534,5.53137536434417,0.934423042309817,1.34583934096165,-8.366460643213,-17.5777339945645
-1.35290193462308,2.70115780755579,5.53830761598844,0.889747804862761,1.25201882775211,-8.37545742442109,-17.5812584935491
-1.34756504336224,2.70578697824882,5.54473911453595,0.845026588514567,1.15818342455095,-8.38369125082307,-17.583314047738
-1.3422281521014,2.71017736303497,5.550669801439,0.800263464786282,1.06434097038524,-8.39116223984303,-17.5839008919796
-1.33689126084056,2.71432874912203,5.556099659982,0.75546250440699,0.970499302698119,-8.39787057084197,-17.5830193849958
-1.33155436957972,2.71824094544003,5.56102871527126,0.7106277769833,0.87666625668777,-8.4038164851025,-17.5806700093518
-1.32621747831888,2.72191378263427,5.56545703422121,0.665763350668946,0.782849664646628,-8.40900028580815,-17.5768533714148
-1.32088058705804,2.72534711305678,5.56938472553716,0.620873291834462,0.689057355300732,-8.41342233801754,-17.5715702013019
-1.3155436957972,2.72854081075582,5.57281193969448,0.575961664737078,0.595297153149506,-8.41708306863314,-17.564821352818
-1.31020680453636,2.73149477146383,5.57573886891432,0.531032531190736,0.501576877805804,-8.41998296636482,-17.556607803383
-1.30486991327552,2.73420891258342,5.57816574713574,0.486089950236346,0.407904343336413,-8.42212258168805,-17.5469306539478
-1.29953302201468,2.73668317317175,5.58009284998434,0.441137977812289,0.314287357603064,-8.42350252679693,-17.5357911289005
-1.29419613075384,2.73891751392305,5.58152049473743,0.396180666425141,0.220733721603874,-8.42412347555182,-17.5231905759618
-1.288859239493,2.74091191714946,5.58244904028562,0.35122206482074,0.127251228815491,-8.42398616342178,-17.50913046607
-1.28352234823216,2.74266638676007,5.58287888709091,0.306266217655543,0.033847664535793,-8.42309138742174,-17.4936123932549
-1.27818545697131,2.74418094823822,5.5828104771413,0.261317165168337,-0.059469194772677,-8.42144000604439,-17.4766380745018
-1.27284856571047,2.74545564861704,5.58224429390193,0.216378942852354,-0.152691582138488,-8.41903293918681,-17.4582093496048
-1.26751167444963,2.74649055645327,5.58118086226258,0.171455581127738,-0.245811740736382,-8.41587116807189,-17.4383281810099
-1.26217478318879,2.74728576179928,5.57962074848188,0.126551105014506,-0.338821924541359,-8.41195573516448,-17.4169966536466
-1.25683789192795,2.74784137617343,5.57756456012786,0.081669533805922,-0.431714398981922,-8.40728774408229,-17.3942169747505
-1.25150100066711,2.74815753252856,5.5750129460151,0.036814880742389,-0.5244814415923,-8.40186835950165,-17.3699914736741
-1.24616410940627,2.7482343852189,5.57196659613841,-0.008008847314149,-0.617115342663634,-8.39569880705793,-17.3443226016882
-1.24082721814543,2.7480721099651,5.56842624160297,-0.052797650205264,-0.7096084058941,-8.38878037324084,-17.3172129317722
-1.23549032688459,2.74767090381762,5.56439265455106,-0.097547534800533,-0.801952949037884,-8.38111440528451,-17.2886651583944
-1.23015343562375,2.74703098511836,5.55986664808536,-0.142254515321409,-0.894141304552929,-8.37270231105236,-17.2586820972816
-1.22481654436291,2.74615259346052,5.55484907618867,-0.186914613664484,-0.986165820247448,-8.3635455589168,-17.2272666851787
-1.21947965310207,2.74503598964684,5.54934083364033,-0.231523859724072,-1.0780188599251,-8.35364567763381,-17.1944219795976
-1.21414276184123,2.743681455646,5.54334285592911,-0.276078291714136,-1.16969280402884,-8.34300425621222,-17.1601511585559
-1.20880587058039,2.74208929454741,5.53685611916272,-0.320573956489488,-1.26118005028334,-8.33162294377803,-17.1244575203057
-1.20346897931955,2.74025983051418,5.5298816399738,-0.365006909866258,-1.35247301433587,-8.31950344943343,-17.0873444830513
-1.19813208805871,2.73819340873451,5.52242047542265,-0.409373216941584,-1.44356413039575,-8.3066475421108,-17.0488155846575
-1.19279519679787,2.73589039537126,5.51447372289641,-0.453668952412518,-1.53444585187212,-8.29305705042156,-17.0088744823472
-1.18745830553703,2.73335117750988,5.50604252000489,-0.497890200894118,-1.62511065201012,-8.2787338624999,-16.9675249523887
-1.18212141427618,2.73057616310463,5.49712804447304,-0.54203305723669,-1.7155510245254,-8.26367992584145,-16.9247708897732
-1.17678452301534,2.72756578092314,5.48773151403002,-0.586093626842144,-1.80575948423681,-8.2478972471369,-16.8806163078822
-1.1714476317545,2.72432048048918,5.47785418629484,-0.630068025979459,-1.89572856769734,-8.23138789210049,-16.8350653381442
-1.16611074049366,2.72084073202391,5.46749735865873,-0.67395238209921,-1.98545083382317,-8.21415398529355,-16.7881222296818
-1.16077384923282,2.71712702638533,5.45666236816413,-0.717742834147158,-2.07491886452086,-8.19619770994293,-16.7397913489486
-1.15543695797198,2.71317987500606,5.44535059138026,-0.761435532876841,-2.16412526531251,-8.17752130775446,-16.6900771793565
-1.15010006671114,2.70899980982957,5.43356344427549,-0.805026641161158,-2.25306266595896,-8.15812707872141,-16.6389843208918
-1.1447631754503,2.70458738324462,5.42130238208628,-0.848512334302928,-2.34172372108087,-8.13801738092793,-16.5865174897229
-1.13942628418946,2.69994316801809,5.40856889918287,-0.891888800344364,-2.4301011107777,-8.11719463034765,-16.5326815177971
-1.13408939292862,2.69506775722619,5.39536452893165,-0.935152240375491,-2.51818754124454,-8.09566130063711,-16.4774813524274
-1.12875250166778,2.68996176418401,5.38169084355426,-0.978298868841426,-2.60597574538666,-8.07341992292451,-16.4209220558703
-1.12341561040694,2.6846258223734,5.36754945398339,-1.02132491384852,-2.69345848343178,-8.05047308559337,-16.3630088048927
-1.1180787191461,2.67906058536928,5.35294200971534,-1.06422661746934,-2.78062854354007,-8.0268234340614,-16.3037468903302
-1.11274182788526,2.67326672676426,5.33787019865934,-1.10700023604645,-2.86747874241168,-8.00247367055441,-16.2431417166342
-1.10740493662442,2.66724494009171,5.32233574698359,-1.14964204049496,-2.9540019258919,-7.97742655387546,-16.1811988014111
-1.10206804536358,2.66099593874714,5.30634041895813,-1.19214831660389,-3.04019096957376,-7.95168489916912,-16.1179237749497
-1.09673115410274,2.65452045590806,5.28988601679448,-1.23451536533618,-3.12603877939819,-7.92525157768089,-16.0533223797413
-1.09139426284189,2.64781924445219,5.27297438048205,-1.27673950312744,-3.21153829225146,-7.89812951651191,-15.987400469988
-1.08605737158105,2.64089307687405,5.25560738762144,-1.31881706218342,-3.29668247656005,-7.87032169836882,-15.9201640111032
-1.08072048032021,2.63374274520008,5.2377869532545,-1.36074439077603,-3.38146433288286,-7.84183116130893,-15.8516190792014
-1.07538358905937,2.62636906090203,5.2195150296913,-1.40251785353811,-3.4658768945006,-7.81266099848056,-15.7817718605793
-1.07004669779853,2.61877285480894,5.20079360633388,-1.44413383175672,-3.54991322800239,-7.78281435785882,-15.7106286511872
-1.06470980653769,2.61095497701739,5.18162470949698,-1.48558872366501,-3.6335664338696,-7.75229444197657,-15.6381958560907
-1.05937291527685,2.60291629680037,5.16201040222559,-1.52687894473269,-3.71682964705665,-7.72110450765081,-15.5644799889238
-1.05403602401601,2.59465770251446,5.14195278410943,-1.56800092795497,-3.79969603756902,-7.68924786570439,-15.4894876713323
-1.04869913275517,2.58618010150557,5.12145399109432,-1.60895112414006,-3.88215881103814,-7.65672788068308,-15.4132256324076
-1.04336224149433,2.57748442001307,5.10051619529059,-1.6497260021951,-3.96421120929334,-7.62354797056811,-15.3357007081123
-1.03802535023349,2.56857160307247,5.07914160477829,-1.69032204941056,-4.04584651093057,-7.58971160648412,-15.2569198406956
-1.03268845897265,2.55944261441654,5.05733246340955,-1.73073577174307,-4.12705803187816,-7.55522231240255,-15.1768900781004
-1.02735156771181,2.55009843637496,5.03509105060774,-1.77096369409669,-4.20783912595921,-7.52008366484053,-15.095618573361
-1.02201467645097,2.54054006977241,5.01241968116384,-1.81100236060247,-4.28818318545089,-7.48429929255528,-15.0131125839917
-1.01667778519013,2.53076853382527,4.98932070502965,-1.85084833489647,-4.36808364164034,-7.44787287623404,-14.9293794713672
-1.01134089392929,2.52078486603673,4.96579650710816,-1.89049820039604,-4.44753396537731,-7.41080814817958,-14.8444267000928
-1.00600400266845,2.51059012209055,4.94184950704092,-1.92994856057447,-4.52652766762337,-7.37310889199128,-14.7582618373675
-1.00066711140761,2.50018537574322,4.91748215899253,-1.96919603923384,-4.60505829999776,-7.33477894224185,-14.6708925523365
-0.995330220146765,2.48957171871481,4.89269695143222,-2.00823728077626,-4.68311945531969,-7.29582218414962,-14.5823266154367
-0.989993328885924,2.47875026057825,4.86749640691246,-2.04706895047319,-4.76070476814716,-7.25624255324666,-14.4925718977319
-0.984656437625083,2.46772212864731,4.84188308184485,-2.08568773473316,-4.83780791531221,-7.2160440350424,-14.4016363702413
-0.979319546364243,2.45648846786302,4.81585956627309,-2.12409034136749,-4.91442261645255,-7.17523066468316,-14.3095281032574
-0.973982655103402,2.44505044067875,4.78942848364303,-2.16227349985435,-4.99054263453955,-7.13380652660731,-14.2162552656569
-0.968645763842562,2.43340922694393,4.76259249057012,-2.20023396160087,-5.06616177640247,-7.09177575419631,-14.1218261242028
-0.963308872581722,2.42156602378623,4.73535427660385,-2.2379685002034,-5.14127389324906,-7.04914252942147,-14.0262490428376
-0.957971981320881,2.40952204549253,4.70771656398961,-2.27547391170587,-5.21587288118225,-7.00591108248668,-13.9295324819692
-0.95263509006004,2.39727852338842,4.67968210742767,-2.31274701485628,-5.28995268171301,-6.96208569146692,-13.8316849977475
-0.9472981987992,2.38483670571629,4.65125369382949,-2.34978465136115,-5.36350728226946,-6.91767068194269,-13.7327152413336
-0.941961307538359,2.37219785751222,4.62243414207133,-2.38658368613813,-5.43653071670189,-6.87267042663045,-13.6326319581603
-0.936624416277519,2.35936326048136,4.59322630274516,-2.42314100756649,-5.50901706578392,-6.82708934500896,-13.5314439871851
-0.931287525016678,2.34633421287208,4.56363305790687,-2.45945352773577,-5.58096045770962,-6.78093190294166,-13.429160260135
-0.925950633755837,2.33311202934879,4.53365732082193,-2.49551818269222,-5.65235506858655,-6.73420261229507,-13.325789800743
-0.920613742494997,2.31969804086341,4.50330203570833,-2.53133193268337,-5.72319512292477,-6.68690603055326,-13.2213417239772
-0.915276851234157,2.30609359452557,4.47257017747701,-2.56689176240037,-5.79347489412166,-6.63904676042846,-13.115825235262
-0.909939959973316,2.29230005347151,4.44146475146961,-2.60219468121839,-5.86318870494257,-6.59062944946772,-13.0092496296917
-0.904603068712475,2.27831879673171,4.40998879319378,-2.63723772343482,-5.93233092799728,-6.54165878965584,-12.9016242912357
-0.899266177451635,2.26415121909727,4.37814536805587,-2.6720179485053,-6.00089598621215,-6.49213951701446,-12.7929586919374
-0.893929286190794,2.24979873098498,4.34593757109116,-2.70653244127777,-6.06887835329807,-6.44207641119733,-12.6832623911042
-0.888592394929954,2.23526275830122,4.31336852669159,-2.74077831222415,-6.13627255421392,-6.39147429508196,-12.5725450344913
-0.883255503669113,2.22054474230458,4.28044138833102,-2.77475269766997,-6.20307316562579,-6.34033803435747,-12.4608163534767
-0.877918612408272,2.20564613946725,4.24715933828807,-2.80845276002174,-6.26927481636171,-6.2886725371089,-12.3480861642307
-0.872581721147432,2.19056842133528,4.21352558736653,-2.84187568799207,-6.33487218786196,-6.23648275339778,-12.2343643668762
-0.867244829886591,2.17531307438756,4.17954337461336,-2.87501869682258,-6.3998600146248,-6.18377367483916,-12.1196609446433
-0.861907938625751,2.15988159989363,4.14521596703438,-2.90787902850454,-6.46423308464782,-6.13055033417512,-12.0039859630163
-0.85657104736491,2.14427551377038,4.11054665930757,-2.94045395199721,-6.52798623986455,-6.07681780484475,-11.8873495688733
-0.851234156104069,2.1284963464375,4.07553877349405,-2.97274076344388,-6.59111437657661,-6.0225812005506,-11.7697619896194
-0.845897264843229,2.11254564267189,4.04019565874681,-3.00473678638557,-6.65361244588108,-5.96784567482174,-11.6512335323127
-0.840560373582388,2.0964249614608,4.00452069101713,-3.03643937197243,-6.71547545409328,-5.91261642057346,-11.5317745827839
-0.835223482321548,2.08013587585399,3.96851727275873,-3.06784589917275,-6.77669846316483,-5.85689866966348,-11.4113956047483
-0.829886591060708,2.06367997281467,3.93218883262982,-3.0989537749796,-6.83727659109689,-5.80069769244496,-11.2901071389123
-0.824549699799867,2.04705885306945,3.89553882519279,-3.12976043461506,-6.89720501234867,-5.74401879731613,-11.1679198020723
-0.819212808539026,2.03027413095705,3.85857073061189,-3.16026334173208,-6.95647895824109,-5.68686733026674,-11.0448442862079
-0.813875917278186,2.01332743427612,3.82128805434868,-3.19045998861387,-7.01509371735561,-5.62924867442123,-10.9208913575679
-0.808539026017345,1.99622040413189,3.78369432685534,-3.22034789637086,-7.07304463592811,-5.57116824957878,-10.7960718557506
-0.803202134756504,1.97895469478178,3.74579310326598,-3.24992461513519,-7.13032711823791,-5.51263151175019,-10.6703966927778
-0.797865243495664,1.96153197348002,3.70758796308587,-3.27918772425273,-7.18693662699179,-5.45364395269171,-10.5438768521618
-0.792528352234823,1.94395392032124,3.66908250987851,-3.3081348324726,-7.24286868370302,-5.39421109943578,-10.4165233879676
-0.787191460973983,1.92622222808303,3.63028037095087,-3.33676357813418,-7.29811886906537,-5.33433851381872,-10.2883474238678
-0.781854569713143,1.90833860206754,3.59118519703654,-3.36507162935156,-7.35268282332209,-5.27403179200555,-10.1593601521924
-0.776517678452302,1.89030475994208,3.55180066197693,-3.39305668419554,-7.40655624662977,-5.21329656401179,-10.0295728329725
-0.771180787191461,1.87212243157877,3.51213046240059,-3.4207164708729,-7.45973489941704,-5.1521384932224,-9.89899679297804
-0.765843895930621,1.85379335889325,3.47217831740054,-3.4480487479033,-7.51221460273824,-5.09056327590784,-9.76764342474988
-0.76050700466978,1.83531929568238,3.43194796820989,-3.47505130429345,-7.5639912386218,-5.02857664073739,-9.63552418562658
-0.75517011340894,1.81670200746117,3.39144317787538,-3.50172195970868,-7.61506075041345,-4.96618434828959,-9.50265059676526
-0.749833222148099,1.79794327129859,3.35066773092934,-3.52805856464199,-7.66541914311419,-4.9033921905601,-9.36903424215719
-0.744496330887258,1.77904487565273,3.30962543305971,-3.55405900058035,-7.71506248371299,-4.8402059904667,-9.23468676763799
-0.739159439626418,1.76000862020482,3.26832011077832,-3.5797211801684,-7.7639869015142,-4.77663160135183,-9.0996198798925
-0.733822548365577,1.74083631569262,3.2267556110875,-3.60504304736954,-7.81218858845962,-4.71267490648238,-8.96384534545451
-0.728485657104737,1.72152978374279,3.1849358011449,-3.63002257762424,-7.85966379944523,-4.64834181854701,-8.82737498970133
-0.723148765843896,1.70209085670252,3.14286456792672,-3.65465777800574,-7.90640885263255,-4.58363827915092,-8.69022069584338
-0.717811874583056,1.68252137747025,3.10054581788922,-3.67894668737301,-7.95242012975455,-4.51857025830819,-8.55239440390881
-0.712474983322215,1.66282319932569,3.05798347662865,-3.70288737652102,-7.99769407641619,-4.45314375393161,-8.4139081097232
-0.707138092061375,1.64299818575895,3.01518148853959,-3.72647794832824,-8.04222720238945,-4.38736479132022,-8.27477386388465
-0.701801200800534,1.62304821029895,2.97214381647171,-3.74971653790146,-8.08601608190293,-4.32123942264447,-8.13500377073401
-0.696464309539693,1.602975156341,2.92887444138502,-3.77260131271778,-8.12905735392589,-4.25477372642905,-7.99460998732069
-0.691127418278853,1.58278091697371,2.88537736200362,-3.7951304727639,-8.17134772244675,-4.18797380703352,-7.85360472236383
-0.685790527018012,1.56246739480512,2.84165659446792,-3.81730225067262,-8.21288395674614,-4.12084579413073,-7.71200023520909
-0.680453635757172,1.5420365017881,2.79771617198556,-3.83911491185651,-8.25366289166421,-4.05339584218302,-7.56980883478119
-0.675116744496331,1.52149015904504,2.75356014448071,-3.8605667546388,-8.2936814278625,-3.98563012991638,-7.42704287853209
-0.66977985323549,1.50083029669192,2.7091925782422,-3.88165611038151,-8.33293653208004,-3.91755485979248,-7.28371477138512
-0.66444296197465,1.4800588536616,2.66461755557015,-3.90238134361066,-8.37142523738393,-3.8491762574787,-7.13983696467505
-0.659106070713809,1.45917777752652,2.61983917442134,-3.92274085213874,-8.40914464341416,-3.78050057131615,-6.99542195508411
-0.653769179452969,1.43818902432074,2.57486154805327,-3.94273306718426,-8.44609191662279,-3.7115340717858,-6.85048228357421
-0.648432288192129,1.41709455836132,2.52968880466698,-3.9623564534885,-8.48226429050741,-3.64228305097264,-6.70503053431537
-0.643095396931288,1.39589635206912,2.48432508704861,-3.98160950942935,-8.51765906583885,-3.57275382202811,-6.55907933361042
-0.637758505670447,1.374596385789,2.4387745522098,-4.00049076713235,-8.5522736108832,-3.5029527186306,-6.41264134881621
-0.632421614409607,1.35319664760942,2.39304137102686,-4.01899879257873,-8.58610536161797,-3.43288609444431,-6.26572928726106
-0.627084723148766,1.33169913318145,2.34712972787887,-4.0371321857107,-8.61915182194259,-3.36256032257629,-6.11835589515914
-0.621747831887926,1.31010584553726,2.3010438202846,-4.05488958053367,-8.65141056388294,-3.29198179503195,-5.97053395652124
-0.616410940627085,1.28841879490808,2.25478785853845,-4.07226964521575,-8.68287922779026,-3.22115692216883,-5.82227629206243
-0.611074049366244,1.2666399985416,2.20836606534524,-4.08927108218416,-8.71355552253401,-3.15009213214889,-5.67359575810664
-0.605737158105404,1.24477148051889,2.16178267545405,-4.10589262821881,-8.74343722568906,-3.07879387038922,-5.52450524548805
-0.600400266844563,1.22281527157081,2.11504193529107,-4.12213305454294,-8.77252218371689,-3.00726859901132,-5.37501767844966
-0.595063375583723,1.20077340889399,2.06814810259145,-4.13799116691075,-8.80080831214098,-2.93552279628892,-5.22514601353893
-0.589726484322882,1.17864793596624,2.02110544603034,-4.15346580569217,-8.82829359571619,-2.86356295609444,-5.07490323850071
-0.584389593062042,1.15644090236168,1.9739182448529,-4.16855584595461,-8.85497608859238,-2.79139558734413,-4.92430237116749
-0.579052701801201,1.13415436356528,1.92659078850357,-4.18326019754175,-8.88085391447196,-2.71902721344187,-4.77335645834702
-0.573715810540361,1.1117903807871,1.87912737625444,-4.19757780514942,-8.90592526676159,-2.64646437172177,-4.62207857470753
-0.56837891927952,1.08935102077609,1.83153231683286,-4.2115076483984,-8.93018840871787,-2.57371361288962,-4.4704818216606
-0.563042028018679,1.06683835563348,1.78380992804829,-4.2250487419043,-8.95364167358708,-2.50078150046309,-4.31857932624157
-0.557705136757839,1.04425446262588,1.73596453641842,-4.23820013534448,-8.97628346473893,-2.42767461021096,-4.16638423998801
-0.552368245496998,1.02160142399794,1.68800047679458,-4.25096091352187,-8.99811225579436,-2.35439952959122,-4.01390973781587
-0.547031354236158,0.998881326784769,1.63992209198647,-4.26333019642593,-9.01912659074727,-2.28096285718816,-3.86116901689377
-0.541694462975317,0.976096262623975,1.59173373238629,-4.27530713929044,-9.03932508408031,-2.2073712021486,-3.70817529551533
-0.536357571714476,0.953248327567409,1.54343975559227,-4.28689093264845,-9.05870642087455,-2.13363118361713,-3.55494181196971
-0.531020680453636,0.930339621892662,1.49504452603159,-4.29808080238405,-9.07726935691325,-2.05974943017053,-3.40148182341049
-0.525683789192795,0.907372249914247,1.44655241458281,-4.30887600978125,-9.09501271877943,-1.98573257925137,-3.24780860472283
-0.520346897931955,0.884348319794561,1.39796779819773,-4.31927585156976,-9.11193540394758,-1.9115872766009,-3.0939354473892
-0.515010006671115,0.861269943354597,1.34929505952287,-4.32927965996779,-9.1280363808691,-1.83732017569114,-2.93987565835366
-0.509673115410274,0.838139235884438,1.30053858652042,-4.33888680272173,-9.14331468905187,-1.76293793715641,-2.78564255888482
-0.504336224149433,0.814958315953553,1.25170277208887,-4.34809668314295,-9.1577694391336,-1.68844722822418,-2.63124948343767
-0.498999332888593,0.79172930522089,1.20279201368314,-4.35690874014138,-9.1713998129492,-1.61385472214538,-2.47670977851403
-0.493662441627752,0.768454328244813,1.15381071293451,-4.36532244825617,-9.18420506359202,-1.5391670976242,-2.32203680152227
-0.488325550366912,0.745135512292877,1.10476327527014,-4.37333731768329,-9.19618451546901,-1.4643910382474,-2.16724391963595
-0.482988659106071,0.721774987151462,1.05565410953235,-4.38095289430003,-9.2073375643498,-1.38953323191323,-2.01234450865154
-0.47765176784523,0.698374884935297,1.00648762759765,-4.3881687596865,-9.21766367740965,-1.31460037026,-1.85735195184568
-0.47231487658439,0.674937339896851,0.95726824399555,-4.39498453114407,-9.22716239326631,-1.23959914809425,-1.70227963883143
-0.466977985323549,0.651464488235663,0.908000375527199,-4.40139986171076,-9.23583332201085,-1.16453626281874,-1.54714096441431
-0.461641094062709,0.627958467907581,0.858688440883864,-4.40741444017353,-9.24367614523223,-1.08941841386015,-1.39194932744771
-0.456304202801868,0.604421418433944,0.809336860265304,-4.41302799107758,-9.2506906160359,-1.01425230209666,-1.23671812968798
-0.450967311541028,0.580855480710739,0.759950054998074,-4.4182402747326,-9.25687655905625,-0.93904462928541,-1.08146077464936
-0.445630420280187,0.557262796817701,0.71053244715374,-4.42305108721587,-9.26223387046288,-0.863802097489779,-0.926190666458654
-0.440293529019347,0.533645509827437,0.661088459167106,-4.42746026037242,-9.26676251796085,-0.788531408506776,-0.770921208709861
-0.434956637758506,0.510005763614543,0.611622513454462,-4.43146766181202,-9.2704625407848,-0.713239263294382,-0.615665803318947
-0.429619746497665,0.486345702664737,0.562139032031852,-4.43507319490326,-9.27333404968688,-0.637932361398966,-0.46043784937865
-0.424282855236825,0.462667471884058,0.512642436133457,-4.4382767987644,-9.2753772269187,-0.562617400382858,-0.305250742013628
-0.418945963975984,0.438973216408084,0.463137145830053,-4.44107844825133,-9.27659232620701,-0.487301075252021,-0.150117871235809
-0.413609072715144,0.41526508141126,0.413627579647642,-4.44347815394234,-9.27697967272346,-0.411990077884025,0.00494737919967
-0.408272181454303,0.391545211916289,0.364118154186257,-4.44547596211993,-9.27653966304808,-0.336691096456224,0.159931632938095
-0.402935290193462,0.36781575260364,0.314613283738962,-4.44707195474954,-9.27527276512676,-0.261410814874286,0.314821522168138
-0.397598398932622,0.344078847621183,0.265117379911133,-4.4482662494552,-9.27317951822261,-0.186155912201084,0.469603688764048
-0.392261507671781,0.320336640393944,0.215634851239956,-4.44905899949219,-9.27026053286124,-0.110933062085969,0.624264785427123
-0.386924616410941,0.296591273434028,0.166170102814286,-4.44945039371663,-9.26651649076989,-0.035748932194544,0.778791476826159
-0.381587725150101,0.272844888150713,0.116727535894825,-4.44944065655199,-9.26194814481055,0.039389816361063,0.933170440736898
-0.37625083388926,0.249099624660722,0.067311547534669,-4.44903004795264,-9.25655631890698,0.114476529591383,1.0873883691804
-0.370913942628419,0.225357621598708,0.017926530200287,-4.44821886336427,-9.2503419079656,0.189504561198135,1.24143196956011
-0.365577051367579,0.201621015927947,-0.031423128607112,-4.44700743368138,-9.24330587779044,0.264467273142171,1.39528796579773
-0.360240160106738,0.177891942751277,-0.080733046729687,-4.44539612520164,-9.2354492649919,0.33935803621065,1.54894309946757
-0.354903268845898,0.154172535122276,-0.129998847730604,-4.44338533957733,-9.22677317688952,0.414170230583484,1.70238413092947
-0.349566377585057,0.130464923856724,-0.179216161271133,-4.44097551376363,-9.21727879140872,0.488897246398989,1.85559784046004
-0.344229486324216,0.106771237344338,-0.228380623487155,-4.43816711996403,-9.2069673569715,0.563532484318649,2.00857102938226
-0.338892595063376,0.083093601360801,-0.27748787736512,-4.43496066557261,-9.19584019238109,0.638069356091041,2.16129052119329
-0.333555703802535,0.05943413888012,-0.326533573117322,-4.43135669311343,-9.1838986867006,0.712501285114764,2.31374316269032
-0.328218812541695,0.03579496988731,-0.375513368556537,-4.42735578017679,-9.17114429912568,0.786821707000383,2.46591582509449
-0.322881921280854,0.012178211191422,-0.424422929469961,-4.42295853935261,-9.15757855885119,0.861024070131344,2.61779540517267
-0.317545030020014,-0.011414023761054,-0.473257929992409,-4.41816561816072,-9.14320306493184,0.935101836223764,2.76936882635712
-0.312208138759173,-0.034979625072424,-0.522014052978782,-4.41297769897826,-9.12801948613693,1.00904848088514,2.92062303986281
-0.306871247498333,-0.05851648657961,-0.570686990375712,-4.40739549896404,-9.11202956079911,1.08285749417181,3.07154502580244
-0.301534356237492,-0.082022506039574,-0.619272443592402,-4.40141976997991,-9.09523509665713,1.15652238114523,3.2221217942989
-0.296197464976651,-0.105495585314308,-0.667766123870609,-4.39505129850926,-9.07763797069278,1.23003666242691,3.37234038659523
-0.290860573715811,-0.12893363055537,-0.716163752653722,-4.38829090557244,-9.05924012896181,1.30339387475208,3.52218787616186
-0.28552368245497,-0.152334552387988,-0.764461061954963,-4.38113944663933,-9.040043586419,1.37658757152194,3.67165136980123
-0.28018679119413,-0.175696266094665,-0.812653794724596,-4.3735978115389,-9.02005042673734,1.44961132335453,3.82071800874939
-0.274849899933289,-0.1990166917983,-0.860737705216179,-4.36566692436588,-8.99926280212129,1.52245871863406,3.96937496977478
-0.269513008672448,-0.222293754644812,-0.9087085593518,-4.35734774338445,-8.97768293311427,1.59512336405879,4.1176094662739
-0.264176117411608,-0.245525384985227,-0.956562135086253,-4.34864126092908,-8.95531310840025,1.66759888518728,4.26540874936389
-0.258839226150767,-0.268709518557241,-1.00429422277018,-4.33954850330239,-8.93215568459949,1.73987892698312,4.4127601089719
-0.253502334889927,-0.291844096666229,-1.05190062551206,-4.33007053067016,-8.90821308605859,1.81195715435789,4.55965087492113
-0.248165443629087,-0.314927066365673,-1.09937715953909,-4.3202084369534,-8.8834878046346,1.88382725271251,4.7060684180134
-0.242828552368246,-0.337956380637026,-1.14671965455691,-4.30996334971759,-8.85798239947349,1.95548292847679,4.85200015110832
-0.237491661107405,-0.360929998568954,-1.19392395410807,-4.29933643005897,-8.83169949678283,2.02691790964718,4.9974335301988
-0.232154769846565,-0.383845885535992,-1.24098591592935,-4.28832887248809,-8.80464178959868,2.0981259463227,5.1423560554829
-0.226817878585724,-0.406702013376542,-1.28790141230778,-4.27694190481031,-8.77681203754687,2.16910081123901,5.28675527243189
-0.221480987324884,-0.429496360570247,-1.33466633043534,-4.26517678800369,-8.74821306659849,2.23983630030043,5.43061877285446
-0.216144096064043,-0.452226912414696,-1.38127657276242,-4.25303481609384,-8.71884776881982,2.31032623311015,5.57393419595695
-0.210807204803202,-0.474891661201446,-1.42772805734983,-4.24051731602608,-8.68871910211651,2.38056445349822,5.7166892293995
-0.205470313542362,-0.497488606391381,-1.47401671821953,-4.2276256475347,-8.6578300899722,2.45054483004769,5.85887161034818
-0.200133422281521,-0.520015754789332,-1.52013850570388,-4.2143612030095,-8.6261838211815,2.52026125661843,6.00046912652274
-0.194796531020681,-0.542471120718003,-1.56608938679346,-4.20072540735945,-8.59378344957741,2.58970765286891,6.14146961724013
-0.18945963975984,-0.56485272619115,-1.61186534548346,-4.18671971787367,-8.56063219375317,2.65887796477577,6.28186097445361
-0.184122748499,-0.587158601086007,-1.65746238311853,-4.17234562407956,-8.52673333677862,2.72776616515105,6.42163114378727
-0.178785857238159,-0.609386783314965,-1.70287651873611,-4.15760464759819,-8.49209022591094,2.79636625415726,6.56076812556614
-0.173448965977319,-0.631535318996452,-1.74810378940824,-4.14249834199701,-8.45670627230007,2.86467225982002,6.69925997584143
-0.168112074716478,-0.653602262625031,-1.79314025058168,-4.12702829263975,-8.4205849506885,2.93267823853833,6.83709480741118
-0.162775183455637,-0.675585677240687,-1.83798197641657,-4.11119611653365,-8.38372979910574,3.00037827559246,6.9742607908359
-0.157438292194797,-0.697483634597287,-1.8826250601233,-4.09500346217399,-8.34614441855737,3.0677664856493,7.1107461554494
-0.152101400933956,-0.719294215330216,-1.92706561429776,-4.07845200938588,-8.30783247270864,3.13483701326531,7.24653919036455
-0.146764509673116,-0.741015509123144,-1.97129977125496,-4.06154346916342,-8.2687976875628,3.20158403338678,7.38162824547397
-0.141427618412275,-0.762645614873942,-2.01532368336076,-4.0442795835062,-8.22904385113406,3.26800175184758,7.51600173244539
-0.136090727151434,-0.784182640859714,-2.059133523362,-4.02666212525312,-8.18857481311522,3.33408440586429,7.64964812571198
-0.130753835890594,-0.805624704900923,-2.10272548471474,-4.00869289791358,-8.14739448454016,3.39982626452855,7.78255596345699
-0.125416944629754,-0.826969934524632,-2.14609578191071,-3.99037373549607,-8.10550683744088,3.46522162929679,7.91471384859333
-0.120080053368913,-0.848216467126809,-2.18924065080198,-3.97170650233416,-8.06291590449952,3.53026483447715,8.04611044973722
-0.114743162108073,-0.869362450133693,-2.23215634892363,-3.95269309290983,-8.01962577869511,3.59495024771357,8.17673450217657
-0.109406270847232,-0.89040604116222,-2.27483915581464,-3.93333543167433,-7.97564061294516,3.65927227046706,8.30657480883342
-0.104069379586391,-0.911345408179479,-2.31728537333679,-3.91363547286639,-7.93096461974218,3.72322533849409,8.43562024122069
-0.098732488325551,-0.932178729661196,-2.35949132599162,-3.89359520032794,-7.88560207078504,3.78680392232205,8.56385974039315
-0.09339559706471,-0.952904194749229,-2.40145336123545,-3.87321662731725,-7.83955729660533,3.85000252772168,8.69128231789228
-0.08805870580387,-0.973520003408047,-2.4431678497923,-3.85250179631961,-7.79283468618867,3.91281569617656,8.81787705668527
-0.082721814543029,-0.99402436658021,-2.48463118596488,-3.83145277885551,-7.74543868659103,3.97523800534955,8.94363311209781
-0.077384923282188,-1.0144155063408,-2.52583978794342,-3.81007167528624,-7.69737380255008,4.03726406954604,9.06853971274068
-0.072048032021348,-1.03469165605082,-2.56679009811251,-3.7883606146172,-7.64864459609161,4.09888854017419,9.19258616143024
-0.066711140760508,-1.05485106050956,-2.60747858335576,-3.7663217542986,-7.59925568613108,4.16010610620197,9.31576183610237
-0.061374249499667,-1.0748919761058,-2.64790173535835,-3.74395728002381,-7.54921174807027,4.2209114946109,9.43805619072015
-0.056037358238826,-1.09481267096807,-2.68805607090737,-3.72126940552529,-7.49851751338914,4.28129947084667,9.55945875617495
-0.050700466977986,-1.11461142511371,-2.72793813219005,-3.69826037236812,-7.44717776923286,4.34126483926639,9.67995914118098
-0.045363575717145,-1.13428653059684,-2.76754448708969,-3.67493244974114,-7.39519735799415,4.40080244358253,9.79954703316322
-0.040026684456305,-1.15383629165526,-2.80687172947941,-3.65128793424572,-7.34258117689079,4.45990716730357,9.91821219913857
-0.034689793195464,-1.17325902485614,-2.84591647951361,-3.62732914968223,-7.28933417753856,4.51857393417108,10.0359444865902
-0.029352901934623,-1.19255305924062,-2.8846753839171,-3.60305844683418,-7.23546136551948,4.57679770859357,10.1527338243352
-0.024016010673783,-1.21171673646723,-2.92314511627197,-3.57847820324997,-7.18096779994541,4.63457349607671,10.2685702233847
-0.018679119412942,-1.23074841095417,-2.96132237730213,-3.55359082302248,-7.12585859301715,4.69189634365009,10.3834437777981
-0.013342228152102,-1.24964645002033,-2.99920389515541,-3.5283987365663,-7.07013890957889,4.74876134029049,10.4973446655289
-0.008005336891261,-1.26840923402522,-3.03678642568332,-3.50290440039276,-7.01381396666833,4.80516361734142,10.6102631492641
-0.00266844563042,-1.28703515650762,-3.07406675271842,-3.4771102968827,-6.95688903306217,4.86109834892921,10.7221895772563
0.00266844563042,-1.30552262432299,-3.11104168834917,-3.45101893405702,-6.89936942881727,4.91656075237534,10.8331143841486
0.00800533689126,-1.32387005777978,-3.14770807319244,-3.42463284534511,-6.84126052480741,4.97154608860509,10.9430280917914
0.013342228152101,-1.34207589077433,-3.18406277666341,-3.397954589351,-6.78256774225572,5.02604966255249,11.0519213100529
0.018679119412942,-1.36013857092462,-3.22010269724304,-3.3709867496175,-6.72329655226281,5.08006682356146,11.1597847376209
0.024016010673782,-1.37805655970276,-3.25582476274303,-3.34373193438801,-6.66345247533053,5.13359296578329,11.2666091627979
0.029352901934622,-1.39582833256612,-3.2912259305681,-3.31619277636645,-6.60304108088178,5.18662352857009,11.3723854642882
0.034689793195463,-1.41345237908729,-3.32630318797591,-3.28837193247492,-6.54206798677574,5.23915399686453,11.4771046119771
0.040026684456304,-1.43092720308262,-3.36105355233413,-3.26027208360938,-6.4805388588194,5.29117990158563,11.5807576677027
0.045363575717144,-1.44825132273954,-3.39547407137509,-3.23189593439325,-6.41845941027463,5.34269682001063,11.6833357860194
0.050700466977985,-1.46542327074255,-3.42956182344772,-3.20324621292899,-6.35583540136137,5.3937003761529,11.784830214954
0.056037358238825,-1.48244159439779,-3.4633139177668,-3.17432567054771,-6.29267263875687,5.44418624113582,11.8852322967533
0.061374249499666,-1.49930485575641,-3.49672749465958,-3.14513708155668,-6.22897697509071,5.49415013356274,11.9845334686238
0.066711140760507,-1.51601163173648,-3.52979972580961,-3.11568324298504,-6.1647543084362,5.54358781988274,12.0827252634639
0.072048032021347,-1.53256051424355,-3.56252781449796,-3.08596697432745,-6.10001058179771,5.59249511475237,12.1797993105866
0.077384923282188,-1.54895011028991,-3.59490899584164,-3.05599111728585,-6.03475178259411,5.64086788139337,12.2757473364354
0.082721814543028,-1.56517904211237,-3.62694053702919,-3.02575853550935,-5.96898394213868,5.68870203194602,12.3705611652907
0.088058705803869,-1.5812459472887,-3.6586197375536,-2.99527211433217,-5.90271313511489,5.73599352781851,12.4642327199692
0.09339559706471,-1.59714947885267,-3.68994392944234,-2.96453476050985,-5.83594547904887,5.782738380032,12.5567540225129
0.09873248832555,-1.61288830540767,-3.72091047748457,-2.93354940195355,-5.76868713377793,5.82893264956147,12.648117194872
0.104069379586391,-1.62846111123888,-3.75151677945559,-2.90231898746247,-5.70094430091554,5.8745724476723,12.7383144595771
0.109406270847231,-1.64386659642404,-3.78176026633829,-2.87084648645467,-5.63272322331284,5.91965393625253,12.8273381404044
0.114743162108072,-1.65910347694279,-3.81163840254182,-2.83913488869598,-5.5640301845165,5.96417332814085,12.9151806630311
0.120080053368913,-1.67417048478447,-3.84114868611731,-2.80718720402719,-5.49487150822318,6.00812688745015,13.0018345556832
0.125416944629753,-1.68906636805463,-3.8702886489707,-2.77500646208962,-5.42525355773051,6.05151092988678,13.0872924497733
0.130753835890594,-1.70378989107986,-3.89905585707261,-2.74259571204886,-5.35518273538471,6.09432182306536,13.1715470805306
0.136090727151434,-1.71833983451132,-3.92744791066522,-2.70995802231695,-5.28466548202491,6.13655598681911,13.2545912876216
0.141427618412274,-1.7327149954267,-3.95546244446627,-2.67709648027285,-5.21370827642406,6.17820989350584,13.3364180157619
0.146764509673115,-1.74691418743065,-3.98309712786997,-2.64401419198137,-5.14231763472679,6.21928006830929,13.417020315319
0.152101400933955,-1.76093624075381,-4.01034966514496,-2.61071428191039,-5.07050010988391,6.2597630895361,13.4963913429061
0.157438292194796,-1.77478000235024,-4.0372177956292,-2.57719989264658,-4.99826229108378,6.29965558890816,13.5745243619671
0.162775183455636,-1.78844433599334,-4.06369929392188,-2.54347418460958,-4.92561080318073,6.33895425185042,13.6514127433518
0.168112074716477,-1.8019281223703,-4.08979197007221,-2.50954033576461,-4.85255230612022,6.37765581777412,13.7270499658828
0.173448965977318,-1.81523025917491,-4.11549366976514,-2.47540154133364,-4.77909349436122,6.41575708035538,13.8014296169122
0.178785857238158,-1.82834966119893,-4.14080227450405,-2.44106101350502,-4.70524109629546,6.45325488780917,13.87454539287
0.184122748498999,-1.84128526042187,-4.16571570179025,-2.40652198114167,-4.63100187366383,6.49014614315864,13.9463910998024
0.189459639759839,-1.85403600609913,-4.19023190529942,-2.37178768948794,-4.55638262097006,6.52642780449971,14.0169606539015
0.19479653102068,-1.86660086484872,-4.21434887505489,-2.33686139987493,-4.48139016489136,6.56209688526106,14.0862480820244
0.200133422281521,-1.87897882073626,-4.23806463759774,-2.30174638942453,-4.40603136368656,6.59715045445921,14.1542475222043
0.205470313542361,-1.89116887535851,-4.2613772561538,-2.26644595075209,-4.33031310660138,6.63158563694909,14.220953224151
0.210807204803202,-1.90317004792524,-4.28428483079742,-2.23096339166772,-4.25424231327109,6.6653996136696,14.2863595497423
0.216144096064042,-1.9149813753395,-4.30678549861203,-2.19530203487639,-4.17782593312066,6.69858962188456,14.3504609735058
0.221480987324883,-1.92660191227636,-4.32887743384756,-2.15946521767665,-4.10107094476219,6.73115295541877,14.4132520830911
0.226817878585724,-1.93803073125994,-4.35055884807457,-2.12345629165816,-4.02398435539007,6.7630869648892,14.4747275797323
0.232154769846564,-1.94926692273889,-4.37182799033515,-2.08727862239802,-3.94657320017352,6.7943890579314,14.5348822787003
0.237491661107405,-1.96030959516024,-4.39268314729065,-2.05093558915583,-3.86884454164678,6.82505669942105,14.5937111097465
0.242828552368245,-1.97115787504159,-4.41312264336603,-2.01443058456767,-3.79080546909703,6.85508741169048,14.6512091175357
0.248165443629086,-1.98181090704166,-4.43314484089106,-1.97776701433885,-3.71246309794991,6.88447877474046,14.7073714620693
0.253502334889927,-1.99226785402926,-4.45274814023812,-1.94094829693562,-3.63382456915298,6.91322842644698,14.7621934190993
0.258839226150767,-2.00252789715053,-4.47193097995677,-1.90397786327575,-3.55489704855679,6.941334062763,14.8156703805317
0.264176117411608,-2.01259023589461,-4.49069183690502,-1.86685915641801,-3.47568772629392,6.96879343791544,14.8677978548202
0.269513008672448,-2.02245408815754,-4.50902922637726,-1.82959563125072,-3.39620381615607,6.99560436459698,14.9185714673503
0.274849899933288,-2.03211869030462,-4.52694170222882,-1.79219075417919,-3.31645255496885,7.02176471415302,14.9679869608127
0.280186791194129,-2.041583297231,-4.54442785699727,-1.7546480028122,-3.23644120196485,7.04727241676353,15.0160401955674
0.285523682454969,-2.05084718242065,-4.56148632202029,-1.71697086564754,-3.15617703815473,7.07212546161992,15.0627271499972
0.29086057371581,-2.05990963800363,-4.57811576755025,-1.67916284175663,-3.07566736569632,7.09632189709687,15.1080439208514
0.29619746497665,-2.06876997481169,-4.59431490286536,-1.64122744046819,-2.99491950726212,7.11985983091904,15.1519867235795
0.301534356237491,-2.07742752243211,-4.61008247637748,-1.60316818105108,-2.91394080540485,7.14273743032285,15.1945518926541
0.306871247498332,-2.08588162926,-4.62541727573649,-1.56498859239626,-2.83273862192149,7.16495292221299,15.2357358818848
0.312208138759172,-2.0941316625487,-4.64031812793133,-1.52669221269798,-2.75132033721554,7.18650459331396,15.2755352647205
0.317545030020013,-2.10217700845864,-4.65478389938757,-1.48828258913403,-2.66969334965767,7.20739079031651,15.3139467345426
0.322881921280853,-2.1100170721044,-4.66881349606161,-1.44976327754549,-2.58786507494501,7.22760992001882,15.3509671049476
0.328218812541694,-2.11765127760013,-4.68240586353142,-1.41113784211541,-2.50584294545873,7.24716044946271,15.3865933100191
0.333555703802535,-2.12507906810316,-4.69555998708387,-1.37240985504708,-2.42363440962042,7.26604090606459,15.42082240459
0.338892595063375,-2.13229990585595,-4.70827489179862,-1.33358289624138,-2.3412469312469,7.28424987774129,15.4536515644938
0.344229486324216,-2.13931327222635,-4.72054964262853,-1.29466055297363,-2.25868798890381,7.30178601303072,15.4850780868064
0.349566377585056,-2.14611866774606,-4.73238334447671,-1.25564641956975,-2.17596507525804,7.31864802120735,15.5150993900768
0.354903268845897,-2.1527156121474,-4.74377514226996,-1.21654409708176,-2.09308569642866,7.33483467239252,15.5437130145475
0.360240160106738,-2.15910364439833,-4.75472422102891,-1.17735719296285,-2.01005737133708,7.35034479765948,15.5709166223652
0.365577051367578,-2.16528232273576,-4.76522980593454,-1.13808932074175,-1.92688763105581,7.36517728913331,15.59670799778
0.370913942628419,-2.1712512246971,-4.77529116239134,-1.09874409969669,-1.84358401815632,7.37933110008557,15.621085047335
0.376250833889259,-2.17700994715006,-4.7849075960869,-1.0593251545288,-1.7601540860559,7.39280524502374,15.6440458000451
0.3815877251501,-2.18255810632074,-4.79407845304809,-1.01983611503508,-1.67660539836359,7.40559879977543,15.6655884075656
0.386924616410941,-2.18789533781994,-4.80280311969364,-0.980280615780933,-1.59294552822523,7.41771090156735,15.6857111443499
0.392261507671781,-2.19302129666772,-4.81108102288337,-0.940662295772298,-1.50918205766773,7.42914074909902,15.7044124077971
0.397598398932621,-2.19793565731626,-4.81891162996375,-0.90098479812735,-1.42532257694248,7.43988760261125,15.7216907183887
0.402935290193462,-2.2026381136709,-4.82629444881012,-0.861251769747949,-1.34137468386821,7.44995078394934,15.7375447198154
0.408272181454302,-2.20712837910947,-4.83322902786525,-0.821466860990643,-1.25734598317307,7.45932967662104,15.7519731790926
0.413609072715143,-2.21140618649982,-4.83971495617451,-0.781633725337494,-1.17324408583621,7.46802372584921,15.7649749866661
0.418945963975983,-2.21547128821567,-4.84575186341746,-0.741756019066558,-1.08907660842877,7.47603243861924,15.7765491565067
0.424282855236824,-2.21932345615062,-4.85133941993589,-0.701837400922132,-1.00485117245438,7.48335538372116,15.7866948261944
0.429619746497664,-2.22296248173042,-4.85647733675846,-0.661881531784856,-0.920575403689344,7.48999219178651,15.7954112569923
0.434956637758505,-2.22638817592354,-4.8611653656217,-0.621892074341527,-0.836256931522297,7.49594255531986,15.8026978339095
0.440293529019346,-2.22960036924987,-4.8654032989875,-0.581872692754871,-0.751903388293724,7.50120622872513,15.808554065754
0.445630420280186,-2.23259891178774,-4.86919097005715,-0.541827052333109,-0.667522408635096,7.50578302832656,15.812979585174
0.450967311541027,-2.23538367317919,-4.87252825278178,-0.501758819199434,-0.583121628807828,7.50967283238437,15.8159741486902
0.456304202801867,-2.23795454263335,-4.87541506186929,-0.461671659961477,-0.498708686042222,7.51287558110523,15.8175376367158
0.461641094062708,-2.24031142892823,-4.87785135278777,-0.421569241380645,-0.414291217876117,7.5153912766473,15.8176700535672
0.466977985323549,-2.24245426041061,-4.87983712176535,-0.381455230041527,-0.329876861493724,7.51721998312009,15.8163715274633
0.472314876584389,-2.24438298499423,-4.8813724057866,-0.341333292021265,-0.245473253064365,7.51836182657898,15.813642310515
0.47765176784523,-2.24609757015617,-4.88245728258529,-0.301207092558963,-0.161088027081276,7.51881699501441,15.8094827787032
0.48298865910607,-2.24759800293157,-4.88309187063373,-0.26108029572523,-0.076728815700708,7.51858573833588,15.8038934318467
0.488325550366911,-2.24888428990643,-4.88327632912848,-0.220956564091727,0.007596751918988,7.51766836835053,15.7968748935599
0.493662441627752,-2.24995645720876,-4.88301085797265,-0.180839558400941,0.091881050277801,7.51606525873653,15.7884279111992
0.498999332888592,-2.25081455049796,-4.88229569775457,-0.14073293723605,0.176116458194343,7.51377684501118,15.7785533557991
0.504336224149433,-2.25145863495238,-4.881131129723,-0.100640356690973,0.260295359465748,7.51080362449362,15.7672522219979
0.509673115410273,-2.25188879525517,-4.8795174757588,-0.060565470040694,0.344410143527013,7.50714615626242,15.7545256279528
0.515010006671114,-2.25210513557836,-4.87745509834305,-0.02051192741173,0.428453206110071,7.50280506110774,15.7403748152441
0.520346897931955,-2.25210777956519,-4.87494440052176,0.019516624547025,0.512416949902105,7.49778102147834,15.7248011487693
0.525683789192795,-2.25189687031062,-4.87198582586692,0.059516542993237,0.596293785203411,7.49207478142323,15.7078061166264
0.531020680453636,-2.25147257034021,-4.86857985843415,0.09948418921974,0.680076130584626,7.48568714652808,15.6893913299867
0.536357571714476,-2.25083506158712,-4.86472702271679,0.139415928982715,0.763756413543081,7.47861898384647,15.6695585229575
0.541694462975316,-2.24998454536745,-4.86042788359657,0.179308132829604,0.847327071158627,7.47087122182568,15.6483095524332
0.547031354236157,-2.24892124235377,-4.85568304629062,0.219157176426501,0.930780550748421,7.46244485022747,15.6256463979375
0.552368245496997,-2.24764539254694,-4.85049315629519,0.258959440885179,1.01410931052097,7.45334092004343,15.6015711614534
0.557705136757838,-2.24615725524618,-4.8448588993257,0.298711313089647,1.09730582022927,7.44356054340522,15.5760860672444
0.563042028018679,-2.24445710901739,-4.83878100125346,0.338409186022159,1.1803625618228,7.43310489348952,15.5491934616637
0.568378919279519,-2.24254525165972,-4.83226022803876,0.378049459088762,1.2632720300986,7.42197520441781,15.5208958129543
0.57371581054036,-2.24042200017045,-4.82529738566067,0.417628538444284,1.34602673335132,7.41017277115088,15.4911957110378
0.5790527018012,-2.23808769070809,-4.81789332004315,0.457142837316698,1.42861919402185,7.39769894937822,15.4600958672932
0.584389593062041,-2.23554267855375,-4.81004891697795,0.496588776330962,1.51104194934509,7.38455515540216,15.4275991143251
0.589726484322882,-2.23278733807085,-4.80176510204384,0.535962783832142,1.59328755199614,7.37074286601683,15.3937084057218
0.595063375583722,-2.229822062663,-4.79304284052253,0.575261296207934,1.67534857073535,7.35626361838205,15.358426815803
0.600400266844563,-2.22664726473025,-4.78388313731107,0.614480758210497,1.75721759105201,7.34111900989189,15.3217575393567
0.605737158105403,-2.22326337562359,-4.77428703683091,0.653617623277516,1.83888721580646,7.32531069803823,15.2837038913668
0.611074049366244,-2.21967084559774,-4.76425562293344,0.692668353852605,1.92035006587089,7.30884040026913,15.2442693067294
0.616410940627085,-2.21587014376223,-4.75379001880215,0.73162942170486,2.00159878076847,7.29170989384208,15.2034573399594
0.621747831887925,-2.21186175803076,-4.74289138685144,0.770497308247669,2.08262601931094,7.27392101567212,15.1612716648869
0.627084723148766,-2.20764619506895,-4.73156092862192,0.809268504856698,2.16342446023459,7.2554756621749,15.1177160743432
0.632421614409606,-2.20322398024022,-4.71979988467243,0.847939513186967,2.24398680283444,7.23637578910464,15.0727944798368
0.637758505670447,-2.19859565755019,-4.70760953446859,0.886506845489143,2.32430576759679,7.21662341138699,15.026510911219
0.643095396931288,-2.19376178958922,-4.69499119626807,0.924967024924822,2.4043740968298,7.19622060294691,14.9788695163396
0.648432288192128,-2.18872295747337,-4.68194622700239,0.963316585880961,2.48418455529234,7.17516949653141,14.9298745606927
0.653769179452969,-2.18347976078364,-4.66847602215549,1.00155207428333,2.56372993082093,7.15347228352734,14.8795304270521
0.659106070713809,-2.17803281750358,-4.65458201563887,1.03967004790893,2.64300303495453,7.13113121377416,14.8278416150965
0.66444296197465,-2.17238276395518,-4.6402656796634,1.07766707669749,2.72199670355758,7.10814859537163,14.7748127410256
0.66977985323549,-2.16653025473314,-4.62552852460792,1.11553974306182,2.80070379744066,7.08452679448269,14.7204485371652
0.67511674449633,-2.16047596263749,-4.61037209888435,1.15328464219717,2.87911720297925,7.06026823513121,14.6647538515631
0.680453635757171,-2.15422057860453,-4.5947979887997,1.19089838238952,2.95722983273025,7.03537539899487,14.6077336475746
0.685790527018011,-2.14776481163616,-4.57880781841465,1.22837758532263,3.03503462604615,7.00985082519313,14.5493930034386
0.691127418278852,-2.14110938872755,-4.56240324939891,1.26571888638408,3.1125245496871,6.98369711007027,14.4897371118437
0.696464309539693,-2.1342550547932,-4.54558598088336,1.30291893497005,3.18969259843044,6.95691690697353,14.4287712794845
0.701801200800533,-2.12720257259134,-4.52835774930887,1.33997439478898,3.26653179567797,6.9295129260264,14.3665009266077
0.707138092061374,-2.1199527226468,-4.51072032827192,1.37688194416391,3.34303519406079,6.90148793389704,14.3029315865499
0.712474983322214,-2.11250630317214,-4.492675528367,1.41363827633366,3.41919587604147,6.87284475356187,14.2380689052638
0.717811874583055,-2.10486412998728,-4.47422519702583,1.4502400997527,3.49500695451392,6.84358626406439,14.1719186408363
0.723148765843896,-2.0970270364375,-4.45537121835332,1.48668413838968,3.57046157340043,6.81371540026913,14.1044866629967
0.728485657104736,-2.08899587330985,-4.43611551296039,1.52296713202472,3.64555290824619,6.78323515261093,14.0357789526145
0.733822548365577,-2.08077150874795,-4.41646003779365,1.55908583654528,3.7202741668111,6.75214856683934,13.9658016011889
0.739159439626417,-2.07235482816528,-4.39640678596188,1.59503702424068,3.79461858965876,6.72045874375848,13.8945608103281
0.744496330887258,-2.06374673415683,-4.37595778655939,1.63081748409523,3.86857945074276,6.68816883896196,13.8220628912193
0.749833222148099,-2.05494814640922,-4.35511510448628,1.66642402207989,3.94215005798998,6.65528206256335,13.7483142640897
0.755170113408939,-2.04596000160931,-4.33388084026558,1.70185346144251,4.0153237538811,6.62180167892184,13.6733214576576
0.76050700466978,-2.03678325335118,-4.31225712985724,1.73710264299663,4.08809391602816,6.5877310063633,13.5970911085748
0.76584389593062,-2.02741887204163,-4.29024614446921,1.77216842540869,4.16045395774902,6.55307341689679,13.5196299608594
0.771180787191461,-2.01786784480415,-4.26785009036525,1.80704768548381,4.23239732863887,6.51783233592635,13.4409448653195
0.776517678452302,-2.00813117538133,-4.24507120866988,1.84173731844993,4.30391751513855,6.48201124195843,13.3610427789679
0.781854569713142,-1.99820988403583,-4.22191177517018,1.87623423824043,4.37500804109983,6.44561366630454,13.2799307644278
0.787191460973983,-1.98810500744974,-4.19837410011466,1.91053537777519,4.4456624683474,6.40864319277958,13.1976159893288
0.792528352234823,-1.97781759862257,-4.1744605280091,1.94463768923992,4.51587439723765,6.37110345739563,13.1141057256952
0.797865243495663,-1.96734872676762,-4.15017343740941,1.97853814436393,4.58563746721419,6.3329981480512,13.029407349324
0.803202134756504,-1.956699477207,-4.12551524071158,2.0122337346962,4.65494535735993,6.29433100421616,12.9435283391549
0.808539026017344,-1.94587095126511,-4.10048838393867,2.04572147187975,4.72379178694589,6.25510581661223,12.8564762766314
0.813875917278185,-1.93486426616062,-4.0750953465248,2.07899838792434,4.79217051597654,6.21532642688899,12.7682588450526
0.819212808539025,-1.92368055489712,-4.04933864109644,2.11206153547733,4.86007534573158,6.17499672729575,12.6788838289171
0.824549699799866,-1.91232096615222,-4.02322081325054,2.1449079880929,4.92750011930435,6.13412066034886,12.5883591132577
0.829886591060707,-1.90078666416528,-3.99674444133009,2.1775348404994,4.99443872213649,6.0927022184949,12.4966926829674
0.835223482321547,-1.88907882862368,-3.96991213619659,2.20993920886489,5.06088508254911,6.0507454437695,12.4038926221177
0.840560373582388,-1.87719865454769,-3.94272654099984,2.24211823106092,5.12683317227026,6.008254427452,12.309967113267
0.845897264843228,-1.86514735217397,-3.9151903309449,2.27406906692436,5.19227700695865,5.96523330971583,12.2149244367624
0.851234156104069,-1.85292614683761,-3.88730621305619,2.30578889851742,5.25721064672369,5.92168627927476,12.1187729700313
0.85657104736491,-1.84053627885287,-3.85907692593893,2.33727493038577,5.32162819664167,5.87761757302499,12.0215211868662
0.86190793862575,-1.82797900339246,-3.8305052395378,2.36852438981469,5.38552380726811,5.83303147568313,11.9231776567002
0.867244829886591,-1.81525559036552,-3.80159395489279,2.39953452708332,5.44889167514628,5.78793231942007,11.8237510438751
0.872581721147431,-1.80236732429425,-3.77234590389252,2.43030261571693,5.51172604331167,5.7423244834908,11.723250106901
0.877918612408272,-1.78931550418914,-3.7427639490247,2.46082595273722,5.57402120179266,5.69621239386026,11.6216836977077
0.883255503669113,-1.77610144342295,-3.71285098312403,2.49110185891057,5.63577148810698,5.6496005228251,11.5190607608884
0.888592394929953,-1.7627264696033,-3.68260992911746,2.52112767899432,5.69697128775425,5.60249338863161,11.4153903329359
0.893929286190794,-1.74919192444398,-3.65204373976677,2.55090078198095,5.75761503470442,5.55489555508957,11.3106815414695
0.899266177451634,-1.73549916363499,-3.62115539740866,2.5804185613402,5.81769721188195,5.50681163118233,11.2049436044562
0.904603068712475,-1.72164955671124,-3.58994791369212,2.60967843525915,5.87721235164595,5.45824627067301,11.098185829422
0.909939959973316,-1.70764448691999,-3.55842432931339,2.6386778468801,5.93615503626598,5.40920417170679,10.9904176126573
0.915276851234156,-1.6934853510871,-3.52658771374832,2.66741426453637,5.99451989839367,5.35969007640955,10.881648438414
0.920613742494997,-1.67917355948187,-3.49444116498222,2.69588518198597,6.05230162152999,5.30970877048257,10.7718878780945
0.925950633755837,-1.66471053568081,-3.46198780923727,2.72408811864303,6.10949494048817,5.25926508279373,10.6611455894346
0.931287525016677,-1.65009771643007,-3.42923080069742,2.75202061980712,6.16609464185231,5.20836388496477,10.5494313156779
0.936624416277518,-1.63533655150668,-3.39617332123091,2.77968025689024,6.22209556443142,5.15701009095514,10.4367548847431
0.941961307538358,-1.62042850357861,-3.36281858011033,2.80706462764175,6.27749259970914,5.10520865664205,10.3231262083847
0.947298198799199,-1.60537504806361,-3.32916981373031,2.83417135637088,6.33228069228891,5.05296457939702,10.2085552813458
0.952635090060039,-1.59017767298685,-3.29523028532288,2.86099809416705,6.38645484033455,5.0002828976589,10.0930521805041
0.95797198132088,-1.57483787883746,-3.26100328467038,2.88754251911794,6.44001009600639,4.94716869050329,9.97662706401073
0.963308872581721,-1.55935717842381,-3.22649212781622,2.91380233652517,6.49294156589261,4.89362707720864,9.85929017042261
0.968645763842561,-1.54373709672776,-3.19170015677325,2.93977527911767,6.54524441143607,4.83966321681875,9.74105181782736
0.973982655103402,-1.52797917075767,-3.15663073922981,2.9654591072628,6.59691384935643,4.78528230770196,9.62192240296164
0.979319546364242,-1.51208494940037,-3.12128726825369,2.99085160917496,6.64794515206748,4.73048958710701,9.50191240032296
0.984656437625083,-1.49605599327198,-3.08567316199373,3.01595060112195,6.6983336480898,4.67529033071549,9.38103236127445
0.989993328885924,-1.47989387456765,-3.04979186337935,3.04075392762888,6.74807472245853,4.61968985219105,9.25929291314347
0.995330220146764,-1.46360017691021,-3.01364683981781,3.0652594616796,6.79716381712638,4.56369350272542,9.13670475831343
1.0006671114076,-1.44717649519775,-2.97724158288942,3.08946510491587,6.84559643136182,4.50730667058108,9.01327867330933
1.00600400266845,-1.4306244354502,-2.94057960804058,3.11336878783388,6.8933681221422,4.45053478063096,8.88902550787698
1.01134089392929,-1.41394561465472,-2.90366445427475,3.13696846997847,6.94047450454215,4.39338329389478,8.76395618405586
1.01667778519013,-1.39714166061025,-2.86649968384139,3.16026214013473,6.98691125211686,4.33585770707253,8.63808169524595
1.02201467645097,-1.38021421177093,-2.82908888192284,3.18324781651723,7.03267409728041,4.27796355207475,8.51141310526833
1.02735156771181,-1.3631649170885,-2.79143565631917,3.20592354695666,7.07775883167915,4.21970639554983,8.38396154741976
1.03268845897265,-1.34599543585378,-2.7535436371311,3.22828740908393,7.12216130655987,4.16109183840842,8.25573822352153
1.03802535023349,-1.32870743753716,-2.71541647644095,3.25033751051177,7.165877433133,4.10212551534475,8.12675440296215
1.04336224149433,-1.31130260162806,-2.67705784799167,3.27207198901375,7.20890318293064,4.04281309435528,7.99702142173449
1.04869913275517,-1.29378261747356,-2.63847144686394,3.29348901270068,7.2512345881594,3.98316027625432,7.86655068146719
1.05403602401601,-1.27614918411596,-2.59966098915143,3.31458678019453,7.29286774204815,3.9231727941869,7.73535364845031
1.05937291527685,-1.25840401012955,-2.56063021163426,3.33536352079959,7.33379879919045,3.86285641313896,7.60344185265575
1.06470980653769,-1.24054881345636,-2.52138287145052,3.35581749467113,7.37402397588184,3.80221692944468,7.47082688675184
1.07004669779853,-1.22258532124109,-2.48192274576618,3.37594699298139,7.41353955045175,3.74126017029127,7.33752040511299
1.07538358905937,-1.20451526966515,-2.44225363144307,3.39575033808289,7.45234186359016,3.67999199322099,7.20353412282376
1.08072048032021,-1.18634040377979,-2.40237934470524,3.4152258836691,7.49042731866901,3.61841828563068,7.06887981467782
1.08605737158105,-1.16806247733846,-2.3623037208036,3.43437201493243,7.52779238205809,3.55654496426873,6.93356931417191
1.09139426284189,-1.14968325262825,-2.32203061367884,3.45318714871956,7.56443358343569,3.49437797472942,6.79761451249463
1.09673115410274,-1.13120450030056,-2.28156389562278,3.47166973368397,7.60034751609377,3.431923290945,6.66102735751047
1.10206804536358,-1.11262799920095,-2.24090745693806,3.48981825043586,7.6355308372377,3.36918691467517,6.52381985273885
1.10740493662442,-1.0939555361982,-2.20006520559623,3.5076312116893,7.66998026828057,3.30617487499426,6.38600405632839
1.11274182788526,-1.07518890601257,-2.15904106689433,3.5251071624066,7.70369259513199,3.24289322777609,6.24759208002677
1.1180787191461,-1.05632991104335,-2.11783898310991,3.54224467993998,7.73666466848135,3.17934805517648,6.10859608814558
1.12341561040694,-1.03738036119558,-2.07646291315458,3.55904237417045,7.76889340407564,3.11554546511358,5.96902829652116
1.12875250166778,-1.01834207370615,-2.03491683222606,3.57549888764388,7.80037578299156,3.05149159074596,5.82890097147066
1.13408939292862,-0.999216872969028,-1.99320473145879,3.59161289570434,7.83110885190225,2.98719258994854,5.68822642874388
1.13942628418946,-0.980006590359948,-1.9513306175732,3.6073831066246,7.86108972333818,2.92265464478646,5.54701703247113
1.1447631754503,-0.96071306406028,-1.90929851252352,3.6228082617338,7.89031557594262,2.85788396098677,5.40528519410648
1.15010006671114,-0.941338138880307,-1.86711245314427,3.63788713554235,7.91878365472134,2.79288676740824,5.26304337136751
1.15543695797198,-0.921883666081801,-1.82477649079546,3.65261853586392,7.94649127128667,2.72766931550913,5.1203040671707
1.16077384923282,-0.902351503199961,-1.78229469100644,3.66700130393468,7.9734358040959,2.66223787881293,4.97707982856307
1.16611074049366,-0.882743513864749,-1.73967113311859,3.68103431452958,7.99961469868391,2.59659875237244,4.8333832456502
1.1714476317545,-0.863061567621569,-1.69690990992667,3.69471647607584,8.02502546789011,2.53075825223176,4.68922695052029
1.17678452301534,-0.843307539751395,-1.65401512731905,3.70804673076355,8.04966569207963,2.4647227148867,4.54462361616495
1.18212141427618,-0.823483311090282,-1.61099090391679,3.72102405465334,8.07353301935871,2.3984984967433,4.39958595539628
1.18745830553702,-0.803590767848311,-1.56784137071149,3.73364745778122,8.09662516578433,2.33209197357466,4.25412671976047
1.19279519679786,-0.783631801428019,-1.52457067070214,3.74591598426047,8.11893991556804,2.26550953997626,4.10825869844847
1.19813208805871,-0.763608308242242,-1.48118295853084,3.75782871238066,8.14047512127391,2.19875760881944,3.96199471720297
1.20346897931955,-0.743522189531479,-1.43768240011751,3.76938475470368,8.16122870401071,2.13184261070354,3.81534763722264
1.20880587058039,-0.723375351180729,-1.39407317229355,3.78058325815693,8.18119865361822,2.06477099340638,3.66833035406315
1.21414276184123,-0.703169703535832,-1.35035946243456,3.79142340412352,8.2003830288476,1.99754922133329,3.52095579653513
1.21947965310207,-0.682907161219375,-1.30654546809211,3.80190440852951,8.21877995753597,1.93018377496484,3.37323692559975
1.22481654436291,-0.662589642946083,-1.26263539662455,3.81202552192827,8.23638763677502,1.86268115030302,3.22518673326094
1.23015343562375,-0.642219071337825,-1.21863346482701,3.82178602958179,8.25320433307369,1.7950478583162,3.07681824145548
1.23549032688459,-0.621797372738155,-1.17454389856049,3.8311852515391,8.26922838251502,1.72729042438283,2.92814450094027
1.24082721814543,-0.601326477026444,-1.13037093238012,3.84022254271168,8.28445819090693,1.65941538773379,2.77917859017705
1.24616410940627,-0.580808317431658,-1.0861188091627,3.84889729294588,8.2988922339271,1.59142930089373,2.62993361421514
1.25150100066711,-0.560244830345691,-1.04179177973339,3.85720892709242,8.31252905726191,1.5233387291211,2.48042270357142
1.25683789192795,-0.539637955136405,-0.997394102491803,3.86515690507279,8.32536727673935,1.4551502498472,2.3306590131085
1.26217478318879,-0.518989633960273,-0.952930043037235,3.87274072194277,8.33740557845592,1.3868704521142,2.18065572091072
1.26751167444963,-0.498301811574704,-0.908403873793364,3.87995990795287,8.34864271889761,1.31850593601202,2.03042602715794
1.27284856571047,-0.477576435150075,-0.863819873632306,3.88681402860579,8.35907752505477,1.25006331211454,1.87998315299786
1.27818545697131,-0.456815454081428,-0.819182327497987,3.89330268471084,8.36870889453104,1.18154920091455,1.72934033941612
1.28352234823215,-0.436020819799921,-0.774495526029072,3.89942551243543,8.37753579564615,1.11297023225822,1.57851084610506
1.28885923949299,-0.415194485583987,-0.729763765181269,3.90518218335341,8.3855572675328,1.04433304477855,1.42750795033064
1.29419613075384,-0.394338406370244,-0.68499134584915,3.91057240449048,8.39277242022737,0.975644285328055,1.27634494579791
1.29953302201468,-0.373454538564201,-0.64018257348756,3.91559591836655,8.39918043475462,0.906910608410917,1.12503514151524
1.30486991327552,-0.352544839850689,-0.595341757732487,3.92025250303505,8.40478056320639,0.838138675614285,0.973591860656915
1.31020680453636,-0.331611269004155,-0.550473212021651,3.92454197211921,8.40957212881408,0.769335155039146,0.82202843942492
1.3155436957972,-0.310655785698731,-0.505581253214627,3.92846417484528,8.41355452601521,0.700506720730523,0.670358225909297
1.32088058705804,-0.289680350318126,-0.460670201212648,3.93201899607279,8.41672722051377,0.631660052107169,0.51859457894755
1.32621747831888,-0.26868692376541,-0.415744378578159,3.93520635632166,8.41908974933458,0.562801833390908,0.36675086698333
1.33155436957972,-0.247677467272603,-0.370808110154001,3.93802621179631,8.42064172087145,0.493938753035399,0.214840466923953
1.33689126084056,-0.226653942210197,-0.325865722682458,3.94047855440675,8.42138281492937,0.425077503154718,0.062876762997574
1.3422281521014,-0.205618309896542,-0.280921544424018,3.94256341178656,8.42131278276045,0.356224778951495,-0.08912685439055
1.34756504336224,-0.184572531407139,-0.235979904775975,3.94428084730787,8.42043144709393,0.287387278144812,-0.241156989802256
1.35290193462308,-0.163518567383901,-0.191045133890934,3.94563096009323,8.41873870215987,0.218571700397966,-0.393200243910944
1.35823882588392,-0.142458377844297,-0.146121562295113,3.94661388502449,8.41623451370696,0.149784746745929,-0.545243214646679
1.36357571714476,-0.121393921990528,-0.101213520506685,3.94722979274859,8.41291891901403,0.081033119022841,-0.697272498341173
1.3689126084056,-0.100327158018624,-0.056325338653976,3.94747888968029,8.40879202689556,0.012323519289328,-0.849274690873175
1.37424949966644,-0.079260042927546,-0.011461346093676,3.94736141800182,8.40385401770101,-0.056337350740194,-1.00123638881386
1.37958639092728,-0.058194532328333,0.03337412897088,3.94687765565958,8.3981051433081,-0.124942790270092,-1.15314419057195
1.38492328218813,-0.03713258025322,0.078176759871471,3.94602791635762,8.39154572710994,-0.193486099996163,-1.30498469753905
1.39026017344897,-0.016076138964849,0.122942221856563,3.94481254954822,8.38417616399605,-0.261960582677975,-1.4567445152343
1.39559706470981,0.004972841234491,0.167666192472832,3.94323194041932,8.37599692032726,-0.330359543711175,-1.60841025444898
1.40093395597065,0.026012412193549,0.212344351946542,3.94128650987894,8.36700853390457,-0.398676291699536,-1.75996853239064
1.40627084723149,0.047040628102681,0.256972383564666,3.93897671453649,8.3572116139318,-0.466904139026652,-1.91140597382647
1.41160773849233,0.06805554568435,0.301545974055905,3.93630304668113,8.34660684097223,-0.535036402427459,-2.06270921222634
1.41694462975317,0.089055224383458,0.346060813971333,3.93326603425699,8.33519496689908,-0.603066403559208,-2.21386489090476
1.42228152101401,0.110037726557568,0.390512598064862,3.92986624083539,8.32297681483996,-0.670987469572157,-2.36485966416223
1.42761841227485,0.131001117666975,0.434897025673362,3.92610426558399,8.30995327911516,-0.738792933679751,-2.51568019842566
1.43295530353569,0.151943466464563,0.479209801096395,3.92198074323294,8.29612532516992,-0.806476135728227,-2.66631317338751
1.43829219479653,0.172862845185534,0.523446633975658,3.9174963440379,8.28149398950057,-0.874030422765782,-2.81674528314418
1.44362908605737,0.193757329736868,0.567603239673913,3.91265177374016,8.26606037957464,-0.941449149610956,-2.96696323733275
1.44896597731821,0.21462499988661,0.611675339653549,3.90744777352363,8.24982567374491,-1.00872567942049,-3.11695376226669
1.45430286857905,0.235463939452902,0.655658661854664,3.90188511996879,8.23279112115732,-1.07585338425643,-3.26670360207011
1.45963975983989,0.256272236492748,0.699548941072579,3.8959646250037,8.21495804165296,-1.14282564565241,-3.41619951981028
1.46497665110073,0.277047983490545,0.743341919334908,3.88968713585193,8.19632782566391,-1.20963585517927,-3.56542829862886
1.47031354236157,0.297789277546282,0.787033346277951,3.88305353497745,8.17690193410312,-1.27627741500962,-3.71437674287108
1.47565043362241,0.318494220563469,0.830618979522559,3.87606474002661,8.15668189824822,-1.34274373848165,-3.86303167921332
1.48098732488326,0.339160919436754,0.874094585049359,3.86872170376698,8.13566931961934,-1.40902825066196,-4.01137995778879
1.4863242161441,0.359787486239167,0.917455937573248,3.8610254140233,8.11386586985094,-1.47512438890733,-4.15940845331102
1.49166110740494,0.380372038409059,0.960698820917275,3.85297689361039,8.0912732905576,-1.54102560342549,-4.30710406619551
1.49699799866578,0.400912698936641,1.00381902838571,3.84457720026305,8.06789339319389,-1.60672535783478,-4.4544537236789
1.50233488992662,0.421407596550159,1.04681236313639,3.83582742656302,8.04372805890827,-1.67221712972263,-4.60144438093608
1.50767178118746,0.441854865901677,1.08967463855232,3.82672869986292,8.01877923839094,-1.73749441120296,-4.74806302219487
1.5130086724483,0.462252647752415,1.13240167861228,3.81728218220725,7.99304895171588,-1.80255070947214,-4.89429666184804
1.51834556370914,0.482599089157699,1.1749893182608,3.80748907025044,7.96653928817689,-1.86737954736389,-5.04013234556301
1.52368245496998,0.502892343651431,1.21743340377705,3.79735059517186,7.93925240611771,-1.93197446390267,-5.18555715138868
1.52901934623082,0.523130571430113,1.25972979314292,3.78686802258799,7.91119053275626,-1.99632901485572,-5.33055819085957
1.53435623749166,0.543311939536408,1.30187435641011,3.77604265246158,7.88235596400299,-2.06043677328382,-5.4751226100972
1.5396931287525,0.563434622042171,1.34386297606623,3.76487581900788,7.85275106427339,-2.12429133009028,-5.61923759090823
1.54503002001334,0.583496800231015,1.38569154739988,3.75336889059797,7.82237826629457,-2.18788629456874,-5.7628903518799
1.55036691127418,0.603496662780314,1.42735597886471,3.74152326965913,7.79124007090607,-2.2512152949491,-5.90606814947206
1.55570380253502,0.623432405942695,1.46885219244238,3.72934039257237,7.75933904685487,-2.31427197894206,-6.04875827910605
1.56104069379586,0.643302233726972,1.51017612400442,3.71682172956696,7.72667783058448,-2.37705001428187,-6.1909480762504
1.5663775850567,0.663104358078485,1.55132372367292,3.70396878461216,7.6932591260184,-2.43954308926735,-6.33262491750278
1.57171447631754,0.682836999058891,1.59229095618011,3.69078309530602,7.65908570433767,-2.50174491330133,-6.4737762216688
1.57705136757839,0.702498385025313,1.63307380122666,3.6772662327613,7.62416040375282,-2.56364921742801,-6.61438945083689
1.58238825883923,0.72208675280891,1.67366825383882,3.66341980148859,7.58848612926994,-2.62524975486872,-6.75445211144968
1.58772515010007,0.7416003478928,1.71407032472423,3.64924543927643,7.55206585245114,-2.68654030155567,-6.89395175537162
1.59306204136091,0.761037424589318,1.75427604062653,3.63474481706882,7.51490261116933,-2.74751465666373,-7.03287598095244
1.59839893262175,0.780396246216651,1.7942814446785,3.61991963883962,7.47699950935726,-2.80816664314035,-7.17121243408704
1.60373582388259,0.799675085274755,1.83408259675402,3.6047716414644,7.43835971675098,-2.86849010823328,-7.30894880927093
1.60907271514343,0.818872223620606,1.87367557381848,3.58930259458925,7.39898646862765,-2.92847892401636,-7.44607285065176
1.61440960640427,0.83798595264275,1.91305647027794,3.57351430049691,7.35888306553776,-2.98812698791312,-7.58257235307663
1.61974649766511,0.857014573435092,1.95222139832665,3.55740859397015,7.31805287303177,-3.0474282232182,-7.7184351631348
1.62508338892595,0.87595639697,1.99116648829332,3.54098734215223,7.27649932138118,-3.10637657961664,-7.85364918019633
1.63042028018679,0.894809744270611,2.02988788898569,3.52425244440471,7.2342259052941,-3.16496603370077,-7.98820235744592
1.63575717144763,0.913572946582397,2.06838176803369,3.50720583216251,7.19123618362529,-3.22319058948497,-8.1220827029123
1.64109406270847,0.932244345543959,2.10664431223098,3.48984946878611,7.14753377908073,-3.281044278918,-8.25527828049299
1.64643095396931,0.950822293356983,2.14467172787492,3.47218534941119,7.10312237791673,-3.33852116239287,-8.38777721097403
1.65176784523015,0.969305152955438,2.18246024110495,3.45421550079542,7.05800572963359,-3.39561532925447,-8.5195676730452
1.65710473649099,0.987691298173907,2.22000609823922,3.43594198116264,7.01218764666394,-3.45232089830454,-8.65063790430996
1.66244162775183,1.0059791139151,2.25730556610965,3.41736688004424,6.96567200405557,-3.50863201830421,-8.78097620229058
1.66777851901267,1.02416699631653,2.29435493239527,3.39849231811801,6.918462739149,-3.56454286847401,-8.91057092542812
1.67311541027351,1.04225335291627,2.33115050595372,3.37932044704421,6.87056385124973,-3.62004765899117,-9.03941049407705
1.67845230153436,1.06023660281789,2.36768861715115,3.35985344929904,6.82197940129514,-3.67514063148442,-9.16748339149481
1.6837891927952,1.07811517685442,2.40396561819018,3.34009353800551,6.77271351151618,-3.72981605952593,-9.29477816482577
1.68912608405604,1.09588751775153,2.43997788343611,3.3200429567616,6.72277036509379,-3.7840682491207,-9.42128342607988
1.69446297531688,1.11355208028962,2.47572180974133,3.29970397946589,6.67215420581011,-3.83789153919304,-9.5469878531058
1.69979986657772,1.13110733146514,2.51119381676772,3.27907891014059,6.62086933769455,-3.8912803020703,-9.67188019055823
1.70513675783856,1.14855175065082,2.5463903473073,3.258170082752,6.56892012466463,-3.94422894396377,-9.79594925085974
1.7104736490994,1.16588382975501,2.5813078676008,3.23697986102836,6.51631099016182,-3.99673190544659,-9.91918391515661
1.71581054036024,1.18310207338004,2.61594286765443,3.21551063827524,6.46304641678221,-4.04878366192883,-10.041573134269
1.72114743162108,1.20020499897955,2.65029186155454,3.19376483718829,6.40913094590212,-4.10037872412953,-10.1631059296349
1.72648432288192,1.21719113701486,2.6843513877803,3.17174490966366,6.35456917729876,-4.15151163854575,-10.2837713942485
1.73182121414276,1.23405903111028,2.71811800951441,3.14945333660567,6.29936576876577,-4.20217698791854,-10.403558693592
1.7371581054036,1.25080723820742,2.75158831495163,3.12689262773227,6.24352543572401,-4.25236939169584,-10.5224570665611
1.74249499666444,1.2674343287184,2.78475891760531,3.10406532137785,6.18705295082721,-4.30208350649221,-10.640455826385
1.74783188792528,1.28393888667813,2.81762645661178,3.08097398429364,6.12995314356283,-4.35131402654544,-10.7575443615393
1.75316877918612,1.3003195098953,2.85018759703258,3.05762121144579,6.07223089984811,-4.40005568416986,-10.8737121366527
1.75850567044696,1.31657481010256,2.88243903015454,3.03400962581086,6.01389116162117,-4.44830325020652,-10.9889486934072
1.76384256170781,1.33270341310533,2.91437747378762,3.01014187816911,5.95493892642745,-4.4960515344699,-11.1032436514317
1.76917945296865,1.34870395892972,2.9459996725606,2.98602064689523,5.89537924700135,-4.54329538619147,-11.2165867091894
1.77451634422949,1.36457510196918,2.9773023982145,2.96164863774687,5.83521723084309,-4.59002969445982,-11.3289676448572
1.77985323549033,1.3803155111301,3.00828244989369,2.93702858365071,5.77445803979103,-4.63624938865729,-11.4403763172
1.78519012675117,1.3959238699762,3.03893665443476,2.91216324448628,5.71310688958919,-4.68194943889333,-11.5508026664365
1.79052701801201,1.41139887687184,3.06926186665301,2.88705540686746,5.65116904945031,-4.72712485643419,-11.6602367150993
1.79586390927285,1.42673924512408,3.09925496962667,2.86170788392171,5.58864984161424,-4.77177069412926,-11.7686685688873
1.80120080053369,1.44194370312357,3.12891287497869,2.83612351506694,5.5255546409018,-4.81588204683381,-11.8760884175108
1.80653769179453,1.4570109944843,3.15823252315616,2.8103051657863,5.46188887426427,-4.85945405182801,-11.9824865355303
1.81187458305537,1.47193987818207,3.18721088370732,2.78425572740061,5.39765802032821,-4.90248188923257,-12.0878532831872
1.81721147431621,1.48672912869179,3.21584495555611,2.75797811683861,5.33286760893609,-4.94496078242044,-12.1921791072274
1.82254836557705,1.50137753612349,3.24413176727428,2.73147527640506,5.26752322068244,-4.98688599842507,-12.2954545417177
1.82788525683789,1.51588390635721,3.272068377351,2.70475017354666,5.20163048644556,-5.02825284834479,-12.3976702088549
1.83322214809873,1.53024706117644,3.29965187445993,2.67780580061578,5.1351950869152,-5.06905668774343,-12.4988168197666
1.83855903935957,1.54446583840048,3.32687937772385,2.65064517463209,5.06822275211564,-5.10929291704723,-12.5988851753052
1.84389593062041,1.55853909201545,3.35374803697662,2.62327133704211,5.00071926092492,-5.14895698193779,-12.6978661668341
1.84923282188125,1.57246569230394,3.3802550330226,2.59568735347664,4.9326904405896,-5.18804437374127,-12.7957507770054
1.85456971314209,1.58624452597349,3.40639757789357,2.56789631350612,4.8641421662355,-5.22655062981364,-12.8925300805312
1.85990660440293,1.59987449628368,3.43217291510282,2.53990133039395,4.79508036037442,-5.26447133392196,-12.9881952449456
1.86524349566378,1.6133545231719,3.45757831989684,2.51170554084781,4.72551099240667,-5.30180211662178,-13.0827375313596
1.87058038692462,1.62668354337782,3.48261109950414,2.48331210476894,4.65544007811972,-5.33853865563047,-13.176148295208
1.87591727818546,1.63986051056646,3.50726859338149,2.45472420499948,4.58487367918277,-5.37467667619652,-13.2684189869878
1.8812541694463,1.65288439545002,3.53154817345743,2.42594504706777,4.51381790263752,-5.41021195146485,-13.3595411529888
1.88659106070714,1.66575418590818,3.55544724437306,2.39697785893184,4.44227890038497,-5.44514030283795,-13.449506436016
1.89192795196798,1.67846888710719,3.57896324372007,2.36782589072084,4.3702628686684,-5.47945760033295,-13.5383065761037
1.89726484322882,1.69102752161744,3.60209364227597,2.33849241447471,4.29777604755264,-5.51315976293449,-13.6259334112211
1.90260173448966,1.70342912952976,3.6248359442366,2.30898072388187,4.22482472039952,-5.54624275894343,-13.7123788779699
1.9079386257505,1.71567276857019,3.64718768744578,2.27929413401509,4.15141521333954,-5.57870260632137,-13.7976350122735
1.91327551701134,1.72775751421344,3.66914644362215,2.24943598106562,4.07755389474016,-5.61053537303087,-13.8816939500568
1.91861240827218,1.73968245979486,3.69070981858316,2.21940962207535,4.00324717467014,-5.64173717737146,-13.9645479279189
1.92394929953302,1.75144671662101,3.71187545246615,2.18921843466735,3.92850150436056,-5.67230418831128,-14.0461892837962
1.92928619079386,1.76304941407878,3.73264101994662,2.15886581677454,3.85332337566227,-5.70223262581447,-14.1266104576168
1.9346230820547,1.77448969974305,3.75300423045359,2.12835518636668,3.77771932049974,-5.73151876116413,-14.2058039919471
1.93995997331554,1.78576673948286,3.77296282838191,2.09768998117566,3.7016959103217,-5.76015891728096,-14.2837625326284
1.94529686457638,1.79687971756621,3.79251459330181,2.06687365841901,3.6252597555482,-5.7881494690374,-14.3604788294055
1.95063375583722,1.80782783676326,3.81165734016535,2.03590969452189,3.54841750501452,-5.81548684356745,-14.4359457365465
1.95597064709806,1.81861031844808,3.83038891950999,2.00480158483731,3.47117584541164,-5.84216752057189,-14.510156213453
1.96130753835891,1.82922640269899,3.84870721765908,1.97355284336476,3.39354150072353,-5.86818803261916,-14.5831033252618
1.96664442961975,1.83967534839723,3.86661015691939,1.94216700246736,3.31552123166136,-5.89354496544156,-14.6547802434375
1.97198132088059,1.84995643332426,3.88409569577565,1.91064761258723,3.23712183509438,-5.91823495822704,-14.725180246356
1.97731821214143,1.86006895425748,3.9011618290819,1.87899824195954,3.15835014347787,-5.94225470390633,-14.7942967198788
1.98265510340227,1.8700122270644,3.91780658824998,1.84722247632488,3.07921302427798,-5.96560094943557,-14.8621231579182
1.98799199466311,1.87978558679532,3.93402804143477,1.81532391864017,2.99971737939354,-5.98827049607422,-14.928653162993
1.99332888592395,1.88938838777442,3.94982429371641,1.78330618878818,2.91987014457505,-6.01026019965841,-14.9938804467756
1.99866577718479,1.89882000368931,3.96519348727946,1.7511729232855,2.83967828884064,-6.0315669708696,-15.0577988306289
2.00400266844563,1.90807982767904,3.98013380158879,1.71892777498913,2.75914881388928,-6.05218777549854,-15.1204022461343
2.00933955970647,1.91716727242049,3.9946434535625,1.68657441280169,2.67828875351119,-6.07211963470451,-15.1816847356104
2.01467645096731,1.92608177021327,4.0087206977416,1.65411652137522,2.5971051729954,-6.09135962526993,-15.2416404526221
2.02001334222815,1.9348227730629,4.02236382645646,1.62155780081368,2.51560516853483,-6.10990487985003,-15.3002636624798
2.02535023348899,1.94338975276254,4.03557116999025,1.58890196637409,2.43379586662847,-6.12775258721796,-15.3575487427298
2.03068712474983,1.95178220097305,4.04834109673898,1.55615274816641,2.35168442348121,-6.14489999250492,-15.4134901836346
2.03602401601067,1.95999962930142,4.06067201336851,1.52331389085214,2.26927802440099,-6.1613443974356,-15.4680825886434
2.04136090727151,1.96804156937767,4.0725623649682,1.49038915334159,2.18658388319345,-6.17708316055873,-15.5213206748538
2.04669779853235,1.97590757293007,4.08401063520141,1.45738230849014,2.10360924155429,-6.19211369747275,-15.5731992734627
2.05203468979319,1.98359721185871,4.09501534645271,1.42429714279308,2.02036136845904,-6.20643348104671,-15.6237133302081
2.05737158105404,1.99111007830753,4.10557505997183,1.39113745607943,1.93684755955072,-6.22004004163613,-15.672857905801
2.06270847231488,1.99844578473465,4.11568837601435,1.35790706120455,1.85307513652505,-6.23293096729406,-15.7206281763477
2.06804536357572,2.00560396398105,4.1253539339791,1.32460978374169,1.76905144651345,-6.24510390397716,-15.7670194337613
2.07338225483656,2.01258426933762,4.13457041254224,1.29124946167241,1.68478386146404,-6.25655655574686,-15.8120270861648
2.0787191460974,2.01938637461056,4.14333652978805,1.25782994507595,1.60027977752025,-6.26728668496554,-15.855646658283
2.08405603735824,2.02600997418514,4.15165104333642,1.22435509581758,1.51554661439761,-6.2772921124877,-15.8978737918247
2.08939292861908,2.0324547830877,4.15951275046695,1.19082878723596,1.43059181475839,-6.28657071784619,-15.9387042458558
2.09472981987992,2.03872053704612,4.16692048823976,1.15725490382944,1.34542284358423,-6.29512043943341,-15.978133897161
2.10006671114076,2.04480699254848,4.17387313361294,1.12363734094149,1.26004718754709,-6.30293927467739,-16.0161587405964
2.1054036024016,2.05071392690015,4.18036960355659,1.08998000444518,1.17447235437806,-6.31002528021302,-16.0527748894317
2.11074049366244,2.05644113827909,4.18640885516354,1.05628681042675,1.08870587223459,-6.31637657204799,-16.0879785756824
2.11607738492328,2.06198844578955,4.19198988575671,1.02256168486832,1.00275528906587,-6.32199132572387,-16.1217661504315
2.12141427618412,2.067355689514,4.19711173299295,0.988808563329716,0.91662817197653,-6.32686777647191,-16.1541340841416
2.12675116744496,2.07254273056343,4.20177347496367,0.955031390629542,0.830332106588751,-6.33100421936391,-16.1850789669563
2.1320880587058,2.07754945112589,4.20597423029188,0.921234120525394,0.743874696402686,-6.33439900945787,-16.2145975089916
2.13742494996664,2.08237575451335,4.20971315822594,0.887420715393379,0.657263562155522,-6.33705056193853,-16.242686540617
2.14276184122748,2.08702156520682,4.21298945872981,0.853595145906845,0.57050634117892,-6.33895735225281,-16.2693430127262
2.14809873248833,2.09148682889979,4.21580237256993,0.819761390714398,0.48361068675506,-6.34011791624007,-16.2945639969981
2.15343562374917,2.09577151253995,4.21815118139858,0.785923436117301,0.396584267471436,-6.34053085025721,-16.3183466861464
2.15877251501001,2.09987560436912,4.22003520783388,0.752085275746124,0.309434766574156,-6.34019481129864,-16.3406883941599
2.16410940627085,2.10379911396155,4.22145381553626,0.718250910236871,0.222169881320194,-6.33910851711097,-16.3615865565319
2.16944629753169,2.10754207226041,4.22240640928153,0.68442434690643,0.134797322328301,-6.33727074630265,-16.3810387304792
2.17478318879253,2.11110453161259,4.22289243503043,0.650609599427471,0.047324812928772,-6.33468033844828,-16.3990425951511
2.18012008005337,2.11448656580175,4.22291137999476,0.616810687502839,-0.040239911487722,-6.33133619418777,-16.4155959518274
2.18545697131421,2.11768827007965,4.22246277269998,0.583031636539364,-0.127889104122562,-6.32723727532031,-16.4306967241065
2.19079386257505,2.12070976119568,4.22154618304437,0.54927647732126,-0.215615007422351,-6.32238260489306,-16.4443429580826
2.19613075383589,2.12355117742472,4.22016122235467,0.515549245683006,-0.303409853733157,-6.31677126728461,-16.456532822513
2.20146764509673,2.12621267859322,4.21830754343823,0.481853982181807,-0.391265865955612,-6.31040240828324,-16.4672646089742
2.20680453635757,2.12869444610348,4.21598484063169,0.448194731769688,-0.479175258200689,-6.30327523515991,-16.4765367320082
2.21214142761841,2.1309966829563,4.21319284984614,0.414575543465145,-0.567130236446435,-6.29538901673597,-16.4843477292576
2.21747831887925,2.13311961377178,4.20993134860873,0.381000470024531,-0.655122999195173,-6.28674308344568,-16.4906962615909
2.22281521014009,2.13506348480834,4.20620015610086,0.347473567613057,-0.743145738131511,-6.27733682739338,-16.4955811132169
2.22815210140093,2.13682856398011,4.20199913319279,0.313998895475514,-0.831190638780904,-6.26716970240546,-16.4990011917883
2.23348899266177,2.13841514087245,4.19732818247474,0.280580515606777,-0.919249881168631,-6.25624122407702,-16.5009555284953
2.23882588392261,2.13982352675575,4.19218724828449,0.247222492421987,-1.00731564047944,-6.24455096981324,-16.5014432781484
2.24416277518346,2.14105405459745,4.18657631673149,0.213928892426637,-1.09538008771739,-6.23209857886554,-16.5004637192502
2.2494996664443,2.14210707907235,4.18049541571734,0.180703783886387,-1.18343539036618,-6.21888375236234,-16.4980162540577
2.25483655770514,2.14298297657109,4.17394461495288,0.147551236496755,-1.27147371304981,-6.20490625333466,-16.4941004086329
2.26017344896598,2.14368214520692,4.16692402597163,0.114475321052728,-1.35948721819333,-6.19016590673633,-16.4887158328834
2.26551034022682,2.1442050048207,4.15943380213982,0.081480109118196,-1.44746806668401,-6.17466259945895,-16.4818623005925
2.27084723148766,2.14455199698405,4.15147413866281,0.04856967269542,-1.53540841853235,-6.15839628034157,-16.4735397094383
2.2761841227485,2.14472358500091,4.14304527258798,0.015748083894383,-1.62330043353341,-6.14136696017505,-16.4637480810024
2.28152101400934,2.14472025390714,4.13414748280414,-0.016980585397847,-1.7111362719281,-6.12357471170113,-16.4524875607685
2.28685790527018,2.14454251046853,4.12478109003739,-0.049612263847703,-1.7989080950643,-6.10501966960625,-16.4397584181092
2.29219479653102,2.14419088317687,4.11494645684343,-0.082142881005712,-1.88660806605812,-6.08570203050999,-16.4255610462639
2.29753168779186,2.14366592224445,4.10464398759638,-0.114568367636955,-1.97422835045474,-6.06562205294831,-16.4098959623043
2.3028685790527,2.14296819959663,4.09387412847404,-0.146884656051463,-2.06176111688925,-6.04478005735145,-16.3927638070911
2.30820547031354,2.14209830886273,4.08263736743963,-0.179087680434482,-2.14919853774718,-6.02317642601654,-16.3741653452184
2.31354236157438,2.14105686536513,4.07093423422004,-0.211173377176538,-2.23653278982461,-6.00081160307494,-16.354101464949
2.31887925283522,2.13984450610667,4.05876530028048,-0.243137685203372,-2.32375605498807,-5.97768609445428,-16.3325731781382
2.32421614409606,2.13846188975617,4.04613117879571,-0.274976546305597,-2.41086052083381,-5.95380046783525,-16.3095816201473
2.3295530353569,2.13690969663231,4.03303252461771,-0.306685905468155,-2.49783838134673,-5.9291553526031,-16.2851280497468
2.33488992661774,2.13518862868568,4.01947003423975,-0.338261711199503,-2.58468183755879,-5.90375143979381,-16.2592138490086
2.34022681787858,2.13329940947912,4.00544444575711,-0.369699915860437,-2.67138309820662,-5.87758948203511,-16.2318405231884
2.34556370913943,2.13124278416625,3.99095653882418,-0.400996475992684,-2.75793438038869,-5.85067029348212,-16.2030097005961
2.35090060040027,2.12901951946832,3.97600713460806,-0.432147352647038,-2.84432791022164,-5.8229947497478,-16.1727231324579
2.35623749166111,2.12663040364925,3.9605970957387,-0.46314851171118,-2.93055592349585,-5.79456378782815,-16.1409826927657
2.36157438292195,2.12407624648892,3.94472732625552,-0.493995924237063,-3.01661066633026,-5.76537840602213,-16.1077903781174
2.36691127418279,2.12135787925479,3.92839877155057,-0.524685566767838,-3.10248439582621,-5.73543966384634,-16.0731483075463
2.37224816544363,2.11847615467168,3.9116124183081,-0.555213421664355,-3.18816938072043,-5.70474868194452,-16.0370587223397
2.37758505670447,2.11543194688985,3.89436929444082,-0.585575477431103,-3.27365790203692,-5.67330664199179,-15.999523985848
2.38292194796531,2.11222615145139,3.87667046902253,-0.615767729041676,-3.35894225373791,-5.64111478659367,-15.9605465832821
2.38825883922615,2.10885968525477,3.85851705221732,-0.645786178263695,-3.44401474337368,-5.60817441917987,-15.9201291215016
2.39359573048699,2.10533348651774,3.83991019520537,-0.675626833983083,-3.5288676927311,-5.57448690389301,-15.8782743287916
2.39893262174783,2.10164851473848,3.82085109010522,-0.705285712527795,-3.61349343848111,-5.54005366547197,-15.8349850546299
2.40426951300867,2.09780575065504,3.8013409698926,-0.734758837990907,-3.69788433282491,-5.50487618913016,-15.7902642694433
2.40960640426951,2.09380619620299,3.78138110831584,-0.764042242552994,-3.78203274413865,-5.46895602042869,-15.744115064354
2.41494329553035,2.08965087447143,3.76097281980781,-0.793131966803872,-3.86593105761703,-5.43229476514419,-15.6965406509154
2.42028018679119,2.08534082965724,3.74011745939448,-0.822024060063586,-3.94957167591515,-5.39489408913172,-15.6475443608374
2.42561707805203,2.08087712701766,3.7188164226,-0.850714580702665,-4.0329470197891,-5.35675571818233,-15.5971296457024
2.43095396931287,2.0762608528211,3.69707114534838,-0.879199596461625,-4.11604952873496,-5.31788143787566,-15.5453000766693
2.43629086057371,2.07149311429632,3.67488310386184,-0.907475184769605,-4.19887166162603,-5.27827309342736,-15.4920593441697
2.44162775183456,2.06657503957982,3.65225381455559,-0.935537433062271,-4.28140589734867,-5.23793258953136,-15.4374112575914
2.4469646430954,2.06150777766165,3.62918483392944,-0.963382439098768,-4.36364473543622,-5.19686189019723,-15.3813597449534
2.45230153435624,2.05629249832944,3.60567775845586,-0.991006311277855,-4.44558069670121,-5.15506301858227,-15.3239088525705
2.45763842561708,2.05093039211077,3.58173422446472,-1.01840516895313,-4.52720632386587,-5.11253805681867,-15.2650627447069
2.46297531687792,2.04542267021389,3.55735590802475,-1.04557514274726,-4.60851418219058,-5.06928914583562,-15.2048257032211
2.46831220813876,2.03977056446672,3.53254452482152,-1.07251237486532,-4.68949686010051,-5.02531848517632,-15.1432021271995
2.4736490993996,2.03397532725421,3.50730183003215,-1.0992130194071,-4.77014696981028,-4.98062833281009,-15.0801965325806
2.47898599066044,2.02803823145404,3.48162961819674,-1.12567324267839,-4.85045714794649,-4.93522100493944,-15.0158135517696
2.48432288192128,2.02196057037061,3.45552972308635,-1.15188922350128,-4.93042005616837,-4.88909887580209,-14.9500579332418
2.48965977318212,2.01574365766748,3.42900401756782,-1.1778571535233,-5.01002838178599,-4.84226437746817,-14.8829345411376
2.49499666444296,2.00938882729804,3.40205441346519,-1.20357323752555,-5.08927483837661,-4.79471999963235,-14.8144483548462
2.5003335557038,2.00289743343462,3.3746828614179,-1.22903369372965,-5.16815216639848,-4.74646828940118,-14.7446044685808
2.50567044696464,1.99627085039596,3.34689135073567,-1.25423475410356,-5.24665313380256,-4.69751185107538,-14.6734080909427
2.51100733822548,1.98951047257301,3.31868190925015,-1.27917266466625,-5.32477053664183,-4.6478533459273,-14.6008645444768
2.51634422948632,1.98261771435314,3.29005660316338,-1.30384368579113,-5.40249719967812,-4.59749549197363,-14.5269792652164
2.52168112074716,1.97559401004272,3.26101753689286,-1.32824409250826,-5.47982597698661,-4.54644106374301,-14.4517578022187
2.52701801200801,1.9684408137881,3.23156685291358,-1.35237017480535,-5.55674975255773,-4.49469289203907,-14.375205817091
2.53235490326885,1.96115959949499,3.20170673159675,-1.37621823792741,-5.63326144089654,-4.44225386369851,-14.2973290835068
2.53769179452969,1.95375186074623,3.17143939104531,-1.39978460267517,-5.70935398761955,-4.38912692134438,-14.2181334867121
2.54302868579053,1.94621911071796,3.14076708692636,-1.42306560570213,-5.78502037004876,-4.33531506313475,-14.137625023023
2.54836557705137,1.93856288209425,3.10969211230033,-1.44605759981025,-5.86025359780314,-4.28082134250641,-14.0558097993132
2.55370246831221,1.93078472698012,3.07821679744708,-1.46875695424427,-5.9350467133872,-4.22564886791404,-13.972694032492
2.55903935957305,1.92288621681303,3.04634350968882,-1.49116005498465,-6.00939279277689,-4.16980080256461,-13.8882840489733
2.56437625083389,1.91486894227273,3.01407465320987,-1.51326330503905,-6.08328494600256,-4.11328036414702,-13.8025862841349
2.56971314209473,1.90673451318966,2.98141266887345,-1.53506312473233,-6.15671631772897,-4.05609082455723,-13.7156072817688
2.57505003335557,1.89848455845175,2.94836003403521,-1.55655595199516,-6.2296800878325,-3.99823550961867,-13.6273536935219
2.58038692461641,1.89012072590968,2.91491926235386,-1.57773824265103,-6.30216947197514,-3.93971779879803,-13.5378322783274
2.58572381587725,1.88164468228064,2.8810929035986,-1.59860647070178,-6.37417772217561,-3.88054112491657,-13.4470499018279
2.59106070713809,1.87305811305054,2.8468835434536,-1.61915712861156,-6.44569812737725,-3.82070897385667,-13.3550135357883
2.59639759839893,1.86436272237474,2.81229380331943,-1.63938672758923,-6.5167240140128,-3.76022488426413,-13.2617302575
2.60173448965977,1.85556023297726,2.77732634011145,-1.65929179786915,-6.58724874656601,-3.69909244724565,-13.1672072491765
2.60707138092061,1.84665238604847,2.7419838460553,-1.67886888899031,-6.65726572812993,-3.63731530606212,-13.0714517973396
2.61240827218145,1.83764094114138,2.7062690484793,-1.6981145700739,-6.72676840096192,-3.57489715581722,-12.9744712921965
2.61774516344229,1.82852767606633,2.67018470960402,-1.71702543009908,-6.79575024703537,-3.51184174314172,-12.876273227009
2.62308205470313,1.81931438678431,2.63373362632884,-1.73559807817718,-6.86420478858796,-3.44815286587336,-12.7768651974523
2.62841894596398,1.81000288729881,2.59691863001554,-1.75382914382411,-6.93212558866653,-3.38383437273228,-12.6762549009669
2.63375583722482,1.80059500954614,2.55974258626919,-1.77171527723099,-6.99950625166838,-3.31889016299224,-12.5744501361003
2.63909272848566,1.79109260328444,2.52220839471591,-1.78925314953313,-7.06634042387913,-3.25332418614739,-12.4714588018406
2.6444296197465,1.78149753598114,2.48431898877796,-1.80643945307712,-7.132621794007,-3.18714044157477,-12.3672888969421
2.64976651100734,1.77181169269907,2.44607733544588,-1.82327090168612,-7.19834409371336,-3.12034297819268,-12.2619485192414
2.65510340226818,1.76203697598112,2.40748643504786,-1.83974423092338,-7.26350109813974,-3.05293589411459,-12.1554458649652
2.66044029352902,1.75217530573355,2.36854932101631,-1.85585619835383,-7.328086626431,-2.98492333629906,-12.0477892280309
2.66577718478986,1.74222861910784,2.32926905965161,-1.8716035838038,-7.39209454225487,-2.91630950019537,-11.9389869993369
2.6711140760507,1.73219887038122,2.28964874988311,-1.88698318961889,-7.45551875431758,-2.84709862938499,-11.8290476660462
2.67645096731154,1.72208803083579,2.24969152302743,-1.90199184091987,-7.51835321687567,-2.77729501521908,-11.717979810861
2.68178785857238,1.71189808863627,2.20940054254397,-1.91662638585664,-7.580591930244,-2.70690299645167,-11.6057921112896
2.68712474983322,1.7016310487065,2.16877900378779,-1.93088369586022,-7.64222894129963,-2.63592695886907,-11.4924933389044
2.69246164109406,1.69128893260444,2.12783013375974,-1.94476066589275,-7.7032583439819,-2.56437133491504,-11.378092358593
2.6977985323549,1.68087377839594,2.08655719085398,-1.95825421469555,-7.76367427978843,-2.49224060331203,-11.2625981278003
2.70313542361574,1.67038764052723,2.04496346460291,-1.97136128503498,-7.82347093826702,-2.41953928867859,-11.1460196957634
2.70847231487658,1.65983258969598,2.0030522754193,-1.98407884394645,-7.8826425575035,-2.34627196114261,-11.0283662027381
2.71380920613742,1.64921071272118,1.96082697433608,-1.9964038829762,-7.94118342460539,-2.27244323595098,-10.9096468792182
2.71914609739826,1.63852411241168,1.91829094274339,-2.00833341842107,-7.99908787618138,-2.19805777307511,-10.7898710451464
2.72448298865911,1.62777490743342,1.87544759212311,-2.01986449156611,-8.05635029881663,-2.1231202768128,-10.6690481091185
2.72981987991995,1.61696523217551,1.8323003637809,-2.03099416892009,-8.1129651295437,-2.04763549538629,-10.5471875675787
2.73515677118079,1.60609723661494,1.7888527285757,-2.04171954244884,-8.1689268563093,-1.97160822053647,-10.424299004009
2.74049366244163,1.59517308618012,1.74510818664682,-2.05203772980641,-8.22423001843653,-1.89504328711353,-10.3003920881098
2.74583055370247,1.58419496161317,1.70107026713849,-2.06194587456402,-8.27886920708288,-1.8179455726638,-10.1754765749736
2.75116744496331,1.573165058831,1.65674252792198,-2.07144114643685,-8.33283906569375,-1.74031999701296,-10.0495623042519
2.75650433622415,1.56208558878518,1.61212855531543,-2.08052074150853,-8.38613429045141,-1.66217152184568,-9.92265919931389
2.76184122748499,1.55095877732061,1.56723196380113,-2.08918188245341,-8.43874963071963,-1.58350515028165,-9.7947772663991
2.76717811874583,1.53978686503303,1.52205639574057,-2.09742181875659,-8.49067988948361,-1.50432592644812,-9.66592659376195
2.77251501000667,1.52857210712536,1.4766055210871,-2.10523782693157,-8.54191992378537,-1.42463893504885,-9.53611735080998
2.77785190126751,1.51731677326287,1.43088303709624,-2.11262721073569,-8.59246464515465,-1.34444930092961,-9.40535978723475
2.78318879252835,1.50602314742719,1.38489266803379,-2.11958730138316,-8.6423090200349,-1.2637621886404,-9.27366423213621
2.78852568378919,1.49469352776926,1.33863816488162,-2.12611545775582,-8.69144807020483,-1.18258280199399,-9.14104109313997
2.79386257505003,1.48333022646107,1.29212330504125,-2.13220906661146,-8.73987687319505,-1.10091638362144,-9.00750085550809
2.79919946631087,1.47193556954636,1.2453518920352,-2.13786554278982,-8.78759056270007,-1.01876821452404,-8.87305408124315
2.80453635757171,1.4605118967902,1.19832775520611,-2.14308232941616,-8.83458432898543,-0.936143613622024,-8.73771140818567
2.80987324883255,1.4490615615275,1.15105474941386,-2.14785689810239,-8.88085341929002,-0.853047937300219,-8.60148354910525
2.8152101400934,1.43758693051044,1.10353675473034,-2.15218674914585,-8.92639313822351,-0.769486578950235,-8.46438129078514
2.82054703135424,1.42609038375486,1.05577767613228,-2.15606941172553,-8.97119884815894,-0.685464968509696,-8.32641549310059
2.82588392261508,1.41457431438561,1.00778144319193,-2.15950244409591,-9.01526596962027,-0.600988571998249,-8.18759708809087
2.83122081387592,1.40304112848085,0.959552009765652,-2.16248343377825,-9.05858998166509,-0.516062891050458,-8.04793707902512
2.83655770513676,1.39149324491535,0.911093353680585,-2.16500999774944,-9.10116642226219,-0.430693462445817,-7.90744653946234
2.8418945963976,1.37993309520282,0.862409476419176,-2.16707978262829,-9.14299088866424,-0.344885857635529,-7.76613661230492
2.84723148765844,1.36836312333719,0.813504402801869,-2.1686904648593,-9.18405903777526,-0.258645682266545,-7.62401850884678
2.85256837891928,1.35678578563297,0.764382180667759,-2.16983975089388,-9.2243665865131,-0.171978575702548,-7.48110350781526
2.85790527018012,1.34520355056461,0.715046880553315,-2.17052537736902,-9.26390931216678,-0.084890210542026,-7.33740295440735
2.86324216144096,1.33361889860493,0.665502595369305,-2.17074511128335,-9.30268305274857,0.002613707866323,-7.19292825932046
2.8685790527018,1.32203432206267,0.615753440075741,-2.17049675017063,-9.34068370734107,0.090527441911186,-7.04769089777719
2.87391594396264,1.310452324919,0.565803551355078,-2.16977812227065,-9.37790723643884,0.178845222208837,-6.90170240854501
2.87925283522348,1.29887542266322,0.51565708728355,-2.16858708669744,-9.41434966228499,0.26756124809612,-6.75497439295022
2.88458972648432,1.28730614212758,0.465318227000709,-2.16692153360491,-9.45000706920239,0.356669688126159,-6.60751851388658
2.88992661774516,1.27574702132113,0.414791170377308,-2.16477938434981,-9.48487560391956,0.446164680566518,-6.45934649481896
2.895263509006,1.26420060926282,0.364080137681308,-2.16215859165202,-9.51895147589128,0.536040333900199,-6.31047011878136
2.90060040026684,1.25266946581363,0.313189369242346,-2.15905713975216,-9.55223095761384,0.626290727328939,-6.1609012273703
2.90593729152768,1.24115616150802,0.262123125114427,-2.15547304456652,-9.58471038493484,0.716909911279164,-6.01065171973293
2.91127418278853,1.22966327738438,0.210885684736983,-2.15140435383927,-9.61638615735767,0.807891907910417,-5.85973355155016
2.91661107404937,1.21819340481485,0.159481346594409,-2.14684914729197,-9.64725473834046,0.899230711626034,-5.70815873401532
2.92194796531021,1.20674914533421,0.107914427873903,-2.14180553677031,-9.67731265558962,0.990920289586406,-5.55593933280764
2.92728485657105,1.19533311046808,0.056189264121845,-2.13627166638813,-9.70655650134791,1.08295458222439,-5.40308746706141
2.93262174783189,1.18394792156031,0.004310208898609,-2.13024571266872,-9.73498293267687,1.17532750376309,-5.24961530833038
2.93795863909273,1.17259620959966,-0.047718366568142,-2.12372588468326,-9.76258867173394,1.26803294273595,-5.0955350795477
2.94329553035357,1.16128061504575,-0.099892073731529,-2.11671042418656,-9.78937050604376,1.36106476250881,-4.94085905398167
2.94863242161441,1.15000378765422,-0.152206507075102,-2.10919760574996,-9.81532528876406,1.45441680180443,-4.7855995541868
2.95396931287525,1.1387683863013,-0.204657244463742,-2.10118573689149,-9.84044993894589,1.54808287522878,-4.62976895095111
2.95930620413609,1.12757707880759,-0.257239847496046,-2.09267315820309,-9.8647414417882,1.64205677379968,-4.47337966223899
2.96464309539693,1.11643254176126,-0.309949861858032,-2.08365824347516,-9.8881968488868,1.73633226547732,-4.31644415213005
2.96997998665777,1.10533746034051,-0.362782817678091,-2.07413939981814,-9.91081327847763,1.83090309569669,-4.1589749297543
2.97531687791861,1.09429452813545,-0.415734229883351,-2.06411506778135,-9.93258791567433,1.92576298790215,-4.00098454822306
2.98065376917945,1.0833064469693,-0.46879959855714,-2.05358372146887,-9.95351801270011,2.02090564408358,-3.84248560355652
2.98599066044029,1.07237592671907,-0.521974409297779,-2.04254386865263,-9.97360088911386,2.11632474531462,-3.68349073360741
2.99132755170113,1.06150568513549,-0.575254133578577,-2.03099405088262,-9.99283393203058,2.21201395229264,-3.52401261698101
2.99666444296197,1.05069844766255,-0.628634229108861,-2.01893284359413,-10.0112145963359,2.30796690588027,-3.36406397195205
3.00200133422281,1.03995694725631,-0.682110140196313,-2.00635885621223,-10.028740404895,2.40417722764893,-3.20365755537769
3.00733822548366,1.02928392420325,-0.735677298110233,-1.99327073225323,-10.0454089487555,2.50063852042372,-3.04280616160775
3.0126751167445,1.01868212593809,-0.789331121445993,-1.97966714942324,-10.0612178873447,2.59734436883007,-2.88152262139132
3.01801200800534,1.008154306861,-0.843067016490493,-1.96554681971392,-10.0761649486609,2.69428833984198,-2.71981980078043
3.02334889926618,0.997703228154454,-0.896880377588572,-1.95090848949515,-10.0902479294589,2.7914639833316,-2.55771060003081
3.02868579052702,0.987331657599452,-0.950766587510499,-1.93575093960483,-10.1034646954295,2.88886483262045,-2.39520795249937
3.03402268178786,0.977042369391373,-1.00472101782027,-1.9200729854358,-10.1158131813736,2.98648440503192,-2.23232482353935
3.0393595730487,0.966838143955317,-1.05873902924495,-1.90387347701966,-10.1272913913692,3.08431620244521,-2.06907420939235
3.04469646430954,0.956721767761021,-1.1128159720448,-1.88715129910778,-10.1378973989341,3.18235371185063,-1.90546913607776
3.05003335557038,0.946696033137373,-1.1669471863843,-1.86990537124922,-10.1476293471816,3.28059040590598,-1.74152265827995
3.05537024683122,0.936763738086473,-1.221128002704,-1.85213464786577,-10.1564854489702,3.37901974349446,-1.57724785823254
3.06070713809206,0.926927686097355,-1.27535374209305,-1.83383811832399,-10.1644639870481,3.47763517028346,-1.41265784460078
3.0660440293529,0.917190685959282,-1.32961971666266,-1.8150148070042,-10.1715633141909,3.57643011928461,-1.24776575136136
3.07138092061374,0.907555551574719,-1.38392122992014,-1.79566377336652,-10.177781853334,3.675398011415,-1.08258473668011
3.07671781187458,0.89802510177194,-1.43825357714365,-1.77578411201399,-10.1831180976984,3.77453225605925,-0.917127981787825
3.08205470313542,0.888602160117305,-1.4926120457577,-1.75537495275254,-10.187570610911,3.8738262516327,-0.751408689853776
3.08739159439626,0.87928955472725,-1.54699191570912,-1.73443546064807,-10.1911380271187,3.97327338614548,-0.585440084857737
3.0927284856571,0.870090118079953,-1.60138845984375,-1.71296483608047,-10.1938190510963,4.07286703776746,-0.419235410459966
3.09806537691794,0.861006686826724,-1.6557969442837,-1.69096231479457,-10.1956124583484,4.17260057539413,-0.252807928869467
3.10340226817878,0.852042101603149,-1.71021262880498,-1.66842716794824,-10.1965170952059,4.27246735921311,-0.086170919711009
3.10873915943963,0.843199206839957,-1.76463076721583,-1.64535870215722,-10.1965318789152,4.37246074127161,0.080662321109823
3.11407605070047,0.834480850573697,-1.81904660773533,-1.62175625953716,-10.1956557977227,4.47257406604436,0.247678482542507
3.11941294196131,0.825889884257146,-1.87345539337262,-1.59761921774243,-10.1938879109521,4.57280067100238,0.414864239529067
3.12474983322215,0.817429162569563,-1.92785236230635,-1.57294699000203,-10.1912273490766,4.67313388718227,0.5822062541427
3.13008672448299,0.809101543226743,-1.98223274826462,-1.54773902515241,-10.1876733137839,4.77356703975598,0.749691176727317
3.13542361574383,0.800909886790886,-2.03659178090519,-1.52199480766721,-10.1832250780365,4.87409344860126,0.917305647038416
3.14076050700467,0.79285705648035,-2.090924686196,-1.49571385768401,-10.1778819861245,4.97470642887235,1.08503629538447
3.14609739826551,0.784945917979251,-2.14522668679599,-1.46889573102806,-10.1716434537135,5.07539929157122,1.25286974376944
3.15143428952635,0.777179339246928,-2.19949300243613,-1.44154001923282,-10.1645089678853,5.17616534411918,1.4207926070359
3.15677118078719,0.769560190327346,-2.25371885030063,-1.41364634955765,-10.1564780871738,5.27699789092861,1.58879149400866
3.16210807204803,0.762091343158381,-2.3078994454084,-1.38521438500223,-10.1475504415934,5.37789023397519,1.75685300863906
3.16744496330887,0.754775671381039,-2.36203000099457,-1.35624382431816,-10.1377257326623,5.47883567337017,1.9249637511496
3.17278185456971,0.747616050148642,-2.41610572889211,-1.32673440201729,-10.1270037334192,5.57982750793285,2.09311031917888
3.17811874583055,0.740615355935948,-2.47012183991365,-1.2966858883771,-10.1153842884341,5.68085903576324,2.26127930892691
3.18345563709139,0.733776466348285,-2.52407354423315,-1.26609808944306,-10.1028673138129,5.78192355481458,2.42945731630018
3.18879252835223,0.727102259930638,-2.57795605176776,-1.23497084702784,-10.0894527971961,5.88301436346616,2.59763093805729
3.19412941961308,0.7205956159768,-2.63176457255953,-1.20330403870751,-10.0751407977509,5.98412476109586,2.76578677295396
3.19946631087392,0.7142594143385,-2.68549431715708,-1.17109757781471,-10.0599314461575,6.08524804865267,2.9339114228882
3.20480320213476,0.70809653523461,-2.73914049699731,-1.13835141342871,-10.0438249445894,6.18637752922923,3.10199149404526
3.2101400933956,0.702109859060401,-2.79269832478674,-1.10506553036246,-10.0268215666878,6.28750650863389,3.27001359804189
3.21547698465644,0.696302266196877,-2.84616301488299,-1.07123994914657,-10.0089216575287,6.38862829596286,3.43796435307047
3.22081387591728,0.690676636820204,-2.89952978367581,-1.03687472601021,-9.99012563358559,6.48973620417182,3.60583038504235
3.22615076717812,0.68523585071125,-2.95279384996803,-1.00196995285904,-9.97043398268478,6.59082355064731,3.77359832873066
3.23148765843896,0.679982787065241,-3.00595043535631,-0.966525757249963,-9.94984726395516,6.69188365777786,3.94125482891241
3.2368245496998,0.674920324301581,-3.0589947646114,-0.930542302363009,-9.92836610777176,6.79290985352438,4.10878654150945
3.24216144096064,0.670051339873804,-3.11192206605831,-0.89401978696997,-9.90599121569324,6.89389547199043,4.27618013472888
3.24749833222148,0.665378710079729,-3.16472757195598,-0.856958445400167,-9.88272336039325,6.99483385399169,4.44342229020208
3.25283522348232,0.660905309871776,-3.21740651887661,-0.81935854750309,-9.85856338558581,7.09571834762499,4.61049970412271
3.25817211474316,0.656634012667518,-3.26995414808463,-0.781220398607999,-9.83351220594448,7.19654230883678,4.77739908838363
3.263509006004,0.652567690160436,-3.32236570591512,-0.742544339480564,-9.80757080701562,7.29729910199067,4.94410717171211
3.26884589726484,0.64870921213093,-3.37463644415183,-0.703330746276373,-9.78074024512545,7.3979821004346,5.110610700804
3.27418278852568,0.645061446257564,-3.42676162040469,-0.663580030491528,-9.7530216472812,7.49858468706694,5.27689644145606
3.27951967978652,0.641627257928613,-3.47873649848666,-0.623292638910133,-9.7244162110661,7.59910025490194,5.44295117969677
3.28485657104736,0.638409510053859,-3.53055634879024,-0.582469053548795,-9.69492520452841,7.69952220763433,5.60876172291562
3.2901934623082,0.635411062876742,-3.58221644866305,-0.541109791598152,-9.66454996606443,7.79984396020284,5.77431490099003
3.29553035356905,0.632634773786776,-3.63371208278311,-0.499215405361317,-9.63329190429544,7.90005893935299,5.93959756741107
3.30086724482989,0.630083497132349,-3.68503854353315,-0.456786482189417,-9.6011524979387,8.00016058419866,6.10459660040647
3.30620413609073,0.627760084033841,-3.73619113137443,-0.413823644414056,-9.56813329567245,8.10014234678269,6.26929890406196
3.31154102735157,0.625667382197129,-3.7871651552197,-0.370327549276814,-9.5342359159949,8.19999769263653,6.43369140944038
3.31687791861241,0.623808235727469,-3.83795593280545,-0.32629888885581,-9.4994620470773,8.29972010133836,6.59776107569815
3.32221480987325,0.622185484943788,-3.88855879106334,-0.281738389989192,-9.463813446611,8.39930306707046,6.76149489119977
3.32755170113409,0.620801966193369,-3.93896906649078,-0.23664681419577,-9.42729194164864,8.49874009917493,6.92487987462948
3.33288859239493,0.619660511667,-3.98918210552069,-0.191024957592598,-9.38989942843936,8.59802472270838,7.08790307610052
3.33822548365577,0.618763949214534,-4.03919326489037,-0.144873650809614,-9.35163787225808,8.69715047899527,7.25055157826173
3.34356237491661,0.618115102160951,-4.0889979120093,-0.098193758901403,-9.31250930722898,8.79611092617956,7.41281249740111
3.34889926617745,0.617716789122865,-4.13859142532627,-0.050986181255885,-9.27251583614295,8.8948996397754,7.57467298454694
3.35423615743829,0.617571823825549,-4.18796919469518,-0.003251851500228,-9.23165963026936,8.99351021321591,7.73612022656542
3.35957304869913,0.617683014920461,-4.23712662174008,0.045008262596293,-9.18994292916177,9.09193625840062,7.89714144725566
3.36490993995997,0.618053165803292,-4.28605912021906,0.093793159222312,-9.14736804045797,9.19017140624142,8.0577239084414
3.37024683122081,0.618685074432563,-4.33476211638702,0.143101802627252,-9.10393733967413,9.2882093072066,8.21785491105927
3.37558372248165,0.619581533148779,-4.38323104935742,0.19293312322719,-9.05965326999313,9.38604363186362,8.37752179624413
3.38092061374249,0.62074532849415,-4.43146137146277,0.243286017713535,-9.0145183420472,9.48366807141969,8.53671194641046
3.38625750500333,0.622179241032904,-4.47944854861406,0.294159349164621,-8.96853513369468,9.58107633826103,8.69541278633064
3.39159439626418,0.623886045172195,-4.52718806065893,0.345551947160208,-8.9217062897911,9.67826216649005,8.85361178420954
3.39693128752502,0.62586850898365,-4.57467540173854,0.397462607898749,-8.87403452195458,9.77521931246072,9.01129645275508
3.40226817878586,0.628129394025525,-4.62190608064332,0.449890094317632,-8.82552260832538,9.87194155531216,9.16845435024548
3.4076050700467,0.630671455165524,-4.66887562116727,0.502833136216149,-8.77617339331995,9.96842269750007,9.32507308159218
3.41294196130754,0.633497440404281,-4.71557956246105,0.556290430381366,-8.72598978737917,10.0646565653264,9.48114029939902
3.41827885256838,0.636610090699524,-4.76201345938362,0.610260640716824,-8.67497476671101,10.1606370094668,9.63664370501734
3.42361574382922,0.640012139790914,-4.80817288285255,0.664742398373966,-8.62313137302761,10.256357905496,9.79157104959675
3.42895263509006,0.643706314025621,-4.85405342019293,0.719734301886485,-8.57046271327663,10.3518131544115,9.94591013513189
3.4342895263509,0.647695332184607,-4.89965067548471,0.775234917307333,-8.51697195936718,10.446996683154,10.0996488155045
3.43962641761174,0.651981905309655,-4.94496026990872,0.831242778348578,-8.46266234789015,10.5419024451271,10.2527749975216
3.44496330887258,0.656568736531141,-4.98997784209111,0.887756386524068,-8.40753717983291,10.6365244207134,10.4052766419484
3.45030020013342,0.661458520896585,-5.0346990484462,0.944774211294693,-8.35159982028867,10.730856617789,10.5571417645372
3.45563709139426,0.666653945199992,-5.07911956351789,1.00229469021658,-8.29485369816024,10.8248930722358,10.7083584370517
3.4609739826551,0.672157687811962,-5.12323508031933,1.06031622909184,-8.23730230585843,10.9186278484506,10.8589147882857
3.46631087391594,0.677972418510648,-5.16704131067109,1.11883720212213,-8.17894919899493,11.0120550398528,11.0087990050777
3.47164776517678,0.68410079831352,-5.21053398553761,1.17785595206493,-8.11979799606983,11.1051687693887,11.1579993333205
3.47698465643762,0.690545479309957,-5.25370885536195,1.23737079039239,-8.05985237815385,11.1979631900339,11.3065040789651
3.48232154769846,0.69730910449474,-5.29656169039895,1.29737999745302,-7.99911608856504,11.2904324852926,11.4543016090203
3.48765843895931,0.704394307602361,-5.33908828104646,1.35788182263585,-7.93759293254034,11.3825708696953,11.6013803525465
3.49299533022015,0.711803712942248,-5.38128443817496,1.41887448453739,-7.87528677690177,11.4743725892922,11.7477288016446
3.49833222148099,0.719539935234884,-5.42314599345533,1.48035617113116,-7.81220154971731,11.5658319221455,11.893335512439
3.50366911274183,0.727605579448827,-5.46466879968478,1.54232503993982,-7.74834123995669,11.6569431788184,12.0381891060557
3.50900600400267,0.736003240638671,-5.50584873111097,1.60477921820994,-7.68370989714178,11.7477007028606,12.1822782695944
3.51434289526351,0.744735503783924,-5.5466816837542,1.66771680308934,-7.61831163099201,11.8380988712923,12.3255917570955
3.51967978652435,0.753804943628868,-5.58716357572772,1.73113586180695,-7.55215061106451,11.9281320950843,12.4681183905005
3.52501667778519,0.763214124523365,-5.62729034755615,1.79503443185536,-7.48523106638916,12.0177948196357,12.6098470606076
3.53035356904603,0.772965600264639,-5.66705796249181,1.85941052117576,-7.41755728509859,12.1070815252483,12.7507667280205
3.53569046030687,0.78306191394009,-5.70646240682924,1.92426210834552,-7.34913361405313,12.1959867275986,12.8908664240921
3.54102735156771,0.793505597771053,-5.74549969021757,1.98958714276819,-7.27996445846069,12.2845049782062,13.0301352518617
3.54636424282855,0.804299172957644,-5.78416584597084,2.05538354486604,-7.21005428149174,12.3726308648993,13.1685623869857
3.55170113408939,0.815445149524597,-5.8224569313764,2.12164920627513,-7.13940760388922,12.4603590122774,13.3061370786629
3.55703802535023,0.82694602616815,-5.86036902800104,2.18838199004268,-7.0680290035737,12.5476840821702,13.442848650553
3.56237491661107,0.838804290104028,-5.89789824199512,2.25557973082711,-6.99592311524342,12.6346007740943,13.5786865016888
3.56771180787191,0.851022416916445,-5.93504070439447,2.32324023510023,-6.92309462996975,12.7211038257054,13.7136401073821
3.57304869913275,0.863602870408238,-5.97179257142017,2.3913612813521,-6.84954829478759,12.8071880132486,13.8476990201229
3.5783855903936,0.876548102452091,-6.00815002477617,2.45994062029816,-6.77528891228113,12.8928481520044,13.9808528704723
3.58372248165444,0.889860552842831,-6.04410927194453,2.52897597508866,-6.70032134016487,12.9780790967319,14.1130913679483
3.58905937291528,0.903542649150918,-6.07966654647862,2.59846504152065,-6.62465049085977,13.0628757421082,14.2444043019053
3.59439626417612,0.917596806577003,-6.11481810829387,2.66840548825206,-6.548281331065,13.1472330231648,14.3747815424063
3.59973315543696,0.932025427807688,-6.14956024395634,2.73879495701829,-6.47121888132476,13.2311459157204,14.5042130410886
3.6050700466978,0.946830902872416,-6.18388926696888,2.80963106285107,-6.39346821559067,13.3146094368102,14.6326888320227
3.61040693795864,0.962015609001546,-6.21780151805501,2.88091139429945,-6.31503446077962,13.3976186451116,14.7601990325633
3.61574382921948,0.977581910485614,-6.2512933654404,2.9526335136533,-6.23592279632692,13.4801686413664,14.8867338441941
3.62108072048032,0.993532158535799,-6.28436120513192,3.02479495716883,-6.15613845373519,13.5622545687996,15.012283553365
3.62641761174116,1.00986869114557,-6.31700146119433,3.09739323529645,-6.07568671611863,13.6438716135342,15.136838532322
3.631754503002,1.02659383295361,-6.34921058602453,3.17042583291085,-5.9945729177429,13.7250150050027,15.26038923993
3.63709139426284,1.04370989510789,-6.38098506062324,3.24389020954315,-5.91280244356077,13.8056800163544,15.3829262224879
3.64242828552368,1.06121917513111,-6.41232139486433,3.3177837996154,-5.83038072874321,13.8858619648598,15.5044401145365
3.64776517678452,1.07912395678724,-6.44321612776151,3.39210401267699,-5.74731325820644,13.9655562123103,15.6249216396587
3.65310206804536,1.09742650994949,-6.4736658277326,3.46684823364342,-5.6636055661345,14.0447581654147,15.744361611272
3.6584389593062,1.11612909046942,-6.50366709286114,3.54201382303703,-5.57926323549776,14.1234632761917,15.862750933414
3.66377585056704,1.13523394004745,-6.5332165511555,3.61759811722982,-5.49429189756724,14.2016670423584,15.9800806015186
3.66911274182788,1.15474328610461,-6.56231086080531,3.69359842868843,-5.40869723142469,14.2793650077152,16.0963417031867
3.67444963308873,1.17465934165561,-6.59094671043533,3.77001204622104,-5.32248496346878,14.3565527625263,16.2115254189467
3.67978652434957,1.19498430518323,-6.61912081935665,3.84683623522637,-5.23566086691709,14.4332259438965,16.3256230230084
3.68512341561041,1.21572036051411,-6.64682993781521,3.92406823794471,-5.14823076130411,14.5093802361445,16.4386258840089
3.69046030687125,1.23686967669574,-6.67407084723764,4.00170527371078,-5.06020051197541,14.585011371171,16.5505254657498
3.69579719813209,1.258434407875,-6.70084036047439,4.07974453920874,-4.97157602957769,14.6601151288238,16.6613133279266
3.70113408939293,1.28041669317787,-6.72713532204014,4.15818320872898,-4.88236326954522,14.7346873372581,16.7709811268499
3.70647098065377,1.30281865659064,-6.75295260835143,4.23701843442691,-4.7925682315822,14.8087238732935,16.8795206161585
3.71180787191461,1.32564240684252,-6.77828912796155,4.31624734658364,-4.70219695914146,14.8822206627656,16.986923647524
3.71714476317545,1.34889003728949,-6.80314182179261,4.39586705386844,-4.61125553889946,14.9551736808747,17.0931821713468
3.72248165443629,1.3725636257998,-6.82750766336482,4.47587464360321,-4.51975010022748,15.0275789525294,17.1982882374441
3.72781854569713,1.39666523464063,-6.85138365902291,4.55626718202856,-4.4276868146593,15.0994325526864,17.3022339957294
3.73315543695797,1.42119691036635,-6.87476684815975,4.63704171457189,-4.33507189535515,15.1707306066858,17.4050116968828
3.73849232821881,1.4461606837082,-6.89765430343704,4.71819526611717,-4.24191159656213,15.2414692905823,17.5066136930136
3.74382921947965,1.47155856946528,-6.92004313100314,4.7997248412764,-4.14821221307127,15.3116448314716,17.6070324383135
3.74916611074049,1.49739256639718,-6.94193047070802,4.88162742466297,-4.05398007967083,15.3812535078132,17.7062604897014
3.75450300200133,1.52366465711792,-6.96331349631522,4.96389998116654,-3.95922157059652,15.4502916497484,17.8042905074597
3.75983989326217,1.55037680799148,-6.98418941571092,5.04653945622974,-3.86394309897809,15.5187556394133,17.9011152558609
3.76517678452301,1.57753096902869,-7.00455547111003,5.12954277612654,-3.76815111628266,15.5866419112488,17.9967276037864
3.77051367578385,1.60512907378574,-7.02440893925929,5.2129068482421,-3.67185211175493,15.6539469523043,18.0911205253355
3.7758505670447,1.63317303926407,-7.04374713163738,5.29662856135444,-3.57505261185391,15.7206673025388,18.1842871004259
3.78118745830554,1.66166476581185,-7.06256739465205,5.38070478591753,-3.47775917968668,15.7867995551159,18.2762205153848
3.78652434956638,1.69060613702695,-7.08086710983414,5.46513237434604,-3.37997841443891,15.8523403566952,18.3669140635314
3.79186124082722,1.71999901966142,-7.09864369402866,5.54990816130167,-3.28171695080226,15.9172864077187,18.4563611457498
3.79719813208806,1.74984526352747,-7.11589459958269,5.63502896398082,-3.18298145839896,15.9816344626929,18.5445552710527
3.8025350233489,1.78014670140514,-7.13261731453029,5.72049158240398,-3.08377864120306,16.0453813304657,18.6314900571364
3.80787191460974,1.81090514895128,-7.14880936277427,5.80629279970638,-2.98411523695911,16.1085238744998,18.717159230926
3.81320880587058,1.8421224046103,-7.16446830426487,5.89242938243025,-2.88399801659772,16.17105901314,18.8015566291111
3.81854569713142,1.87380024952638,-7.1795917351753,5.9788980808184,-2.78343378364828,16.232983719877,18.8846761986731
3.82388258839226,1.90594044745724,-7.19417728807415,6.06569562910918,-2.6824293736491,16.2942950236055,18.9665119974016
3.8292194796531,1.93854474468956,-7.20822263209462,6.15281874583296,-2.58099165355453,16.3549900088788,19.0470581944028
3.83455637091394,1.9716148699559,-7.22172547310061,6.24026413410969,-2.47912752113965,16.4150658161571,19.1263090705975
3.83989326217478,2.00515253435327,-7.23468355384961,6.32802848194802,-2.37684390440222,16.4745196420525,19.2042590192097
3.84523015343562,2.03915943126332,-7.24709465415241,6.41610846254562,-2.27414776096193,16.5333487395681,19.2809025462457
3.85056704469646,2.07363723627401,-7.25895659102953,6.50450073459069,-2.17104607745739,16.5915504183331,19.3562342709637
3.8559039359573,2.10858760710309,-7.27026721886454,6.59320194256488,-2.06754586894036,16.6491220448322,19.4302489263333
3.86124082721815,2.14401218352303,-7.28102442955402,6.68220871704724,-1.96365417826776,16.7060610426311,19.5029413594859
3.86657771847898,2.1799125872876,-7.29122615265438,6.77151767501947,-1.85937807549122,16.7623648925964,19.5743065321546
3.87191460973983,2.21629042206023,-7.30087035552532,6.86112542017235,-1.75472465724422,16.8180311331109,19.644339521105
3.87725150100067,2.25314727334381,-7.30995504347004,6.95102854321318,-1.64970104612717,16.8730573602839,19.7130355185558
3.88258839226151,2.29048470841222,-7.31847825987225,7.04122362217451,-1.54431439009004,16.9274412281567,19.7803898325896
3.88792528352235,2.32830427624359,-7.32643808632972,7.13170722272375,-1.43857186181303,16.981180448903,19.8463978875537
3.89326217478319,2.36660750745502,-7.33383264278466,7.22247589847398,-1.33248065808497,17.0342727930244,19.9110552244512
3.89859906604403,2.40539591423922,-7.34066008765072,7.31352619129583,-1.22604799917969,17.0867160895407,19.974357501322
3.90393595730487,2.44467099030254,-7.34691861793662,7.40485463163013,-1.11928112823053,17.1385082261758,20.0363004936137
3.90927284856571,2.48443421080489,-7.3526064693665,7.49645773880183,-1.01218731060263,17.1896471495379,20.0968800945427
3.91460973982655,2.52468703230124,-7.35772191649692,7.58833202133465,-0.904773833263599,17.2401308652951,20.1560923154452
3.91994663108739,2.5654308926848,-7.36226327283038,7.68047397726673,-0.797048004152143,17.2899574383456,20.2139332861177
3.92528352234823,2.60666721113193,-7.36622889092566,7.77288009446727,-0.689017151544951,17.3391249929833,20.270399255148
3.93062041360907,2.64839738804866,-7.3696171625046,7.8655468509538,-0.580688623421948,17.3876317130578,20.3254865902353
3.93595730486991,2.69062280501905,-7.37242651855555,7.95847071521061,-0.472069786829635,17.4354758421301,20.3791917785015
3.94129419613075,2.73334482475509,-7.37465542943347,8.05164814650765,-0.363168027243092,17.482655683622,20.4315114267901
3.94663108739159,2.7765647910484,-7.37630240495654,8.14507559522052,-0.253990747926178,17.5291696009615,20.4824422619572
3.95196797865243,2.82028402872363,-7.3773659944994,8.23874950315107,-0.144545369290239,17.5750160177224,20.5319811311506
3.95730486991327,2.86450384359354,-7.37784478708295,8.33266630384866,-0.034839328251536,17.6201934177594,20.5801250020795
3.96264176117412,2.90922552241584,-7.37773741146071,8.42682242293239,0.075119922413038,17.6647003453372,20.6268709632734
3.96797865243496,2.95445033285169,-7.37704253620174,8.52121427841366,0.185324914711273,17.7085354052552,20.6722162243308
3.9733155436958,3.000179523426,-7.37575886977015,8.61583828101965,0.295768166082513,17.7516972629663,20.716158116158
3.97865243495664,3.04641432348941,-7.37388516060107,8.71069083451734,0.406442180045677,17.7941846446915,20.7586940911967
3.98398932621748,3.09315594318199,-7.37142019717325,8.80576833603806,0.517339446848389,17.8359963375285,20.7998217236422
3.98932621747832,3.14040557339872,-7.36836280807813,8.90106717640272,0.628452444117441,17.877131189555,20.8395387096501
3.99466310873916,3.18816438575666,-7.36471186208549,8.99658374044748,0.739773637510086,17.9175881099276,20.8778428675337
4,3.23643353256389,-7.36046626820554,9.09231440734994,0.851295481366558,17.957366068975,20.91473213795
