x1,y1,y2
0,10,10
0.100050025012506,9.90242435502465,9.80092376522994
0.200100050025012,9.8096870163653,9.60398223894182
0.300150075037519,9.72162681760953,9.40929601287534
0.400200100050025,9.63808843637869,9.2169738372972
0.500250125062531,9.55892235296691,9.02711337042079
0.600300150075038,9.48398485034113,8.8398011784062
0.700350175087544,9.4131336240485,8.65513575518067
0.80040020010005,9.34623540933993,8.4731919650214
0.900450225112556,9.28316718888866,8.29400958360888
1.00050025012506,9.22380966289616,8.11762435067072
1.10055027513757,9.16804724909206,7.94406796998167
1.20060030015008,9.11576808273423,7.77336810936364
1.30065032516258,9.0668640166087,7.60554840068566
1.40070035017509,9.02123062102972,7.4406284398639
1.50075037518759,8.97876718383973,7.2786237868617
1.6008004002001,8.93937671040935,7.11954596568952
1.70085042521261,8.90296592363742,6.96340246440494
1.80090045022511,8.86944526395096,6.81019673511272
1.90095047523762,8.83872888930521,6.65992819396473
2.00100050025013,8.81073467518357,6.51259222116
2.10105052526263,8.78538421459767,6.36818016094469
2.20110055027514,8.76260281808731,6.2266793216121
2.30115057528764,8.74231951372052,6.08807297550269
2.40120060030015,8.72446704709348,5.95234035900402
2.50125062531266,8.70898188133061,5.81945667255084
2.60130065032516,8.69580419708451,5.689393080625
2.70135067533767,8.68487789253596,5.56211671175551
2.80140070035018,8.67615058339396,5.43759065851853
2.90145072536268,8.6695736028957,5.31577397753732
3.00150075037519,8.66510200180657,5.19662168948233
3.10155077538769,8.66269454842014,5.08008477907113
3.2016008004002,8.66226027468014,4.96614886679478
3.30165082541271,8.66371552436184,4.85480121717013
3.40170085042521,8.6670330796142,4.74599275125002
3.50175087543772,8.67218606653546,4.63967505310239
3.60180090045022,8.67914795517314,4.53580036981022
3.70185092546273,8.68789255952399,4.43432161147159
3.80190095047524,8.69839403753408,4.33519235119963
3.90195097548774,8.7106268910987,4.23836682512253
4.00200100050025,8.72456596606244,4.14379993238357
4.10205102551276,8.74018645221914,4.05144723514109
4.20210105052526,8.75746388331191,3.9612649585685
4.30215107553777,8.77637413703314,3.87320999085427
4.40220110055028,8.79689343502448,3.78723988320195
4.50225112556278,8.81899834287685,3.70331284983016
4.60230115057529,8.84266577013042,3.62138776797258
4.70235117558779,8.86787297027465,3.54142417787796
4.8024012006003,8.89459754074827,3.46338228281013
4.90245122561281,8.92281742293926,3.38722294904798
5.00250125062531,8.95251090218489,3.31290770588546
5.10255127563782,8.98365660777166,3.2403987456316
5.20260130065033,9.01623351293538,3.16965892361051
5.30265132566283,9.05022093486111,3.10065175816135
5.40270135067534,9.08559853468318,3.03334143063835
5.50275137568784,9.12234631748517,2.96769278541083
5.60280140070035,9.16044463229996,2.90367132986314
5.70285142571286,9.19987417210968,2.84124323439474
5.80290145072536,9.24061597384573,2.78037533242013
5.90295147573787,9.28265141838877,2.7210351203689
6.00300150075037,9.32596223056874,2.6631907576857
6.10305152576288,9.37053047916484,2.60681106683023
6.20310155077539,9.41633857690555,2.55186553327729
6.30315157578789,9.46336928046859,2.49832430551674
6.4032016008004,9.51160569048099,2.44615819505349
6.50325162581291,9.56103125151902,2.39533867640755
6.60330165082541,9.61162975210821,2.34583788711397
6.70335167583792,9.66338532472338,2.29762862772288
6.80340170085042,9.7162824457886,2.25068436179949
6.90345172586293,9.7703213190132,2.20496576894153
7.00350175087544,9.82552110774537,2.16042202865634
7.10355177588794,9.8818813263838,2.11702326273962
7.20360180090045,9.93940116649178,2.07474055342745
7.30365182591296,9.9980798756151,2.03354558747674
7.40370185092546,10.0579167572821,1.9934106561653
7.50375187593797,10.1189111710036,1.95430865529178
7.60380190095047,10.181062532273,1.91621308517575
7.70385192596298,10.2443703125663,1.87909805065761
7.80390195097549,10.3088340393418,1.84293826109866
7.90395197598799,10.3744532960405,1.80770903038106
8.0040020010005,10.441227722086,1.77338627690786
8.10405202601301,10.5091570128841,1.73994652360296
8.20410205102551,10.5782409198236,1.70736689791115
8.30415207603802,10.6484792502754,1.6756251317981
8.40420210105053,10.7198718675932,1.64469956175033
8.50425212606303,10.7924186911131,1.61456912877526
8.60430215107554,10.8661196961537,1.58521337840116
8.70435217608804,10.9409749140163,1.55661246067719
8.80440220110055,11.0169844319845,1.52874713017337
8.90445222611306,11.0941483933246,1.50159874598061
9.00450225112556,11.1724669972854,1.47514927171068
9.10455227613807,11.2519404990981,1.44938127549623
9.20460230115058,11.3325692099765,1.42427792999078
9.30465232616308,11.4143534971171,1.39982301236873
9.40470235117559,11.4972937836987,1.37600090432535
9.50475237618809,11.5813905488827,1.35279659207677
9.6048024012006,11.6666443278129,1.33019566636002
9.70485242621311,11.753055711616,1.30818432243298
9.80490245122561,11.8406253474009,1.28674936007442
9.90495247623812,11.929353938259,1.26587818358397
10.0050025012506,12.0192422432644,1.24555880178215
10.1050525262631,12.1102910774738,1.22577982801034
10.2051025512756,12.2025013119261,1.20653048013079
10.3051525762881,12.295873873643,1.18780058052664
10.4052026013007,12.3904097456287,1.16958055610189
10.5052526263132,12.4861099668698,1.15186143828142
10.6053026513257,12.5829756323356,1.13463486301098
10.7053526763382,12.6810078929777,1.1178930707572
10.8054027013507,12.7802079557305,1.10162890650757
10.9054527263632,12.8805770835107,1.08583581977047
11.0055027513757,12.9821165952176,1.07050786457514
11.1055527763882,13.084827865733,1.05563969947171
11.2056028014007,13.1887124627059,1.04122637603998
11.3056528264132,13.2937867610107,1.02724106231215
11.4057028514257,13.400065441474,1.01366109025046
11.5057528764382,13.5075544291018,1.00047776868415
11.6058029014507,13.6162596287315,0.98768263670834
11.7058529264632,13.726186925032,0.975267463684037
11.8059029514757,13.8373421825037,0.963224249238132
11.9059529764882,13.9497312454782,0.951545223263401
12.0060030015007,14.0633599381188,0.940222845918501
12.1060530265133,14.17823406442,0.929249807627973
12.2061030515258,14.2943594082079,0.918619029082243
12.3061530765383,14.4117417331401,0.90832366123762
12.4062031015508,14.5303867827054,0.898357085316294
12.5062531265633,14.6503002802242,0.888712912806341
12.6063031515758,14.7714879288482,0.87938498546172
12.7063531765883,14.8939554115608,0.870367375302274
12.8064032016008,15.0177083911766,0.861654384613729
12.9064532266133,15.1427525103417,0.853240545947694
13.0065032516258,15.2690933915337,0.845120622121661
13.1065532766383,15.3967366370615,0.837289606219008
13.2066033016508,15.5256878290655,0.829742721588994
13.3066533266633,15.6559525295176,0.822475421846762
13.4067033516758,15.7875362802212,0.815483390873341
13.5067533766883,15.9204446028108,0.808762542815638
13.6068034017008,16.0546829987527,0.80230902208645
13.7068534267134,16.1902569493445,0.796119203364452
13.8069034517259,16.3271719157151,0.790189691594207
13.9069534767384,16.4654333388252,0.784517321986158
14.0070035017509,16.6050466394665,0.779099160016634
14.1070535267634,16.7460172182624,0.773932501427845
14.2071035517759,16.8883504556678,0.769014872227886
14.3071535767884,17.0320517119687,0.764344028690737
14.4072036018009,17.177126327283,0.759917957356258
14.5072536268134,17.3235796215595,0.755734875030196
14.6073036518259,17.471416894579,0.751793228784178
14.7073536768384,17.6206434259533,0.748091695955718
14.8074037018509,17.7712644751258,0.744629184148212
14.9074537268634,17.9232852813713,0.741404831230938
15.0075037518759,18.0767110637962,0.738418005339059
15.1075537768884,18.2315470213382,0.735668304873622
15.2076038019009,18.3877983327663,0.733155558501558
15.3076538269135,18.5454701566811,0.730879825155678
15.407703851926,18.7045676315148,0.72884139403468
15.5077538769385,18.8650958755306,0.727040784603145
15.607803901951,19.0270599868235,0.725478746591535
15.7078539269635,19.1904650433199,0.724156259996199
15.807903951976,19.3553161027774,0.723074535079368
15.9079539769885,19.5216182027853,0.722235012369156
16.008004002001,19.6893763607642,0.72163936265956
16.1080540270135,19.8585955739662,0.721289487010462
16.208104052026,20.0292808194748,0.721187516747626
16.3081540770385,20.2014370542048,0.721335813462702
16.408204102051,20.3750692149028,0.721736969013221
16.5082541270635,20.5501822181464,0.722393805522598
16.608304152076,20.726780960345,0.723309375380132
16.7083541770885,20.9048703177392,0.724486961241005
16.8084042021011,21.0844419266405,0.725934941445489
16.9084542271136,21.2654178496041,0.727686165311879
17.0085042521261,21.4477996875683,0.72974223608059
17.1085542771386,21.6316039989755,0.73209934582949
17.2086043021511,21.8168453184784,0.734754699080818
17.3086543271636,22.0035361569408,0.73770651280119
17.4087043521761,22.1916870014368,0.740954016401594
17.5087543771886,22.3813063152514,0.744497451737394
17.6088044022011,22.57240053788,0.748338073108326
17.7088544272136,22.7649740850287,0.752478147258502
17.8089044522261,22.9590293486145,0.756920953376408
17.9089544772386,23.1545666967648,0.761670783094903
18.0090045022511,23.3515844738176,0.76673294049122
18.1090545272636,23.5500790003218,0.772113742086969
18.2091045522761,23.7500445730367,0.77782051684813
18.3091545772886,23.9514734649323,0.783861606185061
18.4092046023012,24.1543559251894,0.790246363952491
18.5092546273137,24.3586801791994,0.796985156449525
18.6093046523262,24.5644324285641,0.804089362419643
18.7093546773387,24.7715968510963,0.811571373050696
18.8094047023512,24.9801556008191,0.819444591974911
18.9094547273637,25.1900888079666,0.82772343526889
19.0095047523762,25.4013745789833,0.836423331453609
19.1095547773887,25.6139889965245,0.845560721494416
19.2096048024012,25.8279061194559,0.855153058801036
19.3096548274137,26.0430979828542,0.865218809227565
19.4097048524262,26.2595345980064,0.875777451072476
19.5097548774387,26.4771839524104,0.886849475078616
19.6098049024512,26.6960120097746,0.898456384433203
19.7098549274637,26.9159827100182,0.910620694767832
19.8099049524762,27.1370579692709,0.923365934158473
19.9099549774887,27.3591976798731,0.936716643125468
20.0100050025013,27.5823597103758,0.950698374633532
20.1100550275138,27.8064999055407,0.965337694091758
20.2101050525263,28.0315720863401,0.980662179353612
20.3101550775388,28.2575280499571,0.99670042071693
20.4102051025513,28.4843175697853,1.01348202092393
20.5102551275638,28.7118883954289,1.03103759516119
20.6103051525763,28.9401862527029,1.04939877105969
20.7103551775888,29.1691548436328,1.06859818869474
20.8104052026013,29.3987358464549,1.08866950058608
20.9104552276138,29.628868915616,1.10964737169776
21.0105052526263,29.8594916817736,1.13156747943827
21.1105552776388,30.0905397517959,1.15446651366043
21.2106053026513,30.3219467087617,1.17838217666144
21.3106553276638,30.5536441119604,1.20335318318289
21.4107053526763,30.7855614968922,1.22941926041073
21.5107553776888,31.0176263752678,1.25662114797529
21.6108054027014,31.2497642350086,1.28500059795128
21.7108554277139,31.4818985402465,1.31460037485776
21.8109054527264,31.7139584056219,1.34542812616081
21.9109554777389,31.9458892114365,1.37735462728123
22.0110055027514,32.1775692265814,1.41046018493669
22.1110555277639,32.4088584856291,1.44485945615144
22.2111055527764,32.6396068074123,1.48066811565494
22.3111555777889,32.8696537950247,1.51800285588179
22.4112056028014,33.0988288358201,1.5569813869718
22.5112556278139,33.3269511014133,1.59772243676994
22.6113056528264,33.5538295476792,1.64034575082637
22.7113556778389,33.7792629147537,1.68497209239641
22.8114057028514,34.0030397270331,1.73172324244058
22.9114557278639,34.2249382931742,1.78072199962454
23.0115057528764,34.4447267060944,1.83209218031917
23.1115557778889,34.6621628429717,1.88595861860051
23.2116058029015,34.8769943652447,1.94244716624977
23.311655827914,35.0889587186124,2.00168469275335
23.4117058529265,35.2977831330347,2.06379908530281
23.511755877939,35.5031846227316,2.12891924879491
23.6118059029515,35.7048699861841,2.19717510583156
23.711855927964,35.9025358061334,2.26869759671988
23.8119059529765,36.0958684495817,2.34361867947214
23.911955977989,36.2845440677913,2.4220713298058
24.0120060030015,36.4682285962854,2.5041895411435
24.112056028014,36.6465777548475,2.59010832461304
24.2121060530265,36.819237047522,2.67996370904742
24.312156078039,36.9858417626136,2.7738927409848
24.4122061030515,37.1460169726876,2.87203348466854
24.512256128064,37.2993775345699,2.97452502204713
24.6123061530765,37.4455280893471,3.0815074527743
24.712356178089,37.5840630623662,3.19312189420892
24.8124062031015,37.7145666632347,3.30951048141503
24.9124562281141,37.8366128858208,3.43081636716187
25.0125062531266,37.9497655082534,3.55718372192384
25.1125562781391,38.0535780929216,3.68875773388054
25.2126063031516,38.1475939864754,3.82568460891672
25.3126563281641,38.2313463198252,3.96811157062233
25.4127063531766,38.3043580081421,4.11618686029248
25.5127563781891,38.3661417508575,4.27005973692747
25.6128064032016,38.4162000316636,4.42988047723276
25.7128564282141,38.4540251185131,4.59580037561902
25.8129064532266,38.4790990636193,4.76797174420206
25.9129564782391,38.4908937034561,4.94654791280289
26.0130065032516,38.4888706587577,5.13168322894769
26.1130565282641,38.4724813345193,5.32353305786782
26.2131065532766,38.4411669199962,5.52225378249982
26.3131565782891,38.3943583887047,5.7280028034854
26.4132066033016,38.3314764984214,5.94093853917144
26.5132566283142,38.2519317911835,6.16122042561003
26.6133066533267,38.1551245932887,6.3890089165584
26.7133566783392,38.0404717810124,6.62443736097218
26.8134067033517,37.9079467708853,6.86703062935873
26.9134567283642,37.7573327174075,7.1164843460269
27.0135067533767,37.5882833211767,7.37264841954192
27.1135567783892,37.4005260458015,7.63531991248319
27.2136068034017,37.1938621179021,7.90424304144426
27.3136568284142,36.9681665271098,8.17910917703287
27.4137068534267,36.7233880260673,8.45955684387088
27.5137568784392,36.4595491304287,8.74517172059432
27.6138069034517,36.1767461188592,9.03548663985339
27.7138569284642,35.8751490330356,9.32998158831246
27.8139069534767,35.5550016776456,9.62808370665002
27.9139569784892,35.2166216203887,9.92916728955875
28.0140070035017,34.8604001919754,10.2325537857455
28.1140570285143,34.4868024861275,10.5375117979312
28.2141070535268,34.0963673595782,10.843257082851
28.3141570785393,33.6896680545054,11.1490075111807
28.4142071035518,33.2673303629127,11.4540224292465
28.5142571285643,32.8302655792107,11.7572958711777
28.6143071535768,32.3794301715312,12.0578198208753
28.7143571785893,31.9158065756121,12.3546076834435
28.8144072036018,31.4404031947977,12.6466942851889
28.9144572286143,30.9542544000384,12.9331358736209
29.0145072536268,30.458420529891,13.2130101174516
29.1145572786393,29.9539878905185,13.4854161065958
29.2146073036518,29.4420687556903,13.7494743521708
29.3146573286643,28.923801366782,14.0043267864969
29.4147073536768,28.4003499327753,14.2491367630969
29.5147573786893,27.8729046302584,14.4830890566964
29.6148074037018,27.3426816034258,14.7053898632235
29.7148574287144,26.810922964078,14.9152667998092
29.8149074537269,26.2788967916219,15.1119689047871
29.9149574787394,25.7478915728068,15.2944643206691
30.0150075037519,25.2189822335229,15.4620905965087
30.1150575287644,24.6930981420183,15.6147123485299
30.2151075537769,24.1711214776481,15.752228105625
30.3151575787894,23.6538872343467,15.874570280999
30.4152076038019,23.142183220628,15.9817051721697
30.5152576288144,22.6367500595856,16.0736329609672
30.6153076538269,22.138281188892,16.1503877135344
30.7153576788394,21.6474228607998,16.2120373803271
30.8154077038519,21.1647741421406,16.2586837961133
30.9154577288644,20.6908869143255,16.2904626799739
31.0155077538769,20.2262658733453,16.3075436353025
31.1155577788894,19.7713685297699,16.3101301498053
31.2156078039019,19.3266052087489,16.298459595501
31.3156578289145,18.8923390500114,16.2728032287211
31.415707853927,18.4688860078656,16.2334661901097
31.5157578789395,18.0565148511996,16.1807875046236
31.615807903952,17.6554471634806,16.1151400815322
31.7158579289645,17.2658573427554,16.0369307144175
31.815907953977,16.8878726016502,15.9466000811742
31.9159579789895,16.5215729673707,15.8446227440098
32.016008004002,16.166991281702,15.7315071494441
32.1160580290145,15.8241132010088,15.6077956283098
32.216108054027,15.4928771962349,15.4740643957523
32.3161580790395,15.173174552904,15.3309235512294
32.416208104052,14.8648463510924,15.1790255454839
32.5162581290645,14.5675688874623,15.0193432144099
32.616308154077,14.28102352598,14.8526511215547
32.7163581790895,14.0049446457676,14.679538965597
32.8164082041021,13.7390693926617,14.5005775003939
32.9164582291146,13.4831376792135,14.3163185349804
33.0165082541271,13.2368921846886,14.1272949335693
33.1165582791396,13.0000783550673,13.9340206155517
33.2166083041521,12.7724444030444,13.7369905554966
33.3166583291646,12.5537413080292,13.5366807831509
33.4167083541771,12.3437228161456,13.3335483834397
33.5167583791896,12.1421454402319,13.1280314964662
33.6168084042021,11.9487684598411,12.9205493175112
33.7168584292146,11.7633539212407,12.711502097034
33.8169084542271,11.5856666374127,12.5012711406716
33.9169584792396,11.4154741880536,12.2902188092391
34.0170085042521,11.2525469195745,12.0786885187297
34.1170585292646,11.0966579451011,11.8670047403145
34.2171085542771,10.9475831444735,11.6554730003427
34.3171585792896,10.8051011642464,11.4443798803415
34.4172086043022,10.6689934176891,11.233993017016
34.5172586293147,10.5390440847853,11.0245611022495
34.6173086543272,10.4150401122334,10.8163138831032
34.7173586793397,10.2967712134462,10.6094621618164
34.8174087043522,10.1840298685511,10.4041977958063
34.9174587293647,10.0766113243901,10.2006936976682
35.0175087543772,9.97432127817074,9.99910943628829
35.1175587793897,9.87704586935272,9.7996281437272
35.2176088044022,9.78463382490499,9.60236284415569
35.3176588294147,9.69692056533415,9.40740430316523
35.4177088544272,9.61374658434204,9.21483760270364
35.5177588794397,9.53495744882574,9.02474214107524
35.6178089044522,9.46040379887757,8.8371916329407
35.7178589294647,9.38994134778509,8.65225410931714
35.8179089544772,9.32343088203111,8.4699919175781
35.9179589794897,9.26073826129366,8.29046172145351
36.0180090045023,9.20173441844603,8.11371450102973
36.1180590295148,9.14629535955673,7.93979555274955
36.2181090545273,9.09430216388952,7.76874448941214
36.3181590795398,9.04564098390341,7.60059524017311
36.4182091045523,9.00020304525263,7.43537605054449
36.5182591295648,8.95788464678665,7.27310948239472
36.6183091545773,8.9185871605502,7.11381241394864
36.7183591795898,8.88221703178324,6.95749603978753
36.8184092046023,8.84868577892096,6.80416587084908
36.9184592296148,8.8179099935938,6.6538217344274
37.0185092546273,8.78981134062743,6.50645777417297
37.1185592796398,8.76431655804278,6.36206245009275
37.2186093046523,8.74135745705599,6.22061853855008
37.3186593296648,8.72087092207847,6.08210313226474
37.4187093546773,8.70279891071685,5.94648764031288
37.5187593796898,8.687088453773,5.81373778812713
37.6188094047024,8.67369165524404,5.68381361749648
37.7188594297149,8.66256569232233,5.55666948656637
37.8189094547274,8.65367281539545,5.43225406983863
37.9189594797399,8.64698034804625,5.31051035817153
38.0190095047524,8.64246068705279,5.19137565877973
38.1190595297649,8.64009130238839,5.07478159523434
38.2191095547774,8.63976447319528,4.96073467506173
38.3191595797899,8.64134358268947,4.84927580903008
38.4192096048024,8.6447975478665,4.74035784014777
38.5192596298149,8.65009611424851,4.63393389859548
38.6193096548274,8.65720956159249,4.5299576572005
38.7193596798399,8.66610870389026,4.42838333143679
38.8194097048524,8.67676488936843,4.32916567942494
38.9194597298649,8.68915000048848,4.23226000193216
39.0195097548774,8.70323645394667,4.13762214237229
39.1195597798899,8.71899720067412,4.04520848680582
39.2196098049025,8.73640572583675,3.95497596393986
39.319659829915,8.75543604883531,3.86688204512816
39.4197098549275,8.77606272330538,3.78088474437111
39.51975987994,8.79826083711736,3.69694261831571
39.6198099049525,8.82200601237646,3.61501476625562
39.719859929965,8.84727440542273,3.53506083013113
39.8199099549775,8.87404270683105,3.45704099452914
39.91995997999,8.9022881414111,3.38091598668321
40.0200100050025,8.93198846820741,3.30664707647352
40.120060030015,8.96312198049931,3.2341960764269
40.2201100550275,8.99566750580098,3.16352534171679
40.32016008004,9.02960440586138,3.09459777016326
40.4202101050525,9.06491257666435,3.02737680223306
40.520260130065,9.10157244842852,2.96182642103951
40.6203101550775,9.13956498560734,2.89791115234262
40.72036018009,9.1788716868891,2.835596064549
40.8204102051026,9.2194745851969,2.7748467687119
40.9204602301151,9.26135624768867,2.71562941853121
41.0205102551276,9.30449977575718,2.65791071035345
41.1205602801401,9.34888880503,2.60165788317176
41.2206103051526,9.39450750536952,2.54683871862595
41.3206603301651,9.44134058087298,2.49342154100242
41.4207103551776,9.48937326987243,2.44137521723423
41.5207603801901,9.53859134493473,2.39066915690108
41.6208104052026,9.58898568376323,2.34126742513868
41.7208604302151,9.64055614859885,2.2931312954619
41.8209104552276,9.69330137556679,2.24622893508718
41.9209604802401,9.74722002966494,2.20052918284314
42.0210105052526,9.80231081580843,2.15600152784595
42.1210605302651,9.85857247882952,2.11261610949934
42.2211105552776,9.91600380347768,2.07034371749461
42.3211605802901,9.97460361441956,2.02915579181059
42.4212106053027,10.034370776239,1.98902442271368
42.5212606303152,10.0953041934369,1.94992235075784
42.6213106553277,10.1574028104316,1.91182296678458
42.7213606803402,10.2206656115584,1.87470031192296
42.8214107053527,10.2850916210699,1.8385290775896
42.9214607303652,10.3506799031357,1.80328460548869
43.0215107553777,10.4174295618428,1.76894288761196
43.1215607803902,10.4853397411952,1.73548056623869
43.2216108054027,10.5544096251143,1.70287493393574
43.3216608304152,10.6246384374384,1.67110393355751
43.4217108554277,10.6960254419233,1.64014615824594
43.5217608804402,10.7685699422417,1.60998085143056
43.6218109054527,10.8422712819836,1.58058790682844
43.7218609304652,10.9171288446562,1.5519478684442
43.8219109554777,10.9931420536839,1.52404193057002
43.9219609804902,11.0703103724081,1.49685193778565
44.0220110055028,11.1486333040876,1.47036038495836
44.1220610305153,11.2281103918982,1.44455041724302
44.2221110555278,11.3087412189331,1.41940583008203
44.3221610805403,11.3905254082025,1.39491106920534
44.4222111055528,11.4734626226339,1.37105123063048
44.5222611305653,11.5575525650718,1.34781206066252
44.6223111555778,11.642794978278,1.32517995589409
44.7223611805903,11.7291896449316,1.30314196320537
44.8224112056028,11.8167363876287,1.2816857797641
44.9224612306153,11.9054350688826,1.26079975302558
45.0225112556278,11.9952855911238,1.24047288073267
45.1225612806403,12.0862878967001,1.22069481091576
45.2226113056528,12.1784419678763,1.20145584189283
45.3226613306653,12.2717478268345,1.18274692226939
45.4227113556778,12.3662055356739,1.16455965093852
45.5227613806903,12.4618151964109,1.14688627708086
45.6228114057029,12.5585769509792,1.12971970016458
45.7228614307154,12.6564909812295,1.11305346994545
45.8229114557279,12.7555575089298,1.09688178646674
45.9229614807404,12.8557791340322,1.08119643613614
46.0230115057529,12.9571810180611,1.06596060022187
46.1230615307654,13.0597741292283,1.05115704212197
46.2231115557779,13.1635637866046,1.03677624699262
46.3231615807904,13.2685553226909,1.02280893729303
46.4232116058029,13.3747540834182,1.00924607278553
46.5232616308154,13.4821654281476,0.996078850535504
46.6233116558279,13.5907947296703,0.983298704911421
46.7233616808404,13.7006473742073,0.970897307584834
46.8234117058529,13.81172876141,0.958866567530374
46.9234617308654,13.9240443043597,0.947198631025751
47.0235117558779,14.0375994295678,0.935885881651755
47.1235617808904,14.1523995769756,0.924920940292255
47.2236118059029,14.2684501999548,0.914296665134201
47.3236618309155,14.3857567653069,0.904006151667622
47.423711855928,14.5043247532636,0.894042732685625
47.5237618809405,14.6241596574865,0.884399978284399
47.623811905953,14.7452669850674,0.875071695863213
47.7238619309655,14.8676522565282,0.866051930124413
47.823911955978,14.9913210058207,0.857334963073426
47.9239619809905,15.1162787803269,0.84891531401876
48.024012006003,15.2425311408589,0.840787739572002
48.1240620310155,15.3700836616586,0.832947233647816
48.224112056028,15.4989419303984,0.825389027463949
48.3241620810405,15.6291115481803,0.818108589541226
48.424212106053,15.7605981295367,0.811101625703552
48.5242621310655,15.89340730243,0.804364079077913
48.624312156078,16.0275447082524,0.797892130094372
48.7243621810905,16.1630160018266,0.791682196486074
48.824412206103,16.2998268514049,0.785730933289242
48.9244622311156,16.4379829386702,0.78003523284318
49.0245122561281,16.5774899587349,0.77459222479027
49.1245622811406,16.7183536201418,0.769399276075976
49.2246123061531,16.8605796448638,0.764453990948839
49.3246623311656,17.0041737683037,0.759754210960483
49.4247123561781,17.1491417392944,0.755298014965607
49.5247623811906,17.2954893200988,0.751083719121995
49.6248124062031,17.4432222864101,0.747109876890506
49.7248624312156,17.5923464273514,0.743375279035081
49.8249124562281,17.7428675454758,0.739878953622741
49.9249624812406,17.8947914567665,0.736620166023586
50.0250125062531,18.048123990637,0.733598418910795
50.1250625312656,18.2028709899305,0.730813452260627
50.2251125562781,18.3590383109204,0.728265243352421
50.3251625812906,18.5166318233104,0.725954006768596
50.4252126063031,18.6756574102339,0.723880194394651
50.5252626313157,18.8361209682546,0.722044495419162
50.6253126563282,18.9980284073661,0.720447836333788
50.7253626813407,19.1613856509922,0.719091380933266
50.8254127063532,19.3261986359868,0.717976530315412
50.9254627313657,19.4924733126337,0.717104922881123
51.0255127563782,19.6602156446469,0.716478434334376
51.1255627813907,19.8294316091704,0.716099177682225
51.2256128064032,20.0001271967781,0.715969503234808
51.3256628314157,20.172302408745,0.716093833413997
51.4257128564282,20.3459027922543,0.716492235123413
51.5257628814407,20.5209263636745,0.717166556478366
51.6258129064532,20.6973875525994,0.718113682108322
51.7258629314657,20.8752992869003,0.719331272179614
51.8259129564782,21.0546729927267,0.72081776239544
51.9259629814907,21.235518594506,0.722572363995861
52.0260130065032,21.4178445149436,0.724595063757804
52.1260630315158,21.6016576750228,0.72688662399506
52.2261130565283,21.7869634940046,0.729448582558284
52.3261630815408,21.9737658894283,0.732283252834998
52.4262131065533,22.1620672771109,0.735393723749587
52.5262631315658,22.3518685711475,0.738783859763302
52.6263131565783,22.5431691839109,0.742458300874257
52.7263631815908,22.7359670260521,0.746422462617431
52.8264132066033,22.9302585064999,0.75068253606467
52.9264632316158,23.126038532461,0.755245487824683
53.0265132566283,23.3233005094202,0.760119060043042
53.1265632816408,23.5220363411401,0.765311770402188
53.2266133066533,23.7222364296612,0.770832912121423
53.3266633316658,23.9238896753021,0.776692553956916
53.4267133566783,24.1269834766592,0.782901540201698
53.5267633816908,24.3315037306069,0.789471490685669
53.6268134067033,24.5374348322974,0.796414800775589
53.7268634317159,24.7447596751611,0.803744641375087
53.8269134567284,24.9534596509062,0.811474958924653
53.9269634817409,25.1635146495188,0.819620475401645
54.0270135067534,25.3749030592629,0.828196688320284
54.1270635317659,25.5876017666805,0.837219870731655
54.2271135567784,25.8015861565917,0.846707071223709
54.3271635817909,26.0168301120942,0.856676113921262
54.4272136068034,26.2333060145639,0.867145598485994
54.5272636318159,26.4509847436545,0.87813490011645
54.6273136568284,26.6698356772977,0.889664169548039
54.7273636818409,26.8898266917032,0.901754333053036
54.8274137068534,27.1109241613585,0.914427092440581
54.9274637318659,27.3330929590291,0.927704925056676
55.0275137568784,27.5562964557585,0.941611083784191
55.1275637818909,27.7804965208679,0.956169597042859
55.2276138069034,28.0056535219568,0.971405268789276
55.327663831916,28.2317263249024,0.987343678516909
55.4277138569285,28.4586722938598,1.00401118125608
55.527763881941,28.6864472912623,1.02143490757399
55.6278139069535,28.9150056778208,1.03964276357469
55.727863931966,29.1443003125242,1.0586634308991
55.8279139569785,29.3742825526397,1.07852636672501
55.927963981991,29.604902253712,1.09926180376706
56.0280140070035,29.836107769564,1.12090075027679
56.128064032016,30.0678459522963,1.14347499004256
56.2281140570285,30.3000432408735,1.16700907954766
56.328164082041,30.5325101904241,1.19148535238212
56.4282141070535,30.7651735390717,1.2169490727348
56.528264132066,30.9979783404782,1.24346150182963
56.6283141570785,31.2308584842547,1.27108680105129
56.728364182091,31.463736695962,1.29989203194518
56.8284142071035,31.6965245371096,1.3299471562174
56.9284642321161,31.9291224051568,1.3613250357348
57.0285142571286,32.161419533512,1.39410143252493
57.1285642821411,32.3932939915329,1.42835500877608
57.2286143071536,32.6246126845265,1.46416732683725
57.3286643321661,32.8552313537492,1.50162284921816
57.4287143571786,33.0849945764065,1.54080893858928
57.5287643821911,33.3137357656535,1.58181585778176
57.6288144072036,33.5412771705943,1.6247367697875
57.7288644322161,33.7674298762825,1.66966773775913
57.8289144572286,33.9919938037209,1.71670772500997
57.9289644822411,34.2147577098617,1.7659585950141
58.0290145072536,34.4354991876063,1.81752511140629
58.1290645322661,34.6539846658055,1.87151493798205
58.2291145572786,34.8699694092593,1.92803863869761
58.3291645822911,35.083197518717,1.98720967766992
58.4292146073036,35.2934019308774,2.04914441917664
58.5292646323162,35.5003044183883,2.11396212765619
58.6293146573287,35.7036155898471,2.18178496770768
58.7293646823412,35.9030348898002,2.25273800409095
58.8294147073537,36.0982505987437,2.32694920172655
58.9294647323662,36.2889398331225,2.40454942569579
59.0295147573787,36.4747685453313,2.48567244124066
59.1295647823912,36.6553915237137,2.57045491376388
59.2296148074037,36.8304523925629,2.65903640882893
59.3296648324162,36.9995836121212,2.75155939215998
59.4297148574287,37.1624064785804,2.84816922964191
59.5297648824412,37.3185311240813,2.94901418732035
59.6298149074537,37.4675565167142,3.05424543140165
59.7298649324662,37.6090704605189,3.16401702825286
59.8299149574787,37.7426495954841,3.27848594440178
59.9299649824912,37.867859397548,3.3978120465369
60.0300150075037,37.9842541785981,3.52215810150748
60.1300650325163,38.0913770864714,3.65168977632345
60.2301150575288,38.1887601049537,3.78657563815551
60.3301650825413,38.2759240537806,3.92698715433503
60.4302151075538,38.3523785886367,4.07309869235416
60.5302651325663,38.417622201156,4.22508751986573
60.6303151575788,38.4711422189219,4.38313380468331
60.7303651825913,38.512414805467,4.54742061478117
60.8304152076038,38.5409049602732,4.71813391829435
60.9304652326163,38.5560665187717,4.89546258351857
61.0305152576288,38.557342152343,5.0795983789103
61.1305652826413,38.544163368317,5.2707359730867
61.2306153076538,38.5159505099727,5.46907293482567
61.3306653326663,38.4721127565386,5.67480973306584
61.4307153576788,38.4120888855971,5.88807755387459
61.5307653826913,38.3355530633104,6.10856429617366
61.6308154077038,38.2420299818311,6.33622575454942
61.7308654327164,38.1310561293042,6.57104624808337
61.8309154577289,38.002224620161,6.81296192778579
61.9309654827414,37.855185195119,7.06186077659576
62.0310155077539,37.6896442211822,7.31758260938113
62.1310655327664,37.5053646916406,7.57991907293853
62.2311155577789,37.3021662260706,7.84861364599336
62.3311655827914,37.079925070335,8.12336163919979
62.4312156078039,36.8385740965826,8.40381019514082
62.5312656328164,36.5781028032488,8.68955828832819
62.6313156578289,36.2985573150549,8.98015672520241
62.7313656828414,36.0000403830087,9.27510814413279
62.8314157078539,35.6827229169183,9.5738966524575
62.9314657328664,35.3469160523514,9.87591059277362
63.0315157578789,34.9930328730412,10.1804140442554
63.1315657828914,34.6215570852224,10.4866442875593
63.2316158079039,34.233042932026,10.7938126898582
63.3316658329165,33.8281151934793,11.1011047048413
63.431715857929,33.4074691865054,11.4076798727141
63.5317658829415,32.9718707649238,11.7126718201987
63.631815907954,32.52215631945,12.0151882605333
63.7318659329665,32.0592327776956,12.3143109934725
63.831915957979,31.5840776041684,12.6090959052874
63.9319659829915,31.0977388002723,12.8985729687652
64.032016008004,30.6013349043072,13.1817462432098
64.1320660330165,30.0960459998486,13.4575831072824
64.232116058029,29.5829647476034,13.7248899934283
64.3321660830415,29.0633224186218,13.982747950158
64.432216108054,28.5383822492525,14.2303836738422
64.5322661330665,28.009368124396,14.4670755650124
64.632316158079,27.4774645775038,14.6921537283606
64.7323661830915,26.9438167905791,14.9049999727395
64.832416208104,26.4095305941763,15.1050478111624
64.9324662331166,25.8756724674011,15.2917824608032
65.0325162581291,25.3432695379108,15.4647408429964
65.1325662831416,24.8133095819138,15.6235115832372
65.2326163081541,24.2867410241702,15.7677350111815
65.3326663331666,23.7644729379913,15.8971031606458
65.4327163581791,23.2473750452397,16.011359769607
65.5327663831916,22.7362777163295,16.1103002802029
65.6328164082041,22.2319719702262,16.1937718387319
65.7328664332166,21.7352094744466,16.2616732956528
65.8329164582291,21.2467025450588,16.3139552055854
65.9329664832416,20.7671241466825,16.3506198273097
66.0330165082541,20.2971078924886,16.3717211237668
66.1330665332666,19.8372480441995,16.377364762058
66.2331165582791,19.3880995120888,16.3677081134456
66.3331665832916,18.9501778549816,16.3429602533522
66.4332166083041,18.5239592802545,16.3033819613612
66.5332666333167,18.1098806438352,16.2492857212166
66.6333166583292,17.7079561848591,16.1813838152996
66.7333666833417,17.3175885186211,16.1008962813929
66.8334167083542,16.9387459337922,16.0084670400358
66.9334667333667,16.5713982940652,15.9047145530697
67.0335167583792,16.215497782441,15.7902499043326
67.1335667833917,15.8709789012292,15.6656767996595
67.2336168084042,15.5377584720476,15.531591566882
67.3336668334167,15.2157356358228,15.3885831558285
67.4337168584292,14.9047918527894,15.2372331383241
67.5337668834417,14.6047909024906,15.0781157081907
67.6338169084542,14.315578883778,14.9117976812468
67.7338669334667,14.0369842148116,14.7388384953078
67.8339169584792,13.76881763306,14.5597902101856
67.9339669834917,13.5108721953,14.3751975076891
68.0340170085043,13.262923277617,14.1855976916239
68.1340670335168,13.0247285754045,13.9915206877921
68.2341170585293,12.7960281033649,13.7934890439928
68.3341670835418,12.5765441955086,13.5920179300217
68.4342171085543,12.3659815051547,13.3876151376713
68.5342671335668,12.1640270049306,13.1807810807308
68.6343171585793,11.9703499867721,12.9720087949862
68.7343671835918,11.7846020619235,12.76178393822
68.8344172086043,11.6064171609375,12.5505847902118
68.9344672336168,11.4354115336751,12.3388822527378
69.0345172586293,11.2712423760909,12.127110783684
69.1345672836418,11.1142409769973,11.9153193280106
69.2346173086543,10.9643188302687,11.7036802171695
69.3346673336668,10.8211973818824,11.492444654173
69.4347173586793,10.684607484204,11.2818524414148
69.5347673836918,10.5542893959882,11.0721319806702
69.6348174087044,10.4299927823783,10.8635002730958
69.7348674337169,10.3114767149067,10.6561629192295
69.8349174587294,10.1985096714944,10.4503141189911
69.9349674837419,10.0908695364512,10.2461366716813
70.0350175087544,9.98834360047585,10.0438019759826
70.1350675337669,9.89072856065576,9.84347002995878
70.2351175587794,9.79783052046727,9.64528943105519
70.3351675837919,9.70946498977546,9.44939737609849
70.4352176088044,9.62545688483427,9.25591966129685
70.5352676338169,9.54564052828643,9.06497068223987
70.6353176588294,9.46985964916349,8.87665343389859
70.7353676838419,9.39796738288578,8.69105951062545
70.8354177088544,9.32982627126248,8.50826910615439
70.9354677338669,9.26530826249157,8.32835101360077
71.0355177588794,9.20429471115984,8.1513626254614
71.1355677838919,9.14667637824289,7.97734993361449
71.2356178089045,9.09235343110515,7.80634752931974
71.335667833917,9.04123544349983,7.63837860321828
71.4357178589295,8.99324139556897,7.47345494533266
71.535767883942,8.94829967384343,7.31157694506689
71.6358179089545,8.90634807124287,7.1527335912064
71.735867933967,8.86733378707576,6.99690247191809
71.8359179589795,8.8312134270394,6.84404977475029
71.935967983992,8.79795300321987,6.69413028663274
72.0360180090045,8.76752793409209,6.54708739387668
72.136068034017,8.73992304451978,6.40285308217474
72.2361180590295,8.71513256575548,6.26134793660103
72.336168084042,8.69316013544053,6.12248114161104
72.4362181090545,8.67401879760509,5.98615048104178
72.536268134067,8.65773100266814,5.85224233811163
72.6363181590795,8.64409992939224,5.72085125058611
72.736368184092,8.63271272882445,5.59228272853873
72.8364182091046,8.62351517288957,5.46650238458174
72.9364682341171,8.61646125827101,5.34346903843409
73.0365182591296,8.6115060586207,5.22314154543008
73.1365682841421,8.60860572455908,5.10547879651934
73.2366183091546,8.60771748367509,4.99043971826688
73.3366683341671,8.60879964052617,4.87798327285304
73.4367183591796,8.61181157663827,4.76806845807352
73.5367683841921,8.61671375050586,4.66065430733934
73.6368184092046,8.62346769759189,4.55569988967691
73.7368684342171,8.63203603032783,4.45316430972797
73.8369184592296,8.64238243811365,4.35300670774962
73.9369684842421,8.65447168731783,4.25518625961426
74.0370185092546,8.66826962127736,4.15966217680972
74.1370685342671,8.68374316029773,4.06639370643911
74.2371185592796,8.70086030165293,3.97534013122093
74.3371685842921,8.71959011958546,3.88646076948901
74.4372186093047,8.73990276530633,3.79971497519255
74.5372686343172,8.76176946699505,3.71506213789607
74.6373186593297,8.78516252979963,3.63246168277945
74.7373686843422,8.81005533583661,3.55187307063794
74.8374187093547,8.836422344191,3.47325579788212
74.9374687343672,8.86423909091635,3.3965693965379
75.0375187593797,8.89348218903469,3.32177343424659
75.1375687843922,8.92412932853656,3.2488275142648
75.2376188094047,8.95615927638102,3.17769127546451
75.3376688344172,8.98955187649563,3.10832439233307
75.4377188594297,9.02428804977643,3.04068657497314
75.5377688844422,9.06034979408801,2.97473756910274
75.6378189094547,9.0976985267061,2.91044612321182
75.7378689344672,9.13629954998351,2.84778248945538
75.8379189594797,9.17615072000974,2.78670572091085
75.9379689844922,9.21724990516929,2.72717567481328
76.0380190095048,9.25959488684017,2.66915305118883
76.1380690345173,9.30318335939383,2.6125993928548
76.2381190595298,9.34801293019524,2.55747708541956
76.3381690845423,9.39408111960286,2.50374935728264
76.4382191095548,9.44138536096861,2.45138027963467
76.5382691345673,9.48992300063793,2.40033476645738
76.6383191595798,9.53969129794973,2.35057857452364
76.7383691845923,9.5906874252364,2.3020783033974
76.8384192096048,9.64290846782384,2.25480139543377
76.9384692346173,9.69635142403142,2.20871613577895
77.0385192596298,9.751013205172,2.16379165237024
77.1385692846423,9.80689063555192,2.11999791593609
77.2386193096548,9.86398045247104,2.07730573999603
77.3386693346673,9.92227930622267,2.03568678086073
77.4387193596798,9.98178376009362,1.99511353763197
77.5387693846923,10.0424902903642,1.95555935220263
77.6388194097049,10.1043952863082,1.91699840925673
77.7388694347174,10.1674950501928,1.87940573626939
77.8389194597299,10.2317857972789,1.84275720350684
77.9389694847424,10.2972636558207,1.80702952402644
78.0390195097549,10.363924667066,1.77220025367664
78.1390695347674,10.4317647852558,1.73824779109704
78.2391195597799,10.5007798776251,1.70515137771833
78.3391695847924,10.5709657244019,1.67289109776231
78.4392196098049,10.6423180188079,1.64144787824193
78.5392696348174,10.7148323670584,1.61080348896121
78.6393196598299,10.7885042883619,1.58094054251532
78.7393696848424,10.8633292149206,1.55184249429053
78.8394197098549,10.9393024919303,1.52349364246421
78.9394697348674,11.0164193775799,1.49587912800488
79.0395197598799,11.0946750430521,1.46898493467215
79.1395697848924,11.1740645725229,1.44279788901675
79.239619809905,11.2545829631621,1.41730566038052
79.3396698349175,11.3362251251326,1.39249676089644
79.43971985993,11.418985881591,1.36836054548857
79.5397698849425,11.5028599686874,1.3448872118721
79.639819909955,11.5878420355652,1.32206780055335
79.7398699349675,11.6739266443616,1.29989419482973
79.83991995998,11.7611082702069,1.27835912078978
79.9399699849925,11.8493813012253,1.25745614731315
80.040020010005,11.9387400385342,1.2371796860706
80.1400700350175,12.0292081845397,1.21749409962404
80.24012006003,12.1208299972918,1.1983436927194
80.3401700850425,12.2136098551437,1.1797155082947
80.440220110055,12.3075517874725,1.16159730805993
80.5402701350675,12.4026598923261,1.14397713219293
80.64032016008,12.4989383364229,1.1268432993394
80.7403701850925,12.5963913551522,1.11018440661293
80.8404202101051,12.695023252574,1.09398932959498
80.9404702351176,12.794838401419,1.07824722233488
81.0405202601301,12.8958412430888,1.06294751734982
81.1405702851426,12.9980362876555,1.04807992562487
81.2406203101551,13.101428113862,1.03363443661299
81.3406703351676,13.2060213691221,1.01960131823497
81.4407203601801,13.3118207695201,1.0059711168795
81.5407703851926,13.4188310998112,0.992734657403151
81.6408204102051,13.5270572134213,0.979883043130338
81.7408704352176,13.636504032447,0.967407655853365
81.8409204602301,13.7471765476557,0.955300155832403
81.9409704852426,13.8590798184854,0.943552481795494
82.0410205102551,13.972218973045,0.932156850938551
82.1410705352676,14.086599208114,0.921105758925362
82.2411205602801,14.2022257891428,0.910391979887583
82.3411705852926,14.3191040502523,0.900008566424743
82.4412206103052,14.4372393942344,0.889948849604243
82.5412706353177,14.5566372925515,0.880206438961354
82.6413206603302,14.6773032853369,0.87077522249922
82.7413706853427,14.7992429813945,0.861649366688856
82.8414207103552,14.9224620581991,0.852823316469148
82.9414707353677,15.0469662618962,0.844291795246854
83.0415207603802,15.1727614073018,0.836049804896604
83.1415707853927,15.299853377903,0.828092625760898
83.2416208104052,15.4282481258573,0.820415816650109
83.3416708354177,15.5579516719931,0.813015214842483
83.4417208604302,15.6889701058096,0.805886936084133
83.5417708854427,15.8213095854767,0.799027374589046
83.6418209104552,15.9549763378349,0.792433203039083
83.7418709354677,16.0899766583956,0.786101372583973
83.8419209604802,16.2263169113407,0.780029112841317
83.9419709854927,16.3640035295233,0.774213931896589
84.0420210105053,16.5030430144666,0.768653616303135
84.1420710355178,16.6434419363651,0.763346231082169
84.2421210605303,16.7852069340838,0.75829011972278
84.3421710855428,16.9283447151583,0.753483904181927
84.4422211105553,17.0728620557952,0.748926484884442
84.5422711355678,17.2187658008717,0.744617040723026
84.6423211605803,17.3660628639358,0.740555029058254
84.7423711855928,17.514760227206,0.736740185718572
84.8424212106053,17.6648649415718,0.733172525000295
84.9424712356178,17.8163841265935,0.729852339667614
85.0425212606303,17.969321711392,0.726780275004054
85.1425712856428,18.1236573991821,0.723956367698078
85.2426213106553,18.2793957492177,0.721377761931327
85.3426713356678,18.4365478399467,0.719041594365406
85.4427213606803,18.5951240658418,0.71694541655678
85.5427713856928,18.7551341374004,0.715087194956768
85.6428214107054,18.9165870811443,0.713465310911548
85.7428714357179,19.0794912396203,0.712078560662157
85.8429214607304,19.2438542713996,0.710926155344486
85.9429714857429,19.4096831510781,0.710007720989287
86.0430215107554,19.5769841692764,0.709323298522167
86.1430715357679,19.7457629326398,0.708873343763592
86.2431215607804,19.9160243638382,0.708658727428884
86.3431715857929,20.0877727015662,0.708680735128223
86.4432216108054,20.2610115005429,0.708941067366646
86.5432716358179,20.4357436315122,0.70944183954405
86.6433216608304,20.6119712812428,0.710185581955185
86.7433716858429,20.7896959525278,0.711175239789663
86.8434217108554,20.968918464185,0.71241417313195
86.9434717358679,21.1496389510569,0.71390615696137
87.0435217608804,21.3318568640108,0.715655381152107
87.1435717858929,21.5155709699383,0.7176664504732
87.2436218109055,21.7007793517561,0.719944384588545
87.343671835918,21.8874794084052,0.722494618056897
87.4437218609305,22.0756678548514,0.725323000331868
87.543771885943,22.2653407220853,0.728435795761927
87.6438219109555,22.4564933571217,0.731839683590401
87.743871935968,22.6491204230007,0.735541757955475
87.8439219609805,22.8432158987864,0.739549527890189
87.943971985993,23.0387730795682,0.743870917322443
88.0440220110055,23.2357845764596,0.748514265074993
88.144072036018,23.434242316599,0.753488324865452
88.2441220610305,23.6341375431495,0.758802265306294
88.344172086043,23.8354608152988,0.764465669904845
88.4442221110555,24.0382020082593,0.770488537063293
88.544272136068,24.242350313268,0.776881280078681
88.6443221610805,24.4478942375865,0.78365472714291
88.744372186093,24.6548216045013,0.790820121342739
88.8444222111056,24.8631195533231,0.798389120659782
88.9444722361181,25.0727745393878,0.806373797970515
89.0445222611306,25.2837723340556,0.814786641046267
89.1445722861431,25.4960980247115,0.823640552553228
89.2446223111556,25.709736014765,0.832948850052441
89.3446723361681,25.9246700236505,0.842725265999811
89.4447223611806,26.1408830868269,0.852983947746099
89.5447723861931,26.3583575557778,0.86373945753692
89.6448224112056,26.5770750980114,0.875006772512753
89.7448724362181,26.7970166970605,0.886801284708927
89.8449224612306,27.0179948276697,0.899188391675881
89.9449724862431,27.2397267055205,0.912262229625693
90.0450225112556,27.4622573634709,0.926020949572819
90.1450725362681,27.6856293164307,0.94046422355435
90.2451225612806,27.9098756661267,0.955595280336429
90.3451725862931,28.1350201011022,0.971420905414245
90.4452226113057,28.3610768967173,0.987951441012038
90.5452726363182,28.5880509151492,1.0052007860831
90.6453226613307,28.8159376053916,1.02318639630975
90.7453726863432,29.0447230032552,1.0419292841034
90.8454227113557,29.2743837313673,1.06145401860447
90.9454727363682,29.5048869991722,1.08178872568244
91.0455227613807,29.7361906029308,1.10296508793585
91.1455727863932,29.9682429257211,1.12501834469227
91.2456228114057,30.2009829374375,1.14798729200835
91.3456728364182,30.4343401947915,1.17191428266975
91.4457228614307,30.6682348413114,1.1968452261912
91.5457728864432,30.9025776073421,1.22282958881649
91.6458229114557,31.1372698100454,1.24992039351843
91.7458729364682,31.3722033534,1.2781742199989
91.8459229614807,31.6072607282013,1.30765120468882
91.9459729864932,31.8423150120615,1.33841504074817
92.0460230115058,32.0772298694096,1.37053297806597
92.1460730365183,32.3118595514914,1.40407582326028
92.2461230615308,32.5460488963696,1.43911793967822
92.3461730865433,32.7796333289235,1.47573724739596
92.4462231115558,33.0124388608494,1.51401522321872
92.5462731365683,33.2442820906603,1.55403690068076
92.6463231615808,33.4749702036859,1.5958908700454
92.7463731865933,33.704300972073,1.63966927830499
92.8464232116058,33.9320627547849,1.68546782918095
92.9464732366183,34.1580344976019,1.73338578312374
93.0465232616308,34.3819857331209,1.78352595731286
93.1465732866433,34.6036765807559,1.83599472565689
93.2466233116558,34.8228577467373,1.89090201879342
93.3466733366683,35.0392705241127,1.9483613240891
93.4467233616808,35.2526467927462,2.00848968563966
93.5467733866933,35.4627090193189,2.07140770426982
93.6468234117059,35.6691702573286,2.13723953753341
93.7468734367184,35.8717341470899,2.20611289971327
93.8469234617309,36.0700949157342,2.27815906182129
93.9469734867434,36.2639373772098,2.35351285159843
94.0470235117559,36.4529369322816,2.4323126535147
94.1470735367684,36.6367595685315,2.51470040876911
94.2471235617809,36.8150618603582,2.6008216152898
94.3471735867934,36.9874909689769,2.69082532773388
94.4472236118059,37.15368464242,2.78486415748754
94.5472736368184,37.3132712155365,2.88309427266605
94.6473236618309,37.4658696099922,2.98567539811369
94.7473736868434,37.6110893342697,3.09277081540381
94.8474237118559,37.7485304836685,3.20454736283877
94.9474737368684,37.8777837403047,3.32117543545002
95.0475237618809,37.9984303731115,3.44282898499805
95.1475737868934,38.1100422378385,3.5696855199724
95.247623811906,38.2121817770525,3.70192610559164
95.3476738369185,38.3044020201369,3.83973536380342
95.447723861931,38.3862465832918,3.9833014732844
95.5477738869435,38.4572496695344,4.13281616944033
95.647823911956,38.5169360686984,4.28847474440598
95.7478739369685,38.5648211574345,4.45047604704517
95.847923961981,38.6004108992101,4.6190224829508
95.9479739869935,38.6231150221964,4.79427881017467
96.048024012006,38.6320984249162,4.97631118822446
96.1480740370185,38.6267443827602,5.16527520406245
96.248124062031,38.6064841529307,5.36130298454798
96.3481740870435,38.5707785826509,5.5644936111689
96.448224112056,38.519118109165,5.77491312004144
96.5482741370685,38.4510227597381,5.99259450191032
96.648324162081,38.3660421516561,6.21753770214864
96.7483741870935,38.2637554922261,6.44970962075798
96.8484242121061,38.1437715787757,6.68904411236834
96.9484742371186,38.0057287986536,6.93544198623815
97.0485242621311,37.8492951292295,7.18877100625426
97.1485742871436,37.6741681378938,7.44886589093199
97.2486243121561,37.4800750071037,7.71552831120072
97.3486743371686,37.2668467950067,7.98850899739967
97.4487243621811,37.0343891695238,8.26747365976449
97.5487743871936,36.7826324508319,8.55203292064027
97.6488244122061,36.5115890867085,8.84174664928394
97.7488744372186,36.2213536525318,9.13612396186448
97.8489244622311,35.9121028512812,9.43462322146261
97.9489744872436,35.5840955135367,9.73665203807102
98.0490245122561,35.237672597479,10.0415672685943
98.1490745372686,34.8732571888901,10.3486750168489
98.2491245622811,34.4913545011523,10.6572306335633
98.3491745872936,34.0925518752489,10.9664387163776
98.4492246123062,33.6775187797643,11.2754531098441
98.5492746373187,33.2470068108834,11.5833769054269
98.6493246623312,32.8018124113738,11.8892551177409
98.7493746873437,32.3425396908903,12.1920004384621
98.8494247123562,31.8703096944311,12.4905583682857
98.9494747373687,31.3863575141036,12.7839345137886
99.0495247623812,30.8918974961405,13.0711778648171
99.1495747873937,30.3881232408998,13.351380794487
99.2496248124062,29.8762076028647,13.6236790591829
99.3496748374187,29.3573026906439,13.8872517985593
99.4497248624312,28.832539866971,14.1413215355398
99.5497748874437,28.3030297487053,14.3851541763171
99.6498249124562,27.7698622068313,14.6180590103536
99.7498749374687,27.2341063664585,14.8393887103808
99.8499249624812,26.6968106068221,15.0485393323995
99.9499749874937,26.1590025612823,15.24495031568
100.050025012506,25.6216891173246,15.4281044827618
100.150075037519,25.08585641656,15.5975280394538
100.250125062531,24.5524698547246,15.752790574834
100.350175087544,24.0224740816799,15.89350506125
100.450225112556,23.4967930014125,16.0193278543187
100.550275137569,22.9763297720346,16.1299586929261
100.650325162581,22.4619668057833,16.2251406992278
100.750375187594,21.9545657690214,16.3046603786485
100.850425212606,21.4549675822367,16.3683476198824
100.950475237619,20.9639924200423,16.4160756948928
101.050525262631,20.4824397111767,16.4477612589126
101.150575287644,20.0110881385037,16.4633643504439
101.250625312656,19.5506956390124,16.462888391258
101.350675337669,19.101999403817,16.4463801863958
101.450725362681,18.6657158781571,16.4139299241671
101.550775387694,18.2425407613977,16.3656711761516
101.650825412706,17.8329617677918,16.3019527148733
101.750875437719,17.4355029013965,16.2248875850306
101.850925462731,17.0496983377898,16.1355422798942
101.950975487744,16.6755319355124,16.034536146735
102.051025512756,16.3129697059634,15.9224815316718
102.151075537769,15.9619598133998,15.7999837796716
102.251125562781,15.6224325749367,15.6676412345494
102.351175587794,15.2943004605473,15.526045238968
102.451225612806,14.9774580930631,15.3757801344386
102.551275637819,14.6717822481734,15.2174232613201
102.651325662831,14.3771318544256,15.0515449588197
102.751375687844,14.0933479932254,14.8787085649924
102.851425712856,13.8202538988364,14.6994704167413
102.951475737869,13.5576549583805,14.5143798498177
103.051525762881,13.3053387118374,14.3239791988207
103.151575787894,13.0630748520452,14.1288037971976
103.251625812906,12.8306152246999,13.9293819772436
103.351675837919,12.6076938283557,13.726235070102
103.451725862931,12.3940268144246,13.5198774057641
103.551775887944,12.1893124871772,13.3108163130692
103.651825912956,11.9932313037417,13.0995521197048
103.751875937969,11.8054458741047,12.8865781522063
103.851925962981,11.6256009611108,12.672380735957
103.951975987994,11.4533234804626,12.4574391951885
104.052026013006,11.288222500721,12.2422258529804
104.152076038019,11.1298892433047,12.0272060312599
104.252126063032,10.9778970824908,11.8128380508029
104.352176088044,10.8318408160064,11.5995479334892
104.452226113057,10.6921807960318,11.3871618825867
104.552276138069,10.5589950138657,11.1756810220786
104.652326163082,10.4320327217334,10.9653048380785
104.752376188094,10.3110515149613,10.756223274083
104.852426213107,10.1958173319772,10.5486167309717
104.952476238119,10.0861044543101,10.3426560670073
105.052526263132,9.98169550659018,10.1385025978353
105.152576288144,9.8823814565491,9.93630809648418
105.252626313157,9.78796161501967,9.73621479336549
105.352676338169,9.69824363593599,9.53835537627369
105.452726363182,9.61304351633343,9.3428529903862
105.552776388194,9.53218559634865,9.14982123826345
105.652826413207,9.45550255921957,8.95936417984883
105.752876438219,9.38283543128537,8.77157633246865
105.852926463232,9.31403358198652,8.58654267083227
105.952976488244,9.24895472386476,8.40433862703196
106.053026513257,9.18746491256309,8.225030090543
106.153076538269,9.12943854682581,8.04867340822363
106.253126563282,9.07475836849846,7.87531538431505
106.353176588294,9.02331546252787,7.70499328044144
106.453226613307,8.97500925696215,7.53773481560996
106.553276638319,8.92974752295065,7.37355816621073
106.653326663332,8.88744637474404,7.21247196601682
106.753376688344,8.84803026969421,7.05447530618432
106.853426713357,8.81143200825437,6.89955773525225
106.953476738369,8.77759273397897,6.74769925914262
107.053526763382,8.74646193352375,6.59887034116041
107.153576788394,8.71799743664571,6.45303190199358
107.253626813407,8.69216541620313,6.31013531971302
107.353676838419,8.66894038815556,6.17012242977263
107.453726863432,8.64830521156383,6.03292552500928
107.553776888444,8.63025108859002,5.89846735564279
107.653826913457,8.61477756449751,5.76666112927598
107.753876938469,8.60189252765094,5.63741051089462
107.853926963482,8.59161220951622,5.51060962286744
107.953976988494,8.58386393990494,5.38623437422456
108.054027013507,8.57824191217526,5.26457663301671
108.154077038519,8.57466316871372,5.14563111471004
108.254127063532,8.57308836289168,5.02935293520821
108.354177088544,8.57347900810175,4.91569749171324
108.454227113557,8.5757974777578,4.8046204627256
108.554277138569,8.58000700529496,4.69607780804414
108.654327163582,8.58607168416961,4.59002576876612
108.754377188594,8.59395646785938,4.48642086728721
108.854427213607,8.60362716986316,4.38521990730147
108.954477238619,8.61505046370111,4.28637997380137
109.054527263632,8.62819388291464,4.18985843307779
109.154577288644,8.64302582106639,4.09561293272002
109.254627313657,8.65951553174028,4.00360140161575
109.354677338669,8.6776331285415,3.91378204995107
109.454727363682,8.69734958509646,3.82611336921049
109.554777388694,8.71863673505285,3.74055413217689
109.654827413707,8.74146727207961,3.6570633929316
109.754877438719,8.76581474986694,3.57560048685432
109.854927463732,8.79165358212628,3.49612503062317
109.954977488744,8.81895904259035,3.41859692221467
110.055027513757,8.8477072650131,3.34297634090376
110.155077538769,8.87787524316975,3.26922374726376
110.255127563782,8.90944083085678,3.1972998831664
110.355177588794,8.94238274189192,3.12716577178185
110.455227613807,8.97668055011417,3.05878271757863
110.555277638819,9.01231468938375,2.99211230632369
110.655327663832,9.04926645358216,2.9271164050824
110.755377688844,9.08751799661217,2.86375716221852
110.855427713857,9.12705233239778,2.80199700739421
110.955477738869,9.16785333488426,2.74179865157004
111.055527763882,9.20989570895573,2.68312802199501
111.155577788894,9.25315731263424,2.62595190528568
111.255627813907,9.29763571672025,2.5702328425613
111.355677838919,9.3433286338067,2.51593409486824
111.455727863932,9.39023375882238,2.46301968624279
111.555777888944,9.43834876903198,2.41145440371127
111.655827913957,9.48767132403601,2.36120379728993
111.755877938969,9.53819906577088,2.31223417998504
111.855927963982,9.58992961850885,2.26451262779282
111.955977988994,9.64286058885804,2.21800697969947
112.056028014007,9.69698956576246,2.17268583768117
112.15607803902,9.75231412050195,2.12851856670406
112.256128064032,9.80883180669225,2.08547529472429
112.356178089045,9.86654016028493,2.04352691268796
112.456228114057,9.92543669956746,2.00264507453115
112.55627813907,9.98551892516315,1.96280219717993
112.656328164082,10.0467843200312,1.92397146055033
112.756378189095,10.1092303494666,1.88612680754836
112.856428214107,10.1728544611003,1.84924294407002
112.95647823912,10.2376540848991,1.81329533900127
113.056528264132,10.3036266331657,1.77826022421805
113.156578289145,10.3707695005385,1.74411459458628
113.256628314157,10.4390800639918,1.71083620796185
113.35667833917,10.5085556828361,1.67840358519064
113.456728364182,10.5791936987172,1.6467960101085
113.556778389195,10.6509914356173,1.61599352954124
113.656828414207,10.7239461998542,1.58597695330467
113.75687843922,10.7980552800815,1.55672785420457
113.856928464232,10.8733159472888,1.52822856803669
113.956978489245,10.9497254548015,1.50046219358676
114.057028514257,11.027281038281,1.47341259263048
114.15707853927,11.1059799157244,1.44706438993353
114.257128564282,11.1858192874647,1.42140297325159
114.357178589295,11.2667963361709,1.39641449333027
114.457228614307,11.3489082268475,1.3720858639052
114.55727863932,11.4321521068354,1.34840476170196
114.657328664332,11.5165251058109,1.32535962643611
114.757378689345,11.6020243357865,1.3029396608132
114.857428714357,11.6886468911103,1.28113483052875
114.95747873937,11.7763898484664,1.25993586426824
115.057528764382,11.8652502668747,1.23933425370714
115.157578789395,11.9552251876911,1.21932225351092
115.257628814407,12.0463116346072,1.19989288133497
115.35767883942,12.1385077007744,1.18103874082672
115.457728864432,12.2318460767133,1.1627159220792
115.557778889445,12.326346387804,1.14489577524277
115.657828914457,12.4220129692926,1.12756664351625
115.75787893947,12.5188502167531,1.11071713523937
115.857928964482,12.616862586087,1.09433612389283
115.957978989495,12.7160545935237,1.07841274809824
116.058029014507,12.8164308156204,1.06293641161817
116.15807903952,12.917995889262,1.04789678335613
116.258129064532,13.0207545116611,1.03328379735657
116.358179089545,13.1247114403582,1.01908765280488
116.458229114557,13.2298714932216,1.00529881402738
116.55827913957,13.3362395484472,0.991908010491364
116.658329164582,13.4438205445587,0.978906236805029
116.758379189595,13.5526194804078,0.966284752717536
116.858429214607,13.6626414151736,0.954035083118977
116.95847923962,13.7738914683632,0.94214901804039
117.058529264632,13.8863748198115,0.930618612653753
117.158579289645,14.000096709681,0.919436187271985
117.258629314657,14.1150624384621,0.908594327348947
117.35867933967,14.2312773669728,0.898085883479439
117.458729364682,14.3487469163592,0.887903971399204
117.558779389695,14.4674765680947,0.878041971984926
117.658829414707,14.5874718639809,0.868493531254229
117.75887943972,14.708738406147,0.859252560365679
117.858929464732,14.8312818570498,0.850313235618783
117.958979489745,14.9551079394741,0.84166999845399
118.059029514757,15.0802224365323,0.833317555452688
118.15907953977,15.2066311916648,0.825250878337207
118.259129564782,15.3343401086396,0.817465203970821
118.359179589795,15.4633551515523,0.809956034357739
118.459229614807,15.5936823448266,0.802719136643117
118.55927963982,15.7253277732138,0.795750543113049
118.659329664832,15.858297581793,0.789046551194572
118.759379689845,15.992597975971,0.782603723455662
118.859429714857,16.1282352214824,0.776418887605238
118.95947973987,16.2652156443897,0.770489136493159
119.059529764882,16.4035456310829,0.764811828110225
119.159579789895,16.5432316282799,0.75938458558818
119.259629814907,16.6842801430266,0.754205297199704
119.35967983992,16.8266977426962,0.749272116358422
119.459729864932,16.9704910549901,0.7445834616189
119.559779889945,17.1156667679372,0.740138016676642
119.659829914957,17.2622316298942,0.735934730368098
119.75987993997,17.4101924495457,0.731972816670654
119.859929964982,17.5595560959039,0.728251754702642
119.959979989995,17.7103294983089,0.724771288723331
120.060030015007,17.8625196464286,0.721531428132932
120.16008004002,18.0161335902584,0.7185324474726
120.260130065033,18.1711784401217,0.715774886424428
120.360180090045,18.3276613666698,0.713259549811452
120.460230115058,18.4855862367955,0.710987854354546
120.56028014007,18.6449273037945,0.708963180212428
120.660330165083,18.8056875331209,0.707183608325974
120.760380190095,18.9678786530281,0.705646422700877
120.860430215108,19.1315115715978,0.704349380549422
120.96048024012,19.2965963767396,0.70329071229049
121.060530265133,19.4631423361911,0.702469121549557
121.160580290145,19.6311578975181,0.701883785158693
121.260630315158,19.800650688114,0.70153435315656
121.36068034017,19.9716275152006,0.701420948788417
121.460730365183,20.1440943658274,0.701544168506117
121.560780390195,20.3180564068722,0.701905081968107
121.660830415208,20.4935179850405,0.702505232039427
121.76088044022,20.670482626866,0.703346634791713
121.860930465233,20.8489530387104,0.704431779503195
121.960980490245,21.0289311067633,0.705763628658698
122.061030515258,21.2104178970423,0.707345617949638
122.16108054027,21.3934136553932,0.709181656274031
122.261130565283,21.5779178074896,0.711276125736482
122.361180590295,21.7639289588331,0.713633881648193
122.461230615308,21.9514448947535,0.71626025252696
122.56128064032,22.1404625804084,0.719161040097173
122.661330665333,22.3309781607835,0.722342519289816
122.761380690345,22.5229869606924,0.72581143824247
122.861430715358,22.716483484777,0.729575018299305
122.96148074037,22.9114614175067,0.733640954011091
123.061530765383,23.1079136231794,0.738017413135188
123.161580790395,23.3058321459208,0.742713036635555
123.261630815408,23.5052082096845,0.747736938682739
123.36168084042,23.7060322182522,0.753098706653888
123.461730865433,23.9082937552337,0.758808401132739
123.561780890445,24.1119815840667,0.764876555909627
123.661830915458,24.3170836480168,0.771314177981478
123.76188094047,24.5235870701779,0.778132747551816
123.861930965483,24.7314781534715,0.785344218030757
123.961980990495,24.9407423806475,0.792961016035011
124.062031015508,25.1513644142836,0.800996041387885
124.16208104052,25.3633280967855,0.809462667119277
124.262131065533,25.5766164503869,0.818374739465681
124.362181090545,25.7912116771496,0.827746577870186
124.462231115558,26.0070951589634,0.837592974982474
124.56228114057,26.2242474575459,0.847929196658822
124.662331165583,26.4426483144428,0.858770981962099
124.762381190595,26.6622766510281,0.870134543161775
124.862431215608,26.8831105685034,0.882036565733907
124.96248124062,27.1051273478985,0.894494208361151
125.062531265633,27.3283034500712,0.907525102932753
125.162581290645,27.5526145157072,0.921147354544558
125.262631315658,27.7778910679157,0.935417154920262
125.36268134067,28.0038569511528,0.950419401221034
125.462731365683,28.2305435894555,0.966160137291042
125.562781390695,28.4579809840481,0.982646858115077
125.662831415708,28.68618905657,0.999890761633936
125.76288144072,28.9151776490758,1.01790674874443
125.862931465733,29.144946524035,1.03671342329937
125.962981490745,29.3754853643323,1.0563330921076
126.063031515758,29.6067737732675,1.07679176493395
126.16308154077,29.8387812745554,1.09811915449927
126.263131565783,30.071467312326,1.12034867648042
126.363181590795,30.3047812511245,1.14351744951027
126.463231615808,30.5386623759109,1.1676662951777
126.56328164082,30.7730398920604,1.1928397380276
126.663331665833,31.0078329253635,1.21908600556087
126.763381690845,31.2429505220254,1.24645702823442
126.863431715858,31.4782916486669,1.27500843946117
126.96348174087,31.7137451923233,1.30479957561006
127.063531765883,31.9491899604455,1.33589347600602
127.163581790895,32.1844946808993,1.36835688293
127.263631815908,32.4195180019655,1.40226024161897
127.36368184092,32.6541084923401,1.43767770026589
127.463731865933,32.8881046411341,1.47468711001975
127.563781890945,33.1213348578739,1.51337002498554
127.663831915958,33.3536174725004,1.55381170222426
127.76388194097,33.5847607353703,1.59610110175292
127.863931965983,33.8145628172548,1.64033088654454
127.963981990995,34.0428118093405,1.68659742252816
128.064032016008,34.269285723229,1.73500077858882
128.164082041021,34.4937524909371,1.78564472656757
128.264132066033,34.7159699648965,1.83863674126148
128.364182091046,34.9356859179542,1.89408800042361
128.464232116058,35.1526380433721,1.95211338476304
128.564282141071,35.3665539548273,2.01283147794488
128.664332166083,35.577151186412,2.0763645665902
128.764382191096,35.7841371926334,2.14283864027616
128.864432216108,35.987209348414,2.21238339153586
128.964482241121,36.1860549490912,2.28513221585843
129.064532266133,36.3803512104175,2.36122221168903
129.164582291146,36.5697652685605,2.44079418042879
129.264632316158,36.7539541801031,2.52399262643489
129.364682341171,36.9325649220429,2.61096575702049
129.464732366183,37.1052343917929,2.70186548245479
129.564782391196,37.2715894071811,2.79684741596298
129.664832416208,37.4312467064507,2.89607087372626
129.764882441221,37.5838129482597,2.99969887488184
129.864932466233,37.7288847116816,3.10789814152296
129.964982491246,37.8660484962046,3.22083909869884
130.065032516258,37.9948807217322,3.33869587441473
130.165082541271,38.114947728583,3.4616462996319
130.265132566283,38.2258057774906,3.58987190826759
130.365182591296,38.3270010496038,3.72355793719508
130.465232616308,38.4180696464863,3.86289332624367
130.565282641321,38.4985375901172,4.00807071819865
130.665332666333,38.5679208228905,4.15928645880132
130.765382691346,38.6257252076152,4.31674059674901
130.865432716358,38.6714465275156,4.48063688369502
130.965482741371,38.7045704862309,4.6511827742487
131.065532766383,38.7245727078155,4.82858942597541
131.165582791396,38.7308013331941,5.01295075221805
131.265632816408,38.7225210295325,5.20430891084457
131.365682841421,38.6991339983258,5.40281018869159
131.465732866433,38.660077992657,5.60856429035
131.565782891446,38.60482602424,5.82164400400188
131.665832916458,38.5328863634191,6.04208520142055
131.765882941471,38.443802539169,6.26988683797046
131.865932966483,38.3371533390952,6.5050109526075
131.965982991496,38.2125528094335,6.74738266787852
132.066033016508,38.0696502550506,6.99689018992172
132.166083041521,37.9081302394435,7.25338480846645
132.266133066533,37.7277125847397,7.51668089683331
132.366183091546,37.5281523716976,7.78655591193411
132.466233116558,37.3092399397056,8.06275039427185
132.566283141571,37.0708629173327,8.34496334945377
132.666333166583,36.8130138874374,8.63279369050032
132.766383191596,36.5357202683427,8.92576669617775
132.866433216608,36.2390928050663,9.22336016654026
132.966483241621,35.9233256169549,9.52500443206673
133.066533266633,35.5886961976842,9.83008235366068
133.166583291646,35.2355654152585,10.1379293226503
133.266633316658,34.8643775120113,10.4478332607884
133.366683341671,34.4756601046047,10.7590346202525
133.466733366683,34.0700241840298,11.0707263836447
133.566783391696,33.6481641156066,11.3820540639918
133.666833416708,33.210857638984,11.6921157047453
133.766883441721,32.7589658681397,11.9999618797813
133.866933466733,32.2934332913804,12.3045956934005
133.966983491746,31.815340937439,12.604593875075
134.067033516758,31.325892176857,12.8986311420125
134.167083541771,30.8262617987017,13.1858707104376
134.267133566783,30.3176061036024,13.4655117999152
134.367183591796,29.8010629065113,13.7367896014672
134.467233616808,29.2777515367037,13.9989752775724
134.567283641821,28.7487728377779,14.2513759621664
134.667333666833,28.2152091676551,14.4933347606419
134.767383691846,27.6781243985796,14.7242307498484
134.867433716858,27.1385639171189,14.9434789780923
134.967483741871,26.5975546241635,15.1505304651369
135.067533766883,26.0561049349264,15.3448722022027
135.167583791896,25.5152047789444,15.5260271519667
135.267633816908,24.9758256000768,15.693554248563
135.367683841921,24.4389203565062,15.8470483975827
135.467733866933,23.9054235207381,15.9861404760737
135.567783891946,23.3762510796011,16.1104973325408
135.667833916958,22.8523005342467,16.2198217869458
135.767883941971,22.3344509001497,16.3138526307074
135.867933966983,21.8235627071076,16.3923646267011
135.967983991996,21.3204779992411,16.4551685092595
136.068034017009,20.826020334994,16.502110984172
136.168084042021,20.340994787133,16.5330747286849
136.268134067034,19.8661879427478,16.5479783915014
136.368184092046,19.4023679032513,16.5467765927818
136.468234117059,18.9502842843793,16.529459924143
136.568284142071,18.5106682161906,16.4960549486592
136.668334167084,18.0842323430671,16.4466242008612
136.768384192096,17.6716708237138,16.3812661867368
136.868434217109,17.2736586568843,16.3001160788466
136.968484242121,16.889082528286,16.2051223729407
137.068534267134,16.5164547079384,16.0984413189299
137.168584292146,16.1556733900231,15.9807359455162
137.268634317159,15.8066247119584,15.852657394427
137.368684342171,15.4691827543993,15.7148449204153
137.468734367184,15.1432095412374,15.5679258912596
137.568784392196,14.8285550396012,15.4125157877638
137.668834417209,14.5250571598558,15.2492182037572
137.768884442221,14.232541755603,15.0786248460949
137.868934467234,13.9508226236814,14.9013155346572
137.968984492246,13.6797015041661,14.71785820235
138.069034517259,13.4189680803692,14.5288088951048
138.169084542271,13.1683999788394,14.3347117718783
138.269134567284,12.9277627693618,14.136099104653
138.369184592296,12.6968099649586,13.9334912784367
138.469234617309,12.4752830218886,13.7273967912627
138.569284642321,12.2629113396473,13.51831225419
138.669334667334,12.0594122609667,13.3067223913027
138.769384692346,11.8644910718159,13.0931000397108
138.869434717359,11.6778410014004,12.8779061495496
138.969484742371,11.4991432221624,12.6615897839798
139.069534767384,11.3280668497811,12.4445881191878
139.169584792396,11.1642689431721,12.2273264443853
139.269634817409,11.0073945044877,12.0102181618097
139.369684842421,10.8570764791173,11.7936647867236
139.469734867434,10.712961286716,11.5780403809145
139.569784892446,10.5752261483131,11.3633591989613
139.669834917459,10.443826509774,11.1497160609013
139.769884942471,10.318529359054,10.9373088287944
139.869934967484,10.1991093530872,10.7263253333081
139.969984992496,10.0853488177873,10.5169433737177
140.070035017509,9.97703774804668,10.3093307179065
140.170085042521,9.87397380773708,10.1036451023651
140.270135067534,9.77596232970931,9.90003423219237
140.370185092546,9.68281631579329,9.69863578109458
140.470235117559,9.59435643679807,9.49957739138595
140.570285142571,9.51041103251182,9.30297667398841
140.670335167584,9.43081611170184,9.10894120843168
140.770385192596,9.35541535211454,8.91756854285322
140.870435217609,9.28406010047546,8.72894619399828
140.970485242621,9.21660937248926,8.54315164721987
141.070535267634,9.15292985283973,8.36025235647875
141.170585292646,9.09289589518976,8.18030574434349
141.270635317659,9.03638952218139,8.00335920199043
141.370685342671,8.98330042543576,7.82945008920356
141.470735367684,8.93352596555313,7.65860573437476
141.570785392696,8.8869711721129,7.49084343450364
141.670835417709,8.8435487436736,7.3261704551976
141.770885442721,8.80317904777285,7.16458403067177
141.870935467734,8.76579012092741,7.00607136374907
141.970985492746,8.73131766863316,6.85060962586016
142.071035517759,8.69970506536511,6.69816595704351
142.171085542771,8.67090335457738,6.54869746594533
142.271135567784,8.64487124870321,6.40215122981959
142.371185592796,8.62157512915498,6.25846429452806
142.471235617809,8.60098904632418,6.11756367454021
142.571285642821,8.58294692786284,5.97950848740962
142.671335667834,8.5672521298549,5.84439322793455
142.771385692846,8.55385299886282,5.71217757263922
142.871435717859,8.54269909838926,5.58282108728025
142.971485742871,8.53374117301696,5.45628326087094
143.071535767884,8.52693114840878,5.33252350568129
143.171585792896,8.52222213130766,5.21150115723796
143.271635817909,8.51956840953665,5.09317547432432
143.371685842921,8.51892545199886,4.97750563898042
143.471735867934,8.52024990867755,4.864450756503
143.571785892946,8.52349961063602,4.75396985544546
143.671835917959,8.52863357001771,4.64602188761793
143.771885942971,8.53561198004612,4.54056572808719
143.871935967984,8.54439621502488,4.43756017517674
143.971985992997,8.55494883033768,4.33696395046672
144.072036018009,8.56723356244833,4.23873569879401
144.172086043022,8.58121532890072,4.14283398825214
144.272136068034,8.59686022831886,4.04921731019134
144.372186093047,8.61413554040682,3.95784407921852
144.472236118059,8.63300972594879,3.86867263319731
144.572286143072,8.65345242680905,3.78166123324795
144.672336168084,8.67543446593197,3.69676806374743
144.772386193097,8.69892784734203,3.61395123232942
144.872436218109,8.72390575614379,3.53316876988425
144.972486243122,8.7503425585219,3.45437863055898
145.072536268134,8.77821380174113,3.37753869175731
145.172586293147,8.80749621414632,3.30260675413966
145.272636318159,8.83816770516243,3.22954054162311
145.372686343172,8.87020736529448,3.15829770138145
145.472736368184,8.90359546612763,3.08883580384514
145.572786393197,8.9382988300146,3.02111814917799
145.672836418209,8.97426651819216,2.95511778187575
145.772886443222,9.01149412333553,2.89079230247765
145.872936468234,9.04997977654708,2.82809920698692
145.972986493247,9.08972147956736,2.76699688246963
146.073036518259,9.13071710477511,2.70744460705472
146.173086543272,9.17296439518723,2.64940254993397
146.273136568284,9.21646096445885,2.59283177136204
146.373186593297,9.26120429688325,2.53769422265643
146.473236618309,9.3071917473919,2.48395274619749
146.573286643322,9.35442054155448,2.43157107542845
146.673336668334,9.40288777557882,2.38051383485538
146.773386693347,9.45259041631096,2.3307465400472
146.873436718359,9.50352530123512,2.28223559763571
146.973486743372,9.55568913847369,2.23494830531556
147.073536768384,9.60907850678728,2.18885285184423
147.173586793397,9.66368985557464,2.1439183170421
147.273636818409,9.71951950487274,2.10011467179237
147.373686843422,9.77656364535673,2.05741277804111
147.473736868434,9.83481833833994,2.01578438879726
147.573786893447,9.89427951577387,1.9752021481326
147.673836918459,9.95494298024821,1.93563959118178
147.773886943472,10.0168044049909,1.89707114414227
147.873936968484,10.0798593338679,1.85947212427445
147.973986993497,10.1441031813836,1.82281873990153
148.074037018509,10.2095312326804,1.78708809040957
148.174087043522,10.2761386435389,1.7522581662475
148.274137068534,10.3439204403779,1.71830784892711
148.374187093547,10.4128715202544,1.68521691102302
148.474237118559,10.4829866508637,1.65296601617275
148.574287143572,10.554260470539,1.62153671907663
148.674337168584,10.6266874882519,1.59091146549789
148.774387193597,10.7002620836121,1.56107359226257
148.874437218609,10.7749785068677,1.53200732725962
148.974487243622,10.8508308789046,1.50369778944081
149.074537268634,10.9278131912473,1.47613098882077
149.174587293647,11.0059193060581,1.449293826477
149.274637318659,11.0851429561377,1.42317409454984
149.374687343672,11.165477744925,1.39776047624252
149.474737368684,11.2469171464971,1.37304254582108
149.574787393697,11.329454505569,1.34901076861445
149.674837418709,11.4130830374943,1.3256565010144
149.774887443722,11.4977958282646,1.30297199047558
149.874937468734,11.5835858345095,1.28095037551546
149.974987493747,11.6704458834972,1.25958568571441
150.075037518759,11.7583782383963,1.2388632112939
150.175087543772,11.8474429493774,1.21871141007081
150.275137568784,11.9376549181536,1.19910571336279
150.375187593797,12.029017997994,1.18003312746539
150.475237618809,12.1215361210027,1.16148094734443
150.575287643822,12.215213298119,1.143436756636
150.675337668834,12.3100536191171,1.12588842764645
150.775387693847,12.4060612526065,1.10882412135243
150.875437718859,12.5032404460315,1.09223228740083
150.975487743872,12.6015955256716,1.07610166410883
151.075537768884,12.7011308966414,1.06042127846385
151.175587793897,12.8018510428905,1.04518044612363
151.275637818909,12.9037605272036,1.03036877141613
151.375687843922,13.0068639912004,1.01597614733961
151.475737868934,13.1111661553358,1.0019927555626
151.575787893947,13.2166718188996,0.988409066423874
151.675837918959,13.3233858600169,0.975215838932506
151.775887943972,13.4313132356477,0.962404120767826
151.875937968984,13.540458981587,0.949965248279435
151.975987993997,13.650828212465,0.937890846487208
152.07603801901,13.7624261217469,0.926172829081284
152.176088044022,13.8752579817331,0.914803398422079
152.276138069035,13.9893291435589,0.903775045540274
152.376188094047,14.1046450371947,0.893080550136823
152.47623811906,14.2212111714461,0.882712980582947
152.576288144072,14.3390331339536,0.872665693920142
152.676338169085,14.4581165911928,0.862932335860169
152.776388194097,14.5784672884744,0.853506840785062
152.87643821911,14.7000910499442,0.844383431747125
152.976488244122,14.8229937785831,0.835556620468932
153.076538269135,14.947181456207,0.827021207343326
153.176588294147,15.0726601434667,0.818772281433421
153.27663831916,15.1994359798484,0.810805220472601
153.376688344172,15.3275151836732,0.80311569086452
153.476738369185,15.4569040520972,0.795699647683103
153.576788394197,15.5876089611117,0.788553334672543
153.67683841921,15.719636365543,0.781673284247306
153.776888444222,15.8529927990524,0.775056317492127
153.876938469235,15.9876848741364,0.768699544162008
153.976988494247,16.1237192821265,0.762600362682228
154.07703851926,16.2611027931894,0.756756460148328
154.177088544272,16.3998422563266,0.751165812326124
154.277138569285,16.5399445993748,0.745826683651703
154.377188594297,16.6814168290058,0.740737627231419
154.47723861931,16.8242660307266,0.735897484841898
154.577288644322,16.9684993688789,0.731305386930035
154.677338669335,17.1141240866398,0.726960752612995
154.777388694347,17.2611475060213,0.722863289678217
154.87743871936,17.4095770189537,0.719012993977438
154.977488744372,17.5594040431852,0.715408295685127
155.077538769385,17.7106240738648,0.712045310385763
155.177588794397,17.8632480472525,0.708920896471362
155.27763881941,18.017286350102,0.706032272235231
155.377688844422,18.1727488196609,0.703377015871971
155.477738869435,18.3296447436706,0.700953065477474
155.577788894447,18.4879828603662,0.698758719048925
155.67783891946,18.6477713584769,0.696792634484802
155.777888944472,18.8090178772256,0.695053829584874
155.877938969485,18.9717295063288,0.693541682050205
155.977988994497,19.1359127859971,0.692255929483148
156.07803901951,19.301573706935,0.691196669387351
156.178089044522,19.4687177103405,0.690364359167754
156.278139069535,19.6373496879057,0.689759816130589
156.378189094547,19.8074739818163,0.689384217483381
156.47823911956,19.9790943847521,0.689239100334946
156.578289144572,20.1522141398865,0.689326361695395
156.678339169585,20.3268359408868,0.689648258476129
156.778389194597,20.5029619319142,0.690207407489842
156.87843921961,20.6805937076235,0.691006785450523
156.978489244622,20.8597323131636,0.692049728973449
157.078539269635,21.040378244177,0.693339934575193
157.178589294647,21.2225314468002,0.694881458673619
157.27863931966,21.4061913176635,0.696678717587883
157.378689344672,21.5913567038909,0.698736487538436
157.478739369685,21.7780259031003,0.701059904647019
157.578789394697,21.9661966634035,0.703654464936665
157.67883941971,22.1558661834059,0.706526024331701
157.778889444722,22.3470311122071,0.709680798657747
157.878939469735,22.5396875494001,0.713125363641713
157.978989494747,22.733831045072,0.716866654911804
158.07903951976,22.9294565998037,0.720911967997515
158.179089544772,23.1265586646699,0.725268958329636
158.279139569785,23.325131141239,0.729945641240248
158.379189594797,23.5251673815733,0.734950391962725
158.47923961981,23.7266601882291,0.740291945631732
158.579289644822,23.9296018142563,0.745979397283228
158.679339669835,24.1339839631987,0.752022201854465
158.779389694847,24.339797789094,0.758430174183986
158.87943971986,24.5470338964736,0.765213489011627
158.979489744872,24.7556823403627,0.772382680978516
159.079539769885,24.9657326262805,0.779948644627074
159.179589794897,25.17717371024,0.787922634401015
159.27963981991,25.3899939987478,0.796316264645343
159.379689844922,25.6041813488046,0.805141509606359
159.479739869935,25.8197230679048,0.814410703431651
159.579789894947,26.0366059140365,0.824136540170103
159.67983991996,26.2547044650161,0.834372432437838
159.779889944972,26.4736541074205,0.845258707100553
159.879939969985,26.6934861268872,0.856793167102129
159.979989994998,26.9142582500624,0.868964441088202
160.08004002001,27.1360193761942,0.881764723732889
160.180090045023,27.358809577133,0.895189775738789
160.280140070035,27.5826600973311,0.909238923836987
160.380190095048,27.8075933538429,0.923915060787044
160.48024012006,28.033622936325,0.939224645377021
160.580290145073,28.2607536070359,0.955177702423444
160.680340170085,28.4889813008363,0.971787822771333
160.780390195098,28.7182931251889,0.989072163294185
160.88044022011,28.9486673601585,1.00705144689398
160.980490245123,29.1800734584119,1.0257499625012
161.080540270135,29.412472045218,1.04519556507477
161.180590295148,29.6458149184479,1.06541967560214
161.28064032016,29.8800450485746,1.08645728109922
161.380690345173,30.1150965786732,1.10834693461041
161.480740370185,30.350894824421,1.1311307552086
161.580790395198,30.5873562740973,1.15485442799514
161.68084042021,30.8243885885833,1.17956720409989
161.780890445223,31.0618906013625,1.20532190068118
161.880940470235,31.2997523185205,1.23217490092582
161.980990495248,31.5378549187446,1.26018615404911
162.08104052026,31.7760707533247,1.28941917529484
162.181090545273,32.0142633461523,1.31994104593527
162.281140570285,32.2522873937213,1.35182241327114
162.381190595298,32.4899887651275,1.38513749063169
162.48124062031,32.7272045020688,1.41996405737464
162.581290645323,32.9637628188452,1.45638345888617
162.681340670335,33.1994831023587,1.49448060658098
162.781390695348,33.4341759121134,1.53434397790222
162.88144072036,33.6676429802156,1.57606561632154
162.981490745373,33.8996772113736,1.61974113133908
163.081540770385,34.1300626828976,1.66546969848345
163.181590795398,34.3585746447,1.71335405931174
163.28164082041,34.5849795192954,1.76350052140954
163.381690845423,34.8090349018002,1.8160189583909
163.481740870435,35.0304895599331,1.87102280989838
163.581790895448,35.2490834340148,1.92862908160298
163.68184092046,35.464547636968,1.98895834520426
163.781890945473,35.6766044543176,2.0521347384302
163.881940970485,35.8849673441904,2.11828596503727
163.981990995498,36.0893409373154,2.18754329481044
164.08204102051,36.2894210370237,2.26004156356315
164.182091045523,36.4848946192484,2.33591917313733
164.282141070535,36.6754398325246,2.4153180914034
164.382191095548,36.8607259979896,2.49838385226024
164.48224112056,37.0404136093828,2.58526555563525
164.582291145573,37.2141543330454,2.67611586748428
164.682341170585,37.381591007921,2.77109101979167
164.782391195598,37.542357645555,2.87035081057026
164.88244122061,37.6960794300952,2.97405860386136
164.982491245623,37.8423727182911,3.08238132973476
165.082541270635,37.9808450394945,3.19548948428874
165.182591295648,38.1110950956593,3.31355712965006
165.28264132066,38.2327127613412,3.43676189397398
165.382691345673,38.3452790836983,3.5652849714442
165.482741370685,38.4483662824906,3.69931112227295
165.582791395698,38.5415377500801,3.83902867270093
165.68284142071,38.6243480514311,3.9846295149973
165.782891445723,38.6963429241097,4.13630910745973
165.882941470735,38.7570384299234,4.29426388329011
165.982991495748,38.8055549926296,4.45866249834961
166.08304152076,38.8411342302888,4.62971596236791
166.183091545773,38.863154817217,4.80762656035125
166.283141570785,38.8710189894563,4.99256701181056
166.383191595798,38.8641525447753,5.18468047076147
166.48324162081,38.8420048426684,5.38408052572431
166.583291645823,38.8040488043566,5.59085119972412
166.683341670835,38.7497809127868,5.80504695029057
166.783391695848,38.6787212126322,6.02669266945821
166.88344172086,38.5904133102921,6.25578368376613
166.983491745873,38.4844243738922,6.49228575425816
167.083541770885,38.3603451332842,6.73613507648285
167.183591795898,38.217789880046,6.98723828049342
167.28364182091,38.0563964674818,7.24547243084783
167.383691845923,37.875826310622,7.51068502660872
167.483741870935,37.6758288304838,7.78268256990716
167.583791895948,37.4562836662696,8.06117555759455
167.68384192096,37.2170474367894,8.34580709238461
167.783891945973,36.9580587695245,8.63616855034648
167.883941970985,36.6793413702709,8.93179950263524
167.983991995998,36.3810040231387,9.23218771549189
168.084042021011,36.0632405905523,9.53676915024335
168.184092046023,35.7263300132506,9.84492796330245
168.284142071036,35.3706363102865,10.155996506168
168.384192096048,34.9966085790274,10.4692553254246
168.484242121061,34.604780995155,10.7839331627429
168.584292146073,34.1957728126653,11.0992069548796
168.684342171086,33.7702883638685,11.4142018336769
168.784392196098,33.3291170593892,11.7279911260633
168.884442221111,32.8731333881663,12.0395963540532
168.984492246123,32.4032919691251,12.3479507024965
169.084542271136,31.9206212404358,12.65156935469
169.184592296148,31.4263239136057,12.9493783993732
169.284642321161,30.9216156826907,13.2404866456836
169.384692346173,30.4076923355342,13.524042021334
169.484742371186,29.8857297537671,13.799231572612
169.584792396198,29.3568839128078,14.0652814643811
169.684842421211,28.8222908818622,14.3214569800795
169.784892446223,28.2830668239235,14.5670625217209
169.884942471236,27.7403079957728,14.8014416098943
169.984992496248,27.1950907479781,15.0239768837638
170.085042521261,26.6484715248955,15.2340901010688
170.185092546273,26.1014868646681,15.4312421381241
170.285142571286,25.5551533992268,15.6149329898194
170.385192596298,25.01046785429,15.7847017696201
170.485242621311,24.4684070493633,15.9401267095664
170.585292646323,23.92992789774,16.0808251602741
170.685342671336,23.3959674065009,16.2064535909341
170.785392696348,22.8674426765143,16.3167075893126
170.885442721361,22.3452509024358,16.4113218617509
170.985492746373,21.8302693727087,16.4900702331657
171.085542771386,21.3233554695637,16.552765647049
171.185592796398,20.825346669019,16.5992601654679
171.285642821411,20.3370605408803,16.6294449690649
171.385692846423,19.8592947487407,16.6432503570576
171.485742871436,19.392827049981,16.6406457472389
171.585792896448,18.9384152957692,16.621639675977
171.685842921461,18.4967974310611,16.5862797982153
171.785892946473,18.0686914945997,16.5346528874724
171.885942971486,17.6547956189156,16.4668848358424
171.985992996498,17.2553703778788,16.3835571894523
172.086043021511,16.8684275255214,16.2874137501558
172.186093046523,16.4935425658096,16.1794836903805
172.286143071536,16.1306224600317,16.0604315180097
172.386193096548,15.7795606115166,15.9309105919973
172.486243121561,15.440236865634,15.7915631223684
172.586293146573,15.1125175097943,15.6430201702189
172.686343171586,14.7962552734488,15.4859016477156
172.786393196598,14.4912893280893,15.3208163180963
172.886443221611,14.1974452872485,15.1483617956696
172.986493246623,13.9145352064998,14.9691245458151
173.086543271636,13.6423575834574,14.7836798849835
173.186593296648,13.380697357776,14.592591980696
173.286643321661,13.1293259111512,14.3964138515452
173.386693346673,12.8880010673193,14.1956873671942
173.486743371686,12.6564670920575,13.9909432483774
173.586793396698,12.4344546931834,13.7827010668998
173.686843421711,12.2216810205557,13.5714692456375
173.786893446723,12.0178496660736,13.3577450585375
173.886943471736,11.8226506636771,13.1420146306178
173.986993496748,11.6357604893469,12.9247529379671
174.087043521761,11.4568420611046,12.7064238077453
174.187093546773,11.2855447390122,12.487479918183
174.287143571786,11.1215043251727,12.2683627985818
174.387193596798,10.9643430637298,12.0495028293143
174.487243621811,10.8136696408679,11.8313192418239
174.587293646823,10.669248179146,11.6141110784401
174.687343671836,10.5313725265315,11.3977888795048
174.787393696848,10.3998554583437,11.1825294273463
174.887443721861,10.2744608186274,10.9685342095251
174.987493746873,10.1549603667936,10.7559943363544
175.087543771886,10.0411337776188,10.5450905408998
175.187593796898,9.93276864124546,10.3359931789797
175.287643821911,9.82966046318174,10.1288622291651
175.387693846923,9.73161266430165,9.92384729277974
175.487743871936,9.63843658084502,9.72108759389996
175.587793896948,9.54995146441745,9.52071197935474
175.687843921961,9.46598448199035,9.32283891872572
175.787893946973,9.38637071590094,9.12757650434719
175.887943971986,9.31095316385223,8.9350224513061
175.987993996999,9.23958273891304,8.74526409744205
176.088044022011,9.17211826951799,8.5583784033473
176.188094047024,9.10842649946749,8.37443195236674
176.288144072036,9.04838208792778,8.19348095059799
176.388194097049,8.99186760943086,8.01557122689114
176.488244122061,8.93877355387456,7.84073823284912
176.588294147074,8.8889983265225,7.66900704282744
176.688344172086,8.84244824800413,7.50039235393426
176.788394197099,8.79903755431466,7.3348984860304
176.888444222111,8.75868839681513,7.17251938172933
176.988494247124,8.72133084223236,7.01323860639718
177.088544272136,8.686902872659,6.85702934815271
177.188594297149,8.65535038555347,6.70385441786736
177.288644322161,8.62662719374001,6.55366624916521
177.388694347174,8.60069502540867,6.40640689842299
177.488744372186,8.57752352411527,6.26200804477008
177.588794397199,8.55706209758731,6.12041781522268
177.688844422211,8.53905220784271,5.98178390491527
177.788894447224,8.52339216334383,5.84611120630677
177.888944472236,8.51002963980243,5.71335920088899
177.988994497249,8.49891352712758,5.58348726714413
178.089044522261,8.4899939294257,5.45645468054475
178.189094547274,8.48322216500053,5.33222061355383
178.289144572286,8.47855076635315,5.21074413562472
178.389194597299,8.47593348018199,5.09198421320118
178.489244622311,8.47532526738277,4.97589970971735
178.589294647324,8.47668230304859,4.86244938559773
178.689344672336,8.47996197646986,4.75159189825726
178.789394697349,8.48512289113431,4.64328580210124
178.889444722361,8.49212486472704,4.53748954852535
178.989494747374,8.50092892913044,4.43416148591568
179.089544772386,8.51149733042427,4.33325985964871
179.189594797399,8.52379352888561,4.23474281209129
179.289644822411,8.53778219898886,4.13856838260067
179.389694847424,8.55342922940577,4.04469450752451
179.489744872436,8.57070172300542,3.9530790202008
179.589794897449,8.58956799685421,3.86367965095797
179.689844922461,8.60999758221589,3.77645402711484
179.789894947474,8.63196122455154,3.69135967298059
179.889944972486,8.65543088351957,3.60835400985481
179.989994997499,8.68037973297572,3.52739435602748
180.090045022511,8.70678216097306,3.44843792677896
180.190095047524,8.734613769762,3.37144183437999
180.290145072536,8.76385137579029,3.29636308809173
180.390195097549,8.794473009703,3.2231585941657
180.490245122561,8.82645791634254,3.15178515584382
180.590295147574,8.85978489372981,3.08220009792949
180.690345172586,8.89439723125801,3.01437560584798
180.790395197599,8.93027305858302,2.94827429640568
180.890445222611,8.96741054441637,2.88385253123168
180.990495247624,9.00580771804145,2.82106757681714
181.090545272636,9.04546246931354,2.75987760451531
181.190595297649,9.0863725486598,2.70024169054144
181.290645322661,9.1285355670793,2.64211981597289
181.390695347674,9.17194899614299,2.58547286674905
181.490745372686,9.2166101679937,2.53026263367136
181.590795397699,9.26251627534614,2.47645181240334
181.690845422711,9.30966437148694,2.42400400347056
181.790895447724,9.35805137027459,2.37288371226065
181.890945472736,9.40767404613949,2.32305634902327
181.990995497749,9.45852903408389,2.27448822887018
182.091045522761,9.51061282968197,2.22714657177517
182.191095547774,9.56392178907978,2.1809995025741
182.291145572786,9.61845212899526,2.13601605096487
182.391195597799,9.67419992671824,2.09216615150746
182.491245622811,9.73116112011042,2.04942064362389
182.591295647824,9.78933150760541,2.00775127159826
182.691345672836,9.84870674820872,1.96713068457668
182.791395697849,9.90928236149773,1.92753243656737
182.891445722861,9.97105372762168,1.88893098644059
182.991495747874,10.0340160873018,1.85130169792864
183.091545772886,10.098164541831,1.81462083962589
183.191595797899,10.1634940530743,1.77886558498879
183.291645822911,10.2299994434685,1.7440140123358
183.391695847924,10.2976753960224,1.71004510484748
183.491745872936,10.3665164543165,1.67693875056643
183.591795897949,10.4365170225032,1.6446757423973
183.691845922961,10.5076713653071,1.6132377781068
183.791895947974,10.5799736080243,1.58260746032372
183.891945972986,10.653417736523,1.55276829653888
183.991995997999,10.7279975972432,1.52370469910518
184.092046023012,10.8037068971968,1.49540198523754
184.192096048024,10.8805392039677,1.46784637701298
184.292146073037,10.9584879457116,1.44102500137056
184.392196098049,11.0375464111561,1.41492589011139
184.492246123062,11.1177077496006,1.38953797989866
184.592296148074,11.1989649709164,1.36485111225758
184.692346173087,11.281310945547,1.34085603357545
184.792396198099,11.3647384045073,1.31754439510162
184.892446223112,11.4492399393845,1.29490875294748
184.992496248124,11.5348080023374,1.27294256808652
185.092546273137,11.6214357369222,1.25163938375312
185.192596298149,11.7091710398968,1.23093968672308
185.292646323162,11.79804799926,1.21079943780874
185.392696348174,11.8880703806155,1.19120524140455
185.492746373187,11.9792420322861,1.17214399560206
185.592796398199,12.0715668853142,1.15360289218991
185.692846423212,12.1650489534617,1.13556941665382
185.792896448224,12.2596923332096,1.11803134817664
185.892946473237,12.3555012037586,1.10097675963829
185.992996498249,12.4524798270288,1.08439401761579
186.093046523262,12.5506325476595,1.06827178238328
186.193096548274,12.6499637930095,1.05259900791197
186.293146573287,12.750478073157,1.03736494187017
186.393196598299,12.8521799808998,1.02255912562331
186.493246623312,12.9550741917547,1.00817139423388
186.593296648324,13.0591654639583,0.994191876461511
186.693346673337,13.1644586384664,0.980610994762891
186.793396698349,13.2709586389542,0.967419465291825
186.893446723362,13.3786704718165,0.954608297899211
186.993496748374,13.4875992261673,0.942168796133044
187.093546773387,13.59775007384,0.930092557238415
187.193596798399,13.7091282693876,0.918371472157512
187.293646823412,13.8217391500824,0.906997725529621
187.393696848424,13.935588135916,0.895963795691123
187.493746873437,14.0506807295995,0.885262454675499
187.593796898449,14.1670225165635,0.874886768213322
187.693846923462,14.2846191649578,0.864830095732267
187.793896948474,14.4034764256519,0.855086090357102
187.893946973487,14.5236001322343,0.845648698909693
187.993996998499,14.6449962010134,0.836512161909005
188.094047023512,14.7676706310165,0.827671013571096
188.194097048524,14.8916295039907,0.819120081809123
188.294147073537,15.0168789844023,0.810854488233341
188.394197098549,15.1434253194371,0.802869648151099
188.494247123562,15.2712748390003,0.795161270566846
188.594297148574,15.4004339557164,0.787725358182125
188.694347173587,15.5309091649294,0.780558207395577
188.794397198599,15.6627070447027,0.77365640830294
188.894447223612,15.7958342558191,0.76701684469705
188.994497248624,15.9302975417808,0.760636694067836
189.094547273637,16.0661037288095,0.754513427602329
189.194597298649,16.2032597258461,0.748644810184652
189.294647323662,16.341772524551,0.743028900396028
189.394697348674,16.4816491993042,0.737664050514776
189.494747373687,16.6228969072048,0.732548906516312
189.594797398699,16.7655228880716,0.727682408073149
189.694847423712,16.9095344644424,0.723063788554895
189.794897448724,17.0549390415749,0.718692575028258
189.894947473737,17.2017440675016,0.714568583155561
189.994997498749,17.3499418730515,0.710689161829492
190.095047523762,17.4995301039981,0.70704970982308
190.195097548774,17.6505195291718,0.703647031767227
190.295147573787,17.8029204196449,0.700478271435321
190.395197598799,17.9567425487311,0.697540911743235
190.495247623812,18.1119951919863,0.694832774749328
190.595297648824,18.2686871272077,0.692352021654446
190.695347673837,18.4268266344344,0.690097152801919
190.795397698849,18.5864214959472,0.688067007677564
190.895447723862,18.7474789962689,0.686260764909683
190.995497748874,18.9100059221635,0.684677942269066
191.095547773887,19.0740085626372,0.683318396668986
191.195597798899,19.2394927089377,0.682182324165203
191.295647823912,19.4064636545544,0.681270259955964
191.395697848924,19.5749261952186,0.680583078382
191.495747873937,19.7448846289033,0.680121992926529
191.595797898949,19.9163427558231,0.679888556215254
191.695847923962,20.0893038784343,0.679884660016365
191.795897948974,20.2637708014352,0.680112535240537
191.895947973987,20.4397458317656,0.680574751940931
191.995997999,20.617230778607,0.681274219313194
192.096048024012,20.7962269533828,0.682214185695458
192.196098049024,20.9767351697581,0.683398238568342
192.296148074037,21.1587557436396,0.684830304554951
192.39619809905,21.3422884931758,0.686514649420875
192.496248124062,21.527332738757,0.68845587807419
192.596298149075,21.7138873030151,0.690658934565457
192.696348174087,21.9019505108239,0.693129102087726
192.7963981991,22.0915201892987,0.695872002976528
192.896448224112,22.2825936677968,0.698893598709884
192.996498249125,22.4751677779169,0.702200189908299
193.096548274137,22.6692388534998,0.705798416334765
193.19659829915,22.8648027306277,0.709695256894758
193.296648324162,23.0618547476248,0.71389802963624
193.396698349175,23.2603897450568,0.718414391749662
193.496748374187,23.4604020657313,0.723252339567956
193.5967983992,23.6618855546976,0.728420208566545
193.696848424212,23.8648335592466,0.733926673363334
193.796898449225,24.0692389289111,0.739780747718714
193.896948474237,24.2750940154655,0.745991784535564
193.99699849925,24.4823906729261,0.752569475859248
194.097048524262,24.6911202575506,0.759523852877615
194.197098549275,24.9012736278389,0.766865285921001
194.297148574287,25.1128411445321,0.774604484462227
194.3971985993,25.3258126706136,0.7827524971166
194.497248624312,25.540177571308,0.791320711641913
194.597298649325,25.755924714082,0.800320854938445
194.697348674337,25.9729405426868,0.809812115115412
194.79739869935,26.1909927474462,0.819908825965293
194.897448724362,26.4101116507153,0.83060402662815
194.997498749375,26.6303325477814,0.841888392597406
195.097548774387,26.8516835437918,0.853755855184922
195.1975987994,27.0741855537529,0.866203601521005
195.297648824412,27.2978523025309,0.879232074554395
195.397698849425,27.5226903248515,0.892844973052287
195.497748874437,27.7486989652998,0.907049251600307
195.59779889945,27.9758703783203,0.921855120602525
195.697848924462,28.2041895282174,0.937276046281451
195.797898949475,28.4336341891546,0.953328750678039
195.897948974487,28.6641749451551,0.970033211651681
195.9979989995,28.8957751901017,0.987412662880215
196.098049024512,29.1283911277365,1.00549359385992
196.198099049525,29.3619717716614,1.0243057499055
196.298149074537,29.5964589453375,1.04388213215013
196.39819909955,29.8317872820856,1.06425899754541
196.498249124562,30.067884225086,1.08547585886137
196.598299149575,30.3046700273785,1.10757548468651
196.698349174587,30.5420577518624,1.13060389942774
196.7983991996,30.7799532712965,1.15461038331043
196.898449224612,31.0182552682992,1.17964747237839
196.998499249625,31.2568552353482,1.20577095849387
197.098549274637,31.4956374747811,1.23303988933755
197.19859929965,31.7344790987946,1.26151656840858
197.298649324662,31.9732500294451,1.29126655502452
197.398699349675,32.2118129986486,1.32235866432138
197.498749374687,32.4500235481805,1.35486496725363
197.5987993997,32.6877300296757,1.38886079059415
197.698849424712,32.9247736046286,1.42442471693429
197.798899449725,33.1609882443933,1.46163858468383
197.898949474737,33.3962007301832,1.50058748807098
197.99899949975,33.6302306530713,1.54135977714242
198.099049524762,33.8628904139901,1.58404705776324
198.199099549775,34.0939852237317,1.62874419161698
198.299149574787,34.3233131029476,1.67554929620564
198.3991995998,34.5506648821488,1.72456374484964
198.499249624812,34.7758242017058,1.77589216668784
198.599299649825,34.9985675118489,1.82964244667757
198.699349674837,35.2186640726676,1.88592572559457
198.79939969985,35.4358759541109,1.94485640003304
198.899449724862,35.6499580359876,2.00655212240561
198.999499749875,35.8606580079658,2.07113380094336
199.099549774887,36.0677163695731,2.1387255996958
199.1995997999,36.2708664301966,2.20945493853089
199.299649824912,36.4698343090832,2.28345249313503
199.399699849925,36.6643389353389,2.36085219501306
199.499749874937,36.8540920479294,2.44179123148826
199.59979989995,37.0387981956801,2.52641004570237
199.699849924962,37.2181547372757,2.61485233661553
199.799899949975,37.3918518412603,2.70726505900637
199.899949974987,37.5595724860379,2.80379842347192
200,37.7209924598716,2.90460589642768
