x1,x2,y1
-1,-1,1.29872241020718
-0.959183673469388,-1,1.28331455879417
-0.918367346938775,-1,1.27006787971288
-0.877551020408163,-1,1.25916619610992
-0.836734693877551,-1,1.25080896660385
-0.795918367346939,-1,1.24521261519364
-0.755102040816326,-1,1.2426119742856
-0.714285714285714,-1,1.24326185045986
-0.673469387755102,-1,1.24743872341657
-0.63265306122449,-1,1.25544258942962
-0.591836734693878,-1,1.26759896159921
-0.551020408163265,-1,1.28426104024025
-0.510204081632653,-1,1.30581206787774
-0.469387755102041,-1,1.33266788455143
-0.428571428571429,-1,1.36527970046726
-0.387755102040816,-1,1.40413710448271
-0.346938775510204,-1,1.44977132848532
-0.306122448979592,-1,1.5027587894299
-0.26530612244898,-1,1.56372493265126
-0.224489795918367,-1,1.63334840207827
-0.183673469387755,-1,1.7123655651543
-0.142857142857143,-1,1.80157542263453
-0.102040816326531,-1,1.90184493599656
-0.061224489795919,-1,2.01411480798543
-0.020408163265306,-1,2.13940575483518
0.020408163265306,-1,2.27882531198775
0.061224489795918,-1,2.43357521868687
0.102040816326531,-1,2.60495943068439
0.142857142857143,-1,2.79439281448458
0.183673469387755,-1,3.00341058109594
0.224489795918367,-1,3.2336785221911
0.265306122448979,-1,3.4870041169252
0.306122448979592,-1,3.76534858346846
0.346938775510204,-1,4.07083995560782
0.387755102040816,-1,4.40578727160685
0.428571428571428,-1,4.77269596992966
0.469387755102041,-1,5.17428459448107
0.510204081632653,-1,5.61350292074677
0.551020408163265,-1,6.09355162369128
0.591836734693877,-1,6.61790361855108
0.63265306122449,-1,7.19032721681468
0.673469387755102,-1,7.81491125178421
0.714285714285714,-1,8.49609234124555
0.755102040816326,-1,9.23868446902329
0.795918367346939,-1,10.0479110826584
0.836734693877551,-1,10.9294399212223
0.877551020408163,-1,11.8894208054861
0.918367346938775,-1,12.9345266424128
0.959183673469388,-1,14.0719979173751
1,-1,15.3096909707543
-1,-0.959183673469388,1.19364835266498
-0.959183673469388,-0.959183673469388,1.18409573406474
-0.918367346938775,-0.959183673469388,1.17679432388351
-0.877551020408163,-0.959183673469388,1.17193560348038
-0.836734693877551,-0.959183673469388,1.16972734107201
-0.795918367346939,-0.959183673469388,1.17039497704624
-0.755102040816326,-0.959183673469388,1.17418312710646
-0.714285714285714,-0.959183673469388,1.18135721326924
-0.673469387755102,-0.959183673469388,1.19220523358986
-0.63265306122449,-0.959183673469388,1.20703968241573
-0.591836734693878,-0.959183673469388,1.22619963397103
-0.551020408163265,-0.959183673469388,1.25005300316509
-0.510204081632653,-0.959183673469388,1.27899899869877
-0.469387755102041,-0.959183673469388,1.31347078482494
-0.428571428571429,-0.959183673469388,1.35393836951077
-0.387755102040816,-0.959183673469388,1.4009117382589
-0.346938775510204,-0.959183673469388,1.45494425448237
-0.306122448979592,-0.959183673469388,1.51663634910584
-0.26530612244898,-0.959183673469388,1.58663952399372
-0.224489795918367,-0.959183673469388,1.66566069589843
-0.183673469387755,-0.959183673469388,1.75446690989252
-0.142857142857143,-0.959183673469388,1.85389045371189
-0.102040816326531,-0.959183673469388,1.9648344071104
-0.061224489795919,-0.959183673469388,2.08827866322675
-0.020408163265306,-0.959183673469388,2.2252864621116
0.020408163265306,-0.959183673469388,2.37701147997795
0.061224489795918,-0.959183673469388,2.54470552144277
0.102040816326531,-0.959183673469388,2.72972686604884
0.142857142857143,-0.959183673469388,2.93354932471786
0.183673469387755,-0.959183673469388,3.1577720665196
0.224489795918367,-0.959183673469388,3.40413028127799
0.265306122448979,-0.959183673469388,3.67450674910799
0.306122448979592,-0.959183673469388,3.97094439402432
0.346938775510204,-0.959183673469388,4.29565990532413
0.387755102040816,-0.959183673469388,4.65105851756578
0.428571428571428,-0.959183673469388,5.03975004769025
0.469387755102041,-0.959183673469388,5.4645662962144
0.510204081632653,-0.959183673469388,5.92857992851994
0.551020408163265,-0.959183673469388,6.43512496213102
0.591836734693877,-0.959183673469388,6.98781899658106
0.63265306122449,-0.959183673469388,7.59058733408862
0.673469387755102,-0.959183673469388,8.24768915186905
0.714285714285714,-0.959183673469388,8.96374590058822
0.755102040816326,-0.959183673469388,9.74377211830767
0.795918367346939,-0.959183673469388,10.5932088653759
0.836734693877551,-0.959183673469388,11.5179600031959
0.877551020408163,-0.959183673469388,12.5244315587615
0.918367346938775,-0.959183673469388,13.6195744374281
0.959183673469388,-0.959183673469388,14.8109307687101
1,-0.959183673469388,16.1066841941196
-1,-0.918367346938775,1.09868060525441
-0.959183673469388,-0.918367346938775,1.09463597842088
-0.918367346938775,-0.918367346938775,1.0929363470657
-0.877551020408163,-0.918367346938775,1.09378116980739
-0.836734693877551,-0.918367346938775,1.09738687064496
-0.795918367346939,-0.918367346938775,1.10398828198469
-0.755102040816326,-0.918367346938775,1.11384021040672
-0.714285714285714,-0.918367346938775,1.1272191356112
-0.673469387755102,-0.918367346938775,1.14442505387202
-0.63265306122449,-0.918367346938775,1.16578347828938
-0.591836734693878,-0.918367346938775,1.19164760917819
-0.551020408163265,-0.918367346938775,1.22240068906345
-0.510204081632653,-0.918367346938775,1.25845855798491
-0.469387755102041,-0.918367346938775,1.30027242614851
-0.428571428571429,-0.918367346938775,1.34833188241173
-0.387755102040816,-0.918367346938775,1.40316815866211
-0.346938775510204,-0.918367346938775,1.46535767185446
-0.306122448979592,-0.918367346938775,1.53552586732359
-0.26530612244898,-0.918367346938775,1.61435138899838
-0.224489795918367,-0.918367346938775,1.70257060432218
-0.183673469387755,-0.918367346938775,1.80098251405017
-0.142857142857143,-0.918367346938775,1.91045407965998
-0.102040816326531,-0.918367346938775,2.03192600389662
-0.061224489795919,-0.918367346938775,2.16641900299413
-0.020408163265306,-0.918367346938775,2.31504061239448
0.020408163265306,-0.918367346938775,2.47899257134137
0.061224489795918,-0.918367346938775,2.65957883558666
0.102040816326531,-0.918367346938775,2.85821427163461
0.142857142857143,-0.918367346938775,3.07643409049374
0.183673469387755,-0.918367346938775,3.31590408383668
0.224489795918367,-0.918367346938775,3.57843173081855
0.265306122448979,-0.918367346938775,3.86597824960958
0.306122448979592,-0.918367346938775,4.18067167399671
0.346938775510204,-0.918367346938775,4.52482104224351
0.387755102040816,-0.918367346938775,4.90093179281409
0.428571428571428,-0.918367346938775,5.31172246961327
0.469387755102041,-0.918367346938775,5.76014284812674
0.510204081632653,-0.918367346938775,6.24939360331902
0.551020408163265,-0.918367346938775,6.7829476504266
0.591836734693877,-0.918367346938775,7.36457330093797
0.63265306122449,-0.918367346938775,7.99835938815526
0.673469387755102,-0.918367346938775,8.68874252986437
0.714285714285714,-0.918367346938775,9.44053670988989
0.755102040816326,-0.918367346938775,10.2589653757727
0.795918367346939,-0.918367346938775,11.1496962665844
0.836734693877551,-0.918367346938775,12.118879203096
0.877551020408163,-0.918367346938775,13.1731870922704
0.918367346938775,-0.918367346938775,14.3198604194806
0.959183673469388,-0.918367346938775,15.5667555251075
1,-0.918367346938775,16.9223969874089
-1,-0.877551020408163,1.01343277449337
-0.959183673469388,-0.877551020408163,1.01456738838305
-0.918367346938775,-0.877551020408163,1.01814469205083
-0.877551020408163,-0.877551020408163,1.02437245371337
-0.836734693877551,-0.877551020408163,1.03347611375851
-0.795918367346939,-0.877551020408163,1.04570028788964
-0.755102040816326,-0.877551020408163,1.06131039812332
-0.714285714285714,-0.877551020408163,1.08059444251485
-0.673469387755102,-0.877551020408163,1.10386491541163
-0.63265306122449,-0.877551020408163,1.13146089103784
-0.591836734693878,-0.877551020408163,1.16375028430281
-0.551020408163265,-0.877551020408163,1.2011323039074
-0.510204081632653,-0.877551020408163,1.24404011410448
-0.469387755102041,-0.877551020408163,1.29294372286122
-0.428571428571429,-0.877551020408163,1.34835311568025
-0.387755102040816,-0.877551020408163,1.41082165597463
-0.346938775510204,-0.877551020408163,1.48094977466901
-0.306122448979592,-0.877551020408163,1.5593889736278
-0.26530612244898,-0.877551020408163,1.64684616960342
-0.224489795918367,-0.877551020408163,1.74408840766842
-0.183673469387755,-0.877551020408163,1.8519479755587
-0.142857142857143,-0.877551020408163,1.97132795302812
-0.102040816326531,-0.877551020408163,2.10320823321537
-0.061224489795919,-0.877551020408163,2.24865205617114
-0.020408163265306,-0.877551020408163,2.4088130981084
0.020408163265306,-0.877551020408163,2.58494316364413
0.061224489795918,-0.877551020408163,2.7784005323211
0.102040816326531,-0.877551020408163,2.99065901506103
0.142857142857143,-0.877551020408163,3.22331778093368
0.183673469387755,-0.877551020408163,3.47811201976297
0.224489795918367,-0.877551020408163,3.75692451166389
0.265306122448979,-0.877551020408163,4.06179818065112
0.306122448979592,-0.877551020408163,4.39494971602184
0.346938775510204,-0.877551020408163,4.7587843523344
0.387755102040816,-0.877551020408163,5.15591190652978
0.428571428571428,-0.877551020408163,5.58916417912484
0.469387755102041,-0.877551020408163,6.06161383550129
0.510204081632653,-0.877551020408163,6.57659489318328
0.551020408163265,-0.877551020408163,7.13772495170423
0.591836734693877,-0.877551020408163,7.7489293132827
0.63265306122449,-0.877551020408163,8.41446715513403
0.673469387755102,-0.877551020408163,9.13895992792411
0.714285714285714,-0.877551020408163,9.92742216971448
0.755102040816326,-0.877551020408163,10.7852949408536
0.795918367346939,-0.877551020408163,11.7184821027446
0.836734693877551,-0.877551020408163,12.7333896823811
0.877551020408163,-0.877551020408163,13.8369685851186
0.918367346938775,-0.877551020408163,15.0367609404715
0.959183673469388,-0.877551020408163,16.3409503899519
1,-0.877551020408163,17.7584166522479
-1,-0.836734693877551,0.937519366763339
-0.959183673469388,-0.836734693877551,0.943523036875113
-0.918367346938775,-0.836734693877551,0.952071161083759
-0.877551020408163,-0.836734693877551,0.963380163388281
-0.836734693877551,-0.836734693877551,0.977684876194966
-0.795918367346939,-0.836734693877551,0.995240106083947
-0.755102040816326,-0.836734693877551,1.01632233275538
-0.714285714285714,-0.836734693877551,1.04123155248316
-0.673469387755102,-0.836734693877551,1.07029327836747
-0.63265306122449,-0.836734693877551,1.10386071072323
-0.591836734693878,-0.836734693877551,1.14231709207546
-0.551020408163265,-0.836734693877551,1.18607826246387
-0.510204081632653,-0.836734693877551,1.23559543209442
-0.469387755102041,-0.836734693877551,1.29135818982459
-0.428571428571429,-0.836734693877551,1.35389776754193
-0.387755102040816,-0.836734693877551,1.42379058220123
-0.346938775510204,-0.836734693877551,1.50166207913732
-0.306122448979592,-0.836734693877551,1.58819090227906
-0.26530612244898,-0.836734693877551,1.68411341906982
-0.224489795918367,-0.836734693877551,1.79022863026477
-0.183673469387755,-0.836734693877551,1.90740349734152
-0.142857142857143,-0.836734693877551,2.03657872304512
-0.102040816326531,-0.836734693877551,2.17877502360959
-0.061224489795919,-0.836734693877551,2.33509993447689
-0.020408163265306,-0.836734693877551,2.50675519489073
0.020408163265306,-0.836734693877551,2.69504476060298
0.061224489795918,-0.836734693877551,2.90138349811789
0.102040816326531,-0.836734693877551,3.12730661844397
0.142857142857143,-0.836734693877551,3.37447991325386
0.183673469387755,-0.836734693877551,3.64471086170269
0.224489795918367,-0.836734693877551,3.93996068196067
0.265306122448979,-0.836734693877551,4.26235740781475
0.306122448979592,-0.836734693877551,4.61421007752851
0.346938775510204,-0.836734693877551,4.99802412956605
0.387755102040816,-0.836734693877551,5.41651810783218
0.428571428571428,-0.836734693877551,5.8726417878126
0.469387755102041,-0.836734693877551,6.36959584447184
0.510204081632653,-0.836734693877551,6.91085319304637
0.551020408163265,-0.836734693877551,7.50018214502469
0.591836734693877,-0.836734693877551,8.14167153370894
0.63265306122449,-0.836734693877551,8.839757976885
0.673469387755102,-0.836734693877551,9.59925545837748
0.714285714285714,-0.836734693877551,10.4253874257273
0.755102040816326,-0.836734693877551,11.3238216180059
0.795918367346939,-0.836734693877551,12.3007078559844
0.836734693877551,-0.836734693877551,13.3627190466258
0.877551020408163,-0.836734693877551,14.5170956753029
0.918367346938775,-0.836734693877551,15.7716940823968
0.959183673469388,-0.836734693877551,17.1350388461652
1,-0.836734693877551,18.6163796211478
-1,-0.795918367346939,0.870555825798323
-0.959183673469388,-0.795918367346939,0.881137013902007
-0.918367346938775,-0.795918367346939,0.894368660000456
-0.877551020408163,-0.795918367346939,0.910476204481498
-0.836734693877551,-0.795918367346939,0.929704263048536
-0.795918367346939,-0.795918367346939,0.952318257718129
-0.755102040816326,-0.795918367346939,0.978606186545566
-0.714285714285714,-0.795918367346939,1.00888054387825
-0.673469387755102,-0.795918367346939,1.04348040394036
-0.63265306122449,-0.795918367346939,1.08277368164125
-0.591836734693878,-0.795918367346939,1.12715958568174
-0.551020408163265,-0.795918367346939,1.17707128031472
-0.510204081632653,-0.795918367346939,1.23297877350737
-0.469387755102041,-0.795918367346939,1.29539205076231
-0.428571428571429,-0.795918367346939,1.3648644754926
-0.387755102040816,-0.795918367346939,1.44199647862289
-0.346938775510204,-0.795918367346939,1.52743956201758
-0.306122448979592,-0.795918367346939,1.62190064242911
-0.26530612244898,-0.795918367346939,1.72614676493001
-0.224489795918367,-0.795918367346939,1.8410102172562
-0.183673469387755,-0.795918367346939,1.96739407916153
-0.142857142857143,-0.795918367346939,2.10627824378469
-0.102040816326531,-0.795918367346939,2.25872595117636
-0.061224489795919,-0.795918367346939,2.42589087754953
-0.020408163265306,-0.795918367346939,2.60902482752116
0.020408163265306,-0.795918367346939,2.80948608063405
0.061224489795918,-0.795918367346939,3.02874844780988
0.102040816326531,-0.795918367346939,3.26841109811843
0.142857142857143,-0.795918367346939,3.53020922138364
0.183673469387755,-0.795918367346939,3.81602559772046
0.224489795918367,-0.795918367346939,4.1279031511436
0.265306122448979,-0.795918367346939,4.46805857095022
0.306122448979592,-0.795918367346939,4.83889709169869
0.346938775510204,-0.795918367346939,5.24302853032998
0.387755102040816,-0.795918367346939,5.68328468736094
0.428571428571428,-0.795918367346939,6.1627382281733
0.469387755102041,-0.795918367346939,6.6847231702912
0.510204081632653,-0.795918367346939,7.25285711324806
0.551020408163265,-0.795918367346939,7.87106535926243
0.591836734693877,-0.795918367346939,8.54360708554967
0.63265306122449,-0.795918367346939,9.27510374277566
0.673469387755102,-0.795918367346939,10.0705698690019
0.714285714285714,-0.795918367346939,10.935446524577
0.755102040816326,-0.795918367346939,11.8756375709038
0.795918367346939,-0.795918367346939,12.8975490349763
0.836734693877551,-0.795918367346939,14.0081318221496
0.877551020408163,-0.795918367346939,15.2149280619385
0.918367346938775,-0.795918367346939,16.5261213958548
0.959183673469388,-0.795918367346939,17.9505915425867
1,-0.795918367346939,19.4979735043353
-1,-0.755102040816326,0.812158571735726
-0.959183673469388,-0.755102040816326,0.827044468922139
-0.918367346938775,-0.755102040816326,0.844691244204427
-0.877551020408163,-0.755102040816326,0.865333729988878
-0.836734693877551,-0.755102040816326,0.889226732855626
-0.795918367346939,-0.755102040816326,0.916646732504829
-0.755102040816326,-0.755102040816326,0.947893725210369
-0.714285714285714,-0.755102040816326,0.983293224072451
-0.673469387755102,-0.755102040816326,1.02319842940598
-0.63265306122449,-0.755102040816326,1.06799258373597
-0.591836734693878,-0.755102040816326,1.11809152710215
-0.551020408163265,-0.755102040816326,1.17394646971046
-0.510204081632653,-0.755102040816326,1.2360470004184
-0.469387755102041,-0.755102040816326,1.30492435111351
-0.428571428571429,-0.755102040816326,1.38115493875057
-0.387755102040816,-0.755102040816326,1.46536420866443
-0.346938775510204,-0.755102040816326,1.55823080478394
-0.306122448979592,-0.755102040816326,1.66049109455246
-0.26530612244898,-0.755102040816326,1.77294407872517
-0.224489795918367,-0.755102040816326,1.8964567187797
-0.183673469387755,-0.755102040816326,2.03196971746106
-0.142857142857143,-0.755102040816326,2.1805037910033
-0.102040816326531,-0.755102040816326,2.34316647484836
-0.061224489795919,-0.755102040816326,2.52115950823997
-0.020408163265306,-0.755102040816326,2.71578684692998
0.020408163265306,-0.755102040816326,2.92846335742266
0.061224489795918,-0.755102040816326,3.16072425072651
0.102040816326531,-0.755102040816326,3.41423531851417
0.142857142857143,-0.755102040816326,3.69080403994076
0.183673469387755,-0.755102040816326,3.99239163317651
0.224489795918367,-0.755102040816326,4.32112613200835
0.265306122448979,-0.755102040816326,4.67931657469988
0.306122448979592,-0.755102040816326,5.06946839971518
0.346938775510204,-0.755102040816326,5.49430015095908
0.387755102040816,-0.755102040816326,5.95676160391727
0.428571428571428,-0.755102040816326,6.46005343355427
0.469387755102041,-0.755102040816326,7.00764855510657
0.510204081632653,-0.755102040816326,7.60331528006266
0.551020408163265,-0.755102040816326,8.25114244172468
0.591836734693877,-0.755102040816326,8.9555666578785
0.63265306122449,-0.755102040816326,9.72140191234874
0.673469387755102,-0.755102040816326,10.5538716526763
0.714285714285714,-0.755102040816326,11.4586436179327
0.755102040816326,-0.755102040816326,12.441867628889
0.795918367346939,-0.755102040816326,13.5102165925082
0.836734693877551,-0.755102040816326,14.670930994163
0.877551020408163,-0.755102040816326,15.9318671742347
0.918367346938775,-0.755102040816326,17.3015497109808
0.959183673469388,-0.755102040816326,18.7892282589412
1,-0.755102040816326,20.4049392218555
-1,-0.714285714285714,0.761945041794037
-0.959183673469388,-0.714285714285714,0.780881654985018
-0.918367346938775,-0.714285714285714,0.802694166558593
-0.877551020408163,-0.714285714285714,0.827627192218164
-0.836734693877551,-0.714285714285714,0.855946153980289
-0.795918367346939,-0.714285714285714,0.887939049900259
-0.755102040816326,-0.714285714285714,0.92391837432548
-0.714285714285714,-0.714285714285714,0.964223201480124
-0.673469387755102,-0.714285714285714,1.00922144627354
-0.63265306122449,-0.714285714285714,1.05931231740657
-0.591836734693878,-0.714285714285714,1.11492897913208
-0.551020408163265,-0.714285714285714,1.17654143941726
-0.510204081632653,-0.714285714285714,1.24465968376474
-0.469387755102041,-0.714285714285714,1.31983707558755
-0.428571428571429,-0.714285714285714,1.40267404581038
-0.387755102040816,-0.714285714285714,1.49382209629761
-0.346938775510204,-0.714285714285714,1.59398814380166
-0.306122448979592,-0.714285714285714,1.7039392333951
-0.26530612244898,-0.714285714285714,1.82450765281382
-0.224489795918367,-0.714285714285714,1.95659648181168
-0.183673469387755,-0.714285714285714,2.10118561352737
-0.142857142857143,-0.714285714285714,2.25933828801158
-0.102040816326531,-0.714285714285714,2.43220818147728
-0.061224489795919,-0.714285714285714,2.62104709854144
-0.020408163265306,-0.714285714285714,2.82721331874686
0.020408163265306,-0.714285714285714,3.05218065301523
0.061224489795918,-0.714285714285714,3.29754827041632
0.102040816326531,-0.714285714285714,3.56505136077405
0.142857142857143,-0.714285714285714,3.85657270420341
0.183673469387755,-0.714285714285714,4.17415522471908
0.224489795918367,-0.714285714285714,4.52001561161824
0.265306122448979,-0.714285714285714,4.89655909945923
0.306122448979592,-0.714285714285714,5.30639550518306
0.346938775510204,-0.714285714285714,5.75235662930655
0.387755102040816,-0.714285714285714,6.23751513721145
0.428571428571428,-0.714285714285714,6.76520504642187
0.469387755102041,-0.714285714285714,7.33904395647126
0.510204081632653,-0.714285714285714,7.96295716957817
0.551020408163265,-0.714285714285714,8.64120386295795
0.591836734693877,-0.714285714285714,9.37840548727646
0.63265306122449,-0.714285714285714,10.1795765805953
0.673469387755102,-0.714285714285714,11.0501582032628
0.714285714285714,-0.714285714285714,11.9960542166822
0.755102040816326,-0.714285714285714,13.0236706478472
0.795918367346939,-0.714285714285714,14.1399584021131
0.836734693877551,-0.714285714285714,15.3524596089945
0.877551020408163,-0.714285714285714,16.6693579100033
0.918367346938775,-0.714285714285714,18.0995330238278
0.959183673469388,-0.714285714285714,19.6526199526689
1,-0.714285714285714,21.3390732244991
-1,-0.673469387755102,0.719533732645206
-0.959183673469388,-0.673469387755102,0.7422859747077
-0.918367346938775,-0.673469387755102,0.768033927272358
-0.877551020408163,-0.673469387755102,0.797032396919312
-0.836734693877551,-0.673469387755102,0.829557863348722
-0.795918367346939,-0.673469387755102,0.865910322834468
-0.755102040816326,-0.673469387755102,0.906415288476756
-0.714285714285714,-0.673469387755102,0.951425960590489
-0.673469387755102,-0.673469387755102,1.00132558170068
-0.63265306122449,-0.673469387755102,1.05652999184707
-0.591836734693878,-0.673469387755102,1.11749040123559
-0.551020408163265,-0.673469387755102,1.18469639872374
-0.510204081632653,-0.673469387755102,1.25867921619905
-0.469387755102041,-0.673469387755102,1.34001527061632
-0.428571428571429,-0.673469387755102,1.42933000731039
-0.387755102040816,-0.673469387755102,1.5273020702101
-0.346938775510204,-0.673469387755102,1.63466782675882
-0.306122448979592,-0.673469387755102,1.75222627771175
-0.26530612244898,-0.673469387755102,1.88084438454648
-0.224489795918367,-0.673469387755102,2.02146285000804
-0.183673469387755,-0.673469387755102,2.17510239033049
-0.142857142857143,-0.673469387755102,2.34287054095576
-0.102040816326531,-0.673469387755102,2.52596904112758
-0.061224489795919,-0.673469387755102,2.7257018465978
-0.020408163265306,-0.673469387755102,2.94348382387068
0.020408163265306,-0.673469387755102,3.18085018395473
0.061224489795918,-0.673469387755102,3.4394667185226
0.102040816326531,-0.673469387755102,3.72114090672939
0.142857142857143,-0.673469387755102,4.02783396674535
0.183673469387755,-0.673469387755102,4.3616739323574
0.224489795918367,-0.673469387755102,4.72496984182913
0.265306122448979,-0.673469387755102,5.12022713362464
0.306122448979592,-0.673469387755102,5.55016435164875
0.346938775510204,-0.673469387755102,6.01773127138714
0.387755102040816,-0.673469387755102,6.52612856780436
0.428571428571428,-0.673469387755102,7.07882915613685
0.469387755102041,-0.673469387755102,7.67960134787315
0.510204081632653,-0.673469387755102,8.33253397631538
0.551020408163265,-0.673469387755102,9.04206365924941
0.591836734693877,-0.673469387755102,9.81300438049985
0.63265306122449,-0.673469387755102,10.6505795876076
0.673469387755102,-0.673469387755102,11.5604570196442
0.714285714285714,-0.673469387755102,12.5487864973807
0.755102040816326,-0.673469387755102,13.6222409277801
0.795918367346939,-0.673469387755102,14.7880607962152
0.836734693877551,-0.673469387755102,16.054102443067
0.877551020408163,-0.673469387755102,17.4288904465934
0.918367346938775,-0.673469387755102,18.921674461334
0.959183673469388,-0.673469387755102,20.5424908910284
1,-0.673469387755102,22.3022298072564
-1,-0.63265306122449,0.68454424455229
-0.959183673469388,-0.63265306122449,0.710896028166652
-0.918367346938775,-0.63265306122449,0.74036832586701
-0.877551020408163,-0.63265306122449,0.773226559669922
-0.836734693877551,-0.63265306122449,0.809758727630678
-0.795918367346939,-0.63265306122449,0.850277324096686
-0.755102040816326,-0.63265306122449,0.895121423292117
-0.714285714285714,-0.63265306122449,0.944658940126318
-0.673469387755102,-0.63265306122449,0.999289083300134
-0.63265306122449,-0.63265306122449,1.05944501706643
-0.591836734693878,-0.63265306122449,1.1255967493924
-0.551020408163265,-0.63265306122449,1.19825426578066
-0.510204081632653,-0.63265306122449,1.27797092964427
-0.469387755102041,-0.63265306122449,1.36534717190788
-0.428571428571429,-0.63265306122449,1.46103449443589
-0.387755102040816,-0.63265306122449,1.56573981398073
-0.346938775510204,-0.63265306122449,1.68023017561496
-0.306122448979592,-0.63265306122449,1.80533786707447
-0.26530612244898,-0.63265306122449,1.94196596811312
-0.224489795918367,-0.63265306122449,2.0910943718696
-0.183673469387755,-0.63265306122449,2.25378631839459
-0.142857142857143,-0.63265306122449,2.43119548390107
-0.102040816326531,-0.63265306122449,2.62457367300603
-0.061224489795919,-0.63265306122449,2.83527916525223
-0.020408163265306,-0.63265306122449,3.06478577156138
0.020408163265306,-0.63265306122449,3.31469266100326
0.061224489795918,-0.63265306122449,3.58673502340178
0.102040816326531,-0.63265306122449,3.88279563887193
0.142857142857143,-0.63265306122449,4.20491743142838
0.183673469387755,-0.63265306122449,4.55531709036833
0.224489795918367,-0.63265306122449,4.93639985025011
0.265306122448979,-0.63265306122449,5.35077552801472
0.306122448979592,-0.63265306122449,5.801275924179
0.346938775510204,-0.63265306122449,6.29097370412468
0.387755102040816,-0.63265306122449,6.8232028853759
0.428571428571428,-0.63265306122449,7.40158106746607
0.469387755102041,-0.63265306122449,8.03003355261377
0.510204081632653,-0.63265306122449,8.71281951803433
0.551020408163265,-0.63265306122449,9.45456041439364
0.591836734693877,-0.63265306122449,10.2602707797532
0.63265306122449,-0.63265306122449,11.1353916744616
0.673469387755102,-0.63265306122449,12.0858269599218
0.714285714285714,-0.63265306122449,13.1179826631275
0.755102040816326,-0.63265306122449,14.2388096894342
0.795918367346939,-0.63265306122449,15.4558501683563
0.836734693877551,-0.63265306122449,16.777287741406
0.877551020408163,-0.63265306122449,18.2120021272713
0.918367346938775,-0.63265306122449,19.7696283281532
0.959183673469388,-0.63265306122449,21.4606208720242
1,-0.63265306122449,23.2963235191499
-1,-0.591836734693878,0.656597327345892
-0.959183673469388,-0.591836734693878,0.686351662784823
-0.918367346938775,-0.591836734693878,0.719356515306052
-0.877551020408163,-0.591836734693878,0.755888364609737
-0.836734693877551,-0.591836734693878,0.796247206969757
-0.795918367346939,-0.591836734693878,0.840758555486319
-0.755102040816326,-0.591836734693878,0.889775610474327
-0.714285714285714,-0.591836734693878,0.943681614458798
-0.673469387755102,-0.591836734693878,1.00289240747946
-0.63265306122449,-0.591836734693878,1.06785919974225
-0.591836734693878,-0.591836734693878,1.13907158010467
-0.551020408163265,-0.591836734693878,1.21706078045426
-0.510204081632653,-0.591836734693878,1.30240321774581
-0.469387755102041,-0.591836734693878,1.39572433731414
-0.428571428571429,-0.591836734693878,1.49770278308813
-0.387755102040816,-0.591836734693878,1.60907492251113
-0.346938775510204,-0.591836734693878,1.73063975633833
-0.306122448979592,-0.591836734693878,1.86326424604733
-0.26530612244898,-0.591836734693878,2.00788909438317
-0.224489795918367,-0.591836734693878,2.16553501757989
-0.183673469387755,-0.591836734693878,2.33730955107944
-0.142857142857143,-0.591836734693878,2.52441443412553
-0.102040816326531,-0.591836734693878,2.72815362247002
-0.061224489795919,-0.591836734693878,2.94994198261718
-0.020408163265306,-0.591836734693878,3.19131472557551
0.020408163265306,-0.591836734693878,3.45393764301765
0.061224489795918,-0.591836734693878,3.73961821409872
0.102040816326531,-0.591836734693878,4.05031765698895
0.142857142857143,-0.591836734693878,4.38816400547528
0.183673469387755,-0.591836734693878,4.75546629782128
0.224489795918367,-0.591836734693878,5.15472997249107
0.265306122448979,-0.591836734693878,5.58867357338944
0.306122448979592,-0.591836734693878,6.06024687600212
0.346938775510204,-0.591836734693878,6.5726505552936
0.387755102040816,-0.591836734693878,7.12935752650038
0.428571428571428,-0.591836734693878,7.73413610111095
0.469387755102041,-0.591836734693878,8.39107511242745
0.510204081632653,-0.591836734693878,9.10461117823575
0.551020408163265,-0.591836734693878,9.87955828236047
0.591836734693877,-0.591836734693878,10.7211398723425
0.63265306122449,-0.591836734693878,11.6350236872534
0.673469387755102,-0.591836734693878,12.6273595478642
0.714285714285714,-0.591836734693878,13.7048203611378
0.755102040816326,-0.591836734693878,14.8746466124472
0.795918367346939,-0.591836734693878,16.1446946421733
0.836734693877551,-0.591836734693878,17.5234890285739
0.877551020408163,-0.591836734693878,19.0202794261888
0.918367346938775,-0.591836734693878,20.6451022387575
0.959183673469388,-0.591836734693878,22.4088475378598
1,-0.591836734693878,24.3233316734638
-1,-0.551020408163265,0.635314928316024
-0.959183673469388,-0.551020408163265,0.668294025297051
-0.918367346938775,-0.551020408163265,0.704659058380632
-0.877551020408163,-0.551020408163265,0.744698025622057
-0.836734693877551,-0.551020408163265,0.788723421368734
-0.795918367346939,-0.551020408163265,0.837074319844834
-0.755102040816326,-0.551020408163265,0.890118635959705
-0.714285714285714,-0.551020408163265,0.948255578414189
-0.673469387755102,-0.551020408163265,1.01191831146116
-0.63265306122449,-0.551020408163265,1.0815768430678
-0.591836734693878,-0.551020408163265,1.15774115873673
-0.551020408163265,-0.551020408163265,1.240964621881
-0.510204081632653,-0.551020408163265,1.33184766342528
-0.469387755102041,-0.551020408163265,1.43104178523396
-0.428571428571429,-0.551020408163265,1.53925390405947
-0.387755102040816,-0.551020408163265,1.65725106497437
-0.346938775510204,-0.551020408163265,1.78586555571455
-0.306122448979592,-0.551020408163265,1.92600045603386
-0.26530612244898,-0.551020408163265,2.07863565907101
-0.224489795918367,-0.551020408163265,2.24483440487667
-0.183673469387755,-0.551020408163265,2.42575036966382
-0.142857142857143,-0.551020408163265,2.62263535804945
-0.102040816326531,-0.551020408163265,2.83684764957632
-0.061224489795919,-0.551020408163265,3.06986105516614
-0.020408163265306,-0.551020408163265,3.32327474388869
0.020408163265306,-0.551020408163265,3.59882390556788
0.061224489795918,-0.551020408163265,3.89839132031869
0.102040816326531,-0.551020408163265,4.22401991215582
0.142857142857143,-0.551020408163265,4.57792637037643
0.183673469387755,-0.551020408163265,4.96251592953889
0.224489795918367,-0.551020408163265,5.38039840658416
0.265306122448979,-0.551020408163265,5.83440560202911
0.306122448979592,-0.551020408163265,6.32761018125546
0.346938775510204,-0.551020408163265,6.86334616178735
0.387755102040816,-0.551020408163265,7.44523114315819
0.428571428571428,-0.551020408163265,8.07719042758655
0.469387755102041,-0.551020408163265,8.76348319228779
0.510204081632653,-0.551020408163265,9.50873088792776
0.551020408163265,-0.551020408163265,10.317948052568
0.591836734693877,-0.551020408163265,11.196575746557
0.63265306122449,-0.551020408163265,12.1505178312979
0.673469387755102,-0.551020408163265,13.1861803337843
0.714285714285714,-0.551020408163265,14.3105141593717
0.755102040816326,-0.551020408163265,15.5310614375745
0.795918367346939,-0.551020408163265,16.8560058099048
0.836734693877551,-0.551020408163265,18.2942269950507
0.877551020408163,-0.551020408163265,19.8553599952133
0.918367346938775,-0.551020408163265,21.549859338365
0.959183673469388,-0.551020408163265,23.3890687847714
1,-0.551020408163265,25.3852969625507
-1,-0.510204081632653,0.620320242099183
-0.959183673469388,-0.510204081632653,0.656365615880383
-0.918367346938775,-0.510204081632653,0.695937986444037
-0.877551020408163,-0.510204081632653,0.739337350064029
-0.836734693877551,-0.510204081632653,0.786889219840562
-0.795918367346939,-0.510204081632653,0.83894679608854
-0.755102040816326,-0.510204081632653,0.895893321332981
-0.714285714285714,-0.510204081632653,0.958144635613611
-0.673469387755102,-0.510204081632653,1.02615194913638
-0.63265306122449,-0.510204081632653,1.10040485075877
-0.591836734693878,-0.510204081632653,1.18143457236833
-0.551020408163265,-0.510204081632653,1.26981753091984
-0.510204081632653,-0.510204081632653,1.36617917174815
-0.469387755102041,-0.510204081632653,1.47119813878211
-0.428571428571429,-0.510204081632653,1.58561079946508
-0.387755102040816,-0.510204081632653,1.71021615455225
-0.346938775510204,-0.510204081632653,1.84588116552122
-0.306122448979592,-0.510204081632653,1.99354653511703
-0.26530612244898,-0.510204081632653,2.15423297957373
-0.224489795918367,-0.510204081632653,2.32904803433324
-0.183673469387755,-0.510204081632653,2.5191934386393
-0.142857142857143,-0.510204081632653,2.72597314824377
-0.102040816326531,-0.510204081632653,2.95080202965089
-0.061224489795919,-0.510204081632653,3.1952152938692
-0.020408163265306,-0.510204081632653,3.46087873257131
0.020408163265306,-0.510204081632653,3.74959982491235
0.061224489795918,-0.510204081632653,4.06333978906255
0.102040816326531,-0.510204081632653,4.40422665880885
0.142857142857143,-0.510204081632653,4.77456947241482
0.183673469387755,-0.510204081632653,5.17687366834458
0.224489795918367,-0.510204081632653,5.61385779050292
0.265306122448979,-0.510204081632653,6.08847161437557
0.306122448979592,-0.510204081632653,6.60391581492702
0.346938775510204,-0.510204081632653,7.16366330739377
0.387755102040816,-0.510204081632653,7.77148240326431
0.428571428571428,-0.510204081632653,8.43146193584078
0.469387755102041,-0.510204081632653,9.14803852290905
0.510204081632653,-0.510204081632653,9.92602614829375
0.551020408163265,-0.510204081632653,10.7706482595358
0.591836734693877,-0.510204081632653,11.6875725957066
0.63265306122449,-0.510204081632653,12.6829489775773
0.673469387755102,-0.510204081632653,13.763450312111
0.714285714285714,-0.510204081632653,14.9363170846803
0.755102040816326,-0.510204081632653,16.2094056356664
0.795918367346939,-0.510204081632653,17.591240543327
0.836734693877551,-0.510204081632653,19.0910714622018
0.877551020408163,-0.510204081632653,20.7189347960305
0.918367346938775,-0.510204081632653,22.4857206163928
0.959183673469388,-0.510204081632653,24.4032452732568
1,-0.510204081632653,26.4843301815738
-1,-0.469387755102041,0.611237762643752
-0.959183673469388,-0.469387755102041,0.650210344539513
-0.918367346938775,-0.469387755102041,0.692856860593117
-0.877551020408163,-0.469387755102041,0.739489805151973
-0.836734693877551,-0.469387755102041,0.790448252440252
-0.795918367346939,-0.469387755102041,0.846100117367302
-0.755102040816326,-0.469387755102041,0.906844608633966
-0.714285714285714,-0.469387755102041,0.973114890493114
-0.673469387755102,-0.469387755102041,1.04538097091193
-0.63265306122449,-0.469387755102041,1.12415283539304
-0.591836734693878,-0.469387755102041,1.20998384734949
-0.551020408163265,-0.469387755102041,1.30347443770595
-0.510204081632653,-0.469387755102041,1.40527610832682
-0.469387755102041,-0.469387755102041,1.5160957759645
-0.428571428571429,-0.469387755102041,1.63670048569158
-0.387755102040816,-0.469387755102041,1.76792252524394
-0.346938775510204,-0.469387755102041,1.91066497437543
-0.306122448979592,-0.469387755102041,2.06590772622476
-0.26530612244898,-0.469387755102041,2.2347140208426
-0.224489795918367,-0.469387755102041,2.41823753444193
-0.183673469387755,-0.469387755102041,2.61773007163973
-0.142857142857143,-0.469387755102041,2.83454991197879
-0.102040816326531,-0.469387755102041,3.07017086638079
-0.061224489795919,-0.469387755102041,3.32619210391551
-0.020408163265306,-0.469387755102041,3.60434881440688
0.020408163265306,-0.469387755102041,3.90652377796988
0.061224489795918,-0.469387755102041,4.23475991861918
0.102040816326531,-0.469387755102041,4.59127392565197
0.142857142857143,-0.469387755102041,4.97847103362661
0.183673469387755,-0.469387755102041,5.39896105948407
0.224489795918367,-0.469387755102041,5.85557580374119
0.265306122448979,-0.469387755102041,6.35138793177972
0.306122448979592,-0.469387755102041,6.88973146112379
0.346938775510204,-0.469387755102041,7.47422399130681
0.387755102040816,-0.469387755102041,8.10879082454736
0.428571428571428,-0.469387755102041,8.79769113806076
0.469387755102041,-0.469387755102041,9.54554638251292
0.510204081632653,-0.469387755102041,10.3573710959654
0.551020408163265,-0.469387755102041,11.2386063387666
0.591836734693877,-0.469387755102041,12.1951559723196
0.63265306122449,-0.469387755102041,13.2334260236182
0.673469387755102,-0.469387755102041,14.3603673980177
0.714285714285714,-0.469387755102041,15.5835222250327
0.755102040816326,-0.469387755102041,16.9110741461752
0.795918367346939,-0.469387755102041,18.3519028801333
0.836734693877551,-0.469387755102041,19.9156434291081
0.877551020408163,-0.469387755102041,21.6127503210719
0.918367346938775,-0.469387755102041,23.4545673162905
0.959183673469388,-0.469387755102041,25.453403042882
1,-0.469387755102041,27.6226130657213
-1,-0.428571428571429,0.607693337340325
-0.959183673469388,-0.428571428571429,0.649473589841275
-0.918367346938775,-0.428571428571429,0.695080835398562
-0.877551020408163,-0.428571428571429,0.744840587112389
-0.836734693877551,-0.428571428571429,0.799106045297663
-0.795918367346939,-0.428571428571429,0.858260452479399
-0.755102040816326,-0.428571428571429,0.922719648697324
-0.714285714285714,-0.428571428571429,0.992934844157384
-0.673469387755102,-0.428571428571429,1.06939562771707
-0.63265306122449,-0.428571428571429,1.15263323126392
-0.591836734693878,-0.428571428571429,1.24322407175274
-0.551020408163265,-0.428571428571429,1.34179359451834
-0.510204081632653,-0.428571428571429,1.44902044348959
-0.469387755102041,-0.428571428571429,1.56564098610986
-0.428571428571429,-0.428571428571429,1.69245422313432
-0.387755102040816,-0.428571428571429,1.83032711604059
-0.346938775510204,-0.428571428571429,1.9802003675737
-0.306122448979592,-0.428571428571429,2.14309469396768
-0.26530612244898,-0.428571428571429,2.32011763066449
-0.224489795918367,-0.428571428571429,2.51247091690785
-0.183673469387755,-0.428571428571429,2.72145850844961
-0.142857142857143,-0.428571428571429,2.94849527179403
-0.102040816326531,-0.428571428571429,3.19511641794963
-0.061224489795919,-0.428571428571429,3.46298773858903
-0.020408163265306,-0.428571428571429,3.75391671286737
0.020408163265306,-0.428571428571429,4.06986455895487
0.061224489795918,-0.428571428571429,4.41295931063846
0.102040816326531,-0.428571428571429,4.78551000618173
0.142857142857143,-0.428571428571429,5.19002208404878
0.183673469387755,-0.428571428571429,5.62921408814442
0.224489795918367,-0.428571428571429,6.10603579395436
0.265306122448979,-0.428571428571429,6.62368787644311
0.306122448979592,-0.428571428571429,7.18564325084715
0.346938775510204,-0.428571428571429,7.79567022865499
0.387755102040816,-0.428571428571429,8.45785764316875
0.428571428571428,-0.428571428571429,9.17664211217432
0.469387755102041,-0.428571428571429,9.95683761949631
0.510204081632653,-0.428571428571429,10.8036676126756
0.551020408163265,-0.428571428571429,11.7227998307838
0.591836734693877,-0.428571428571429,12.7203840945918
0.63265306122449,-0.428571428571429,13.8030933110627
0.673469387755102,-0.428571428571429,14.9781679655693
0.714285714285714,-0.428571428571429,16.2534643984927
0.755102040816326,-0.428571428571429,17.6375071880906
0.795918367346939,-0.428571428571429,19.1395459889027
0.836734693877551,-0.428571428571429,20.7696172046687
0.877551020408163,-0.428571428571429,22.5386109069683
0.918367346938775,-0.428571428571429,24.4583434457696
0.959183673469388,-0.428571428571429,26.5416362360239
1,-0.428571428571429,28.8024012456227
-1,-0.387755102040816,0.609314223407144
-0.959183673469388,-0.387755102040816,0.653802260096066
-0.918367346938775,-0.387755102040816,0.70227672529024
-0.877551020408163,-0.387755102040816,0.755076693213837
-0.836734693877551,-0.387755102040816,0.812570078776204
-0.795918367346939,-0.387755102040816,0.875156090678185
-0.755102040816326,-0.387755102040816,0.943267893172652
-0.714285714285714,-0.387755102040816,1.01737549422679
-0.673469387755102,-0.387755102040816,1.09798887934321
-0.63265306122449,-0.387755102040816,1.18566141193498
-0.591836734693878,-0.387755102040816,1.28099352292676
-0.551020408163265,-0.387755102040816,1.38463671418294
-0.510204081632653,-0.387755102040816,1.49729790245595
-0.469387755102041,-0.387755102040816,1.61974413281834
-0.428571428571429,-0.387755102040816,1.75280769300602
-0.387755102040816,-0.387755102040816,1.89739166277283
-0.346938775510204,-0.387755102040816,2.05447593525747
-0.306122448979592,-0.387755102040816,2.22512375051063
-0.26530612244898,-0.387755102040816,2.41048878474528
-0.224489795918367,-0.387755102040816,2.6118228425784
-0.183673469387755,-0.387755102040816,2.83048420355277
-0.142857142857143,-0.387755102040816,3.06794667859009
-0.102040816326531,-0.387755102040816,3.32580943676013
-0.061224489795919,-0.387755102040816,3.60580766788682
-0.020408163265306,-0.387755102040816,3.90982415208513
0.020408163265306,-0.387755102040816,4.23990181336975
0.061224489795918,-0.387755102040816,4.59825734103786
0.102040816326531,-0.387755102040816,4.98729596964781
0.142857142857143,-0.387755102040816,5.40962751614059
0.183673469387755,-0.387755102040816,5.86808378103304
0.224489795918367,-0.387755102040816,6.36573742970688
0.265306122448979,-0.387755102040816,6.90592247968626
0.306122448979592,-0.387755102040816,7.49225653050461
0.346938775510204,-0.387755102040816,8.12866488438047
0.387755102040816,-0.387755102040816,8.8194067185292
0.428571428571428,-0.387755102040816,9.56910348361667
0.469387755102041,-0.387755102040816,10.3827697177044
0.510204081632653,-0.387755102040816,11.2658464811409
0.551020408163265,-0.387755102040816,12.2242376353293
0.591836734693877,-0.387755102040816,13.2643492072632
0.63265306122449,-0.387755102040816,14.3931321022981
0.673469387755102,-0.387755102040816,15.6181284499484
0.714285714285714,-0.387755102040816,16.9475218917262
0.755102040816326,-0.387755102040816,18.3901921463196
0.795918367346939,-0.387755102040816,19.9557742159297
0.836734693877551,-0.387755102040816,21.6547226285289
0.877551020408163,-0.387755102040816,23.4983811443828
0.918367346938775,-0.387755102040816,25.4990583916096
0.959183673469388,-0.387755102040816,27.6701099350842
1,-0.387755102040816,30.0260273258886
-1,-0.346938775510204,0.615729146624588
-0.959183673469388,-0.346938775510204,0.662844857088122
-0.918367346938775,-0.346938775510204,0.714113073708197
-0.877551020408163,-0.346938775510204,0.769886996799718
-0.836734693877551,-0.346938775510204,0.830549868887701
-0.795918367346939,-0.346938775510204,0.896517530011874
-0.755102040816326,-0.346938775510204,0.968241190378182
-0.714285714285714,-0.346938775510204,1.04621043884412
-0.673469387755102,-0.346938775510204,1.13095650729722
-0.63265306122449,-0.346938775510204,1.22305581269228
-0.591836734693878,-0.346938775510204,1.32313380036413
-0.551020408163265,-0.346938775510204,1.43186911424163
-0.510204081632653,-0.346938775510204,1.54999812176814
-0.469387755102041,-0.346938775510204,1.67831982369885
-0.428571428571429,-0.346938775510204,1.81770118151137
-0.387755102040816,-0.346938775510204,1.96908289795072
-0.346938775510204,-0.346938775510204,2.13348568925095
-0.306122448979592,-0.346938775510204,2.31201709085401
-0.26530612244898,-0.346938775510204,2.50587884200362
-0.224489795918367,-0.346938775510204,2.71637489845162
-0.183673469387755,-0.346938775510204,2.94492012670229
-0.142857142857143,-0.346938775510204,3.19304973776414
-0.102040816326531,-0.346938775510204,3.46242952330979
-0.061224489795919,-0.346938775510204,3.75486696249437
-0.020408163265306,-0.346938775510204,4.07232327348812
0.020408163265306,-0.346938775510204,4.41692649007796
0.061224489795918,-0.346938775510204,4.79098565052747
0.102040816326531,-0.346938775510204,5.19700619330077
0.142857142857143,-0.346938775510204,5.63770666230266
0.183673469387755,-0.346938775510204,6.11603683301885
0.224489795918367,-0.346938775510204,6.63519738041384
0.265306122448979,-0.346938775510204,7.19866121972413
0.306122448979592,-0.346938775510204,7.81019666243822
0.346938775510204,-0.346938775510204,8.47389254185823
0.387755102040816,-0.346938775510204,9.19418547577005
0.428571428571428,-0.346938775510204,9.97588944799828
0.469387755102041,-0.346938775510204,10.8242279060838
0.510204081632653,-0.346938775510204,11.7448685890982
0.551020408163265,-0.346938775510204,12.7439613178125
0.591836734693877,-0.346938775510204,13.8281789991897
0.63265306122449,-0.346938775510204,15.0047621186025
0.673469387755102,-0.346938775510204,16.2815670164322
0.714285714285714,-0.346938775510204,17.6671182709363
0.755102040816326,-0.346938775510204,19.1706655366547
0.795918367346939,-0.346938775510204,20.8022452173269
0.836734693877551,-0.346938775510204,22.5727473845327
0.877551020408163,-0.346938775510204,24.4939883882402
0.918367346938775,-0.346938775510204,26.5787896434008
0.959183673469388,-0.346938775510204,28.8410631179059
1,-0.346938775510204,31.2959040919059
-1,-0.306122448979592,0.626568362516601
-0.959183673469388,-0.306122448979592,0.676251542460859
-0.918367346938775,-0.306122448979592,0.730260225134539
-0.877551020408163,-0.306122448979592,0.788962325446992
-0.836734693877551,-0.306122448979592,0.852757052099057
-0.795918367346939,-0.306122448979592,0.922077569343607
-0.755102040816326,-0.306122448979592,0.997393885147827
-0.714285714285714,-0.306122448979592,1.07921598501434
-0.673469387755102,-0.306122448979592,1.16809723235619
-0.63265306122449,-0.306122448979592,1.26463805809805
-0.591836734693878,-0.306122448979592,1.36948996410432
-0.551020408163265,-0.306122448979592,1.48335986712741
-0.510204081632653,-0.306122448979592,1.60701481223989
-0.469387755102041,-0.306122448979592,1.74128708717764
-0.428571428571429,-0.306122448979592,1.88707977169454
-0.387755102040816,-0.306122448979592,2.04537275892927
-0.346938775510204,-0.306122448979592,2.21722928893251
-0.306122448979592,-0.306122448979592,2.40380303791725
-0.26530612244898,-0.306122448979592,2.60634581050045
-0.224489795918367,-0.306122448979592,2.82621588622491
-0.183673469387755,-0.306122448979592,3.06488707601231
-0.142857142857143,-0.306122448979592,3.32395854893243
-0.102040816326531,-0.306122448979592,3.60516549480921
-0.061224489795919,-0.306122448979592,3.9103906937576
-0.020408163265306,-0.306122448979592,4.24167706979231
0.020408163265306,-0.306122448979592,4.60124131221051
0.061224489795918,-0.306122448979592,4.99148865557054
0.102040816326531,-0.306122448979592,5.4150289168134
0.142857142857143,-0.306122448979592,5.87469389645593
0.183673469387755,-0.306122448979592,6.37355625987986
0.224489795918367,-0.306122448979592,6.91495002460932
0.265306122448979,-0.306122448979592,7.50249279017775
0.306122448979592,-0.306122448979592,8.1401098588037
0.346938775510204,-0.306122448979592,8.83206040770251
0.387755102040816,-0.306122448979592,9.58296588754007
0.428571428571428,-0.306122448979592,10.3978408363779
0.469387755102041,-0.306122448979592,11.2821263145645
0.510204081632653,-0.306122448979592,12.2417261835029
0.551020408163265,-0.306122448979592,13.2830464701869
0.591836734693877,-0.306122448979592,14.4130380799719
0.63265306122449,-0.306122448979592,15.6392431423723
0.673469387755102,-0.306122448979592,16.9698452989002
0.714285714285714,-0.306122448979592,18.4137242682437
0.755102040816326,-0.306122448979592,19.9805150526039
0.795918367346939,-0.306122448979592,21.6806721799531
0.836734693877551,-0.306122448979592,23.5255394105571
0.877551020408163,-0.306122448979592,25.527425372534
0.918367346938775,-0.306122448979592,27.6996856307587
0.959183673469388,-0.306122448979592,30.0568117363132
1,-0.306122448979592,32.6145278502297
-1,-0.26530612244898,0.641463720080964
-0.959183673469388,-0.26530612244898,0.693674206867868
-0.918367346938775,-0.26530612244898,0.750390400126216
-0.877551020408163,-0.26530612244898,0.811995542381028
-0.836734693877551,-0.26530612244898,0.878905473672028
-0.795918367346939,-0.26530612244898,0.951571404205164
-0.755102040816326,-0.26530612244898,1.03048292283793
-0.714285714285714,-0.26530612244898,1.11617126145785
-0.673469387755102,-0.26530612244898,1.20921283701974
-0.63265306122449,-0.26530612244898,1.31023309485842
-0.591836734693878,-0.26530612244898,1.41991067890275
-0.551020408163265,-0.26530612244898,1.53898195659609
-0.510204081632653,-0.26530612244898,1.66824592869363
-0.469387755102041,-0.26530612244898,1.80856955667297
-0.428571428571429,-0.26530612244898,1.96089354327915
-0.387755102040816,-0.26530612244898,2.12623860474622
-0.346938775510204,-0.26530612244898,2.3057122765161
-0.306122448979592,-0.26530612244898,2.50051629783253
-0.26530612244898,-0.26530612244898,2.71195462444737
-0.224489795918367,-0.26530612244898,2.94144212286486
-0.183673469387755,-0.26530612244898,3.19051400409354
-0.142857142857143,-0.26530612244898,3.46083605980602
-0.102040816326531,-0.26530612244898,3.75421576915743
-0.061224489795919,-0.26530612244898,4.072614350318
-0.020408163265306,-0.26530612244898,4.41815983707467
0.020408163265306,-0.26530612244898,4.79316126769101
0.061224489795918,-0.26530612244898,5.20012408063114
0.102040816326531,-0.26530612244898,5.64176681979986
0.142857142857143,-0.26530612244898,6.12103926068287
0.183673469387755,-0.26530612244898,6.6411420782447
0.224489795918367,-0.26530612244898,7.20554818772181
0.265306122448979,-0.26530612244898,7.81802590060273
0.306122448979592,-0.26530612244898,8.48266405018957
0.346938775510204,-0.26530612244898,9.20389925426821
0.387755102040816,-0.26530612244898,9.98654549666327
0.428571428571428,-0.26530612244898,10.8358262249156
0.469387755102041,-0.26530612244898,11.7574091780969
0.510204081632653,-0.26530612244898,12.757444176978
0.551020408163265,-0.26530612244898,13.842604128522
0.591836734693877,-0.26530612244898,15.0201295181017
0.63265306122449,-0.26530612244898,16.2978766860981
0.673469387755102,-0.26530612244898,17.6843702107691
0.714285714285714,-0.26530612244898,19.1888597466543
0.755102040816326,-0.26530612244898,20.8213816974934
0.795918367346939,-0.26530612244898,22.592826134866
0.836734693877551,-0.26530612244898,24.5150094087403
0.877551020408163,-0.26530612244898,26.6007529340677
0.918367346938775,-0.26530612244898,28.8639686787396
0.959183673469388,-0.26530612244898,31.3197519229065
1,-0.26530612244898,33.984481908139
-1,-0.224489795918367,0.660048728174641
-0.959183673469388,-0.224489795918367,0.714766542004801
-0.918367346938775,-0.224489795918367,0.774177773473731
-0.877551020408163,-0.224489795918367,0.838681631282276
-0.836734693877551,-0.224489795918367,0.908711279683305
-0.795918367346939,-0.224489795918367,0.984736726644004
-0.755102040816326,-0.224489795918367,1.06726795766699
-0.714285714285714,-0.224489795918367,1.15685833616533
-0.673469387755102,-0.224489795918367,1.25410829306366
-0.63265306122449,-0.224489795918367,1.35966933022641
-0.591836734693878,-0.224489795918367,1.47424836440598
-0.551020408163265,-0.224489795918367,1.59861244067494
-0.510204081632653,-0.224489795918367,1.73359384676917
-0.469387755102041,-0.224489795918367,1.88009566244255
-0.428571428571429,-0.224489795918367,2.03909778083376
-0.387755102040816,-0.224489795918367,2.21166344199347
-0.346938775510204,-0.224489795918367,2.39894632213469
-0.306122448979592,-0.224489795918367,2.60219822587437
-0.26530612244898,-0.224489795918367,2.82277743275531
-0.224489795918367,-0.224489795918367,3.06215775369919
-0.183673469387755,-0.224489795918367,3.32193835777579
-0.142857142857143,-0.224489795918367,3.60385443480904
-0.102040816326531,-0.224489795918367,3.90978876491392
-0.061224489795919,-0.224489795918367,4.2417842721051
-0.020408163265306,-0.224489795918367,4.60205764567978
0.020408163265306,-0.224489795918367,4.99301412019629
0.061224489795918,-0.224489795918367,5.41726351259563
0.102040816326531,-0.224489795918367,5.87763762339464
0.142857142857143,-0.224489795918367,6.37720911797505
0.183673469387755,-0.224489795918367,6.91931201386099
0.224489795918367,-0.224489795918367,7.5075639105859
0.265306122448979,-0.224489795918367,8.14589011036832
0.306122448979592,-0.224489795918367,8.83854979042361
0.346938775510204,-0.224489795918367,9.59016440141765
0.387755102040816,-0.224489795918367,10.405748481412
0.428571428571428,-0.224489795918367,11.290743090755
0.469387755102041,-0.224489795918367,12.25105209085
0.510204081632653,-0.224489795918367,13.2930815086904
0.551020408163265,-0.224489795918367,14.4237822496319
0.591836734693877,-0.224489795918367,15.6506964431887
0.63265306122449,-0.224489795918367,16.9820077308731
0.673469387755102,-0.224489795918367,18.4265958313731
0.714285714285714,-0.224489795918367,19.9940957468898
0.755102040816326,-0.224489795918367,21.6949620053955
0.795918367346939,-0.224489795918367,23.5405383671559
0.836734693877551,-0.224489795918367,25.5431334602893
0.877551020408163,-0.224489795918367,27.7161028496705
0.918367346938775,-0.224489795918367,30.0739380863815
0.959183673469388,-0.224489795918367,32.6323633314544
1,-0.224489795918367,35.4084401981534
-1,-0.183673469387755,0.68195862466477
-0.959183673469388,-0.183673469387755,0.739184115642155
-0.918367346938775,-0.183673469387755,0.801298555616003
-0.877551020408163,-0.183673469387755,0.86871778462604
-0.836734693877551,-0.183673469387755,0.941893012878212
-0.795918367346939,-0.183673469387755,1.02131382923001
-0.755102040816326,-0.183673469387755,1.10751146556898
-0.714285714285714,-0.183673469387755,1.2010623388499
-0.673469387755102,-0.183673469387755,1.30259189440762
-0.63265306122449,-0.183673469387755,1.41277877617098
-0.591836734693878,-0.183673469387755,1.53235935158336
-0.551020408163265,-0.183673469387755,1.66213262139993
-0.510204081632653,-0.183673469387755,1.80296554709832
-0.469387755102041,-0.183673469387755,1.95579883142353
-0.428571428571429,-0.183673469387755,2.12165319060963
-0.387755102040816,-0.183673469387755,2.30163616009855
-0.346938775510204,-0.183673469387755,2.49694947913402
-0.306122448979592,-0.183673469387755,2.70889710346789
-0.26530612244898,-0.183673469387755,2.93889389960443
-0.224489795918367,-0.183673469387755,3.18847507855214
-0.183673469387755,-0.183673469387755,3.45930643198365
-0.142857142857143,-0.183673469387755,3.7531954390541
-0.102040816326531,-0.183673469387755,4.07210331793371
-0.061224489795919,-0.183673469387755,4.41815810240941
-0.020408163265306,-0.183673469387755,4.79366883074479
0.020408163265306,-0.183673469387755,5.20114094140396
0.061224489795918,-0.183673469387755,5.64329297829171
0.102040816326531,-0.183673469387755,6.12307471689376
0.142857142857143,-0.183673469387755,6.64368683217463
0.183673469387755,-0.183673469387755,7.20860223937078
0.224489795918367,-0.183673469387755,7.82158924997073
0.265306122448979,-0.183673469387755,8.4867366972766
0.306122448979592,-0.183673469387755,9.20848119907429
0.346938775510204,-0.183673469387755,9.99163673918838
0.387755102040816,-0.183673469387755,10.8414267651598
0.428571428571428,-0.183673469387755,11.7635190160601
0.469387755102041,-0.183673469387755,12.7640633126602
0.510204081632653,-0.183673469387755,13.8497325619232
0.551020408163265,-0.183673469387755,15.027767249222
0.591836734693877,-0.183673469387755,16.3060237149375
0.63265306122449,-0.183673469387755,17.6930265373275
0.673469387755102,-0.183673469387755,19.1980253709317
0.714285714285714,-0.183673469387755,20.8310566194898
0.755102040816326,-0.183673469387755,22.6030103545815
0.795918367346939,-0.183673469387755,24.5257029261749
0.836734693877551,-0.183673469387755,26.6119557492213
0.877551020408163,-0.183673469387755,28.8756807916122
0.918367346938775,-0.183673469387755,31.3319733334981
0.959183673469388,-0.183673469387755,33.9972126164496
1,-0.183673469387755,36.8891710535496
-1,-0.142857142857143,0.706830448460548
-0.959183673469388,-0.142857142857143,0.766584449783981
-0.918367346938775,-0.142857142857143,0.831431077447026
-0.877551020408163,-0.142857142857143,0.901803495702557
-0.836734693877551,-0.142857142857143,0.978171712517757
-0.795918367346939,-0.142857142857143,1.06104571339525
-0.755102040816326,-0.142857142857143,1.15097886174808
-0.714285714285714,-0.142857142857143,1.24857158850092
-0.673469387755102,-0.142857142857143,1.35447539551817
-0.63265306122449,-0.142857142857143,1.46939719955224
-0.591836734693878,-0.142857142857143,1.5941040456757
-0.551020408163265,-0.142857142857143,1.72942822162444
-0.510204081632653,-0.142857142857143,1.87627280715231
-0.469387755102041,-0.142857142857143,2.03561769539802
-0.428571428571429,-0.142857142857143,2.20852612641224
-0.387755102040816,-0.142857142857143,2.39615177640796
-0.346938775510204,-0.142857142857143,2.59974645000214
-0.306122448979592,-0.142857142857143,2.82066842673758
-0.26530612244898,-0.142857142857143,3.06039151753596
-0.224489795918367,-0.142857142857143,3.32051489146707
-0.183673469387755,-0.142857142857143,3.60277373835482
-0.142857142857143,-0.142857142857143,3.9090508383142
-0.102040816326531,-0.142857142857143,4.24138911535988
-0.061224489795919,-0.142857142857143,4.60200525878906
-0.020408163265306,-0.142857142857143,4.99330450316007
0.020408163265306,-0.142857142857143,5.41789666541391
0.061224489795918,-0.142857142857143,5.87861354606743
0.102040816326531,-0.142857142857143,6.37852781050233
0.142857142857143,-0.142857142857143,6.92097347624278
0.183673469387755,-0.142857142857143,7.50956814282219
0.224489795918367,-0.142857142857143,8.14823711245911
0.265306122448979,-0.142857142857143,8.8412395623689
0.306122448979592,-0.142857142857143,9.59319694321744
0.346938775510204,-0.142857142857143,10.4091237930663
0.387755102040816,-0.142857142857143,11.2944611722638
0.428571428571428,-0.142857142857143,12.2551129422133
0.469387755102041,-0.142857142857143,13.2974851299082
0.510204081632653,-0.142857142857143,14.4285286407042
0.551020408163265,-0.142857142857143,15.6557856041155
0.591836734693877,-0.142857142857143,16.9874396616544
0.63265306122449,-0.142857142857143,18.4323705320089
0.673469387755102,-0.142857142857143,20.0002132173801
0.714285714285714,-0.142857142857143,21.7014222457403
0.755102040816326,-0.142857142857143,23.5473413773553
0.795918367346939,-0.142857142857143,25.5502792403431
0.836734693877551,-0.142857142857143,27.7235913995788
0.877551020408163,-0.142857142857143,30.0817694061443
0.918367346938775,-0.142857142857143,32.6405374210717
0.959183673469388,-0.142857142857143,35.4169570576253
1,-0.142857142857143,38.4295411411686
-1,-0.102040816326531,0.73430311454602
-0.959183673469388,-0.102040816326531,0.796627102082742
-0.918367346938775,-0.102040816326531,0.864255878655652
-0.877551020408163,-0.102040816326531,0.937640654470698
-0.836734693877551,-0.102040816326531,1.01727101838537
-0.795918367346939,-0.102040816326531,1.10367820228721
-0.755102040816326,-0.102040816326531,1.19743862313101
-0.714285714285714,-0.102040816326531,1.29917772625159
-0.673469387755102,-0.102040816326531,1.40957415557783
-0.63265306122449,-0.102040816326531,1.52936427855308
-0.591836734693878,-0.102040816326531,1.65934709593253
-0.551020408163265,-0.102040816326531,1.80038956919379
-0.510204081632653,-0.102040816326531,1.95343240108188
-0.469387755102041,-0.102040816326531,2.11949630783085
-0.428571428571429,-0.102040816326531,2.29968882488264
-0.387755102040816,-0.102040816326531,2.49521169148099
-0.346938775510204,-0.102040816326531,2.70736886337773
-0.306122448979592,-0.102040816326531,2.93757520707714
-0.26530612244898,-0.102040816326531,3.18736593358772
-0.224489795918367,-0.102040816326531,3.45840683458211
-0.183673469387755,-0.102040816326531,3.75250538921543
-0.142857142857143,-0.102040816326531,4.07162281565792
-0.102040816326531,-0.102040816326531,4.41788714769649
-0.061224489795919,-0.102040816326531,4.79360742359475
-0.020408163265306,-0.102040816326531,5.20128908181678
0.020408163265306,-0.102040816326531,5.64365066626741
0.061224489795918,-0.102040816326531,6.12364195243233
0.102040816326531,-0.102040816326531,6.64446361527607
0.142857142857143,-0.102040816326531,7.2095885700351
0.183673469387755,-0.102040816326531,7.82278512819792
0.224489795918367,-0.102040816326531,8.48814212306667
0.265306122448979,-0.102040816326531,9.21009617242723
0.306122448979592,-0.102040816326531,9.9934612601042
0.346938775510204,-0.102040816326531,10.8434608336385
0.387755102040816,-0.102040816326531,11.7657626321016
0.428571428571428,-0.102040816326531,12.7665164762646
0.469387755102041,-0.102040816326531,13.8523952730906
0.510204081632653,-0.102040816326531,15.0306395079521
0.551020408163265,-0.102040816326531,16.3091055212305
0.591836734693877,-0.102040816326531,17.6963178911834
0.63265306122449,-0.102040816326531,19.2015262723505
0.673469387755102,-0.102040816326531,20.8347670684715
0.714285714285714,-0.102040816326531,22.606930351126
0.755102040816326,-0.102040816326531,24.5298324702823
0.795918367346939,-0.102040816326531,26.6162948408916
0.836734693877551,-0.102040816326531,28.8802294308454
0.877551020408163,-0.102040816326531,31.3367315202941
0.918367346938775,-0.102040816326531,34.0021803508086
0.959183673469388,-0.102040816326531,36.8943483354714
1,-0.102040816326531,40.0325195580675
-1,-0.061224489795919,0.764017492138782
-0.959183673469388,-0.061224489795919,0.82897375064598
-0.918367346938775,-0.061224489795919,0.899455799745662
-0.877551020408163,-0.061224489795919,0.975933647405015
-0.836734693877551,-0.061224489795919,1.05891727912666
-0.795918367346939,-0.061224489795919,1.14896005832364
-0.755102040816326,-0.061224489795919,1.24666241592064
-0.714285714285714,-0.061224489795919,1.35267585378204
-0.673469387755102,-0.061224489795919,1.46770728866026
-0.63265306122449,-0.061224489795919,1.59252376562787
-0.591836734693878,-0.061224489795919,1.72795757242076
-0.551020408163265,-0.061224489795919,1.87491178879279
-0.510204081632653,-0.061224489795919,2.03436630788265
-0.469387755102041,-0.061224489795919,2.20738436974102
-0.428571428571429,-0.061224489795919,2.39511965058089
-0.387755102040816,-0.061224489795919,2.59882395501923
-0.346938775510204,-0.061224489795919,2.81985556259882
-0.306122448979592,-0.061224489795919,3.05968828424135
-0.26530612244898,-0.061224489795919,3.31992128901661
-0.224489795918367,-0.061224489795919,3.60228976674852
-0.183673469387755,-0.061224489795919,3.90867649755204
-0.142857142857143,-0.061224489795919,4.24112440544188
-0.102040816326531,-0.061224489795919,4.60185017971521
-0.061224489795919,-0.061224489795919,4.99325905493038
-0.020408163265306,-0.061224489795919,5.41796084802837
0.020408163265306,-0.061224489795919,5.87878735952604
0.061224489795918,-0.061224489795919,6.3788112548051
0.102040816326531,-0.061224489795919,6.9213665513897
0.142857142857143,-0.061224489795919,7.51007084881326
0.183673469387755,-0.061224489795919,8.14884944929433
0.224489795918367,-0.061224489795919,8.84196153004827
0.265306122448979,-0.061224489795919,9.59402854174097
0.306122448979592,-0.061224489795919,10.4100650224339
0.346938775510204,-0.061224489795919,11.2955120324757
0.387755102040816,-0.061224489795919,12.2562734332692
0.428571428571428,-0.061224489795919,13.2987552518084
0.469387755102041,-0.061224489795919,14.4299083934485
0.510204081632653,-0.061224489795919,15.657274987704
0.551020408163265,-0.061224489795919,16.989038676087
0.591836734693877,-0.061224489795919,18.4340791772856
0.63265306122449,-0.061224489795919,20.0020314935009
0.673469387755102,-0.061224489795919,21.7033501527053
0.714285714285714,-0.061224489795919,23.5493789151645
0.755102040816326,-0.061224489795919,25.5524264089965
0.795918367346939,-0.061224489795919,27.7258481990763
0.836734693877551,-0.061224489795919,30.084135836486
0.877551020408163,-0.061224489795919,32.6430134822575
0.918367346938775,-0.061224489795919,35.4195427496552
0.959183673469388,-0.061224489795919,38.4322364640427
1,-0.061224489795919,41.70118209884
-1,-0.020408163265306,0.795616486104844
-0.959183673469388,-0.020408163265306,0.863288282376093
-0.918367346938775,-0.020408163265306,0.936716077889476
-0.877551020408163,-0.020408163265306,1.01638946150249
-0.836734693877551,-0.020408163265306,1.10283966510266
-0.795918367346939,-0.020408163265306,1.1966431056448
-0.755102040816326,-0.020408163265306,1.29842522846373
-0.714285714285714,-0.020408163265306,1.4088646774883
-0.673469387755102,-0.020408163265306,1.52869782016189
-0.63265306122449,-0.020408163265306,1.65872365723968
-0.591836734693878,-0.020408163265306,1.79980915019927
-0.551020408163265,-0.020408163265306,1.9528950017857
-0.510204081632653,-0.020408163265306,2.11900192823301
-0.469387755102041,-0.020408163265306,2.29923746498314
-0.428571428571429,-0.020408163265306,2.49480335127983
-0.387755102040816,-0.020408163265306,2.70700354287491
-0.346938775510204,-0.020408163265306,2.93725290627265
-0.306122448979592,-0.020408163265306,3.18708665248157
-0.26530612244898,-0.020408163265306,3.4581705731743
-0.224489795918367,-0.020408163265306,3.75231214750596
-0.183673469387755,-0.020408163265306,4.07147259364678
-0.142857142857143,-0.020408163265306,4.4177799453837
-0.102040816326531,-0.020408163265306,4.79354324098029
-0.061224489795919,-0.020408163265306,5.20126791890067
-0.020408163265306,-0.020408163265306,5.64367252304963
0.020408163265306,-0.020408163265306,6.1237068289129
0.061224489795918,-0.020408163265306,6.64457151145497
0.102040816326531,-0.020408163265306,7.20973948591233
0.142857142857143,-0.020408163265306,7.82297906377349
0.183673469387755,-0.020408163265306,8.48837907834058
0.224489795918367,-0.020408163265306,9.21037614739948
0.265306122448979,-0.020408163265306,9.99378425477478
0.306122448979592,-0.020408163265306,10.8438268480074
0.346938775510204,-0.020408163265306,11.7661716661689
0.387755102040816,-0.020408163265306,12.7669685300302
0.428571428571428,-0.020408163265306,13.8528903465545
0.469387755102041,-0.020408163265306,15.0311776011144
0.510204081632653,-0.020408163265306,16.3096866340911
0.551020408163265,-0.020408163265306,17.6969420237423
0.591836734693877,-0.020408163265306,19.2021934246078
0.63265306122449,-0.020408163265306,20.8354772404271
0.673469387755102,-0.020408163265306,22.60768354278
0.714285714285714,-0.020408163265306,24.5306286816346
0.755102040816326,-0.020408163265306,26.6171340719422
0.795918367346939,-0.020408163265306,28.8811116815944
0.836734693877551,-0.020408163265306,31.3376567907415
0.877551020408163,-0.020408163265306,34.0031486409542
0.918367346938775,-0.020408163265306,36.8953596453154
0.959183673469388,-0.020408163265306,40.0335738876098
1,-0.020408163265306,43.4387157007175
-1,0.020408163265306,0.828745121765295
-0.959183673469388,0.020408163265306,0.899236884990409
-0.918367346938775,0.020408163265306,0.975724446775193
-0.877551020408163,0.020408163265306,1.05871779262227
-0.836734693877551,0.020408163265306,1.14877028594468
-0.795918367346939,0.020408163265306,1.24648235766711
-0.755102040816326,0.020408163265306,1.35250550965394
-0.714285714285714,0.020408163265306,1.46754665865759
-0.673469387755102,0.020408163265306,1.59237284975063
-0.63265306122449,0.020408163265306,1.72781637066896
-0.591836734693878,0.020408163265306,1.87478030116642
-0.551020408163265,0.020408163265306,2.03424453438171
-0.510204081632653,0.020408163265306,2.20727231036552
-0.469387755102041,0.020408163265306,2.39501730533081
-0.428571428571429,0.020408163265306,2.59873132389458
-0.387755102040816,0.020408163265306,2.8197726455996
-0.346938775510204,0.020408163265306,3.05961508136757
-0.306122448979592,0.020408163265306,3.31985780026826
-0.26530612244898,0.020408163265306,3.60223599212559
-0.224489795918367,0.020408163265306,3.90863243705455
-0.183673469387755,0.020408163265306,4.24109005906982
-0.142857142857143,0.020408163265306,4.60182554746858
-0.102040816326531,0.020408163265306,4.99324413680918
-0.061224489795919,0.020408163265306,5.4179556440326
-0.020408163265306,0.020408163265306,5.8787918696557
0.020408163265306,0.020408163265306,6.37882547906019
0.061224489795918,0.020408163265306,6.92139048977022
0.102040816326531,0.020408163265306,7.51010450131921
0.142857142857143,0.020408163265306,8.14889281592572
0.183673469387755,0.020408163265306,8.8420146108051
0.224489795918367,0.020408163265306,9.59409133662322
0.265306122448979,0.020408163265306,10.4101375314416
0.306122448979592,0.020408163265306,11.2955942556088
0.346938775510204,0.020408163265306,12.2563653705278
0.387755102040816,0.020408163265306,13.2988569031923
0.428571428571428,0.020408163265306,14.4300197589579
0.469387755102041,0.020408163265306,15.6573960673388
0.510204081632653,0.020408163265306,16.9891694698473
0.551020408163265,0.020408163265306,18.4342196851714
0.591836734693877,0.020408163265306,20.0021817155121
0.63265306122449,0.020408163265306,21.7035100888419
0.673469387755102,0.020408163265306,23.5495485654264
0.714285714285714,0.020408163265306,25.5526057733839
0.755102040816326,0.020408163265306,27.7260372775892
0.795918367346939,0.020408163265306,30.0843346291242
0.836734693877551,0.020408163265306,32.6432219890212
0.877551020408163,0.020408163265306,35.4197609705444
0.918367346938775,0.020408163265306,38.4324643990573
0.959183673469388,0.020408163265306,41.70141974798
1,0.020408163265306,45.2484230738557
-1,0.061224489795918,0.863050633236079
-0.959183673469388,0.061224489795918,0.936488142874894
-0.918367346938775,0.061224489795918,1.01617124061334
-0.877551020408163,0.061224489795918,1.10263115833894
-0.836734693877551,0.061224489795918,1.19644431300651
-0.795918367346939,0.061224489795918,1.29823614995087
-0.755102040816326,0.061224489795918,1.40868531310087
-0.714285714285714,0.061224489795918,1.5285281698999
-0.673469387755102,0.061224489795918,1.65856372110311
-0.63265306122449,0.061224489795918,1.79965892818814
-0.591836734693878,0.061224489795918,1.9527544939
-0.551020408163265,0.061224489795918,2.11887113447274
-0.510204081632653,0.061224489795918,2.29911638534831
-0.469387755102041,0.061224489795918,2.49469198577042
-0.428571428571429,0.061224489795918,2.70690189149093
-0.387755102040816,0.061224489795918,2.93716096901411
-0.346938775510204,0.061224489795918,3.18700442934846
-0.306122448979592,0.061224489795918,3.45809806416662
-0.26530612244898,0.061224489795918,3.75224935262371
-0.224489795918367,0.061224489795918,4.07141951288996
-0.183673469387755,0.061224489795918,4.41773657875231
-0.142857142857143,0.061224489795918,4.79350958847433
-0.102040816326531,0.061224489795918,5.20124398052014
-0.061224489795919,0.061224489795918,5.64365829879454
-0.020408163265306,0.061224489795918,6.12370231878323
0.020408163265306,0.061224489795918,6.64457671545074
0.061224489795918,0.061224489795918,7.20975440403353
0.102040816326531,0.061224489795918,7.82300369602012
0.142857142857143,0.061224489795918,8.48841342471264
0.183673469387755,0.061224489795918,9.21042020789697
0.224489795918367,0.061224489795918,9.9938380293977
0.265306122448979,0.061224489795918,10.8438903367558
0.306122448979592,0.061224489795918,11.7662448690427
0.346938775510204,0.061224489795918,12.7670514470295
0.387755102040816,0.061224489795918,13.8529829776791
0.428571428571428,0.061224489795918,15.0312799463645
0.469387755102041,0.061224489795918,16.3097986934666
0.510204081632653,0.061224489795918,17.6970637972433
0.551020408163265,0.061224489795918,19.2023249122342
0.591836734693877,0.061224489795918,20.8356184421789
0.63265306122449,0.061224489795918,22.6078344586572
0.673469387755102,0.061224489795918,24.5307893116373
0.714285714285714,0.061224489795918,26.6173044160703
0.755102040816326,0.061224489795918,28.8812917398479
0.795918367346939,0.061224489795918,31.3378465631204
0.836734693877551,0.061224489795918,34.0033481274586
0.877551020408163,0.061224489795918,36.8955688459452
0.918367346938775,0.061224489795918,40.0337928023651
0.959183673469388,0.061224489795918,43.4389443295982
1,0.061224489795918,47.1337275245234
-1,0.102040816326531,0.898182555448071
-0.959183673469388,0.102040816326531,0.974713136931193
-0.918367346938775,0.102040816326531,1.05774950247661
-0.877551020408163,0.102040816326531,1.14784501549736
-0.836734693877551,0.102040816326531,1.24560010691812
-0.795918367346939,0.102040816326531,1.35166627860329
-0.755102040816326,0.102040816326531,1.46675044730529
-0.714285714285714,0.102040816326531,1.59161965809666
-0.673469387755102,0.102040816326531,1.72710619871333
-0.63265306122449,0.102040816326531,1.87411314890912
-0.591836734693878,0.102040816326531,2.03362040182275
-0.551020408163265,0.102040816326531,2.2066911975049
-0.510204081632653,0.102040816326531,2.39447921216853
-0.469387755102041,0.102040816326531,2.59823625043064
-0.428571428571429,0.102040816326531,2.819320591834
-0.387755102040816,0.102040816326531,3.0592060473003
-0.346938775510204,0.102040816326531,3.31949178589933
-0.306122448979592,0.102040816326531,3.60191299745501
-0.26530612244898,0.102040816326531,3.9083524620823
-0.224489795918367,0.102040816326531,4.24085310379591
-0.183673469387755,0.102040816326531,4.60163161189301
-0.142857142857143,0.102040816326531,4.99309322093194
-0.102040816326531,0.102040816326531,5.41784774785371
-0.061224489795919,0.102040816326531,5.87872699317514
-0.020408163265306,0.102040816326531,6.37880362227797
0.020408163265306,0.102040816326531,6.92141165268634
0.061224489795918,0.102040816326531,7.51016868393367
0.102040816326531,0.102040816326531,8.14900001823852
0.142857142857143,0.102040816326531,8.84216483281623
0.183673469387755,0.102040816326531,9.59428457833269
0.224489795918367,0.102040816326531,10.4103737928494
0.265306122448979,0.102040816326531,11.2958735367149
0.306122448979592,0.102040816326531,12.2566876713323
0.346938775510204,0.102040816326531,13.2992222236952
0.387755102040816,0.102040816326531,14.430428099159
0.428571428571428,0.102040816326531,15.6578474272383
0.469387755102041,0.102040816326531,16.9896638494451
0.510204081632653,0.102040816326531,18.4347570844675
0.551020408163265,0.102040816326531,20.0027621345066
0.591836734693877,0.102040816326531,21.7041335275348
0.63265306122449,0.102040816326531,23.5502150238176
0.673469387755102,0.102040816326531,25.5533152514735
0.714285714285714,0.102040816326531,27.726789775377
0.755102040816326,0.102040816326531,30.0851301466105
0.795918367346939,0.102040816326531,32.6440605262058
0.836734693877551,0.102040816326531,35.4206425274272
0.877551020408163,0.102040816326531,38.4333889756385
0.918367346938775,0.102040816326531,41.7023873442596
0.959183673469388,0.102040816326531,45.2494336898336
1,0.102040816326531,49.0981779792279
-1,0.142857142857143,0.933792820000783
-0.959183673469388,0.142857142857143,1.01358554858338
-0.918367346938775,0.142857142857143,1.10015509715314
-0.877551020408163,0.142857142857143,1.19407788266486
-0.836734693877551,0.142857142857143,1.29597935045337
-0.795918367346939,0.142857142857143,1.40653814444752
-0.755102040816326,0.142857142857143,1.5264906320907
-0.714285714285714,0.142857142857143,1.65663581413807
-0.673469387755102,0.142857142857143,1.79784065206725
-0.63265306122449,0.142857142857143,1.95104584862326
-0.591836734693878,0.142857142857143,2.11727212004015
-0.551020408163265,0.142857142857143,2.29762700175987
-0.510204081632653,0.142857142857143,2.49331223302613
-0.469387755102041,0.142857142857143,2.7056317695908
-0.428571428571429,0.142857142857143,2.93600047795813
-0.387755102040816,0.142857142857143,3.18595356913663
-0.346938775510204,0.142857142857143,3.45715683479894
-0.306122448979592,0.142857142857143,3.75141775410019
-0.26530612244898,0.142857142857143,4.07069754521059
-0.224489795918367,0.142857142857143,4.41712424191709
-0.183673469387755,0.142857142857143,4.79300688248327
-0.142857142857143,0.142857142857143,5.20085090537323
-0.102040816326531,0.142857142857143,5.64337485449178
-0.061224489795919,0.142857142857143,6.12352850532462
-0.020408163265306,0.142857142857143,6.64451253283628
0.020408163265306,0.142857142857143,7.20979985226323
0.061224489795918,0.142857142857143,7.82315877509397
0.102040816326531,0.142857142857143,8.48867813463064
0.142857142857143,0.142857142857143,9.21079454865912
0.183673469387755,0.142857142857143,9.99432200100401
0.224489795918367,0.142857142857143,10.8444839392062
0.265306122448979,0.142857142857143,11.7669481023373
0.306122448979592,0.142857142857143,12.7678643111682
0.346938775510204,0.142857142857143,13.8539054726621
0.387755102040816,0.142857142857143,15.0323120721916
0.428571428571428,0.142857142857143,16.3109404501379
0.469387755102041,0.142857142857143,17.6983151847587
0.510204081632653,0.142857142857143,19.2036859305937
0.551020408163265,0.142857142857143,20.8370890913826
0.591836734693877,0.142857142857143,22.609414738705
0.63265306122449,0.142857142857143,24.5324792225292
0.673469387755102,0.142857142857143,26.6191039578065
0.714285714285714,0.142857142857143,28.8832009124282
0.755102040816326,0.142857142857143,31.3398653665449
0.795918367346939,0.142857142857143,34.0054765617272
0.836734693877551,0.142857142857143,36.8978069110579
0.877551020408163,0.142857142857143,40.036140498322
0.918367346938775,0.142857142857143,43.4414016563992
0.959183673469388,0.142857142857143,47.1362944821686
1,0.142857142857143,51.1454542181506
-1,0.183673469387755,0.969535855009406
-0.959183673469388,0.183673469387755,1.05278176811769
-0.918367346938775,0.183673469387755,1.14308682870132
-0.877551020408163,0.183673469387755,1.24105146768496
-0.836734693877551,0.183673469387755,1.347327186933
-0.795918367346939,0.183673469387755,1.46262090319786
-0.755102040816326,0.183673469387755,1.58769966155212
-0.714285714285714,0.183673469387755,1.72339574973165
-0.673469387755102,0.183673469387755,1.87061224749032
-0.63265306122449,0.183673469387755,2.03032904796683
-0.591836734693878,0.183673469387755,2.20360939121184
-0.551020408163265,0.183673469387755,2.39160695343835
-0.510204081632653,0.183673469387755,2.59557353926334
-0.469387755102041,0.183673469387755,2.81686742822957
-0.428571428571429,0.183673469387755,3.05696243125874
-0.387755102040816,0.183673469387755,3.31745771742064
-0.346938775510204,0.183673469387755,3.60008847653919
-0.306122448979592,0.183673469387755,3.90673748872936
-0.26530612244898,0.183673469387755,4.23944767800584
-0.224489795918367,0.183673469387755,4.60043573366582
-0.183673469387755,0.183673469387755,4.99210689026762
-0.142857142857143,0.183673469387755,5.41707096475226
-0.102040816326531,0.183673469387755,5.87815975763657
-0.061224489795919,0.183673469387755,6.37844593430227
-0.020408163265306,0.183673469387755,6.92126351227351
0.020408163265306,0.183673469387755,7.51023009108372
0.061224489795918,0.183673469387755,8.14927097295144
0.102040816326531,0.183673469387755,8.84264533509202
0.142857142857143,0.183673469387755,9.59497462817136
0.183673469387755,0.183673469387755,10.411273390251
0.224489795918367,0.183673469387755,11.2969826816793
0.265306122448979,0.183673469387755,12.2580063638596
0.306122448979592,0.183673469387755,13.3007504637853
0.346938775510204,0.183673469387755,14.4321658868121
0.387755102040816,0.183673469387755,15.6597947624542
0.428571428571428,0.183673469387755,16.9918207322239
0.469387755102041,0.183673469387755,18.4371235148092
0.510204081632653,0.183673469387755,20.0053381124111
0.551020408163265,0.183673469387755,21.7069190530022
0.591836734693877,0.183673469387755,23.5532100968479
0.63265306122449,0.183673469387755,25.5565198720666
0.673469387755102,0.183673469387755,27.730203943533
0.714285714285714,0.183673469387755,30.0887538623294
0.755102040816326,0.183673469387755,32.6478937894876
0.795918367346939,0.183673469387755,35.4246853382719
0.836734693877551,0.183673469387755,38.437641334046
0.877551020408163,0.183673469387755,41.70684925023
0.918367346938775,0.183673469387755,45.2541051433669
0.959183673469388,0.183673469387755,49.103058980324
1,0.183673469387755,53.2793723266106
-1,0.224489795918367,1.00506868911156
-0.959183673469388,0.224489795918367,1.09198100753582
-0.918367346938775,0.224489795918367,1.18624656290204
-0.877551020408163,0.224489795918367,1.28849080054505
-0.836734693877551,0.224489795918367,1.39939236439371
-0.795918367346939,0.224489795918367,1.51968762189139
-0.755102040816326,0.224489795918367,1.65017557379326
-0.714285714285714,0.224489795918367,1.79172318157694
-0.673469387755102,0.224489795918367,1.94527114798745
-0.63265306122449,0.224489795918367,2.11184018925885
-0.591836734693878,0.224489795918367,2.29253784083307
-0.551020408163265,0.224489795918367,2.48856584195383
-0.510204081632653,0.224489795918367,2.701228148373
-0.469387755102041,0.224489795918367,2.93193962659483
-0.428571428571429,0.224489795918367,3.18223548762783
-0.387755102040816,0.224489795918367,3.45378152314465
-0.346938775510204,0.224489795918367,3.74838521230039
-0.306122448979592,0.224489795918367,4.0680077732653
-0.26530612244898,0.224489795918367,4.4147772398263
-0.224489795918367,0.224489795918367,4.79100265024698
-0.183673469387755,0.224489795918367,5.19918944299144
-0.142857142857143,0.224489795918367,5.64205616196449
-0.102040816326531,0.224489795918367,6.12255258265183
-0.061224489795919,0.224489795918367,6.64387938001799
-0.020408163265306,0.224489795918367,7.20950946929944
0.020408163265306,0.224489795918367,7.82321116198469
0.061224489795918,0.224489795918367,8.48907329137586
0.102040816326531,0.224489795918367,9.21153247525884
0.142857142857143,0.224489795918367,9.99540269745823
0.183673469387755,0.224489795918367,10.8459074055149
0.224489795918367,0.224489795918367,11.7687143385005
0.265306122448979,0.224489795918367,12.7699733171859
0.306122448979592,0.224489795918367,13.8563572485343
0.346938775510204,0.224489795918367,15.0351066179183
0.387755102040816,0.224489795918367,16.3140777657191
0.428571428571428,0.224489795918367,17.7017952701944
0.469387755102041,0.224489795918367,19.2075087858839
0.510204081632653,0.224489795918367,20.8412547165274
0.551020408163265,0.224489795918367,22.6139231337043
0.591836734693877,0.224489795918367,24.537330387383
0.63265306122449,0.224489795918367,26.6242978925147
0.673469387755102,0.224489795918367,28.8887376169909
0.714285714285714,0.224489795918367,31.3457448409621
0.755102040816326,0.224489795918367,34.0116988059989
0.795918367346939,0.224489795918367,36.9043719251842
0.836734693877551,0.224489795918367,40.0430482823027
0.877551020408163,0.224489795918367,43.4486522102345
0.918367346938775,0.224489795918367,47.1438878058583
0.959183673469388,0.224489795918367,51.1533903116949
1,0.224489795918367,55.5038903736401
-1,0.265306122448979,1.04005105980703
-0.959183673469388,0.265306122448979,1.1308654181097
-0.918367346938775,0.265306122448979,1.22933935481237
-0.877551020408163,0.265306122448979,1.33612437177945
-0.836734693877551,0.265306122448979,1.45192738576335
-0.795918367346939,0.265306122448979,1.57751544183664
-0.755102040816326,0.265306122448979,1.71372082773521
-0.714285714285714,0.265306122448979,1.86144662321292
-0.673469387755102,0.265306122448979,2.02167272140846
-0.63265306122449,0.265306122448979,2.19546236237251
-0.591836734693878,0.265306122448979,2.38396922231806
-0.551020408163265,0.265306122448979,2.58844510586208
-0.510204081632653,0.265306122448979,2.81024829254734
-0.469387755102041,0.265306122448979,3.05085259329556
-0.428571428571429,0.265306122448979,3.3118571771765
-0.387755102040816,0.265306122448979,3.59499723401408
-0.346938775510204,0.265306122448979,3.90215554392329
-0.306122448979592,0.265306122448979,4.23537503091881
-0.26530612244898,0.265306122448979,4.59687238429781
-0.224489795918367,0.265306122448979,4.98905283861866
-0.183673469387755,0.265306122448979,5.41452621082233
-0.142857142857143,0.265306122448979,5.87612430142568
-0.102040816326531,0.265306122448979,6.37691977581042
-0.061224489795919,0.265306122448979,6.9202466515007
-0.020408163265306,0.265306122448979,7.50972252802994
0.020408163265306,0.265306122448979,8.14927270761669
0.061224489795918,0.265306122448979,8.84315636747631
0.102040816326531,0.265306122448979,9.59599495827468
0.142857142857143,0.265306122448979,10.4128030180733
0.183673469387755,0.265306122448979,11.2990216072207
0.224489795918367,0.265306122448979,12.26055458712
0.265306122448979,0.265306122448979,13.3038079847648
0.306122448979592,0.265306122448979,14.4357327055106
0.346938775510204,0.265306122448979,15.6638708788718
0.387755102040816,0.265306122448979,16.9964061463605
0.428571428571428,0.265306122448979,18.4422182266648
0.469387755102041,0.265306122448979,20.0109421219858
0.510204081632653,0.265306122448979,21.7130323602959
0.551020408163265,0.265306122448979,23.5598327018606
0.591836734693877,0.265306122448979,25.5636517747984
0.63265306122449,0.265306122448979,27.7378451439838
0.673469387755102,0.265306122448979,30.0969043604992
0.714285714285714,0.265306122448979,32.6565535853764
0.755102040816326,0.265306122448979,35.4338544318798
0.795918367346939,0.265306122448979,38.4473197253729
0.836734693877551,0.265306122448979,41.717036939276
0.877551020408163,0.265306122448979,45.2648021301319
0.918367346938775,0.265306122448979,49.1142652648081
0.959183673469388,0.265306122448979,53.2910879088136
1,0.265306122448979,57.8231143271354
-1,0.306122448979592,1.07414552631106
-0.959183673469388,0.306122448979592,1.16912021283376
-0.918367346938775,0.306122448979592,1.27207358163325
-0.877551020408163,0.306122448979592,1.38368427663838
-0.836734693877551,0.306122448979592,1.50468866529254
-0.795918367346939,0.306122448979592,1.63588574835089
-0.755102040816326,0.306122448979592,1.77814248729105
-0.714285714285714,0.306122448979592,1.93239958485804
-0.673469387755102,0.306122448979592,2.09967775728591
-0.63265306122449,0.306122448979592,2.28108454001661
-0.591836734693878,0.306122448979592,2.47782167229386
-0.551020408163265,0.306122448979592,2.6911931098695
-0.510204081632653,0.306122448979592,2.92261371924781
-0.469387755102041,0.306122448979592,3.17361871143729
-0.428571428571429,0.306122448979592,3.44587387811059
-0.387755102040816,0.306122448979592,3.74118669842281
-0.346938775510204,0.306122448979592,4.0615183905442
-0.306122448979592,0.306122448979592,4.40899698826167
-0.26530612244898,0.306122448979592,4.78593152983883
-0.224489795918367,0.306122448979592,5.19482745373977
-0.183673469387755,0.306122448979592,5.6384033038693
-0.142857142857143,0.306122448979592,6.11960885571313
-0.102040816326531,0.306122448979592,6.64164478423576
-0.061224489795919,0.306122448979592,7.20798400467369
-0.020408163265306,0.306122448979592,7.82239482851542
0.020408163265306,0.306122448979592,8.48896608906307
0.061224489795918,0.306122448979592,9.21213440410252
0.102040816326531,0.306122448979592,9.9967137574584
0.142857142857143,0.306122448979592,10.8479275966716
0.183673469387755,0.306122448979592,11.7714436608136
0.224489795918367,0.306122448979592,12.7734117706555
0.265306122448979,0.306122448979592,13.8605048331604
0.306122448979592,0.306122448979592,15.0399633337008
0.346938775510204,0.306122448979592,16.3196436126581
0.387755102040816,0.306122448979592,17.7080702482899
0.428571428571428,0.306122448979592,19.2144928951359
0.469387755102041,0.306122448979592,20.8489479569358
0.510204081632653,0.306122448979592,22.6223255052692
0.551020408163265,0.306122448979592,24.5464418901044
0.591836734693877,0.306122448979592,26.6341185263926
0.63265306122449,0.306122448979592,28.8992673820253
0.673469387755102,0.306122448979592,31.356983737153
0.714285714285714,0.306122448979592,34.0236468333463
0.755102040816326,0.306122448979592,36.917029083688
0.795918367346939,0.306122448979592,40.056414571963
0.836734693877551,0.306122448979592,43.4627276310513
0.877551020408163,0.306122448979592,47.1586723578316
0.918367346938775,0.306122448979592,51.1688839948246
0.959183673469388,0.306122448979592,55.5200931879264
1,0.306122448979592,60.2413042154349
-1,0.346938775510204,1.10701758710911
-0.959183673469388,0.346938775510204,1.20643379397861
-0.918367346938775,0.346938775510204,1.31416108111252
-0.877551020408163,0.346938775510204,1.43090636526325
-0.836734693877551,0.346938775510204,1.55743669150337
-0.795918367346939,0.346938775510204,1.69458434756877
-0.755102040816326,0.346938775510204,1.8432524132133
-0.714285714285714,0.346938775510204,2.00442078157567
-0.673469387755102,0.346938775510204,2.17915269270655
-0.63265306122449,0.346938775510204,2.36860182281893
-0.591836734693878,0.346938775510204,2.57401997652977
-0.551020408163265,0.346938775510204,2.79676543338187
-0.510204081632653,0.346938775510204,3.03831200429691
-0.469387755102041,0.346938775510204,3.30025885834468
-0.428571428571429,0.346938775510204,3.58434118534909
-0.387755102040816,0.346938775510204,3.89244176542512
-0.346938775510204,0.346938775510204,4.22660352258747
-0.306122448979592,0.346938775510204,4.58904314613331
-0.26530612244898,0.346938775510204,4.98216587062098
-0.224489795918367,0.346938775510204,5.40858151299148
-0.183673469387755,0.346938775510204,5.87112187376165
-0.142857142857143,0.346938775510204,6.37285961831322
-0.102040816326531,0.346938775510204,6.91712876417033
-0.061224489795919,0.346938775510204,7.50754691086639
-0.020408163265306,0.346938775510204,8.14803936061998
0.020408163265306,0.346938775510204,8.84286529064643
0.061224489795918,0.346938775510204,9.59664615161163
0.102040816326531,0.346938775510204,10.4143964815771
0.142857142857143,0.346938775510204,11.3015573408913
0.183673469387755,0.346938775510204,12.2640325909574
0.224489795918367,0.346938775510204,13.3082282587691
0.265306122448979,0.346938775510204,14.4410952496817
0.306122448979592,0.346938775510204,15.6701756932097
0.346938775510204,0.346938775510204,17.0036532308652
0.387755102040816,0.346938775510204,18.4504075813364
0.428571428571428,0.346938775510204,20.0200737468242
0.469387755102041,0.346938775510204,21.7231062553011
0.510204081632653,0.346938775510204,23.5708488670327
0.551020408163265,0.346938775510204,25.5756102101373
0.591836734693877,0.346938775510204,27.7507458494895
0.63265306122449,0.346938775510204,30.1107473361717
0.673469387755102,0.346938775510204,32.6713388312158
0.714285714285714,0.346938775510204,35.449581947886
0.755102040816326,0.346938775510204,38.463989511546
0.795918367346939,0.346938775510204,41.7346489956158
0.836734693877551,0.346938775510204,45.2833564566386
0.877551020408163,0.346938775510204,49.1337618614816
0.918367346938775,0.346938775510204,53.311526775654
0.959183673469388,0.346938775510204,57.8444954641426
1,0.346938775510204,62.7628805455959
-1,0.387755102040816,1.13833580240918
-0.959183673469388,0.387755102040816,1.24249788595875
-0.918367346938775,0.387755102040816,1.35531729571398
-0.877551020408163,0.387755102040816,1.47753039911822
-0.836734693877551,0.387755102040816,1.60993619692665
-0.795918367346939,0.387755102040816,1.75340165061689
-0.755102040816326,0.387755102040816,1.90886746293397
-0.714285714285714,0.387755102040816,2.07735435011193
-0.673469387755102,0.387755102040816,2.25996984759271
-0.63265306122449,0.387755102040816,2.45791569462004
-0.591836734693878,0.387755102040816,2.67249584694577
-0.551020408163265,0.387755102040816,2.90512517107416
-0.510204081632653,0.387755102040816,3.15733887801373
-0.469387755102041,0.387755102040816,3.43080275943711
-0.428571428571429,0.387755102040816,3.72732429449941
-0.387755102040816,0.387755102040816,4.04886470137088
-0.346938775510204,0.387755102040816,4.39755201383845
-0.306122448979592,0.387755102040816,4.77569527016569
-0.26530612244898,0.387755102040816,5.18579990881671
-0.224489795918367,0.387755102040816,5.63058447369633
-0.183673469387755,0.387755102040816,6.11299874029023
-0.142857142857143,0.387755102040816,6.63624338356296
-0.102040816326531,0.387755102040816,7.20379131875097
-0.061224489795919,0.387755102040816,7.81941085734278
-0.020408163265306,0.387755102040816,8.48719083264051
0.020408163265306,0.387755102040816,9.21156786243006
0.061224489795918,0.387755102040816,9.99735593053601
0.102040816326531,0.387755102040816,10.8497784844993
0.142857142857143,0.387755102040816,11.7745032633914
0.183673469387755,0.387755102040816,12.7776800879834
0.224489795918367,0.387755102040816,13.8659818652383
0.265306122448979,0.387755102040816,15.0466490805289
0.306122448979592,0.387755102040816,16.3275380742362
0.346938775510204,0.387755102040816,17.7171734246181
0.387755102040816,0.387755102040816,19.2248047862142
0.428571428571428,0.387755102040816,20.8604685627642
0.469387755102041,0.387755102040816,22.6350548258477
0.510204081632653,0.387755102040816,24.5603799254329
0.551020408163265,0.387755102040816,26.6492652764712
0.591836734693877,0.387755102040816,28.915622846854
0.63265306122449,0.387755102040816,31.3745479167318
0.673469387755102,0.387755102040816,34.0424197276752
0.714285714285714,0.387755102040816,36.937010692767
0.755102040816326,0.387755102040816,40.0776048957921
0.795918367346939,0.387755102040816,43.4851266696304
0.836734693877551,0.387755102040816,47.1822801111608
0.877551020408163,0.387755102040816,51.1937004629039
0.918367346938775,0.387755102040816,55.5461183707557
0.959183673469388,0.387755102040816,60.2685381130144
1,0.387755102040816,65.3924309890594
-1,0.428571428571428,1.16777192169542
-0.959183673469388,0.428571428571428,1.27700767373558
-0.918367346938775,0.428571428571428,1.39526142279256
-0.877551020408163,0.428571428571428,1.52330021393892
-0.836734693877551,0.428571428571428,1.66195633491057
-0.795918367346939,0.428571428571428,1.81213286546135
-0.755102040816326,0.428571428571428,1.97480969872997
-0.714285714285714,0.428571428571428,2.1510500747671
-0.673469387755102,0.428571428571428,2.34200766978572
-0.63265306122449,0.428571428571428,2.54893428840281
-0.591836734693878,0.428571428571428,2.77318821016115
-0.551020408163265,0.428571428571428,3.01624324598244
-0.510204081632653,0.428571428571428,3.27969856493646
-0.469387755102041,0.428571428571428,3.56528935684712
-0.428571428571429,0.428571428571428,3.8748984018294
-0.387755102040816,0.428571428571428,4.21056862389799
-0.346938775510204,0.428571428571428,4.57451671235008
-0.306122448979592,0.428571428571428,4.969147901744
-0.26530612244898,0.428571428571428,5.39707200902074
-0.224489795918367,0.428571428571428,5.86112083469716
-0.183673469387755,0.428571428571428,6.36436704415498
-0.142857142857143,0.428571428571428,6.91014465491833
-0.102040816326531,0.428571428571428,7.50207126652065
-0.061224489795919,0.428571428571428,8.14407218118048
-0.020408163265306,0.428571428571428,8.84040657611318
0.020408163265306,0.428571428571428,9.59569590198462
0.061224489795918,0.428571428571428,10.4149546968563
0.102040816326531,0.428571428571428,11.3036240210768
0.142857142857143,0.428571428571428,12.2676077360492
0.183673469387755,0.428571428571428,13.313311868767
0.224489795918367,0.428571428571428,14.4476873245859
0.265306122448979,0.428571428571428,15.6782762330202
0.306122448979592,0.428571428571428,17.0132622355819
0.346938775510204,0.428571428571428,18.4615250509593
0.387755102040816,0.428571428571428,20.0326996813534
0.428571428571428,0.428571428571428,21.7372406547365
0.469387755102041,0.428571428571428,23.5864917313744
0.510204081632653,0.428571428571428,25.5927615393852
0.551020408163265,0.428571428571428,27.7694056436438
0.591836734693877,0.428571428571428,30.1309155952322
0.63265306122449,0.428571428571428,32.6930155551825
0.673469387755102,0.428571428571428,35.4727671367589
0.714285714285714,0.428571428571428,38.4886831653252
0.755102040816326,0.428571428571428,41.7608511143013
0.795918367346939,0.428571428571428,45.3110670402303
0.836734693877551,0.428571428571428,49.1629809099795
0.877551020408163,0.428571428571428,53.3422542890582
0.918367346938775,0.428571428571428,57.876731442453
0.959183673469388,0.428571428571428,62.7966249888126
1,0.428571428571428,68.1347173458465
-1,0.469387755102041,1.19500101659587
-0.959183673469388,0.469387755102041,1.30966194698642
-0.918367346938775,0.469387755102041,1.43371657102597
-0.877551020408163,0.469387755102041,1.56796388946972
-0.836734693877551,0.469387755102041,1.71327086379528
-0.795918367346939,0.469387755102041,1.87057819674768
-0.755102040816326,0.469387755102041,2.04090660456095
-0.714285714285714,0.469387755102041,2.22536362267705
-0.673469387755102,0.469387755102041,2.4251509903397
-0.63265306122449,0.469387755102041,2.64157266330075
-0.591836734693878,0.469387755102041,2.87604350806446
-0.551020408163265,0.469387755102041,3.13009873563934
-0.510204081632653,0.469387755102041,3.40540413769804
-0.469387755102041,0.469387755102041,3.70376719339566
-0.428571428571429,0.469387755102041,4.02714912090245
-0.387755102040816,0.469387755102041,4.37767795400533
-0.346938775510204,0.469387755102041,4.75766273096789
-0.306122448979592,0.469387755102041,5.16960889025423
-0.26530612244898,0.469387755102041,5.61623497576916
-0.224489795918367,0.469387755102041,6.10049076299839
-0.183673469387755,0.469387755102041,6.62557692690643
-0.142857142857143,0.469387755102041,7.19496638272976
-0.102040816326531,0.469387755102041,7.81242744195688
-0.061224489795919,0.469387755102041,8.48204893788994
-0.020408163265306,0.469387755102041,9.2082674883148
0.020408163265306,0.469387755102041,9.99589707705607
0.061224489795918,0.469387755102041,10.8501611516547
0.102040816326531,0.469387755102041,11.7767274511821
0.142857142857143,0.469387755102041,12.7817457964094
0.183673469387755,0.469387755102041,13.8718890942996
0.224489795918367,0.469387755102041,15.0543978302255
0.265306122448979,0.469387755102041,16.3371283445682
0.306122448979592,0.469387755102041,17.7286052155854
0.346938775510204,0.469387755102041,19.2380780978168
0.387755102040816,0.469387755102041,20.8755833950021
0.428571428571428,0.469387755102041,22.6520111787209
0.469387755102041,0.469387755102041,24.5791777989415
0.510204081632653,0.469387755102041,26.6699046706151
0.551020408163265,0.469387755102041,28.9381037616332
0.591836734693877,0.469387755102041,31.3988703521463
0.63265306122449,0.469387755102041,34.068583683725
0.673469387755102,0.469387755102041,36.9650161694521
0.714285714285714,0.469387755102041,40.1074518931125
0.755102040816326,0.469387755102041,43.5168151875862
0.795918367346939,0.469387755102041,47.2158101497519
0.836734693877551,0.469387755102041,51.2290720221303
0.877551020408163,0.469387755102041,55.5833314506175
0.918367346938775,0.469387755102041,60.3075927135115
0.959183673469388,0.469387755102041,65.4333271101918
1,0.469387755102041,70.9946827988871
-1,0.510204081632653,1.21970161928548
-0.959183673469388,0.510204081632653,1.34016325027975
-0.918367346938775,0.510204081632653,1.47040992336341
-0.877551020408163,0.510204081632653,1.61127392627235
-0.836734693877551,0.510204081632653,1.76365833876043
-0.795918367346939,0.510204081632653,1.92854305396634
-0.755102040816326,0.510204081632653,2.10699131194076
-0.714285714285714,0.510204081632653,2.30015678889668
-0.673469387755102,0.510204081632653,2.50929128945107
-0.63265306122449,0.510204081632653,2.73575309314671
-0.591836734693878,0.510204081632653,2.98101601090529
-0.551020408163265,0.510204081632653,3.2466792117966
-0.510204081632653,0.510204081632653,3.53447788564455
-0.469387755102041,0.510204081632653,3.84629481256413
-0.428571428571429,0.510204081632653,4.18417291657002
-0.387755102040816,0.510204081632653,4.5503288869594
-0.346938775510204,0.510204081632653,4.94716795829061
-0.306122448979592,0.510204081632653,5.37729994750466
-0.26530612244898,0.510204081632653,5.84355665511837
-0.224489795918367,0.510204081632653,6.34901074651348
-0.183673469387755,0.510204081632653,6.89699623921413
-0.142857142857143,0.510204081632653,7.49113073275374
-0.102040816326531,0.510204081632653,8.13533952935087
-0.061224489795919,0.510204081632653,8.83388180622086
-0.020408163265306,0.510204081632653,9.5913790140296
0.020408163265306,0.510204081632653,10.4128456908386
0.061224489795918,0.510204081632653,11.3037228969964
0.102040816326531,0.510204081632653,12.269914493906
0.142857142857143,0.510204081632653,13.3178265085612
0.183673469387755,0.510204081632653,14.4544098463173
0.224489795918367,0.510204081632653,15.6872066366889
0.265306122448979,0.510204081632653,17.024400521188
0.306122448979592,0.510204081632653,18.4748712185027
0.346938775510204,0.510204081632653,20.048253730834
0.387755102040816,0.510204081632653,21.7550025861545
0.428571428571428,0.510204081632653,23.6064615447296
0.469387755102041,0.510204081632653,25.6149392346777
0.510204081632653,0.510204081632653,27.7937912208736
0.551020408163265,0.510204081632653,30.1575090543993
0.591836734693877,0.510204081632653,32.7218168962869
0.63265306122449,0.510204081632653,35.5037763598006
0.673469387755102,0.510204081632653,38.5219002703042
0.714285714285714,0.510204081632653,41.7962761012175
0.755102040816326,0.510204081632653,45.3486999090839
0.795918367346939,0.510204081632653,49.2028216607704
0.836734693877551,0.510204081632653,53.3843029217863
0.877551020408163,0.510204081632653,57.9209879571184
0.918367346938775,0.510204081632653,62.8430893854154
0.959183673469388,0.510204081632653,68.1833896243865
1,0.510204081632653,73.9774594705712
-1,0.551020408163265,1.24155586665511
-0.959183673469388,0.551020408163265,1.36821803950685
-0.918367346938775,0.551020408163265,1.50507290676278
-0.877551020408163,0.551020408163265,1.65298742990052
-0.836734693877551,0.551020408163265,1.81290231166509
-0.795918367346939,0.551020408163265,1.98583826829054
-0.755102040816326,0.551020408163265,2.17290283521882
-0.714285714285714,0.551020408163265,2.37529775169365
-0.673469387755102,0.551020408163265,2.59432697346688
-0.63265306122449,0.551020408163265,2.83140536704276
-0.591836734693878,0.551020408163265,3.08806814342983
-0.551020408163265,0.551020408163265,3.3659810943007
-0.510204081632653,0.551020408163265,3.66695169881051
-0.469387755102041,0.551020408163265,3.99294117512947
-0.428571428571429,0.551020408163265,4.34607755704454
-0.387755102040816,0.551020408163265,4.72866988281927
-0.346938775510204,0.551020408163265,5.14322359091779
-0.306122448979592,0.551020408163265,5.5924572252449
-0.26530612244898,0.551020408163265,6.07932056128631
-0.224489795918367,0.551020408163265,6.60701427400653
-0.183673469387755,0.551020408163265,7.17901127864204
-0.142857142857143,0.551020408163265,7.79907988668135
-0.102040816326531,0.551020408163265,8.47130893142658
-0.061224489795919,0.551020408163265,9.20013503066362
-0.020408163265306,0.551020408163265,9.99037216821707
0.020408163265306,0.551020408163265,10.8472437916278
0.061224489795918,0.551020408163265,11.7764176399675
0.102040816326531,0.551020408163265,12.784043534007
0.142857142857143,0.551020408163265,13.8767943807094
0.183673469387755,0.551020408163265,15.0619106654474
0.224489795918367,0.551020408163265,16.3472487286023
0.265306122448979,0.551020408163265,17.7413331484316
0.306122448979592,0.551020408163265,19.2534135794753
0.346938775510204,0.551020408163265,20.8935264254727
0.387755102040816,0.551020408163265,22.6725617580037
0.428571428571428,0.551020408163265,24.6023359270365
0.469387755102041,0.551020408163265,26.6956703475222
0.510204081632653,0.551020408163265,28.9664769873525
0.551020408163265,0.551020408163265,31.4298511266778
0.591836734693877,0.551020408163265,34.1021720070687
0.63265306122449,0.551020408163265,37.001212041608
0.673469387755102,0.551020408163265,40.1462553140806
0.714285714285714,0.551020408163265,43.5582261573664
0.755102040816326,0.551020408163265,47.2598286683443
0.795918367346939,0.551020408163265,51.2756980895349
0.836734693877551,0.551020408163265,55.6325650668342
0.877551020408163,0.551020408163265,60.3594338785404
0.918367346938775,0.551020408163265,65.4877758240329
0.959183673469388,0.551020408163265,71.0517390615404
1,0.551020408163265,77.0883762941098
-1,0.591836734693877,1.2602496504868
-0.959183673469388,0.591836734693877,1.39353684483043
-0.918367346938775,0.591836734693877,1.53744136899934
-0.877551020408163,0.591836734693877,1.69286630274739
-0.836734693877551,0.591836734693877,1.86079153921327
-0.795918367346939,0.591836734693877,2.04228031844767
-0.755102040816326,0.591836734693877,2.23848631666356
-0.714285714285714,0.591836734693877,2.45066133847791
-0.673469387755102,0.591836734693877,2.68016366343352
-0.63265306122449,0.591836734693877,2.92846710245208
-0.591836734693878,0.591836734693877,3.19717082460336
-0.551020408163265,0.591836734693877,3.48801001971128
-0.510204081632653,0.591836734693877,3.80286746789083
-0.469387755102041,0.591836734693877,4.14378609315669
-0.428571428571429,0.591836734693877,4.51298258480604
-0.387755102040816,0.591836734693877,4.91286217739722
-0.346938775510204,0.591836734693877,5.34603468787124
-0.306122448979592,0.591836734693877,5.81533191674492
-0.26530612244898,0.591836734693877,6.3238265294
-0.224489795918367,0.591836734693877,6.87485254336062
-0.183673469387755,0.591836734693877,7.4720275581602
-0.142857142857143,0.591836734693877,8.1192768760173
-0.102040816326531,0.591836734693877,8.82085967414726
-0.061224489795919,0.591836734693877,9.58139740321597
-0.020408163265306,0.591836734693877,10.405904601285
0.020408163265306,0.591836734693877,11.2998223287027
0.061224489795918,0.591836734693877,12.2690544468723
0.102040816326531,0.591836734693877,13.3200069827875
0.142857142857143,0.591836734693877,14.4596308418036
0.183673469387755,0.591836734693877,15.6954681534351
0.224489795918367,0.591836734693877,17.0357025591941
0.265306122448979,0.591836734693877,18.4892137777688
0.306122448979592,0.591836734693877,20.0656368113601
0.346938775510204,0.591836734693877,21.7754261879406
0.387755102040816,0.591836734693877,23.6299256677757
0.428571428571428,0.591836734693877,25.6414438789837
0.469387755102041,0.591836734693877,27.8233363864396
0.510204081632653,0.591836734693877,30.1900947412253
0.551020408163265,0.591836734693877,32.7574431043728
0.591836734693877,0.591836734693877,35.5424430891465
0.63265306122449,0.591836734693877,38.56360752091
0.673469387755102,0.591836734693877,41.8410238730834
0.714285714285714,0.591836734693877,45.3964882022097
0.755102040816326,0.591836734693877,49.2536504751562
0.795918367346939,0.591836734693877,53.4381722574321
0.836734693877551,0.591836734693877,57.9778978140241
0.877551020408163,0.591836734693877,62.903039763581
0.918367346938775,0.591836734693877,68.2463805238122
0.959183673469388,0.591836734693877,74.0434908912568
1,0.591836734693877,80.3329672128245
-1,0.63265306122449,1.27547277388536
-0.959183673469388,0.63265306122449,1.41583444042196
-0.918367346938775,0.63265306122449,1.56725576284037
-0.877551020408163,0.63265306122449,1.73067744388561
-0.836734693877551,0.63265306122449,1.90712019979173
-0.795918367346939,0.63265306122449,2.09769156600068
-0.755102040816326,0.63265306122449,2.30359328175618
-0.714285714285714,0.63265306122449,2.52612930281007
-0.673469387755102,0.63265306122449,2.76671449566663
-0.63265306122449,0.63265306122449,3.02688407133437
-0.591836734693878,0.63265306122449,3.30830382148591
-0.551020408163265,0.63265306122449,3.61278122527638
-0.510204081632653,0.63265306122449,3.94227750087602
-0.469387755102041,0.63265306122449,4.29892068207175
-0.428571428571429,0.63265306122449,4.68501980712715
-0.387755102040816,0.63265306122449,5.10308031450634
-0.346938775510204,0.63265306122449,5.55582074811412
-0.306122448979592,0.63265306122449,6.0461908834362
-0.26530612244898,0.63265306122449,6.57739139543709
-0.224489795918367,0.63265306122449,7.15289519935326
-0.183673469387755,0.63265306122449,7.77647060667324
-0.142857142857143,0.63265306122449,8.45220645069914
-0.102040816326531,0.63265306122449,9.18453934921685
-0.061224489795919,0.63265306122449,9.97828328605097
-0.020408163265306,0.63265306122449,10.8386617087424
0.020408163265306,0.63265306122449,11.7713423563627
0.061224489795918,0.63265306122449,12.7824750496829
0.102040816326531,0.63265306122449,13.8787326956659
0.142857142857143,0.63265306122449,15.0673557796847
0.183673469387755,0.63265306122449,16.3562006421202
0.224489795918367,0.63265306122449,17.7537918612302
0.265306122448979,0.63265306122449,19.2693790915545
0.306122448979592,0.63265306122449,20.9129987368326
0.346938775510204,0.63265306122449,22.6955408686443
0.387755102040816,0.63265306122449,24.6288218369577
0.428571428571428,0.63265306122449,26.7256630567242
0.469387755102041,0.63265306122449,28.9999764958351
0.510204081632653,0.63265306122449,31.4668574344411
0.551020408163265,0.63265306122449,34.1426851141126
0.591836734693877,0.63265306122449,37.0452319479326
0.63265306122449,0.63265306122449,40.1937820196858
0.673469387755102,0.63265306122449,43.6092596622523
0.714285714285714,0.63265306122449,47.3143689725109
0.755102040816326,0.63265306122449,51.3337451929822
0.795918367346939,0.63265306122449,55.6941189695622
0.836734693877551,0.63265306122449,60.424494580549
0.877551020408163,0.63265306122449,65.5563433253222
0.918367346938775,0.63265306122449,71.1238133621104
0.959183673469388,0.63265306122449,77.1639573939604
1,0.63265306122449,83.716979721025
-1,0.673469387755102,1.28691911422707
-0.959183673469388,0.673469387755102,1.43483002127025
-0.918367346938775,0.673469387755102,1.59426133789258
-0.877551020408163,0.673469387755102,1.76619295723273
-0.836734693877551,0.673469387755102,1.9516881193414
-0.795918367346939,0.673469387755102,2.15190050043156
-0.755102040816326,0.673469387755102,2.3680819051202
-0.714285714285714,0.673469387755102,2.60159061295008
-0.673469387755102,0.673469387755102,2.85390043484291
-0.63265306122449,0.673469387755102,3.12661053986846
-0.591836734693878,0.673469387755102,3.42145611785066
-0.551020408163265,0.673469387755102,3.74031994890448
-0.510204081632653,0.673469387755102,4.08524495704462
-0.469387755102041,0.673469387755102,4.45844783156824
-0.428571428571429,0.673469387755102,4.8623338070337
-0.387755102040816,0.673469387755102,5.29951270038199
-0.346938775510204,0.673469387755102,5.77281631212995
-0.306122448979592,0.673469387755102,6.28531730765931
-0.26530612244898,0.673469387755102,6.8403497044942
-0.224489795918367,0.673469387755102,7.44153110216805
-0.183673469387755,0.673469387755102,8.09278680289943
-0.142857142857143,0.673469387755102,8.79837598390366
-0.102040816326531,0.673469387755102,9.56292009584665
-0.061224489795919,0.673469387755102,10.3914336767899
-0.020408163265306,0.673469387755102,11.2893577870819
0.020408163265306,0.673469387755102,12.2625962881258
0.061224489795918,0.673469387755102,13.3175552069152
0.102040816326531,0.673469387755102,14.4611854488056
0.142857142857143,0.673469387755102,15.7010291433114
0.183673469387755,0.673469387755102,17.0452699319447
0.224489795918367,0.673469387755102,18.5027875333937
0.265306122448979,0.673469387755102,20.0832169498593
0.306122448979592,0.673469387755102,21.797012709314
0.346938775510204,0.673469387755102,23.6555185720234
0.387755102040816,0.673469387755102,25.6710431661057
0.428571428571428,0.673469387755102,27.8569420564358
0.469387755102041,0.673469387755102,30.2277067940958
0.510204081632653,0.673469387755102,32.7990615401176
0.551020408163265,0.673469387755102,35.5880679077656
0.591836734693877,0.673469387755102,38.6132387224034
0.63265306122449,0.673469387755102,41.894661457451
0.673469387755102,0.673469387755102,45.4541321694516
0.714285714285714,0.673469387755102,49.3153008252724
0.755102040816326,0.673469387755102,53.5038289904225
0.795918367346939,0.673469387755102,58.0475609298888
0.836734693877551,0.673469387755102,62.97670926232
0.877551020408163,0.673469387755102,68.3240564054254
0.918367346938775,0.673469387755102,74.1251731557443
0.959183673469388,0.673469387755102,80.4186558601863
1,0.673469387755102,87.2463837607053
-1,0.714285714285714,1.29428679289692
-0.959183673469388,0.714285714285714,1.45024738735612
-0.918367346938775,0.714285714285714,1.61820834044214
-0.877551020408163,0.714285714285714,1.79919036838906
-0.836734693877551,0.714285714285714,1.99430100663879
-0.795918367346939,0.714285714285714,2.20474199443507
-0.755102040816326,0.714285714285714,2.43181728752976
-0.714285714285714,0.714285714285714,2.6769417524271
-0.673469387755102,0.714285714285714,2.94165060013562
-0.63265306122449,0.714285714285714,3.22760962232795
-0.591836734693878,0.714285714285714,3.53662629815921
-0.551020408163265,0.714285714285714,3.87066184579963
-0.510204081632653,0.714285714285714,4.23184429903615
-0.469387755102041,0.714285714285714,4.62248269613234
-0.428571428571429,0.714285714285714,5.04508247555232
-0.387755102040816,0.714285714285714,5.50236218120088
-0.346938775510204,0.714285714285714,5.99727158856375
-0.306122448979592,0.714285714285714,6.53301137260542
-0.26530612244898,0.714285714285714,7.11305444856239
-0.224489795918367,0.714285714285714,7.74116912792315
-0.183673469387755,0.714285714285714,8.42144424398984
-0.142857142857143,0.714285714285714,9.15831641454833
-0.102040816326531,0.714285714285714,9.95659962342324
-0.061224489795919,0.714285714285714,10.8215173181555
-0.020408163265306,0.714285714285714,11.7587372378166
0.020408163265306,0.714285714285714,12.7744092031775
0.061224489795918,0.714285714285714,13.8752061212014
0.102040816326531,0.714285714285714,15.0683684772609
0.142857142857143,0.714285714285714,16.3617526117372
0.183673469387755,0.714285714285714,17.763883102888
0.224489795918367,0.714285714285714,19.2840096052531
0.265306122448979,0.714285714285714,20.932168522572
0.306122448979592,0.714285714285714,22.7192499264245
0.346938775510204,0.714285714285714,24.6570701667787
0.387755102040816,0.714285714285714,26.7584506585859
0.428571428571428,0.714285714285714,29.0373033697376
0.469387755102041,0.714285714285714,31.5087235803843
0.510204081632653,0.714285714285714,34.1890905320967
0.551020408163265,0.714285714285714,37.0961766379574
0.591836734693877,0.714285714285714,40.2492659817515
0.63265306122449,0.714285714285714,43.6692828963588
0.673469387755102,0.714285714285714,47.3789314786581
0.714285714285714,0.714285714285714,51.4028469711702
0.755102040816326,0.714285714285714,55.767760019791
0.795918367346939,0.714285714285714,60.5026749028186
0.836734693877551,0.714285714285714,65.6390629196326
0.877551020408163,0.714285714285714,71.2110722284615
0.918367346938775,0.714285714285714,77.2557555323524
0.959183673469388,0.714285714285714,83.8133171314577
1,0.714285714285714,90.9273809888851
-1,0.755102040816326,1.29727835209728
-0.959183673469388,0.755102040816326,1.46181513549982
-0.918367346938775,0.755102040816326,1.63885222162018
-0.877551020408163,0.755102040816326,1.82945285050905
-0.836734693877551,0.755102040816326,2.03477069837942
-0.795918367346939,0.755102040816326,2.25605756984826
-0.755102040816326,0.755102040816326,2.49467174445835
-0.714285714285714,0.755102040816326,2.75208703313138
-0.673469387755102,0.755102040816326,3.02990260493714
-0.63265306122449,0.755102040816326,3.32985364969955
-0.591836734693878,0.755102040816326,3.65382294753358
-0.551020408163265,0.755102040816326,4.00385342245392
-0.510204081632653,0.755102040816326,4.38216176375775
-0.469387755102041,0.755102040816326,4.79115320600341
-0.428571428571429,0.755102040816326,5.23343756613191
-0.387755102040816,0.755102040816326,5.71184664466008
-0.346938775510204,0.755102040816326,6.22945310696964
-0.306122448979592,0.755102040816326,6.78959097058474
-0.26530612244898,0.755102040816326,7.3958778350388
-0.224489795918367,0.755102040816326,8.05223900255038
-0.183673469387755,0.755102040816326,8.76293365033482
-0.142857142857143,0.755102040816326,9.53258322905801
-0.102040816326531,0.755102040816326,10.3662022767815
-0.061224489795919,0.755102040816326,11.2692318538537
-0.020408163265306,0.755102040816326,12.2475758216778
0.020408163265306,0.755102040816326,13.3076402072474
0.061224489795918,0.755102040816326,14.456375915918
0.102040816326531,0.755102040816326,15.701325077204
0.142857142857143,0.755102040816326,17.0506713326175
0.183673469387755,0.755102040816326,18.5132944008467
0.224489795918367,0.755102040816326,20.0988292840925
0.265306122448979,0.755102040816326,21.8177305103274
0.306122448979592,0.755102040816326,23.681341839817
0.346938775510204,0.755102040816326,25.7019719006796
0.387755102040816,0.755102040816326,27.8929762577899
0.428571428571428,0.755102040816326,30.26884646223
0.469387755102041,0.755102040816326,32.8453066750321
0.510204081632653,0.755102040816326,35.6394185094603
0.551020408163265,0.755102040816326,38.6696947908783
0.591836734693877,0.755102040816326,41.9562229927061
0.63265306122449,0.755102040816326,45.5207991714869
0.673469387755102,0.755102040816326,49.3870732940878
0.714285714285714,0.755102040816326,53.5807069260182
0.755102040816326,0.755102040816326,58.1295443322648
0.795918367346939,0.755102040816326,63.0637981314761
0.836734693877551,0.755102040816326,68.4162507413617
0.877551020408163,0.755102040816326,74.2224729584609
0.918367346938775,0.755102040816326,80.5210611296831
0.959183673469388,0.755102040816326,87.3538944969822
1,0.755102040816326,94.7664144310335
-1,0.795918367346939,1.29560093902251
-0.959183673469388,0.795918367346939,1.46926685920108
-0.918367346938775,0.795918367346939,1.65595385424052
-0.877551020408163,0.795918367346939,1.85676945958279
-0.836734693877551,0.795918367346939,2.0729154144716
-0.795918367346939,0.795918367346939,2.30569567465882
-0.755102040816326,0.795918367346939,2.55652510664869
-0.714285714285714,0.795918367346939,2.82693892144975
-0.673469387755102,0.795918367346939,3.11860291073461
-0.63265306122449,0.795918367346939,3.4333245536584
-0.591836734693878,0.795918367346939,3.77306506839136
-0.551020408163265,0.795918367346939,4.13995248872041
-0.510204081632653,0.795918367346939,4.53629585290913
-0.469387755102041,0.795918367346939,4.96460059942164
-0.428571428571429,0.795918367346939,5.42758527216274
-0.387755102040816,0.795918367346939,5.92819964661814
-0.346938775510204,0.795918367346939,6.46964439775234
-0.306122448979592,0.795918367346939,7.05539244080184
-0.26530612244898,0.795918367346939,7.68921208725514
-0.224489795918367,0.795918367346939,8.37519217041436
-0.183673469387755,0.795918367346939,9.11776930806539
-0.142857142857143,0.795918367346939,9.92175748403283
-0.102040816326531,0.795918367346939,10.7923801458576
-0.061224489795919,0.795918367346939,11.7353050326112
-0.020408163265306,0.795918367346939,12.7566819650647
0.020408163265306,0.795918367346939,13.8631838501811
0.061224489795918,0.795918367346939,15.0620511733331
0.102040816326531,0.795918367346939,16.361140274902
0.142857142857143,0.795918367346939,17.7689757331453
0.183673469387755,0.795918367346939,19.2948072026029
0.224489795918367,0.795918367346939,20.9486710870144
0.265306122448979,0.795918367346939,22.7414574579594
0.306122448979592,0.795918367346939,24.6849826654061
0.346938775510204,0.795918367346939,26.7920681243059
0.387755102040816,0.795918367346939,29.0766258025502
0.428571428571428,0.795918367346939,31.5537509802894
0.469387755102041,0.795918367346939,34.2398228990943
0.510204081632653,0.795918367346939,37.1526139720475
0.551020408163265,0.795918367346939,40.3114082829341
0.591836734693877,0.795918367346939,43.7371301646339
0.63265306122449,0.795918367346939,47.4524837140258
0.673469387755102,0.795918367346939,51.4821041736304
0.714285714285714,0.795918367346939,55.8527221893437
0.755102040816326,0.795918367346939,60.5933420394639
0.795918367346939,0.795918367346939,65.7354350233704
0.836734693877551,0.795918367346939,71.3131492992919
0.877551020408163,0.795918367346939,77.3635375702753
0.918367346938775,0.795918367346939,83.9268041364731
0.959183673469388,0.795918367346939,91.0465729609931
1,0.795918367346939,98.770178536663
-1,0.836734693877551,1.28896649770642
-0.959183673469388,0.836734693877551,1.47234135680455
-0.918367346938775,0.836734693877551,1.66927975867119
-0.877551020408163,0.836734693877551,1.88093537951932
-0.836734693877551,0.836734693877551,2.10856002396593
-0.795918367346939,0.836734693877551,2.35351197155378
-0.755102040816326,0.836734693877551,2.61726503320459
-0.714285714285714,0.836734693877551,2.90141837798811
-0.673469387755102,0.836734693877551,3.20770719572828
-0.63265306122449,0.836734693877551,3.53801426654008
-0.591836734693878,0.836734693877551,3.89438251443819
-0.551020408163265,0.836734693877551,4.27902862871978
-0.510204081632653,0.836734693877551,4.69435784394322
-0.469387755102041,0.836734693877551,5.14297997704947
-0.428571428571429,0.836734693877551,5.62772682855541
-0.387755102040816,0.836734693877551,6.15167106384274
-0.346938775510204,0.836734693877551,6.7181467004356
-0.306122448979592,0.836734693877551,7.33077133786743
-0.26530612244898,0.836734693877551,7.99347027835677
-0.224489795918367,0.836734693877551,8.71050269911899
-0.183673469387755,0.836734693877551,9.48649005081994
-0.142857142857143,0.836734693877551,10.3264468715212
-0.102040816326531,0.836734693877551,11.2358142215712
-0.061224489795919,0.836734693877551,12.220495962373
-0.020408163265306,0.836734693877551,13.2868981209204
0.020408163265306,0.836734693877551,14.4419716025688
0.061224489795918,0.836734693877551,15.6932585368326
0.102040816326531,0.836734693877551,17.0489425652238
0.142857142857143,0.836734693877551,18.5179034064308
0.183673469387755,0.836734693877551,20.1097760626543
0.224489795918367,0.836734693877551,21.835015061867
0.265306122448979,0.836734693877551,23.7049641643344
0.306122448979592,0.836734693877551,25.7319319981747
0.346938775510204,0.836734693877551,27.9292741282627
0.387755102040816,0.836734693877551,30.3114821056807
0.428571428571428,0.836734693877551,32.8942800914605
0.469387755102041,0.836734693877551,35.6947296988665
0.510204081632653,0.836734693877551,38.7313437532622
0.551020408163265,0.836734693877551,42.0242097280678
0.591836734693877,0.836734693877551,45.5951236798263
0.63265306122449,0.836734693877551,49.4677355754051
0.673469387755102,0.836734693877551,53.6677069803132
0.714285714285714,0.836734693877551,58.2228821595376
0.755102040816326,0.836734693877551,63.1634737317267
0.795918367346939,0.836734693877551,68.52226411459
0.836734693877551,0.836734693877551,74.3348241046669
0.877551020408163,0.836734693877551,80.6397500488669
0.918367346938775,0.836734693877551,87.4789211891438
0.959183673469388,0.836734693877551,94.8977788961729
1,0.836734693877551,102.945629653847
-1,0.877551020408163,1.27709196886228
-0.959183673469388,0.877551020408163,1.47078284833763
-0.918367346938775,0.877551020408163,1.6786023381158
-0.877551020408163,0.877551020408163,1.90175217744052
-0.836734693877551,0.877551020408163,2.14153632206364
-0.795918367346939,0.877551020408163,2.39936963848943
-0.755102040816326,0.877551020408163,2.67678733772639
-0.714285714285714,0.877551020408163,2.97545521144716
-0.673469387755102,0.877551020408163,3.29718073880686
-0.63265306122449,0.877551020408163,3.64392513797572
-0.591836734693878,0.877551020408163,4.01781644274068
-0.551020408163265,0.877551020408163,4.42116369136531
-0.510204081632653,0.877551020408163,4.85647232231372
-0.469387755102041,0.877551020408163,5.32646087949073
-0.428571428571429,0.877551020408163,5.83407913838203
-0.387755102040816,0.877551020408163,6.38252777395215
-0.346938775510204,0.877551020408163,6.97527970143755
-0.306122448979592,0.877551020408163,7.61610323232675
-0.26530612244898,0.877551020408163,8.30908719992188
-0.224489795918367,0.877551020408163,9.05866822200882
-0.183673469387755,0.877551020408163,9.86966028241216
-0.142857142857143,0.877551020408163,10.7472868286728
-0.102040816326531,0.877551020408163,11.6972155998624
-0.061224489795919,0.877551020408163,12.7255964167517
-0.020408163265306,0.877551020408163,13.839102186304
0.020408163265306,0.877551020408163,15.044973393892
0.061224489795918,0.877551020408163,16.3510663798967
0.102040816326531,0.877551020408163,17.765905722576
0.142857142857143,0.877551020408163,19.2987410764695
0.183673469387755,0.877551020408163,20.9596088453169
0.224489795918367,0.877551020408163,22.7593991006978
0.265306122448979,0.877551020408163,24.7099281925804
0.306122448979592,0.877551020408163,26.8240175359161
0.346938775510204,0.877551020408163,29.1155790985963
0.387755102040816,0.877551020408163,31.5997081607714
0.428571428571428,0.877551020408163,34.2927839640122
0.469387755102041,0.877551020408163,37.2125789214014
0.510204081632653,0.877551020408163,40.3783771167239
0.551020408163265,0.877551020408163,43.8111028828596
0.591836734693877,0.877551020408163,47.5334603166874
0.63265306122449,0.877551020408163,51.5700846607279
0.673469387755102,0.877551020408163,55.9477065608771
0.714285714285714,0.877551020408163,60.6953302954332
0.755102040816326,0.877551020408163,65.8444271637756
0.795918367346939,0.877551020408163,71.429145324133
0.836734693877551,0.877551020408163,77.4865374795523
0.877551020408163,0.877551020408163,84.056807930186
0.918367346938775,0.877551020408163,91.1835806391419
0.959183673469388,0.877551020408163,98.9141900992477
1,0.877551020408163,107.299996940113
-1,0.918367346938775,1.25969949804828
-0.959183673469388,0.918367346938775,1.46434120138187
-0.918367346938775,0.918367346938775,1.68370012369696
-0.877551020408163,0.918367346938775,1.91902806961052
-0.836734693877551,0.918367346938775,2.17168331866533
-0.795918367346939,0.918367346938775,2.44313968178309
-0.755102040816326,0.918367346938775,2.73499632803357
-0.714285714285714,0.918367346938775,3.0489884472407
-0.673469387755102,0.918367346938775,3.38699881951945
-0.63265306122449,0.918367346938775,3.75107036888451
-0.591836734693878,0.918367346938775,4.14341978463306
-0.551020408163265,0.918367346938775,4.56645230132344
-0.510204081632653,0.918367346938775,5.02277773589666
-0.469387755102041,0.918367346938775,5.51522788886955
-0.428571428571429,0.918367346938775,6.04687542562383
-0.387755102040816,0.918367346938775,6.62105436368365
-0.346938775510204,0.918367346938775,7.24138230258243
-0.306122448979592,0.918367346938775,7.91178454453873
-0.26530612244898,0.918367346938775,8.63652026676789
-0.224489795918367,0.918367346938775,9.42021091993581
-0.183673469387755,0.918367346938775,10.267871042104
-0.142857142857143,0.918367346938775,11.184941693621
-0.102040816326531,0.918367346938775,12.1773267358897
-0.061224489795919,0.918367346938775,13.2514321959041
-0.020408163265306,0.918367346938775,14.4142089790194
0.020408163265306,0.918367346938775,15.6731992147501
0.061224489795918,0.918367346938775,17.0365865446084
0.102040816326531,0.918367346938775,18.5132506872823
0.142857142857143,0.918367346938775,20.1128266449728
0.183673469387755,0.918367346938775,21.8457689456524
0.224489795918367,0.918367346938775,23.7234213495867
0.265306122448979,0.918367346938775,25.758092484894
0.306122448979592,0.918367346938775,27.963137916449
0.346938775510204,0.918367346938775,30.3530491953339
0.387755102040816,0.918367346938775,32.9435504825807
0.428571428571428,0.918367346938775,35.7517033914536
0.469387755102041,0.918367346938775,38.7960207473163
0.510204081632653,0.918367346938775,42.0965900235889
0.551020408163265,0.918367346938775,45.6752072768143
0.591836734693877,0.918367346938775,49.55552247386
0.63265306122449,0.918367346938775,53.7631971802351
0.673469387755102,0.918367346938775,58.3260756609264
0.714285714285714,0.918367346938775,63.2743705345825
0.755102040816326,0.918367346938775,68.6408642189128
0.795918367346939,0.918367346938775,74.4611275104567
0.836734693877551,0.918367346938775,80.7737567561236
0.877551020408163,0.918367346938775,87.6206311978675
0.918367346938775,0.918367346938775,95.0471922063634
0.959183673469388,0.918367346938775,103.102746265504
1,0.918367346938775,111.840793727893
-1,0.959183673469388,1.23651665250537
-0.959183673469388,0.959183673469388,1.45277216635445
-0.918367346938775,0.959183673469388,1.68435802975008
-0.877551020408163,0.959183673469388,1.93257819844411
-0.836734693877551,0.959183673469388,2.19884753894081
-0.795918367346939,0.959183673469388,2.48470126224868
-0.755102040816326,0.959183673469388,2.79180516004036
-0.714285714285714,0.959183673469388,3.12196671147096
-0.673469387755102,0.959183673469388,3.47714713471073
-0.63265306122449,0.959183673469388,3.8594744635466
-0.591836734693878,0.959183673469388,4.27125773624214
-0.551020408163265,0.959183673469388,4.71500239126146
-0.510204081632653,0.959183673469388,5.19342697250938
-0.469387755102041,0.959183673469388,5.70948125547159
-0.428571428571429,0.959183673469388,6.26636591511261
-0.387755102040816,0.959183673469388,6.86755386666893
-0.346938775510204,0.959183673469388,7.51681342162904
-0.306122448979592,0.959183673469388,8.21823341329508
-0.26530612244898,0.959183673469388,8.97625045945292
-0.224489795918367,0.959183673469388,9.79567854392718
-0.183673469387755,0.959183673469388,10.6817411142587
-0.142857142857143,0.959183673469388,11.6401059095192
-0.102040816326531,0.959183673469388,12.6769227504795
-0.061224489795919,0.959183673469388,13.7988645441027
-0.020408163265306,0.959183673469388,15.0131717757616
0.020408163265306,0.959183673469388,16.3277007858372
0.061224489795918,0.959183673469388,17.7509761525874
0.102040816326531,0.959183673469388,19.2922475305518
0.142857142857143,0.959183673469388,20.9615513234701
0.183673469387755,0.959183673469388,22.7697776029219
0.224489795918367,0.959183673469388,24.7287427188754
0.265306122448979,0.959183673469388,26.851268086282
0.306122448979592,0.959183673469388,29.1512656730331
0.346938775510204,0.959183673469388,31.6438307592791
0.387755102040816,0.959183673469388,34.3453425865909
0.428571428571428,0.959183673469388,37.2735735680509
0.469387755102041,0.959183673469388,40.4478077874443
0.510204081632653,0.959183673469388,43.888969577651
0.551020408163265,0.959183673469388,47.6197630355497
0.591836734693877,0.959183673469388,51.6648234036611
0.63265306122449,0.959183673469388,56.0508813278812
0.673469387755102,0.959183673469388,60.8069410865082
0.714285714285714,0.959183673469388,65.9644739789215
0.755102040816326,0.959183673469388,71.5576281633499
0.795918367346939,0.959183673469388,77.62345634284
0.836734693877551,0.959183673469388,84.2021628175447
0.877551020408163,0.959183673469388,91.3373715505714
0.918367346938775,0.959183673469388,99.0764170347482
0.959183673469388,0.959183673469388,107.470659899684
1,0.959183673469388,116.575829363468
-1,1,1.20727664702865
-0.959183673469388,1,1.43583762159151
-0.918367346938775,1,1.68036761975284
-0.877551020408163,1,1.94222492105542
-0.836734693877551,1,2.22288333642095
-0.795918367346939,1,2.5239420349192
-0.755102040816326,1,2.8471362063741
-0.714285714285714,1,3.19434863090062
-0.673469387755102,1,3.56762223251345
-0.63265306122449,1,3.96917370050977
-0.591836734693878,1,4.40140826944793
-0.551020408163265,1,4.86693575626892
-0.510204081632653,1,5.36858796148957
-0.469387755102041,1,5.90943755049163
-0.428571428571429,1,6.49281854079922
-0.387755102040816,1,7.12234853194577
-0.346938775510204,1,7.80195282614984
-0.306122448979592,1,8.53589060062678
-0.26530612244898,1,9.32878330604246
-0.224489795918367,1,10.1856454804584
-0.183673469387755,1,11.1119181842231
-0.142857142857143,1,12.1135052787397
-0.102040816326531,1,13.1968127910018
-0.061224489795919,1,14.3687916263649
-0.020408163265306,1,15.6369839143434
0.020408163265306,1,17.0095732964494
0.061224489795918,1,18.4954394913711
0.102040816326531,1,20.1042175013094
0.142857142857143,1,21.8463618542368
0.183673469387755,1,23.7332163104189
0.224489795918367,1,25.7770894979739
0.265306122448979,1,27.9913369817767
0.306122448979592,1,30.3904503129093
0.346938775510204,1,32.9901536524039
0.387755102040816,1,35.8075086135246
0.428571428571428,1,38.8610280216351
0.469387755102041,1,42.1707993501554
0.510204081632653,1,45.7586186556286
0.551020408163265,1,49.6481359049221
0.591836734693877,1,53.865012663545
0.63265306122449,1,58.437093196484
0.673469387755102,1,63.3945901223879
0.714285714285714,1,68.770285858966
0.755102040816326,1,74.5997512027576
0.795918367346939,1,80.9215825006723
0.836734693877551,1,87.7776589946639
0.877551020408163,1,95.2134220554077
0.918367346938775,1,103.278178166796
0.959183673469388,1,112.025427681433
1,1,121.513221539126
