x1,x2,y1
-1.0,-1.0,1.3179915
-0.959183673469388,-1.0,1.2981874
-0.918367346938775,-1.0,1.2790751
-0.877551020408163,-1.0,1.238111
-0.836734693877551,-1.0,1.2575932
-0.795918367346939,-1.0,1.2328672
-0.755102040816326,-1.0,1.2421813
-0.714285714285714,-1.0,1.2272152
-0.673469387755102,-1.0,1.2399173
-0.63265306122449,-1.0,1.2719299
-0.591836734693878,-1.0,1.2636743
-0.551020408163265,-1.0,1.2702249
-0.510204081632653,-1.0,1.2985333
-0.469387755102041,-1.0,1.3270736
-0.428571428571429,-1.0,1.3575913
-0.387755102040816,-1.0,1.4117616
-0.346938775510204,-1.0,1.4661945
-0.306122448979592,-1.0,1.5011628
-0.26530612244898,-1.0,1.5587509
-0.224489795918367,-1.0,1.6377442
-0.183673469387755,-1.0,1.7047842
-0.142857142857143,-1.0,1.8123586
-0.102040816326531,-1.0,1.909853
-0.061224489795919,-1.0,2.030921
-0.020408163265306,-1.0,2.152197
0.020408163265306,-1.0,2.2917895
0.061224489795918,-1.0,2.4396799
0.102040816326531,-1.0,2.6183069
0.142857142857143,-1.0,2.7920766
0.183673469387755,-1.0,3.0038283
0.224489795918367,-1.0,3.2311628
0.265306122448979,-1.0,3.4956026
0.306122448979592,-1.0,3.751502
0.346938775510204,-1.0,4.0621276
0.387755102040816,-1.0,4.403554
0.428571428571428,-1.0,4.78987
0.469387755102041,-1.0,5.177473
0.510204081632653,-1.0,5.6092577
0.551020408163265,-1.0,6.0966086
0.591836734693877,-1.0,6.610158
0.63265306122449,-1.0,7.1747513
0.673469387755102,-1.0,7.8248677
0.714285714285714,-1.0,8.487295
0.755102040816326,-1.0,9.232674
0.795918367346939,-1.0,10.03517
0.836734693877551,-1.0,10.950667
0.877551020408163,-1.0,11.877074
0.918367346938775,-1.0,12.929647
0.959183673469388,-1.0,14.06286
1.0,-1.0,15.30311
-1.0,-0.959183673469388,1.1944286
-0.959183673469388,-0.959183673469388,1.1893538
-0.918367346938775,-0.959183673469388,1.1719143
-0.877551020408163,-0.959183673469388,1.1838492
-0.836734693877551,-0.959183673469388,1.1615872
-0.795918367346939,-0.959183673469388,1.163035
-0.755102040816326,-0.959183673469388,1.1601506
-0.714285714285714,-0.959183673469388,1.1817173
-0.673469387755102,-0.959183673469388,1.1915704
-0.63265306122449,-0.959183673469388,1.2137959
-0.591836734693878,-0.959183673469388,1.2252215
-0.551020408163265,-0.959183673469388,1.268499
-0.510204081632653,-0.959183673469388,1.2671536
-0.469387755102041,-0.959183673469388,1.3273064
-0.428571428571429,-0.959183673469388,1.3683897
-0.387755102040816,-0.959183673469388,1.4094758
-0.346938775510204,-0.959183673469388,1.477125
-0.306122448979592,-0.959183673469388,1.521868
-0.26530612244898,-0.959183673469388,1.590106
-0.224489795918367,-0.959183673469388,1.6636875
-0.183673469387755,-0.959183673469388,1.743921
-0.142857142857143,-0.959183673469388,1.8666704
-0.102040816326531,-0.959183673469388,1.9631126
-0.061224489795919,-0.959183673469388,2.0935166
-0.020408163265306,-0.959183673469388,2.2258527
0.020408163265306,-0.959183673469388,2.3812745
0.061224489795918,-0.959183673469388,2.5504556
0.102040816326531,-0.959183673469388,2.7233095
0.142857142857143,-0.959183673469388,2.9114854
0.183673469387755,-0.959183673469388,3.150264
0.224489795918367,-0.959183673469388,3.404239
0.265306122448979,-0.959183673469388,3.6711192
0.306122448979592,-0.959183673469388,3.9575377
0.346938775510204,-0.959183673469388,4.2898064
0.387755102040816,-0.959183673469388,4.6564207
0.428571428571428,-0.959183673469388,5.0449963
0.469387755102041,-0.959183673469388,5.4759784
0.510204081632653,-0.959183673469388,5.929096
0.551020408163265,-0.959183673469388,6.4425645
0.591836734693877,-0.959183673469388,6.983003
0.63265306122449,-0.959183673469388,7.5800924
0.673469387755102,-0.959183673469388,8.253728
0.714285714285714,-0.959183673469388,8.946523
0.755102040816326,-0.959183673469388,9.735495
0.795918367346939,-0.959183673469388,10.606556
0.836734693877551,-0.959183673469388,11.522795
0.877551020408163,-0.959183673469388,12.499336
0.918367346938775,-0.959183673469388,13.6244545
0.959183673469388,-0.959183673469388,14.818777
1.0,-0.959183673469388,16.10697
-1.0,-0.918367346938775,1.1050881
-0.959183673469388,-0.918367346938775,1.1004684
-0.918367346938775,-0.918367346938775,1.1036056
-0.877551020408163,-0.918367346938775,1.0892795
-0.836734693877551,-0.918367346938775,1.0955342
-0.795918367346939,-0.918367346938775,1.1115159
-0.755102040816326,-0.918367346938775,1.1178879
-0.714285714285714,-0.918367346938775,1.1290038
-0.673469387755102,-0.918367346938775,1.1470741
-0.63265306122449,-0.918367346938775,1.1785152
-0.591836734693878,-0.918367346938775,1.1916345
-0.551020408163265,-0.918367346938775,1.2193646
-0.510204081632653,-0.918367346938775,1.2438884
-0.469387755102041,-0.918367346938775,1.299249
-0.428571428571429,-0.918367346938775,1.3423404
-0.387755102040816,-0.918367346938775,1.4079387
-0.346938775510204,-0.918367346938775,1.4726194
-0.306122448979592,-0.918367346938775,1.5364374
-0.26530612244898,-0.918367346938775,1.6104608
-0.224489795918367,-0.918367346938775,1.7078497
-0.183673469387755,-0.918367346938775,1.8008556
-0.142857142857143,-0.918367346938775,1.9128624
-0.102040816326531,-0.918367346938775,2.0332513
-0.061224489795919,-0.918367346938775,2.1740615
-0.020408163265306,-0.918367346938775,2.3259907
0.020408163265306,-0.918367346938775,2.4823914
0.061224489795918,-0.918367346938775,2.6667786
0.102040816326531,-0.918367346938775,2.8623285
0.142857142857143,-0.918367346938775,3.0957458
0.183673469387755,-0.918367346938775,3.3260229
0.224489795918367,-0.918367346938775,3.5640678
0.265306122448979,-0.918367346938775,3.8546796
0.306122448979592,-0.918367346938775,4.1793113
0.346938775510204,-0.918367346938775,4.541175
0.387755102040816,-0.918367346938775,4.9074793
0.428571428571428,-0.918367346938775,5.3174825
0.469387755102041,-0.918367346938775,5.771558
0.510204081632653,-0.918367346938775,6.249579
0.551020408163265,-0.918367346938775,6.7648897
0.591836734693877,-0.918367346938775,7.373828
0.63265306122449,-0.918367346938775,7.9946055
0.673469387755102,-0.918367346938775,8.699074
0.714285714285714,-0.918367346938775,9.43367
0.755102040816326,-0.918367346938775,10.265333
0.795918367346939,-0.918367346938775,11.13997
0.836734693877551,-0.918367346938775,12.128464
0.877551020408163,-0.918367346938775,13.18938
0.918367346938775,-0.918367346938775,14.334367
0.959183673469388,-0.918367346938775,15.56945
1.0,-0.918367346938775,16.920294
-1.0,-0.877551020408163,1.0061047
-0.959183673469388,-0.877551020408163,1.0156103
-0.918367346938775,-0.877551020408163,1.0216322
-0.877551020408163,-0.877551020408163,1.0340484
-0.836734693877551,-0.877551020408163,1.0288192
-0.795918367346939,-0.877551020408163,1.0617483
-0.755102040816326,-0.877551020408163,1.0365092
-0.714285714285714,-0.877551020408163,1.076419
-0.673469387755102,-0.877551020408163,1.0919104
-0.63265306122449,-0.877551020408163,1.1395843
-0.591836734693878,-0.877551020408163,1.1447448
-0.551020408163265,-0.877551020408163,1.203418
-0.510204081632653,-0.877551020408163,1.2442887
-0.469387755102041,-0.877551020408163,1.2894843
-0.428571428571429,-0.877551020408163,1.3512214
-0.387755102040816,-0.877551020408163,1.4035132
-0.346938775510204,-0.877551020408163,1.482698
-0.306122448979592,-0.877551020408163,1.5484498
-0.26530612244898,-0.877551020408163,1.6308246
-0.224489795918367,-0.877551020408163,1.7576174
-0.183673469387755,-0.877551020408163,1.8648363
-0.142857142857143,-0.877551020408163,1.9718509
-0.102040816326531,-0.877551020408163,2.0877397
-0.061224489795919,-0.877551020408163,2.2562191
-0.020408163265306,-0.877551020408163,2.4165683
0.020408163265306,-0.877551020408163,2.6052084
0.061224489795918,-0.877551020408163,2.7787585
0.102040816326531,-0.877551020408163,2.991865
0.142857142857143,-0.877551020408163,3.2152612
0.183673469387755,-0.877551020408163,3.4760363
0.224489795918367,-0.877551020408163,3.747605
0.265306122448979,-0.877551020408163,4.0458884
0.306122448979592,-0.877551020408163,4.38359
0.346938775510204,-0.877551020408163,4.753558
0.387755102040816,-0.877551020408163,5.1507244
0.428571428571428,-0.877551020408163,5.5741515
0.469387755102041,-0.877551020408163,6.0423474
0.510204081632653,-0.877551020408163,6.577873
0.551020408163265,-0.877551020408163,7.147954
0.591836734693877,-0.877551020408163,7.7433715
0.63265306122449,-0.877551020408163,8.42151
0.673469387755102,-0.877551020408163,9.146059
0.714285714285714,-0.877551020408163,9.945167
0.755102040816326,-0.877551020408163,10.776079
0.795918367346939,-0.877551020408163,11.7281065
0.836734693877551,-0.877551020408163,12.73002
0.877551020408163,-0.877551020408163,13.825215
0.918367346938775,-0.877551020408163,15.040342
0.959183673469388,-0.877551020408163,16.345737
1.0,-0.877551020408163,17.771954
-1.0,-0.836734693877551,0.94278
-0.959183673469388,-0.836734693877551,0.9646434
-0.918367346938775,-0.836734693877551,0.9468636
-0.877551020408163,-0.836734693877551,0.9540601
-0.836734693877551,-0.836734693877551,0.9795365
-0.795918367346939,-0.836734693877551,1.005927
-0.755102040816326,-0.836734693877551,1.0293877
-0.714285714285714,-0.836734693877551,1.0458299
-0.673469387755102,-0.836734693877551,1.062147
-0.63265306122449,-0.836734693877551,1.0936483
-0.591836734693878,-0.836734693877551,1.1373678
-0.551020408163265,-0.836734693877551,1.1801558
-0.510204081632653,-0.836734693877551,1.2371386
-0.469387755102041,-0.836734693877551,1.2957659
-0.428571428571429,-0.836734693877551,1.3524148
-0.387755102040816,-0.836734693877551,1.4006062
-0.346938775510204,-0.836734693877551,1.4976822
-0.306122448979592,-0.836734693877551,1.5989958
-0.26530612244898,-0.836734693877551,1.6663047
-0.224489795918367,-0.836734693877551,1.805309
-0.183673469387755,-0.836734693877551,1.9104978
-0.142857142857143,-0.836734693877551,2.0315757
-0.102040816326531,-0.836734693877551,2.189125
-0.061224489795919,-0.836734693877551,2.3519964
-0.020408163265306,-0.836734693877551,2.50671
0.020408163265306,-0.836734693877551,2.7117126
0.061224489795918,-0.836734693877551,2.9029226
0.102040816326531,-0.836734693877551,3.1167042
0.142857142857143,-0.836734693877551,3.3687534
0.183673469387755,-0.836734693877551,3.6455464
0.224489795918367,-0.836734693877551,3.9439597
0.265306122448979,-0.836734693877551,4.2822495
0.306122448979592,-0.836734693877551,4.61349
0.346938775510204,-0.836734693877551,4.988963
0.387755102040816,-0.836734693877551,5.396031
0.428571428571428,-0.836734693877551,5.861831
0.469387755102041,-0.836734693877551,6.3697724
0.510204081632653,-0.836734693877551,6.911636
0.551020408163265,-0.836734693877551,7.502114
0.591836734693877,-0.836734693877551,8.145768
0.63265306122449,-0.836734693877551,8.830466
0.673469387755102,-0.836734693877551,9.602017
0.714285714285714,-0.836734693877551,10.419998
0.755102040816326,-0.836734693877551,11.328448
0.795918367346939,-0.836734693877551,12.291989
0.836734693877551,-0.836734693877551,13.362448
0.877551020408163,-0.836734693877551,14.513563
0.918367346938775,-0.836734693877551,15.786333
0.959183673469388,-0.836734693877551,17.147593
1.0,-0.836734693877551,18.60923
-1.0,-0.795918367346939,0.879095
-0.959183673469388,-0.795918367346939,0.88626695
-0.918367346938775,-0.795918367346939,0.89976597
-0.877551020408163,-0.795918367346939,0.91613126
-0.836734693877551,-0.795918367346939,0.9347622
-0.795918367346939,-0.795918367346939,0.9545428
-0.755102040816326,-0.795918367346939,0.97175133
-0.714285714285714,-0.795918367346939,1.0145161
-0.673469387755102,-0.795918367346939,1.0284086
-0.63265306122449,-0.795918367346939,1.0666671
-0.591836734693878,-0.795918367346939,1.1123692
-0.551020408163265,-0.795918367346939,1.1813941
-0.510204081632653,-0.795918367346939,1.2317286
-0.469387755102041,-0.795918367346939,1.3032132
-0.428571428571429,-0.795918367346939,1.3488768
-0.387755102040816,-0.795918367346939,1.4409052
-0.346938775510204,-0.795918367346939,1.5345916
-0.306122448979592,-0.795918367346939,1.622292
-0.26530612244898,-0.795918367346939,1.7392054
-0.224489795918367,-0.795918367346939,1.8434762
-0.183673469387755,-0.795918367346939,1.9476182
-0.142857142857143,-0.795918367346939,2.1064572
-0.102040816326531,-0.795918367346939,2.244933
-0.061224489795919,-0.795918367346939,2.432149
-0.020408163265306,-0.795918367346939,2.5831752
0.020408163265306,-0.795918367346939,2.809246
0.061224489795918,-0.795918367346939,3.0275266
0.102040816326531,-0.795918367346939,3.2609413
0.142857142857143,-0.795918367346939,3.5473025
0.183673469387755,-0.795918367346939,3.8166046
0.224489795918367,-0.795918367346939,4.139833
0.265306122448979,-0.795918367346939,4.4874315
0.306122448979592,-0.795918367346939,4.8461843
0.346938775510204,-0.795918367346939,5.2528377
0.387755102040816,-0.795918367346939,5.687431
0.428571428571428,-0.795918367346939,6.174304
0.469387755102041,-0.795918367346939,6.6874137
0.510204081632653,-0.795918367346939,7.252491
0.551020408163265,-0.795918367346939,7.880798
0.591836734693877,-0.795918367346939,8.533456
0.63265306122449,-0.795918367346939,9.269685
0.673469387755102,-0.795918367346939,10.06616
0.714285714285714,-0.795918367346939,10.93231
0.755102040816326,-0.795918367346939,11.874346
0.795918367346939,-0.795918367346939,12.890399
0.836734693877551,-0.795918367346939,14.007656
0.877551020408163,-0.795918367346939,15.235135
0.918367346938775,-0.795918367346939,16.52866
0.959183673469388,-0.795918367346939,17.959957
1.0,-0.795918367346939,19.505096
-1.0,-0.755102040816326,0.81184095
-0.959183673469388,-0.755102040816326,0.8280609
-0.918367346938775,-0.755102040816326,0.85812426
-0.877551020408163,-0.755102040816326,0.87246644
-0.836734693877551,-0.755102040816326,0.8932648
-0.795918367346939,-0.755102040816326,0.9095069
-0.755102040816326,-0.755102040816326,0.95623106
-0.714285714285714,-0.755102040816326,0.9737078
-0.673469387755102,-0.755102040816326,1.0277349
-0.63265306122449,-0.755102040816326,1.0804535
-0.591836734693878,-0.755102040816326,1.0950265
-0.551020408163265,-0.755102040816326,1.1610776
-0.510204081632653,-0.755102040816326,1.2378459
-0.469387755102041,-0.755102040816326,1.2836567
-0.428571428571429,-0.755102040816326,1.379814
-0.387755102040816,-0.755102040816326,1.4549565
-0.346938775510204,-0.755102040816326,1.5505835
-0.306122448979592,-0.755102040816326,1.6599383
-0.26530612244898,-0.755102040816326,1.7849926
-0.224489795918367,-0.755102040816326,1.886632
-0.183673469387755,-0.755102040816326,2.0363042
-0.142857142857143,-0.755102040816326,2.173332
-0.102040816326531,-0.755102040816326,2.3537202
-0.061224489795919,-0.755102040816326,2.5066254
-0.020408163265306,-0.755102040816326,2.7204385
0.020408163265306,-0.755102040816326,2.9321773
0.061224489795918,-0.755102040816326,3.1606777
0.102040816326531,-0.755102040816326,3.415031
0.142857142857143,-0.755102040816326,3.6945858
0.183673469387755,-0.755102040816326,3.9994428
0.224489795918367,-0.755102040816326,4.303889
0.265306122448979,-0.755102040816326,4.6708817
0.306122448979592,-0.755102040816326,5.07382
0.346938775510204,-0.755102040816326,5.496959
0.387755102040816,-0.755102040816326,5.950891
0.428571428571428,-0.755102040816326,6.4608803
0.469387755102041,-0.755102040816326,7.0165024
0.510204081632653,-0.755102040816326,7.6051397
0.551020408163265,-0.755102040816326,8.2590065
0.591836734693877,-0.755102040816326,8.954988
0.63265306122449,-0.755102040816326,9.727069
0.673469387755102,-0.755102040816326,10.546775
0.714285714285714,-0.755102040816326,11.453769
0.755102040816326,-0.755102040816326,12.4423685
0.795918367346939,-0.755102040816326,13.516301
0.836734693877551,-0.755102040816326,14.68724
0.877551020408163,-0.755102040816326,15.931021
0.918367346938775,-0.755102040816326,17.312393
0.959183673469388,-0.755102040816326,18.798706
1.0,-0.755102040816326,20.398174
-1.0,-0.714285714285714,0.7562149
-0.959183673469388,-0.714285714285714,0.7775785
-0.918367346938775,-0.714285714285714,0.7947547
-0.877551020408163,-0.714285714285714,0.8313795
-0.836734693877551,-0.714285714285714,0.8568253
-0.795918367346939,-0.714285714285714,0.8755242
-0.755102040816326,-0.714285714285714,0.9207158
-0.714285714285714,-0.714285714285714,0.95577943
-0.673469387755102,-0.714285714285714,1.003708
-0.63265306122449,-0.714285714285714,1.0792019
-0.591836734693878,-0.714285714285714,1.1339321
-0.551020408163265,-0.714285714285714,1.1934923
-0.510204081632653,-0.714285714285714,1.2449405
-0.469387755102041,-0.714285714285714,1.3180834
-0.428571428571429,-0.714285714285714,1.3849391
-0.387755102040816,-0.714285714285714,1.4867756
-0.346938775510204,-0.714285714285714,1.5900416
-0.306122448979592,-0.714285714285714,1.7228073
-0.26530612244898,-0.714285714285714,1.8223232
-0.224489795918367,-0.714285714285714,1.9582595
-0.183673469387755,-0.714285714285714,2.1226273
-0.142857142857143,-0.714285714285714,2.276384
-0.102040816326531,-0.714285714285714,2.4356673
-0.061224489795919,-0.714285714285714,2.6274717
-0.020408163265306,-0.714285714285714,2.8251739
0.020408163265306,-0.714285714285714,3.0590343
0.061224489795918,-0.714285714285714,3.2961514
0.102040816326531,-0.714285714285714,3.5532439
0.142857142857143,-0.714285714285714,3.8437433
0.183673469387755,-0.714285714285714,4.17864
0.224489795918367,-0.714285714285714,4.514108
0.265306122448979,-0.714285714285714,4.9051
0.306122448979592,-0.714285714285714,5.301495
0.346938775510204,-0.714285714285714,5.748762
0.387755102040816,-0.714285714285714,6.244179
0.428571428571428,-0.714285714285714,6.7644625
0.469387755102041,-0.714285714285714,7.336948
0.510204081632653,-0.714285714285714,7.9646206
0.551020408163265,-0.714285714285714,8.655907
0.591836734693877,-0.714285714285714,9.369015
0.63265306122449,-0.714285714285714,10.173564
0.673469387755102,-0.714285714285714,11.049162
0.714285714285714,-0.714285714285714,11.986203
0.755102040816326,-0.714285714285714,12.998786
0.795918367346939,-0.714285714285714,14.136645
0.836734693877551,-0.714285714285714,15.360896
0.877551020408163,-0.714285714285714,16.679232
0.918367346938775,-0.714285714285714,18.096212
0.959183673469388,-0.714285714285714,19.644545
1.0,-0.714285714285714,21.347317
-1.0,-0.673469387755102,0.71978074
-0.959183673469388,-0.673469387755102,0.73164445
-0.918367346938775,-0.673469387755102,0.760432
-0.877551020408163,-0.673469387755102,0.79295737
-0.836734693877551,-0.673469387755102,0.8391815
-0.795918367346939,-0.673469387755102,0.86448395
-0.755102040816326,-0.673469387755102,0.9079424
-0.714285714285714,-0.673469387755102,0.95103794
-0.673469387755102,-0.673469387755102,1.0107716
-0.63265306122449,-0.673469387755102,1.0407059
-0.591836734693878,-0.673469387755102,1.1273617
-0.551020408163265,-0.673469387755102,1.1961532
-0.510204081632653,-0.673469387755102,1.2572612
-0.469387755102041,-0.673469387755102,1.3372519
-0.428571428571429,-0.673469387755102,1.4273978
-0.387755102040816,-0.673469387755102,1.5350698
-0.346938775510204,-0.673469387755102,1.6415067
-0.306122448979592,-0.673469387755102,1.7389803
-0.26530612244898,-0.673469387755102,1.8756835
-0.224489795918367,-0.673469387755102,2.0274649
-0.183673469387755,-0.673469387755102,2.1704004
-0.142857142857143,-0.673469387755102,2.3367841
-0.102040816326531,-0.673469387755102,2.5255072
-0.061224489795919,-0.673469387755102,2.7092445
-0.020408163265306,-0.673469387755102,2.9386506
0.020408163265306,-0.673469387755102,3.1734474
0.061224489795918,-0.673469387755102,3.4426095
0.102040816326531,-0.673469387755102,3.7225564
0.142857142857143,-0.673469387755102,4.0381823
0.183673469387755,-0.673469387755102,4.3554096
0.224489795918367,-0.673469387755102,4.719819
0.265306122448979,-0.673469387755102,5.12713
0.306122448979592,-0.673469387755102,5.545224
0.346938775510204,-0.673469387755102,6.029097
0.387755102040816,-0.673469387755102,6.5215106
0.428571428571428,-0.673469387755102,7.093029
0.469387755102041,-0.673469387755102,7.6880865
0.510204081632653,-0.673469387755102,8.332055
0.551020408163265,-0.673469387755102,9.048749
0.591836734693877,-0.673469387755102,9.823434
0.63265306122449,-0.673469387755102,10.657478
0.673469387755102,-0.673469387755102,11.547328
0.714285714285714,-0.673469387755102,12.549164
0.755102040816326,-0.673469387755102,13.6105385
0.795918367346939,-0.673469387755102,14.787029
0.836734693877551,-0.673469387755102,16.065996
0.877551020408163,-0.673469387755102,17.436497
0.918367346938775,-0.673469387755102,18.914211
0.959183673469388,-0.673469387755102,20.52865
1.0,-0.673469387755102,22.307098
-1.0,-0.63265306122449,0.67452395
-0.959183673469388,-0.63265306122449,0.7112255
-0.918367346938775,-0.63265306122449,0.73607635
-0.877551020408163,-0.63265306122449,0.7634086
-0.836734693877551,-0.63265306122449,0.8033381
-0.795918367346939,-0.63265306122449,0.8585432
-0.755102040816326,-0.63265306122449,0.91103536
-0.714285714285714,-0.63265306122449,0.9434508
-0.673469387755102,-0.63265306122449,0.9944589
-0.63265306122449,-0.63265306122449,1.060578
-0.591836734693878,-0.63265306122449,1.1263683
-0.551020408163265,-0.63265306122449,1.1890261
-0.510204081632653,-0.63265306122449,1.2653509
-0.469387755102041,-0.63265306122449,1.3762077
-0.428571428571429,-0.63265306122449,1.472001
-0.387755102040816,-0.63265306122449,1.558903
-0.346938775510204,-0.63265306122449,1.6808906
-0.306122448979592,-0.63265306122449,1.8053302
-0.26530612244898,-0.63265306122449,1.9435866
-0.224489795918367,-0.63265306122449,2.1030538
-0.183673469387755,-0.63265306122449,2.2407248
-0.142857142857143,-0.63265306122449,2.4171557
-0.102040816326531,-0.63265306122449,2.6139765
-0.061224489795919,-0.63265306122449,2.8383365
-0.020408163265306,-0.63265306122449,3.0689363
0.020408163265306,-0.63265306122449,3.3075185
0.061224489795918,-0.63265306122449,3.6150746
0.102040816326531,-0.63265306122449,3.9023304
0.142857142857143,-0.63265306122449,4.2254043
0.183673469387755,-0.63265306122449,4.5444365
0.224489795918367,-0.63265306122449,4.9526167
0.265306122448979,-0.63265306122449,5.359288
0.306122448979592,-0.63265306122449,5.7972713
0.346938775510204,-0.63265306122449,6.2848854
0.387755102040816,-0.63265306122449,6.818122
0.428571428571428,-0.63265306122449,7.395396
0.469387755102041,-0.63265306122449,8.013563
0.510204081632653,-0.63265306122449,8.702457
0.551020408163265,-0.63265306122449,9.450057
0.591836734693877,-0.63265306122449,10.2595415
0.63265306122449,-0.63265306122449,11.129911
0.673469387755102,-0.63265306122449,12.074401
0.714285714285714,-0.63265306122449,13.113495
0.755102040816326,-0.63265306122449,14.238505
0.795918367346939,-0.63265306122449,15.459681
0.836734693877551,-0.63265306122449,16.77684
0.877551020408163,-0.63265306122449,18.2238
0.918367346938775,-0.63265306122449,19.766314
0.959183673469388,-0.63265306122449,21.467115
1.0,-0.63265306122449,23.297274
-1.0,-0.591836734693878,0.64907146
-0.959183673469388,-0.591836734693878,0.67987937
-0.918367346938775,-0.591836734693878,0.7065339
-0.877551020408163,-0.591836734693878,0.77554125
-0.836734693877551,-0.591836734693878,0.7866087
-0.795918367346939,-0.591836734693878,0.8150906
-0.755102040816326,-0.591836734693878,0.89687175
-0.714285714285714,-0.591836734693878,0.95188004
-0.673469387755102,-0.591836734693878,1.0091069
-0.63265306122449,-0.591836734693878,1.072091
-0.591836734693878,-0.591836734693878,1.1356826
-0.551020408163265,-0.591836734693878,1.2222406
-0.510204081632653,-0.591836734693878,1.2887655
-0.469387755102041,-0.591836734693878,1.3976538
-0.428571428571429,-0.591836734693878,1.4915994
-0.387755102040816,-0.591836734693878,1.6107073
-0.346938775510204,-0.591836734693878,1.7457415
-0.306122448979592,-0.591836734693878,1.8653872
-0.26530612244898,-0.591836734693878,2.000637
-0.224489795918367,-0.591836734693878,2.1560073
-0.183673469387755,-0.591836734693878,2.3425264
-0.142857142857143,-0.591836734693878,2.5197759
-0.102040816326531,-0.591836734693878,2.7299774
-0.061224489795919,-0.591836734693878,2.9460752
-0.020408163265306,-0.591836734693878,3.173408
0.020408163265306,-0.591836734693878,3.4548705
0.061224489795918,-0.591836734693878,3.7204657
0.102040816326531,-0.591836734693878,4.043896
0.142857142857143,-0.591836734693878,4.4016027
0.183673469387755,-0.591836734693878,4.742544
0.224489795918367,-0.591836734693878,5.162392
0.265306122448979,-0.591836734693878,5.5951276
0.306122448979592,-0.591836734693878,6.0637803
0.346938775510204,-0.591836734693878,6.5461755
0.387755102040816,-0.591836734693878,7.114782
0.428571428571428,-0.591836734693878,7.724424
0.469387755102041,-0.591836734693878,8.393616
0.510204081632653,-0.591836734693878,9.10282
0.551020408163265,-0.591836734693878,9.891551
0.591836734693877,-0.591836734693878,10.716847
0.63265306122449,-0.591836734693878,11.645127
0.673469387755102,-0.591836734693878,12.63347
0.714285714285714,-0.591836734693878,13.717029
0.755102040816326,-0.591836734693878,14.868569
0.795918367346939,-0.591836734693878,16.12732
0.836734693877551,-0.591836734693878,17.522236
0.877551020408163,-0.591836734693878,19.00662
0.918367346938775,-0.591836734693878,20.65622
0.959183673469388,-0.591836734693878,22.40262
1.0,-0.591836734693878,24.31544
-1.0,-0.551020408163265,0.6336367
-0.959183673469388,-0.551020408163265,0.68472713
-0.918367346938775,-0.551020408163265,0.7247299
-0.877551020408163,-0.551020408163265,0.732167
-0.836734693877551,-0.551020408163265,0.7999121
-0.795918367346939,-0.551020408163265,0.85480714
-0.755102040816326,-0.551020408163265,0.86940205
-0.714285714285714,-0.551020408163265,0.94413036
-0.673469387755102,-0.551020408163265,1.0021487
-0.63265306122449,-0.551020408163265,1.0812405
-0.591836734693878,-0.551020408163265,1.1763362
-0.551020408163265,-0.551020408163265,1.2671862
-0.510204081632653,-0.551020408163265,1.3355381
-0.469387755102041,-0.551020408163265,1.4348449
-0.428571428571429,-0.551020408163265,1.5412438
-0.387755102040816,-0.551020408163265,1.6548902
-0.346938775510204,-0.551020408163265,1.7888997
-0.306122448979592,-0.551020408163265,1.9214997
-0.26530612244898,-0.551020408163265,2.0833747
-0.224489795918367,-0.551020408163265,2.2513378
-0.183673469387755,-0.551020408163265,2.4374127
-0.142857142857143,-0.551020408163265,2.6228046
-0.102040816326531,-0.551020408163265,2.8421733
-0.061224489795919,-0.551020408163265,3.0638258
-0.020408163265306,-0.551020408163265,3.3215322
0.020408163265306,-0.551020408163265,3.604916
0.061224489795918,-0.551020408163265,3.8903592
0.102040816326531,-0.551020408163265,4.212811
0.142857142857143,-0.551020408163265,4.5798826
0.183673469387755,-0.551020408163265,4.9547005
0.224489795918367,-0.551020408163265,5.3624997
0.265306122448979,-0.551020408163265,5.8317895
0.306122448979592,-0.551020408163265,6.3232074
0.346938775510204,-0.551020408163265,6.8851943
0.387755102040816,-0.551020408163265,7.44043
0.428571428571428,-0.551020408163265,8.064319
0.469387755102041,-0.551020408163265,8.770872
0.510204081632653,-0.551020408163265,9.509069
0.551020408163265,-0.551020408163265,10.314825
0.591836734693877,-0.551020408163265,11.194035
0.63265306122449,-0.551020408163265,12.138462
0.673469387755102,-0.551020408163265,13.176638
0.714285714285714,-0.551020408163265,14.311128
0.755102040816326,-0.551020408163265,15.531914
0.795918367346939,-0.551020408163265,16.863487
0.836734693877551,-0.551020408163265,18.292591
0.877551020408163,-0.551020408163265,19.846275
0.918367346938775,-0.551020408163265,21.55299
0.959183673469388,-0.551020408163265,23.39712
1.0,-0.551020408163265,25.374165
-1.0,-0.510204081632653,0.6253019
-0.959183673469388,-0.510204081632653,0.6443661
-0.918367346938775,-0.510204081632653,0.6972091
-0.877551020408163,-0.510204081632653,0.743741
-0.836734693877551,-0.510204081632653,0.7932669
-0.795918367346939,-0.510204081632653,0.8405447
-0.755102040816326,-0.510204081632653,0.9135913
-0.714285714285714,-0.510204081632653,0.96441287
-0.673469387755102,-0.510204081632653,1.0074154
-0.63265306122449,-0.510204081632653,1.1236639
-0.591836734693878,-0.510204081632653,1.1722307
-0.551020408163265,-0.510204081632653,1.2764786
-0.510204081632653,-0.510204081632653,1.3617766
-0.469387755102041,-0.510204081632653,1.4480186
-0.428571428571429,-0.510204081632653,1.5985565
-0.387755102040816,-0.510204081632653,1.7124429
-0.346938775510204,-0.510204081632653,1.8373978
-0.306122448979592,-0.510204081632653,2.010036
-0.26530612244898,-0.510204081632653,2.1702387
-0.224489795918367,-0.510204081632653,2.328262
-0.183673469387755,-0.510204081632653,2.5235038
-0.142857142857143,-0.510204081632653,2.7296567
-0.102040816326531,-0.510204081632653,2.95844
-0.061224489795919,-0.510204081632653,3.2070074
-0.020408163265306,-0.510204081632653,3.456741
0.020408163265306,-0.510204081632653,3.754784
0.061224489795918,-0.510204081632653,4.0563245
0.102040816326531,-0.510204081632653,4.3999033
0.142857142857143,-0.510204081632653,4.7759843
0.183673469387755,-0.510204081632653,5.1775846
0.224489795918367,-0.510204081632653,5.619491
0.265306122448979,-0.510204081632653,6.082685
0.306122448979592,-0.510204081632653,6.5930777
0.346938775510204,-0.510204081632653,7.1597743
0.387755102040816,-0.510204081632653,7.7796087
0.428571428571428,-0.510204081632653,8.446444
0.469387755102041,-0.510204081632653,9.148478
0.510204081632653,-0.510204081632653,9.94047
0.551020408163265,-0.510204081632653,10.772968
0.591836734693877,-0.510204081632653,11.692637
0.63265306122449,-0.510204081632653,12.670162
0.673469387755102,-0.510204081632653,13.763066
0.714285714285714,-0.510204081632653,14.955456
0.755102040816326,-0.510204081632653,16.212784
0.795918367346939,-0.510204081632653,17.592491
0.836734693877551,-0.510204081632653,19.08345
0.877551020408163,-0.510204081632653,20.70703
0.918367346938775,-0.510204081632653,22.493475
0.959183673469388,-0.510204081632653,24.407803
1.0,-0.510204081632653,26.486834
-1.0,-0.469387755102041,0.5976268
-0.959183673469388,-0.469387755102041,0.6682287
-0.918367346938775,-0.469387755102041,0.6921134
-0.877551020408163,-0.469387755102041,0.7379234
-0.836734693877551,-0.469387755102041,0.7817398
-0.795918367346939,-0.469387755102041,0.83968914
-0.755102040816326,-0.469387755102041,0.902699
-0.714285714285714,-0.469387755102041,0.9662125
-0.673469387755102,-0.469387755102041,1.0430814
-0.63265306122449,-0.469387755102041,1.10243
-0.591836734693878,-0.469387755102041,1.2108606
-0.551020408163265,-0.469387755102041,1.3144122
-0.510204081632653,-0.469387755102041,1.4040989
-0.469387755102041,-0.469387755102041,1.5131093
-0.428571428571429,-0.469387755102041,1.6271644
-0.387755102040816,-0.469387755102041,1.7669978
-0.346938775510204,-0.469387755102041,1.9004984
-0.306122448979592,-0.469387755102041,2.065831
-0.26530612244898,-0.469387755102041,2.2295318
-0.224489795918367,-0.469387755102041,2.426633
-0.183673469387755,-0.469387755102041,2.6183155
-0.142857142857143,-0.469387755102041,2.8178675
-0.102040816326531,-0.469387755102041,3.0914671
-0.061224489795919,-0.469387755102041,3.3110106
-0.020408163265306,-0.469387755102041,3.6057363
0.020408163265306,-0.469387755102041,3.894726
0.061224489795918,-0.469387755102041,4.2294626
0.102040816326531,-0.469387755102041,4.6008987
0.142857142857143,-0.469387755102041,4.981265
0.183673469387755,-0.469387755102041,5.393243
0.224489795918367,-0.469387755102041,5.8276396
0.265306122448979,-0.469387755102041,6.3442764
0.306122448979592,-0.469387755102041,6.8949666
0.346938775510204,-0.469387755102041,7.4571185
0.387755102040816,-0.469387755102041,8.117175
0.428571428571428,-0.469387755102041,8.794992
0.469387755102041,-0.469387755102041,9.546777
0.510204081632653,-0.469387755102041,10.366129
0.551020408163265,-0.469387755102041,11.24012
0.591836734693877,-0.469387755102041,12.20255
0.63265306122449,-0.469387755102041,13.236157
0.673469387755102,-0.469387755102041,14.38768
0.714285714285714,-0.469387755102041,15.587842
0.755102040816326,-0.469387755102041,16.907982
0.795918367346939,-0.469387755102041,18.350937
0.836734693877551,-0.469387755102041,19.931063
0.877551020408163,-0.469387755102041,21.611664
0.918367346938775,-0.469387755102041,23.450378
0.959183673469388,-0.469387755102041,25.467789
1.0,-0.469387755102041,27.615545
-1.0,-0.428571428571429,0.5951738
-0.959183673469388,-0.428571428571429,0.6797241
-0.918367346938775,-0.428571428571429,0.7085434
-0.877551020408163,-0.428571428571429,0.75339663
-0.836734693877551,-0.428571428571429,0.8023264
-0.795918367346939,-0.428571428571429,0.862721
-0.755102040816326,-0.428571428571429,0.93794924
-0.714285714285714,-0.428571428571429,1.0057397
-0.673469387755102,-0.428571428571429,1.0682341
-0.63265306122449,-0.428571428571429,1.1663386
-0.591836734693878,-0.428571428571429,1.2384146
-0.551020408163265,-0.428571428571429,1.3318899
-0.510204081632653,-0.428571428571429,1.4353786
-0.469387755102041,-0.428571428571429,1.5657231
-0.428571428571429,-0.428571428571429,1.6883956
-0.387755102040816,-0.428571428571429,1.8232163
-0.346938775510204,-0.428571428571429,1.9767046
-0.306122448979592,-0.428571428571429,2.1468923
-0.26530612244898,-0.428571428571429,2.3301108
-0.224489795918367,-0.428571428571429,2.5252228
-0.183673469387755,-0.428571428571429,2.7310534
-0.142857142857143,-0.428571428571429,2.9495306
-0.102040816326531,-0.428571428571429,3.2034068
-0.061224489795919,-0.428571428571429,3.483909
-0.020408163265306,-0.428571428571429,3.76187
0.020408163265306,-0.428571428571429,4.0726576
0.061224489795918,-0.428571428571429,4.4148235
0.102040816326531,-0.428571428571429,4.7890573
0.142857142857143,-0.428571428571429,5.1909285
0.183673469387755,-0.428571428571429,5.646637
0.224489795918367,-0.428571428571429,6.0933757
0.265306122448979,-0.428571428571429,6.627579
0.306122448979592,-0.428571428571429,7.189072
0.346938775510204,-0.428571428571429,7.7810793
0.387755102040816,-0.428571428571429,8.442922
0.428571428571428,-0.428571428571429,9.174429
0.469387755102041,-0.428571428571429,9.95909
0.510204081632653,-0.428571428571429,10.802896
0.551020408163265,-0.428571428571429,11.732657
0.591836734693877,-0.428571428571429,12.733167
0.63265306122449,-0.428571428571429,13.805974
0.673469387755102,-0.428571428571429,14.986858
0.714285714285714,-0.428571428571429,16.245367
0.755102040816326,-0.428571428571429,17.623207
0.795918367346939,-0.428571428571429,19.144136
0.836734693877551,-0.428571428571429,20.774927
0.877551020408163,-0.428571428571429,22.524996
0.918367346938775,-0.428571428571429,24.477905
0.959183673469388,-0.428571428571429,26.55932
1.0,-0.428571428571429,28.792543
-1.0,-0.387755102040816,0.59694344
-0.959183673469388,-0.387755102040816,0.6307835
-0.918367346938775,-0.387755102040816,0.70226663
-0.877551020408163,-0.387755102040816,0.74658245
-0.836734693877551,-0.387755102040816,0.79597616
-0.795918367346939,-0.387755102040816,0.878219
-0.755102040816326,-0.387755102040816,0.9550883
-0.714285714285714,-0.387755102040816,1.0206357
-0.673469387755102,-0.387755102040816,1.0940944
-0.63265306122449,-0.387755102040816,1.2142053
-0.591836734693878,-0.387755102040816,1.2892373
-0.551020408163265,-0.387755102040816,1.3926202
-0.510204081632653,-0.387755102040816,1.5161881
-0.469387755102041,-0.387755102040816,1.6256788
-0.428571428571429,-0.387755102040816,1.7535043
-0.387755102040816,-0.387755102040816,1.8813573
-0.346938775510204,-0.387755102040816,2.0501778
-0.306122448979592,-0.387755102040816,2.2308853
-0.26530612244898,-0.387755102040816,2.4139326
-0.224489795918367,-0.387755102040816,2.5808067
-0.183673469387755,-0.387755102040816,2.815897
-0.142857142857143,-0.387755102040816,3.0536284
-0.102040816326531,-0.387755102040816,3.3197381
-0.061224489795919,-0.387755102040816,3.6032104
-0.020408163265306,-0.387755102040816,3.902634
0.020408163265306,-0.387755102040816,4.236044
0.061224489795918,-0.387755102040816,4.603491
0.102040816326531,-0.387755102040816,4.9790845
0.142857142857143,-0.387755102040816,5.4049187
0.183673469387755,-0.387755102040816,5.8741
0.224489795918367,-0.387755102040816,6.362912
0.265306122448979,-0.387755102040816,6.913615
0.306122448979592,-0.387755102040816,7.4845877
0.346938775510204,-0.387755102040816,8.11917
0.387755102040816,-0.387755102040816,8.819575
0.428571428571428,-0.387755102040816,9.569906
0.469387755102041,-0.387755102040816,10.390218
0.510204081632653,-0.387755102040816,11.279301
0.551020408163265,-0.387755102040816,12.225506
0.591836734693877,-0.387755102040816,13.239828
0.63265306122449,-0.387755102040816,14.397292
0.673469387755102,-0.387755102040816,15.637155
0.714285714285714,-0.387755102040816,16.940174
0.755102040816326,-0.387755102040816,18.390638
0.795918367346939,-0.387755102040816,19.940563
0.836734693877551,-0.387755102040816,21.658201
0.877551020408163,-0.387755102040816,23.505783
0.918367346938775,-0.387755102040816,25.51322
0.959183673469388,-0.387755102040816,27.676945
1.0,-0.387755102040816,30.024645
-1.0,-0.346938775510204,0.6249421
-0.959183673469388,-0.346938775510204,0.6681273
-0.918367346938775,-0.346938775510204,0.7140308
-0.877551020408163,-0.346938775510204,0.7553936
-0.836734693877551,-0.346938775510204,0.82449806
-0.795918367346939,-0.346938775510204,0.8947251
-0.755102040816326,-0.346938775510204,0.9702368
-0.714285714285714,-0.346938775510204,1.0337485
-0.673469387755102,-0.346938775510204,1.1268106
-0.63265306122449,-0.346938775510204,1.2376145
-0.591836734693878,-0.346938775510204,1.3264503
-0.551020408163265,-0.346938775510204,1.4218681
-0.510204081632653,-0.346938775510204,1.5430787
-0.469387755102041,-0.346938775510204,1.6736
-0.428571428571429,-0.346938775510204,1.8048068
-0.387755102040816,-0.346938775510204,1.9798458
-0.346938775510204,-0.346938775510204,2.1228185
-0.306122448979592,-0.346938775510204,2.2921238
-0.26530612244898,-0.346938775510204,2.508852
-0.224489795918367,-0.346938775510204,2.7207196
-0.183673469387755,-0.346938775510204,2.944954
-0.142857142857143,-0.346938775510204,3.1828096
-0.102040816326531,-0.346938775510204,3.46467
-0.061224489795919,-0.346938775510204,3.7473123
-0.020408163265306,-0.346938775510204,4.085999
0.020408163265306,-0.346938775510204,4.413729
0.061224489795918,-0.346938775510204,4.7818546
0.102040816326531,-0.346938775510204,5.2161984
0.142857142857143,-0.346938775510204,5.621192
0.183673469387755,-0.346938775510204,6.137514
0.224489795918367,-0.346938775510204,6.628593
0.265306122448979,-0.346938775510204,7.1997967
0.306122448979592,-0.346938775510204,7.807991
0.346938775510204,-0.346938775510204,8.48101
0.387755102040816,-0.346938775510204,9.197601
0.428571428571428,-0.346938775510204,9.9917755
0.469387755102041,-0.346938775510204,10.82074
0.510204081632653,-0.346938775510204,11.740289
0.551020408163265,-0.346938775510204,12.731639
0.591836734693877,-0.346938775510204,13.822199
0.63265306122449,-0.346938775510204,15.001946
0.673469387755102,-0.346938775510204,16.282095
0.714285714285714,-0.346938775510204,17.671368
0.755102040816326,-0.346938775510204,19.175491
0.795918367346939,-0.346938775510204,20.807127
0.836734693877551,-0.346938775510204,22.58283
0.877551020408163,-0.346938775510204,24.488037
0.918367346938775,-0.346938775510204,26.582716
0.959183673469388,-0.346938775510204,28.849293
1.0,-0.346938775510204,31.287045
-1.0,-0.306122448979592,0.6413694
-0.959183673469388,-0.306122448979592,0.68464303
-0.918367346938775,-0.306122448979592,0.72825974
-0.877551020408163,-0.306122448979592,0.79891187
-0.836734693877551,-0.306122448979592,0.8599589
-0.795918367346939,-0.306122448979592,0.9207363
-0.755102040816326,-0.306122448979592,0.9833259
-0.714285714285714,-0.306122448979592,1.0556064
-0.673469387755102,-0.306122448979592,1.1651924
-0.63265306122449,-0.306122448979592,1.2633035
-0.591836734693878,-0.306122448979592,1.3679205
-0.551020408163265,-0.306122448979592,1.4947432
-0.510204081632653,-0.306122448979592,1.6045096
-0.469387755102041,-0.306122448979592,1.7579917
-0.428571428571429,-0.306122448979592,1.881627
-0.387755102040816,-0.306122448979592,2.023791
-0.346938775510204,-0.306122448979592,2.2006214
-0.306122448979592,-0.306122448979592,2.3971658
-0.26530612244898,-0.306122448979592,2.6100037
-0.224489795918367,-0.306122448979592,2.822224
-0.183673469387755,-0.306122448979592,3.0698545
-0.142857142857143,-0.306122448979592,3.300267
-0.102040816326531,-0.306122448979592,3.5995507
-0.061224489795919,-0.306122448979592,3.9044416
-0.020408163265306,-0.306122448979592,4.2543645
0.020408163265306,-0.306122448979592,4.6141458
0.061224489795918,-0.306122448979592,4.979733
0.102040816326531,-0.306122448979592,5.4142456
0.142857142857143,-0.306122448979592,5.8649883
0.183673469387755,-0.306122448979592,6.38828
0.224489795918367,-0.306122448979592,6.9290586
0.265306122448979,-0.306122448979592,7.4893494
0.306122448979592,-0.306122448979592,8.126947
0.346938775510204,-0.306122448979592,8.819536
0.387755102040816,-0.306122448979592,9.5671215
0.428571428571428,-0.306122448979592,10.372394
0.469387755102041,-0.306122448979592,11.295845
0.510204081632653,-0.306122448979592,12.236346
0.551020408163265,-0.306122448979592,13.290425
0.591836734693877,-0.306122448979592,14.404532
0.63265306122449,-0.306122448979592,15.639605
0.673469387755102,-0.306122448979592,16.983252
0.714285714285714,-0.306122448979592,18.422924
0.755102040816326,-0.306122448979592,19.976727
0.795918367346939,-0.306122448979592,21.665073
0.836734693877551,-0.306122448979592,23.51753
0.877551020408163,-0.306122448979592,25.520315
0.918367346938775,-0.306122448979592,27.69582
0.959183673469388,-0.306122448979592,30.066391
1.0,-0.306122448979592,32.606304
-1.0,-0.26530612244898,0.6175556
-0.959183673469388,-0.26530612244898,0.6968967
-0.918367346938775,-0.26530612244898,0.7691443
-0.877551020408163,-0.26530612244898,0.8230386
-0.836734693877551,-0.26530612244898,0.8736817
-0.795918367346939,-0.26530612244898,0.9441696
-0.755102040816326,-0.26530612244898,1.0321064
-0.714285714285714,-0.26530612244898,1.1138012
-0.673469387755102,-0.26530612244898,1.2143121
-0.63265306122449,-0.26530612244898,1.3269393
-0.591836734693878,-0.26530612244898,1.4358317
-0.551020408163265,-0.26530612244898,1.53482
-0.510204081632653,-0.26530612244898,1.6868653
-0.469387755102041,-0.26530612244898,1.7977906
-0.428571428571429,-0.26530612244898,1.9697421
-0.387755102040816,-0.26530612244898,2.1178966
-0.346938775510204,-0.26530612244898,2.3160129
-0.306122448979592,-0.26530612244898,2.4918354
-0.26530612244898,-0.26530612244898,2.706253
-0.224489795918367,-0.26530612244898,2.9446752
-0.183673469387755,-0.26530612244898,3.201799
-0.142857142857143,-0.26530612244898,3.448713
-0.102040816326531,-0.26530612244898,3.7802396
-0.061224489795919,-0.26530612244898,4.071657
-0.020408163265306,-0.26530612244898,4.4173484
0.020408163265306,-0.26530612244898,4.8057485
0.061224489795918,-0.26530612244898,5.2088156
0.102040816326531,-0.26530612244898,5.632158
0.142857142857143,-0.26530612244898,6.1215577
0.183673469387755,-0.26530612244898,6.637857
0.224489795918367,-0.26530612244898,7.1830764
0.265306122448979,-0.26530612244898,7.813547
0.306122448979592,-0.26530612244898,8.486898
0.346938775510204,-0.26530612244898,9.200025
0.387755102040816,-0.26530612244898,9.984249
0.428571428571428,-0.26530612244898,10.831755
0.469387755102041,-0.26530612244898,11.766112
0.510204081632653,-0.26530612244898,12.746892
0.551020408163265,-0.26530612244898,13.82932
0.591836734693877,-0.26530612244898,15.02719
0.63265306122449,-0.26530612244898,16.301449
0.673469387755102,-0.26530612244898,17.690264
0.714285714285714,-0.26530612244898,19.198048
0.755102040816326,-0.26530612244898,20.828045
0.795918367346939,-0.26530612244898,22.595291
0.836734693877551,-0.26530612244898,24.516338
0.877551020408163,-0.26530612244898,26.601973
0.918367346938775,-0.26530612244898,28.86875
0.959183673469388,-0.26530612244898,31.322514
1.0,-0.26530612244898,33.978584
-1.0,-0.224489795918367,0.66574055
-0.959183673469388,-0.224489795918367,0.70685554
-0.918367346938775,-0.224489795918367,0.7721881
-0.877551020408163,-0.224489795918367,0.8250659
-0.836734693877551,-0.224489795918367,0.90351766
-0.795918367346939,-0.224489795918367,0.9855015
-0.755102040816326,-0.224489795918367,1.0706685
-0.714285714285714,-0.224489795918367,1.1714157
-0.673469387755102,-0.224489795918367,1.2506473
-0.63265306122449,-0.224489795918367,1.3570355
-0.591836734693878,-0.224489795918367,1.4697714
-0.551020408163265,-0.224489795918367,1.5913242
-0.510204081632653,-0.224489795918367,1.7319872
-0.469387755102041,-0.224489795918367,1.8768893
-0.428571428571429,-0.224489795918367,2.03279
-0.387755102040816,-0.224489795918367,2.203776
-0.346938775510204,-0.224489795918367,2.4120078
-0.306122448979592,-0.224489795918367,2.5929224
-0.26530612244898,-0.224489795918367,2.8201501
-0.224489795918367,-0.224489795918367,3.071473
-0.183673469387755,-0.224489795918367,3.317345
-0.142857142857143,-0.224489795918367,3.594435
-0.102040816326531,-0.224489795918367,3.9026997
-0.061224489795919,-0.224489795918367,4.2636447
-0.020408163265306,-0.224489795918367,4.5955644
0.020408163265306,-0.224489795918367,4.9975357
0.061224489795918,-0.224489795918367,5.425784
0.102040816326531,-0.224489795918367,5.8606906
0.142857142857143,-0.224489795918367,6.389015
0.183673469387755,-0.224489795918367,6.890383
0.224489795918367,-0.224489795918367,7.5036883
0.265306122448979,-0.224489795918367,8.138766
0.306122448979592,-0.224489795918367,8.822378
0.346938775510204,-0.224489795918367,9.586575
0.387755102040816,-0.224489795918367,10.406262
0.428571428571428,-0.224489795918367,11.297693
0.469387755102041,-0.224489795918367,12.269403
0.510204081632653,-0.224489795918367,13.273901
0.551020408163265,-0.224489795918367,14.409859
0.591836734693877,-0.224489795918367,15.656101
0.63265306122449,-0.224489795918367,16.986359
0.673469387755102,-0.224489795918367,18.40388
0.714285714285714,-0.224489795918367,19.992756
0.755102040816326,-0.224489795918367,21.694376
0.795918367346939,-0.224489795918367,23.541796
0.836734693877551,-0.224489795918367,25.537607
0.877551020408163,-0.224489795918367,27.716846
0.918367346938775,-0.224489795918367,30.072445
0.959183673469388,-0.224489795918367,32.62684
1.0,-0.224489795918367,35.407505
-1.0,-0.183673469387755,0.6716743
-0.959183673469388,-0.183673469387755,0.74322855
-0.918367346938775,-0.183673469387755,0.8227245
-0.877551020408163,-0.183673469387755,0.8635641
-0.836734693877551,-0.183673469387755,0.9527202
-0.795918367346939,-0.183673469387755,1.0338124
-0.755102040816326,-0.183673469387755,1.1173328
-0.714285714285714,-0.183673469387755,1.2033314
-0.673469387755102,-0.183673469387755,1.3075198
-0.63265306122449,-0.183673469387755,1.4076505
-0.591836734693878,-0.183673469387755,1.5353656
-0.551020408163265,-0.183673469387755,1.662906
-0.510204081632653,-0.183673469387755,1.8094432
-0.469387755102041,-0.183673469387755,1.9514747
-0.428571428571429,-0.183673469387755,2.1333935
-0.387755102040816,-0.183673469387755,2.3086476
-0.346938775510204,-0.183673469387755,2.5036237
-0.306122448979592,-0.183673469387755,2.7008612
-0.26530612244898,-0.183673469387755,2.9251177
-0.224489795918367,-0.183673469387755,3.1840646
-0.183673469387755,-0.183673469387755,3.460724
-0.142857142857143,-0.183673469387755,3.7642803
-0.102040816326531,-0.183673469387755,4.0776477
-0.061224489795919,-0.183673469387755,4.4339757
-0.020408163265306,-0.183673469387755,4.7814207
0.020408163265306,-0.183673469387755,5.2107697
0.061224489795918,-0.183673469387755,5.6275077
0.102040816326531,-0.183673469387755,6.1297903
0.142857142857143,-0.183673469387755,6.6430855
0.183673469387755,-0.183673469387755,7.2093
0.224489795918367,-0.183673469387755,7.8049545
0.265306122448979,-0.183673469387755,8.479086
0.306122448979592,-0.183673469387755,9.220787
0.346938775510204,-0.183673469387755,9.995889
0.387755102040816,-0.183673469387755,10.841263
0.428571428571428,-0.183673469387755,11.7624445
0.469387755102041,-0.183673469387755,12.7509775
0.510204081632653,-0.183673469387755,13.856331
0.551020408163265,-0.183673469387755,15.027064
0.591836734693877,-0.183673469387755,16.30877
0.63265306122449,-0.183673469387755,17.689575
0.673469387755102,-0.183673469387755,19.196829
0.714285714285714,-0.183673469387755,20.842918
0.755102040816326,-0.183673469387755,22.590807
0.795918367346939,-0.183673469387755,24.528614
0.836734693877551,-0.183673469387755,26.611158
0.877551020408163,-0.183673469387755,28.888882
0.918367346938775,-0.183673469387755,31.316776
0.959183673469388,-0.183673469387755,33.994278
1.0,-0.183673469387755,36.910236
-1.0,-0.142857142857143,0.70574296
-0.959183673469388,-0.142857142857143,0.7726679
-0.918367346938775,-0.142857142857143,0.8393254
-0.877551020408163,-0.142857142857143,0.9096282
-0.836734693877551,-0.142857142857143,0.9775251
-0.795918367346939,-0.142857142857143,1.0610435
-0.755102040816326,-0.142857142857143,1.1578097
-0.714285714285714,-0.142857142857143,1.2496353
-0.673469387755102,-0.142857142857143,1.3579786
-0.63265306122449,-0.142857142857143,1.4706082
-0.591836734693878,-0.142857142857143,1.5970883
-0.551020408163265,-0.142857142857143,1.7428759
-0.510204081632653,-0.142857142857143,1.8908871
-0.469387755102041,-0.142857142857143,2.0461838
-0.428571428571429,-0.142857142857143,2.2166815
-0.387755102040816,-0.142857142857143,2.387911
-0.346938775510204,-0.142857142857143,2.6086793
-0.306122448979592,-0.142857142857143,2.8167996
-0.26530612244898,-0.142857142857143,3.0568197
-0.224489795918367,-0.142857142857143,3.3089468
-0.183673469387755,-0.142857142857143,3.5851138
-0.142857142857143,-0.142857142857143,3.8836715
-0.102040816326531,-0.142857142857143,4.2423587
-0.061224489795919,-0.142857142857143,4.5940933
-0.020408163265306,-0.142857142857143,4.997017
0.020408163265306,-0.142857142857143,5.433015
0.061224489795918,-0.142857142857143,5.869699
0.102040816326531,-0.142857142857143,6.383775
0.142857142857143,-0.142857142857143,6.924491
0.183673469387755,-0.142857142857143,7.5120597
0.224489795918367,-0.142857142857143,8.160138
0.265306122448979,-0.142857142857143,8.85535
0.306122448979592,-0.142857142857143,9.601177
0.346938775510204,-0.142857142857143,10.414064
0.387755102040816,-0.142857142857143,11.292612
0.428571428571428,-0.142857142857143,12.244732
0.469387755102041,-0.142857142857143,13.296473
0.510204081632653,-0.142857142857143,14.419257
0.551020408163265,-0.142857142857143,15.6581335
0.591836734693877,-0.142857142857143,16.988327
0.63265306122449,-0.142857142857143,18.428894
0.673469387755102,-0.142857142857143,20.008705
0.714285714285714,-0.142857142857143,21.703436
0.755102040816326,-0.142857142857143,23.551182
0.795918367346939,-0.142857142857143,25.56259
0.836734693877551,-0.142857142857143,27.735878
0.877551020408163,-0.142857142857143,30.088812
0.918367346938775,-0.142857142857143,32.639973
0.959183673469388,-0.142857142857143,35.40206
1.0,-0.142857142857143,38.41435
-1.0,-0.102040816326531,0.7375612
-0.959183673469388,-0.102040816326531,0.7820428
-0.918367346938775,-0.102040816326531,0.883245
-0.877551020408163,-0.102040816326531,0.937235
-0.836734693877551,-0.102040816326531,1.0143374
-0.795918367346939,-0.102040816326531,1.1176564
-0.755102040816326,-0.102040816326531,1.188272
-0.714285714285714,-0.102040816326531,1.2913841
-0.673469387755102,-0.102040816326531,1.4053987
-0.63265306122449,-0.102040816326531,1.540424
-0.591836734693878,-0.102040816326531,1.6618756
-0.551020408163265,-0.102040816326531,1.7993141
-0.510204081632653,-0.102040816326531,1.9611378
-0.469387755102041,-0.102040816326531,2.108192
-0.428571428571429,-0.102040816326531,2.3096533
-0.387755102040816,-0.102040816326531,2.483402
-0.346938775510204,-0.102040816326531,2.716995
-0.306122448979592,-0.102040816326531,2.9265258
-0.26530612244898,-0.102040816326531,3.1794565
-0.224489795918367,-0.102040816326531,3.456246
-0.183673469387755,-0.102040816326531,3.7525249
-0.142857142857143,-0.102040816326531,4.069525
-0.102040816326531,-0.102040816326531,4.4298973
-0.061224489795919,-0.102040816326531,4.800363
-0.020408163265306,-0.102040816326531,5.182389
0.020408163265306,-0.102040816326531,5.6455936
0.061224489795918,-0.102040816326531,6.1396623
0.102040816326531,-0.102040816326531,6.634092
0.142857142857143,-0.102040816326531,7.2021017
0.183673469387755,-0.102040816326531,7.8189406
0.224489795918367,-0.102040816326531,8.489577
0.265306122448979,-0.102040816326531,9.209284
0.306122448979592,-0.102040816326531,10.004724
0.346938775510204,-0.102040816326531,10.843867
0.387755102040816,-0.102040816326531,11.765116
0.428571428571428,-0.102040816326531,12.800973
0.469387755102041,-0.102040816326531,13.841266
0.510204081632653,-0.102040816326531,15.026298
0.551020408163265,-0.102040816326531,16.308952
0.591836734693877,-0.102040816326531,17.701744
0.63265306122449,-0.102040816326531,19.202778
0.673469387755102,-0.102040816326531,20.826004
0.714285714285714,-0.102040816326531,22.619152
0.755102040816326,-0.102040816326531,24.5331
0.795918367346939,-0.102040816326531,26.615246
0.836734693877551,-0.102040816326531,28.904999
0.877551020408163,-0.102040816326531,31.3425
0.918367346938775,-0.102040816326531,34.003654
0.959183673469388,-0.102040816326531,36.88121
1.0,-0.102040816326531,40.02646
-1.0,-0.061224489795919,0.7704672
-0.959183673469388,-0.061224489795919,0.82649666
-0.918367346938775,-0.061224489795919,0.8853776
-0.877551020408163,-0.061224489795919,0.9751326
-0.836734693877551,-0.061224489795919,1.0641114
-0.795918367346939,-0.061224489795919,1.160669
-0.755102040816326,-0.061224489795919,1.2684422
-0.714285714285714,-0.061224489795919,1.3704678
-0.673469387755102,-0.061224489795919,1.4702905
-0.63265306122449,-0.061224489795919,1.5681831
-0.591836734693878,-0.061224489795919,1.7244601
-0.551020408163265,-0.061224489795919,1.8615313
-0.510204081632653,-0.061224489795919,2.0299773
-0.469387755102041,-0.061224489795919,2.2015343
-0.428571428571429,-0.061224489795919,2.413191
-0.387755102040816,-0.061224489795919,2.591498
-0.346938775510204,-0.061224489795919,2.8239493
-0.306122448979592,-0.061224489795919,3.0538473
-0.26530612244898,-0.061224489795919,3.3209827
-0.224489795918367,-0.061224489795919,3.5992227
-0.183673469387755,-0.061224489795919,3.9173186
-0.142857142857143,-0.061224489795919,4.230466
-0.102040816326531,-0.061224489795919,4.59172
-0.061224489795919,-0.061224489795919,4.9833198
-0.020408163265306,-0.061224489795919,5.4470434
0.020408163265306,-0.061224489795919,5.893271
0.061224489795918,-0.061224489795919,6.3731966
0.102040816326531,-0.061224489795919,6.911902
0.142857142857143,-0.061224489795919,7.502651
0.183673469387755,-0.061224489795919,8.150406
0.224489795918367,-0.061224489795919,8.839377
0.265306122448979,-0.061224489795919,9.586527
0.306122448979592,-0.061224489795919,10.42242
0.346938775510204,-0.061224489795919,11.305654
0.387755102040816,-0.061224489795919,12.266406
0.428571428571428,-0.061224489795919,13.305102
0.469387755102041,-0.061224489795919,14.438678
0.510204081632653,-0.061224489795919,15.665418
0.551020408163265,-0.061224489795919,16.991013
0.591836734693877,-0.061224489795919,18.427713
0.63265306122449,-0.061224489795919,19.993263
0.673469387755102,-0.061224489795919,21.68784
0.714285714285714,-0.061224489795919,23.541498
0.755102040816326,-0.061224489795919,25.558111
0.795918367346939,-0.061224489795919,27.73347
0.836734693877551,-0.061224489795919,30.089705
0.877551020408163,-0.061224489795919,32.656
0.918367346938775,-0.061224489795919,35.437107
0.959183673469388,-0.061224489795919,38.43435
1.0,-0.061224489795919,41.716045
-1.0,-0.020408163265306,0.80120164
-0.959183673469388,-0.020408163265306,0.86677974
-0.918367346938775,-0.020408163265306,0.9451997
-0.877551020408163,-0.020408163265306,1.0367444
-0.836734693877551,-0.020408163265306,1.1066118
-0.795918367346939,-0.020408163265306,1.2014866
-0.755102040816326,-0.020408163265306,1.2981212
-0.714285714285714,-0.020408163265306,1.4197899
-0.673469387755102,-0.020408163265306,1.5236338
-0.63265306122449,-0.020408163265306,1.650282
-0.591836734693878,-0.020408163265306,1.7975947
-0.551020408163265,-0.020408163265306,1.9756409
-0.510204081632653,-0.020408163265306,2.1111693
-0.469387755102041,-0.020408163265306,2.2965596
-0.428571428571429,-0.020408163265306,2.510488
-0.387755102040816,-0.020408163265306,2.7041686
-0.346938775510204,-0.020408163265306,2.9362926
-0.306122448979592,-0.020408163265306,3.197731
-0.26530612244898,-0.020408163265306,3.473059
-0.224489795918367,-0.020408163265306,3.7611377
-0.183673469387755,-0.020408163265306,4.0690885
-0.142857142857143,-0.020408163265306,4.423249
-0.102040816326531,-0.020408163265306,4.7929378
-0.061224489795919,-0.020408163265306,5.195963
-0.020408163265306,-0.020408163265306,5.6233087
0.020408163265306,-0.020408163265306,6.128954
0.061224489795918,-0.020408163265306,6.637601
0.102040816326531,-0.020408163265306,7.2088604
0.142857142857143,-0.020408163265306,7.8202357
0.183673469387755,-0.020408163265306,8.501303
0.224489795918367,-0.020408163265306,9.195917
0.265306122448979,-0.020408163265306,9.990637
0.306122448979592,-0.020408163265306,10.844954
0.346938775510204,-0.020408163265306,11.7514925
0.387755102040816,-0.020408163265306,12.749801
0.428571428571428,-0.020408163265306,13.847387
0.469387755102041,-0.020408163265306,15.036529
0.510204081632653,-0.020408163265306,16.296295
0.551020408163265,-0.020408163265306,17.7093
0.591836734693877,-0.020408163265306,19.181824
0.63265306122449,-0.020408163265306,20.84965
0.673469387755102,-0.020408163265306,22.60937
0.714285714285714,-0.020408163265306,24.519207
0.755102040816326,-0.020408163265306,26.623203
0.795918367346939,-0.020408163265306,28.87278
0.836734693877551,-0.020408163265306,31.332865
0.877551020408163,-0.020408163265306,34.006145
0.918367346938775,-0.020408163265306,36.902573
0.959183673469388,-0.020408163265306,40.02739
1.0,-0.020408163265306,43.44417
-1.0,0.020408163265306,0.8210538
-0.959183673469388,0.020408163265306,0.9000302
-0.918367346938775,0.020408163265306,0.96813977
-0.877551020408163,0.020408163265306,1.0681378
-0.836734693877551,0.020408163265306,1.1531103
-0.795918367346939,0.020408163265306,1.2577167
-0.755102040816326,0.020408163265306,1.3575631
-0.714285714285714,0.020408163265306,1.4561757
-0.673469387755102,0.020408163265306,1.5847911
-0.63265306122449,0.020408163265306,1.7282392
-0.591836734693878,0.020408163265306,1.8678794
-0.551020408163265,0.020408163265306,2.028623
-0.510204081632653,0.020408163265306,2.2155252
-0.469387755102041,0.020408163265306,2.4177008
-0.428571428571429,0.020408163265306,2.5809987
-0.387755102040816,0.020408163265306,2.8098655
-0.346938775510204,0.020408163265306,3.0659637
-0.306122448979592,0.020408163265306,3.3300962
-0.26530612244898,0.020408163265306,3.6118107
-0.224489795918367,0.020408163265306,3.9088237
-0.183673469387755,0.020408163265306,4.2303896
-0.142857142857143,0.020408163265306,4.594307
-0.102040816326531,0.020408163265306,5.017645
-0.061224489795919,0.020408163265306,5.398827
-0.020408163265306,0.020408163265306,5.8818994
0.020408163265306,0.020408163265306,6.3640633
0.061224489795918,0.020408163265306,6.9166074
0.102040816326531,0.020408163265306,7.5089316
0.142857142857143,0.020408163265306,8.142588
0.183673469387755,0.020408163265306,8.82936
0.224489795918367,0.020408163265306,9.591143
0.265306122448979,0.020408163265306,10.407338
0.306122448979592,0.020408163265306,11.306432
0.346938775510204,0.020408163265306,12.258096
0.387755102040816,0.020408163265306,13.30398
0.428571428571428,0.020408163265306,14.420201
0.469387755102041,0.020408163265306,15.668655
0.510204081632653,0.020408163265306,16.991724
0.551020408163265,0.020408163265306,18.42963
0.591836734693877,0.020408163265306,19.992899
0.63265306122449,0.020408163265306,21.701794
0.673469387755102,0.020408163265306,23.542683
0.714285714285714,0.020408163265306,25.55128
0.755102040816326,0.020408163265306,27.742334
0.795918367346939,0.020408163265306,30.068878
0.836734693877551,0.020408163265306,32.641525
0.877551020408163,0.020408163265306,35.42004
0.918367346938775,0.020408163265306,38.433376
0.959183673469388,0.020408163265306,41.708138
1.0,0.020408163265306,45.258278
-1.0,0.061224489795918,0.8554409
-0.959183673469388,0.061224489795918,0.923762
-0.918367346938775,0.061224489795918,1.0099038
-0.877551020408163,0.061224489795918,1.1163439
-0.836734693877551,0.061224489795918,1.1988041
-0.795918367346939,0.061224489795918,1.2937704
-0.755102040816326,0.061224489795918,1.3969073
-0.714285714285714,0.061224489795918,1.5426533
-0.673469387755102,0.061224489795918,1.6583321
-0.63265306122449,0.061224489795918,1.7995479
-0.591836734693878,0.061224489795918,1.9428017
-0.551020408163265,0.061224489795918,2.1158776
-0.510204081632653,0.061224489795918,2.3067868
-0.469387755102041,0.061224489795918,2.48532
-0.428571428571429,0.061224489795918,2.683597
-0.387755102040816,0.061224489795918,2.929352
-0.346938775510204,0.061224489795918,3.1952543
-0.306122448979592,0.061224489795918,3.4703047
-0.26530612244898,0.061224489795918,3.7516196
-0.224489795918367,0.061224489795918,4.0828834
-0.183673469387755,0.061224489795918,4.429952
-0.142857142857143,0.061224489795918,4.7903724
-0.102040816326531,0.061224489795918,5.19401
-0.061224489795919,0.061224489795918,5.640031
-0.020408163265306,0.061224489795918,6.1281276
0.020408163265306,0.061224489795918,6.646518
0.061224489795918,0.061224489795918,7.204755
0.102040816326531,0.061224489795918,7.8175035
0.142857142857143,0.061224489795918,8.488652
0.183673469387755,0.061224489795918,9.195217
0.224489795918367,0.061224489795918,9.999132
0.265306122448979,0.061224489795918,10.839982
0.306122448979592,0.061224489795918,11.746954
0.346938775510204,0.061224489795918,12.767402
0.387755102040816,0.061224489795918,13.848149
0.428571428571428,0.061224489795918,15.019019
0.469387755102041,0.061224489795918,16.306402
0.510204081632653,0.061224489795918,17.697136
0.551020408163265,0.061224489795918,19.201803
0.591836734693877,0.061224489795918,20.847294
0.63265306122449,0.061224489795918,22.625135
0.673469387755102,0.061224489795918,24.55135
0.714285714285714,0.061224489795918,26.614956
0.755102040816326,0.061224489795918,28.867836
0.795918367346939,0.061224489795918,31.332682
0.836734693877551,0.061224489795918,33.996468
0.877551020408163,0.061224489795918,36.900326
0.918367346938775,0.061224489795918,40.019478
0.959183673469388,0.061224489795918,43.440372
1.0,0.061224489795918,47.140057
-1.0,0.102040816326531,0.88769335
-0.959183673469388,0.102040816326531,0.9694885
-0.918367346938775,0.102040816326531,1.0464115
-0.877551020408163,0.102040816326531,1.1464322
-0.836734693877551,0.102040816326531,1.2391438
-0.795918367346939,0.102040816326531,1.3557677
-0.755102040816326,0.102040816326531,1.4700177
-0.714285714285714,0.102040816326531,1.5832753
-0.673469387755102,0.102040816326531,1.7221845
-0.63265306122449,0.102040816326531,1.8806937
-0.591836734693878,0.102040816326531,2.0389824
-0.551020408163265,0.102040816326531,2.2190413
-0.510204081632653,0.102040816326531,2.3923578
-0.469387755102041,0.102040816326531,2.6121097
-0.428571428571429,0.102040816326531,2.811072
-0.387755102040816,0.102040816326531,3.062751
-0.346938775510204,0.102040816326531,3.3166845
-0.306122448979592,0.102040816326531,3.5994804
-0.26530612244898,0.102040816326531,3.9054158
-0.224489795918367,0.102040816326531,4.2345667
-0.183673469387755,0.102040816326531,4.601209
-0.142857142857143,0.102040816326531,4.9903927
-0.102040816326531,0.102040816326531,5.4322357
-0.061224489795919,0.102040816326531,5.8790526
-0.020408163265306,0.102040816326531,6.373324
0.020408163265306,0.102040816326531,6.916475
0.061224489795918,0.102040816326531,7.5389876
0.102040816326531,0.102040816326531,8.137328
0.142857142857143,0.102040816326531,8.861578
0.183673469387755,0.102040816326531,9.582649
0.224489795918367,0.102040816326531,10.394407
0.265306122448979,0.102040816326531,11.296705
0.306122448979592,0.102040816326531,12.247466
0.346938775510204,0.102040816326531,13.29551
0.387755102040816,0.102040816326531,14.420714
0.428571428571428,0.102040816326531,15.659375
0.469387755102041,0.102040816326531,16.996916
0.510204081632653,0.102040816326531,18.420862
0.551020408163265,0.102040816326531,20.014637
0.591836734693877,0.102040816326531,21.704409
0.63265306122449,0.102040816326531,23.570225
0.673469387755102,0.102040816326531,25.55207
0.714285714285714,0.102040816326531,27.715225
0.755102040816326,0.102040816326531,30.094141
0.795918367346939,0.102040816326531,32.642178
0.836734693877551,0.102040816326531,35.407917
0.877551020408163,0.102040816326531,38.43915
0.918367346938775,0.102040816326531,41.69883
0.959183673469388,0.102040816326531,45.244247
1.0,0.102040816326531,49.09425
-1.0,0.142857142857143,0.95130444
-0.959183673469388,0.142857142857143,1.0155445
-0.918367346938775,0.142857142857143,1.117913
-0.877551020408163,0.142857142857143,1.1922256
-0.836734693877551,0.142857142857143,1.3065745
-0.795918367346939,0.142857142857143,1.4195164
-0.755102040816326,0.142857142857143,1.5297762
-0.714285714285714,0.142857142857143,1.6581227
-0.673469387755102,0.142857142857143,1.800545
-0.63265306122449,0.142857142857143,1.9392273
-0.591836734693878,0.142857142857143,2.106932
-0.551020408163265,0.142857142857143,2.2926795
-0.510204081632653,0.142857142857143,2.484361
-0.469387755102041,0.142857142857143,2.7109718
-0.428571428571429,0.142857142857143,2.9271345
-0.387755102040816,0.142857142857143,3.1939173
-0.346938775510204,0.142857142857143,3.463745
-0.306122448979592,0.142857142857143,3.748451
-0.26530612244898,0.142857142857143,4.0730295
-0.224489795918367,0.142857142857143,4.403651
-0.183673469387755,0.142857142857143,4.7847757
-0.142857142857143,0.142857142857143,5.195456
-0.102040816326531,0.142857142857143,5.6442966
-0.061224489795919,0.142857142857143,6.1320677
-0.020408163265306,0.142857142857143,6.634181
0.020408163265306,0.142857142857143,7.2156377
0.061224489795918,0.142857142857143,7.833325
0.102040816326531,0.142857142857143,8.480736
0.142857142857143,0.142857142857143,9.214469
0.183673469387755,0.142857142857143,9.998615
0.224489795918367,0.142857142857143,10.864773
0.265306122448979,0.142857142857143,11.759264
0.306122448979592,0.142857142857143,12.755602
0.346938775510204,0.142857142857143,13.852772
0.387755102040816,0.142857142857143,15.035398
0.428571428571428,0.142857142857143,16.30653
0.469387755102041,0.142857142857143,17.690517
0.510204081632653,0.142857142857143,19.19612
0.551020408163265,0.142857142857143,20.852238
0.591836734693877,0.142857142857143,22.593618
0.63265306122449,0.142857142857143,24.538864
0.673469387755102,0.142857142857143,26.614742
0.714285714285714,0.142857142857143,28.873178
0.755102040816326,0.142857142857143,31.343645
0.795918367346939,0.142857142857143,34.005905
0.836734693877551,0.142857142857143,36.903667
0.877551020408163,0.142857142857143,40.022453
0.918367346938775,0.142857142857143,43.45257
0.959183673469388,0.142857142857143,47.139065
1.0,0.142857142857143,51.156036
-1.0,0.183673469387755,0.969021
-0.959183673469388,0.183673469387755,1.0544946
-0.918367346938775,0.183673469387755,1.1409702
-0.877551020408163,0.183673469387755,1.2392638
-0.836734693877551,0.183673469387755,1.3388289
-0.795918367346939,0.183673469387755,1.4742906
-0.755102040816326,0.183673469387755,1.5842149
-0.714285714285714,0.183673469387755,1.7241375
-0.673469387755102,0.183673469387755,1.8881875
-0.63265306122449,0.183673469387755,2.0240746
-0.591836734693878,0.183673469387755,2.205703
-0.551020408163265,0.183673469387755,2.4066572
-0.510204081632653,0.183673469387755,2.5842273
-0.469387755102041,0.183673469387755,2.8097556
-0.428571428571429,0.183673469387755,3.0703635
-0.387755102040816,0.183673469387755,3.3325667
-0.346938775510204,0.183673469387755,3.5881035
-0.306122448979592,0.183673469387755,3.910504
-0.26530612244898,0.183673469387755,4.236936
-0.224489795918367,0.183673469387755,4.5951586
-0.183673469387755,0.183673469387755,4.987337
-0.142857142857143,0.183673469387755,5.4114456
-0.102040816326531,0.183673469387755,5.867597
-0.061224489795919,0.183673469387755,6.3808594
-0.020408163265306,0.183673469387755,6.9230914
0.020408163265306,0.183673469387755,7.5164766
0.061224489795918,0.183673469387755,8.141332
0.102040816326531,0.183673469387755,8.835897
0.142857142857143,0.183673469387755,9.591098
0.183673469387755,0.183673469387755,10.41577
0.224489795918367,0.183673469387755,11.300709
0.265306122448979,0.183673469387755,12.238901
0.306122448979592,0.183673469387755,13.303359
0.346938775510204,0.183673469387755,14.446343
0.387755102040816,0.183673469387755,15.6665325
0.428571428571428,0.183673469387755,17.006487
0.469387755102041,0.183673469387755,18.426046
0.510204081632653,0.183673469387755,19.997894
0.551020408163265,0.183673469387755,21.717108
0.591836734693877,0.183673469387755,23.534893
0.63265306122449,0.183673469387755,25.559326
0.673469387755102,0.183673469387755,27.737112
0.714285714285714,0.183673469387755,30.095938
0.755102040816326,0.183673469387755,32.642174
0.795918367346939,0.183673469387755,35.42002
0.836734693877551,0.183673469387755,38.43866
0.877551020408163,0.183673469387755,41.71065
0.918367346938775,0.183673469387755,45.234474
0.959183673469388,0.183673469387755,49.095253
1.0,0.183673469387755,53.27803
-1.0,0.224489795918367,1.0014592
-0.959183673469388,0.224489795918367,1.0930274
-0.918367346938775,0.224489795918367,1.1829878
-0.877551020408163,0.224489795918367,1.29168
-0.836734693877551,0.224489795918367,1.3982947
-0.795918367346939,0.224489795918367,1.5206527
-0.755102040816326,0.224489795918367,1.6352434
-0.714285714285714,0.224489795918367,1.7969611
-0.673469387755102,0.224489795918367,1.9528018
-0.63265306122449,0.224489795918367,2.109621
-0.591836734693878,0.224489795918367,2.298357
-0.551020408163265,0.224489795918367,2.4691968
-0.510204081632653,0.224489795918367,2.6858938
-0.469387755102041,0.224489795918367,2.930143
-0.428571428571429,0.224489795918367,3.1756577
-0.387755102040816,0.224489795918367,3.4414642
-0.346938775510204,0.224489795918367,3.7359211
-0.306122448979592,0.224489795918367,4.0530114
-0.26530612244898,0.224489795918367,4.4093733
-0.224489795918367,0.224489795918367,4.8034124
-0.183673469387755,0.224489795918367,5.182977
-0.142857142857143,0.224489795918367,5.63302
-0.102040816326531,0.224489795918367,6.1365204
-0.061224489795919,0.224489795918367,6.6530576
-0.020408163265306,0.224489795918367,7.2146297
0.020408163265306,0.224489795918367,7.8148055
0.061224489795918,0.224489795918367,8.478628
0.102040816326531,0.224489795918367,9.21708
0.142857142857143,0.224489795918367,9.985909
0.183673469387755,0.224489795918367,10.856364
0.224489795918367,0.224489795918367,11.757417
0.265306122448979,0.224489795918367,12.741968
0.306122448979592,0.224489795918367,13.869155
0.346938775510204,0.224489795918367,15.037307
0.387755102040816,0.224489795918367,16.317326
0.428571428571428,0.224489795918367,17.714985
0.469387755102041,0.224489795918367,19.19901
0.510204081632653,0.224489795918367,20.834269
0.551020408163265,0.224489795918367,22.611872
0.591836734693877,0.224489795918367,24.529518
0.63265306122449,0.224489795918367,26.63117
0.673469387755102,0.224489795918367,28.896572
0.714285714285714,0.224489795918367,31.334637
0.755102040816326,0.224489795918367,33.980637
0.795918367346939,0.224489795918367,36.894474
0.836734693877551,0.224489795918367,40.037025
0.877551020408163,0.224489795918367,43.441498
0.918367346938775,0.224489795918367,47.139214
0.959183673469388,0.224489795918367,51.158905
1.0,0.224489795918367,55.53044
-1.0,0.265306122448979,1.0506335
-0.959183673469388,0.265306122448979,1.1293973
-0.918367346938775,0.265306122448979,1.2204261
-0.877551020408163,0.265306122448979,1.3380623
-0.836734693877551,0.265306122448979,1.4716092
-0.795918367346939,0.265306122448979,1.5701119
-0.755102040816326,0.265306122448979,1.705055
-0.714285714285714,0.265306122448979,1.8583827
-0.673469387755102,0.265306122448979,2.0163133
-0.63265306122449,0.265306122448979,2.1918874
-0.591836734693878,0.265306122448979,2.3715703
-0.551020408163265,0.265306122448979,2.5732098
-0.510204081632653,0.265306122448979,2.8020897
-0.469387755102041,0.265306122448979,3.0622253
-0.428571428571429,0.265306122448979,3.3140497
-0.387755102040816,0.265306122448979,3.5991309
-0.346938775510204,0.265306122448979,3.9022171
-0.306122448979592,0.265306122448979,4.229702
-0.26530612244898,0.265306122448979,4.5951686
-0.224489795918367,0.265306122448979,4.986025
-0.183673469387755,0.265306122448979,5.401658
-0.142857142857143,0.265306122448979,5.8624616
-0.102040816326531,0.265306122448979,6.376457
-0.061224489795919,0.265306122448979,6.914097
-0.020408163265306,0.265306122448979,7.5220895
0.020408163265306,0.265306122448979,8.1411295
0.061224489795918,0.265306122448979,8.854619
0.102040816326531,0.265306122448979,9.584208
0.142857142857143,0.265306122448979,10.412436
0.183673469387755,0.265306122448979,11.305739
0.224489795918367,0.265306122448979,12.269796
0.265306122448979,0.265306122448979,13.306505
0.306122448979592,0.265306122448979,14.4420185
0.346938775510204,0.265306122448979,15.656805
0.387755102040816,0.265306122448979,16.987848
0.428571428571428,0.265306122448979,18.45126
0.469387755102041,0.265306122448979,20.005283
0.510204081632653,0.265306122448979,21.716873
0.551020408163265,0.265306122448979,23.552017
0.591836734693877,0.265306122448979,25.562143
0.63265306122449,0.265306122448979,27.742044
0.673469387755102,0.265306122448979,30.110964
0.714285714285714,0.265306122448979,32.648285
0.755102040816326,0.265306122448979,35.44946
0.795918367346939,0.265306122448979,38.436367
0.836734693877551,0.265306122448979,41.728893
0.877551020408163,0.265306122448979,45.27668
0.918367346938775,0.265306122448979,49.134823
0.959183673469388,0.265306122448979,53.29769
1.0,0.265306122448979,57.812035
-1.0,0.306122448979592,1.071226
-0.959183673469388,0.306122448979592,1.1736846
-0.918367346938775,0.306122448979592,1.2689266
-0.877551020408163,0.306122448979592,1.3795514
-0.836734693877551,0.306122448979592,1.5086348
-0.795918367346939,0.306122448979592,1.6471905
-0.755102040816326,0.306122448979592,1.7864008
-0.714285714285714,0.306122448979592,1.9418579
-0.673469387755102,0.306122448979592,2.098133
-0.63265306122449,0.306122448979592,2.2650712
-0.591836734693878,0.306122448979592,2.477227
-0.551020408163265,0.306122448979592,2.6812644
-0.510204081632653,0.306122448979592,2.934248
-0.469387755102041,0.306122448979592,3.1897135
-0.428571428571429,0.306122448979592,3.4429324
-0.387755102040816,0.306122448979592,3.7520058
-0.346938775510204,0.306122448979592,4.0703845
-0.306122448979592,0.306122448979592,4.400386
-0.26530612244898,0.306122448979592,4.783205
-0.224489795918367,0.306122448979592,5.204632
-0.183673469387755,0.306122448979592,5.63665
-0.142857142857143,0.306122448979592,6.118381
-0.102040816326531,0.306122448979592,6.649059
-0.061224489795919,0.306122448979592,7.2115235
-0.020408163265306,0.306122448979592,7.817049
0.020408163265306,0.306122448979592,8.4954195
0.061224489795918,0.306122448979592,9.182243
0.102040816326531,0.306122448979592,9.99855
0.142857142857143,0.306122448979592,10.843201
0.183673469387755,0.306122448979592,11.761855
0.224489795918367,0.306122448979592,12.758288
0.265306122448979,0.306122448979592,13.875573
0.306122448979592,0.306122448979592,15.030583
0.346938775510204,0.306122448979592,16.313257
0.387755102040816,0.306122448979592,17.710266
0.428571428571428,0.306122448979592,19.2101
0.469387755102041,0.306122448979592,20.847557
0.510204081632653,0.306122448979592,22.622139
0.551020408163265,0.306122448979592,24.563004
0.591836734693877,0.306122448979592,26.644781
0.63265306122449,0.306122448979592,28.897448
0.673469387755102,0.306122448979592,31.344603
0.714285714285714,0.306122448979592,34.02879
0.755102040816326,0.306122448979592,36.91552
0.795918367346939,0.306122448979592,40.057793
0.836734693877551,0.306122448979592,43.474976
0.877551020408163,0.306122448979592,47.15103
0.918367346938775,0.306122448979592,51.178066
0.959183673469388,0.306122448979592,55.52415
1.0,0.306122448979592,60.243813
-1.0,0.346938775510204,1.1082991
-0.959183673469388,0.346938775510204,1.2044535
-0.918367346938775,0.346938775510204,1.2993807
-0.877551020408163,0.346938775510204,1.4249961
-0.836734693877551,0.346938775510204,1.5657942
-0.795918367346939,0.346938775510204,1.6922919
-0.755102040816326,0.346938775510204,1.8308485
-0.714285714285714,0.346938775510204,2.0069127
-0.673469387755102,0.346938775510204,2.1677372
-0.63265306122449,0.346938775510204,2.3764231
-0.591836734693878,0.346938775510204,2.5741282
-0.551020408163265,0.346938775510204,2.8005817
-0.510204081632653,0.346938775510204,3.0217853
-0.469387755102041,0.346938775510204,3.296445
-0.428571428571429,0.346938775510204,3.585411
-0.387755102040816,0.346938775510204,3.8914268
-0.346938775510204,0.346938775510204,4.2274337
-0.306122448979592,0.346938775510204,4.5961633
-0.26530612244898,0.346938775510204,4.97316
-0.224489795918367,0.346938775510204,5.4174886
-0.183673469387755,0.346938775510204,5.8758874
-0.142857142857143,0.346938775510204,6.3644633
-0.102040816326531,0.346938775510204,6.9204607
-0.061224489795919,0.346938775510204,7.4950213
-0.020408163265306,0.346938775510204,8.142294
0.020408163265306,0.346938775510204,8.823806
0.061224489795918,0.346938775510204,9.586981
0.102040816326531,0.346938775510204,10.418074
0.142857142857143,0.346938775510204,11.295772
0.183673469387755,0.346938775510204,12.276405
0.224489795918367,0.346938775510204,13.316942
0.265306122448979,0.346938775510204,14.435867
0.306122448979592,0.346938775510204,15.682575
0.346938775510204,0.346938775510204,16.994595
0.387755102040816,0.346938775510204,18.458088
0.428571428571428,0.346938775510204,20.036295
0.469387755102041,0.346938775510204,21.723923
0.510204081632653,0.346938775510204,23.572876
0.551020408163265,0.346938775510204,25.578913
0.591836734693877,0.346938775510204,27.741213
0.63265306122449,0.346938775510204,30.12648
0.673469387755102,0.346938775510204,32.690033
0.714285714285714,0.346938775510204,35.438942
0.755102040816326,0.346938775510204,38.461716
0.795918367346939,0.346938775510204,41.737152
0.836734693877551,0.346938775510204,45.294975
0.877551020408163,0.346938775510204,49.13262
0.918367346938775,0.346938775510204,53.310963
0.959183673469388,0.346938775510204,57.852993
1.0,0.346938775510204,62.754284
-1.0,0.387755102040816,1.1322302
-0.959183673469388,0.387755102040816,1.2531272
-0.918367346938775,0.387755102040816,1.3675392
-0.877551020408163,0.387755102040816,1.4852493
-0.836734693877551,0.387755102040816,1.5971391
-0.795918367346939,0.387755102040816,1.7379682
-0.755102040816326,0.387755102040816,1.9028473
-0.714285714285714,0.387755102040816,2.0805683
-0.673469387755102,0.387755102040816,2.259364
-0.63265306122449,0.387755102040816,2.446212
-0.591836734693878,0.387755102040816,2.6447597
-0.551020408163265,0.387755102040816,2.9048269
-0.510204081632653,0.387755102040816,3.1481726
-0.469387755102041,0.387755102040816,3.4355056
-0.428571428571429,0.387755102040816,3.746102
-0.387755102040816,0.387755102040816,4.0540886
-0.346938775510204,0.387755102040816,4.3980694
-0.306122448979592,0.387755102040816,4.7799554
-0.26530612244898,0.387755102040816,5.1952753
-0.224489795918367,0.387755102040816,5.6349487
-0.183673469387755,0.387755102040816,6.1109457
-0.142857142857143,0.387755102040816,6.6215043
-0.102040816326531,0.387755102040816,7.2088575
-0.061224489795919,0.387755102040816,7.8221903
-0.020408163265306,0.387755102040816,8.500707
0.020408163265306,0.387755102040816,9.202619
0.061224489795918,0.387755102040816,9.981395
0.102040816326531,0.387755102040816,10.856515
0.142857142857143,0.387755102040816,11.764533
0.183673469387755,0.387755102040816,12.7741995
0.224489795918367,0.387755102040816,13.868159
0.265306122448979,0.387755102040816,15.057927
0.306122448979592,0.387755102040816,16.312532
0.346938775510204,0.387755102040816,17.714767
0.387755102040816,0.387755102040816,19.21995
0.428571428571428,0.387755102040816,20.859806
0.469387755102041,0.387755102040816,22.626026
0.510204081632653,0.387755102040816,24.56682
0.551020408163265,0.387755102040816,26.656857
0.591836734693877,0.387755102040816,28.89542
0.63265306122449,0.387755102040816,31.36781
0.673469387755102,0.387755102040816,34.033226
0.714285714285714,0.387755102040816,36.94913
0.755102040816326,0.387755102040816,40.064144
0.795918367346939,0.387755102040816,43.480293
0.836734693877551,0.387755102040816,47.199467
0.877551020408163,0.387755102040816,51.188015
0.918367346938775,0.387755102040816,55.516968
0.959183673469388,0.387755102040816,60.279373
1.0,0.387755102040816,65.3932
-1.0,0.428571428571428,1.1800884
-0.959183673469388,0.428571428571428,1.3062022
-0.918367346938775,0.428571428571428,1.4146394
-0.877551020408163,0.428571428571428,1.517764
-0.836734693877551,0.428571428571428,1.6489264
-0.795918367346939,0.428571428571428,1.8228289
-0.755102040816326,0.428571428571428,1.9702479
-0.714285714285714,0.428571428571428,2.164685
-0.673469387755102,0.428571428571428,2.317788
-0.63265306122449,0.428571428571428,2.5481033
-0.591836734693878,0.428571428571428,2.774223
-0.551020408163265,0.428571428571428,3.0174093
-0.510204081632653,0.428571428571428,3.2794464
-0.469387755102041,0.428571428571428,3.569078
-0.428571428571429,0.428571428571428,3.877344
-0.387755102040816,0.428571428571428,4.2016525
-0.346938775510204,0.428571428571428,4.5888605
-0.306122448979592,0.428571428571428,4.949856
-0.26530612244898,0.428571428571428,5.391358
-0.224489795918367,0.428571428571428,5.8544493
-0.183673469387755,0.428571428571428,6.3634467
-0.142857142857143,0.428571428571428,6.9196935
-0.102040816326531,0.428571428571428,7.5039196
-0.061224489795919,0.428571428571428,8.142905
-0.020408163265306,0.428571428571428,8.838116
0.020408163265306,0.428571428571428,9.592247
0.061224489795918,0.428571428571428,10.40419
0.102040816326531,0.428571428571428,11.298146
0.142857142857143,0.428571428571428,12.264318
0.183673469387755,0.428571428571428,13.313896
0.224489795918367,0.428571428571428,14.468787
0.265306122448979,0.428571428571428,15.686002
0.306122448979592,0.428571428571428,17.009836
0.346938775510204,0.428571428571428,18.473894
0.387755102040816,0.428571428571428,20.030203
0.428571428571428,0.428571428571428,21.73948
0.469387755102041,0.428571428571428,23.579617
0.510204081632653,0.428571428571428,25.587864
0.551020408163265,0.428571428571428,27.773403
0.591836734693877,0.428571428571428,30.137897
0.63265306122449,0.428571428571428,32.69354
0.673469387755102,0.428571428571428,35.47565
0.714285714285714,0.428571428571428,38.489277
0.755102040816326,0.428571428571428,41.778137
0.795918367346939,0.428571428571428,45.313988
0.836734693877551,0.428571428571428,49.15605
0.877551020408163,0.428571428571428,53.333813
0.918367346938775,0.428571428571428,57.87344
0.959183673469388,0.428571428571428,62.795483
1.0,0.428571428571428,68.12627
-1.0,0.469387755102041,1.1980054
-0.959183673469388,0.469387755102041,1.3260572
-0.918367346938775,0.469387755102041,1.4229723
-0.877551020408163,0.469387755102041,1.571176
-0.836734693877551,0.469387755102041,1.7161632
-0.795918367346939,0.469387755102041,1.8740978
-0.755102040816326,0.469387755102041,2.0618944
-0.714285714285714,0.469387755102041,2.220078
-0.673469387755102,0.469387755102041,2.4074357
-0.63265306122449,0.469387755102041,2.6425416
-0.591836734693878,0.469387755102041,2.879717
-0.551020408163265,0.469387755102041,3.1348307
-0.510204081632653,0.469387755102041,3.4112809
-0.469387755102041,0.469387755102041,3.7056072
-0.428571428571429,0.469387755102041,4.0187235
-0.387755102040816,0.469387755102041,4.360706
-0.346938775510204,0.469387755102041,4.768534
-0.306122448979592,0.469387755102041,5.1764107
-0.26530612244898,0.469387755102041,5.627852
-0.224489795918367,0.469387755102041,6.098725
-0.183673469387755,0.469387755102041,6.630791
-0.142857142857143,0.469387755102041,7.171395
-0.102040816326531,0.469387755102041,7.804076
-0.061224489795919,0.469387755102041,8.459429
-0.020408163265306,0.469387755102041,9.195301
0.020408163265306,0.469387755102041,9.9991665
0.061224489795918,0.469387755102041,10.856226
0.102040816326531,0.469387755102041,11.77212
0.142857142857143,0.469387755102041,12.772945
0.183673469387755,0.469387755102041,13.857122
0.224489795918367,0.469387755102041,15.064227
0.265306122448979,0.469387755102041,16.33747
0.306122448979592,0.469387755102041,17.740295
0.346938775510204,0.469387755102041,19.247103
0.387755102040816,0.469387755102041,20.858416
0.428571428571428,0.469387755102041,22.652473
0.469387755102041,0.469387755102041,24.580116
0.510204081632653,0.469387755102041,26.656342
0.551020408163265,0.469387755102041,28.927502
0.591836734693877,0.469387755102041,31.409525
0.63265306122449,0.469387755102041,34.07403
0.673469387755102,0.469387755102041,36.98024
0.714285714285714,0.469387755102041,40.10769
0.755102040816326,0.469387755102041,43.519672
0.795918367346939,0.469387755102041,47.21601
0.836734693877551,0.469387755102041,51.23836
0.877551020408163,0.469387755102041,55.574093
0.918367346938775,0.469387755102041,60.31907
0.959183673469388,0.469387755102041,65.42627
1.0,0.469387755102041,71.006226
-1.0,0.510204081632653,1.2022388
-0.959183673469388,0.510204081632653,1.3472667
-0.918367346938775,0.510204081632653,1.4693923
-0.877551020408163,0.510204081632653,1.6016105
-0.836734693877551,0.510204081632653,1.7494267
-0.795918367346939,0.510204081632653,1.9206966
-0.755102040816326,0.510204081632653,2.1130984
-0.714285714285714,0.510204081632653,2.3022995
-0.673469387755102,0.510204081632653,2.507544
-0.63265306122449,0.510204081632653,2.7181919
-0.591836734693878,0.510204081632653,2.995275
-0.551020408163265,0.510204081632653,3.2518065
-0.510204081632653,0.510204081632653,3.5304513
-0.469387755102041,0.510204081632653,3.8660655
-0.428571428571429,0.510204081632653,4.18444
-0.387755102040816,0.510204081632653,4.547827
-0.346938775510204,0.510204081632653,4.9462543
-0.306122448979592,0.510204081632653,5.3720164
-0.26530612244898,0.510204081632653,5.8389134
-0.224489795918367,0.510204081632653,6.347444
-0.183673469387755,0.510204081632653,6.881032
-0.142857142857143,0.510204081632653,7.4758086
-0.102040816326531,0.510204081632653,8.143902
-0.061224489795919,0.510204081632653,8.838203
-0.020408163265306,0.510204081632653,9.59379
0.020408163265306,0.510204081632653,10.412298
0.061224489795918,0.510204081632653,11.3042
0.102040816326531,0.510204081632653,12.261277
0.142857142857143,0.510204081632653,13.306407
0.183673469387755,0.510204081632653,14.446117
0.224489795918367,0.510204081632653,15.700356
0.265306122448979,0.510204081632653,17.036871
0.306122448979592,0.510204081632653,18.472288
0.346938775510204,0.510204081632653,20.03485
0.387755102040816,0.510204081632653,21.749441
0.428571428571428,0.510204081632653,23.618193
0.469387755102041,0.510204081632653,25.6218
0.510204081632653,0.510204081632653,27.802418
0.551020408163265,0.510204081632653,30.153406
0.591836734693877,0.510204081632653,32.71423
0.63265306122449,0.510204081632653,35.52076
0.673469387755102,0.510204081632653,38.52934
0.714285714285714,0.510204081632653,41.795948
0.755102040816326,0.510204081632653,45.359303
0.795918367346939,0.510204081632653,49.202858
0.836734693877551,0.510204081632653,53.377354
0.877551020408163,0.510204081632653,57.902157
0.918367346938775,0.510204081632653,62.846134
0.959183673469388,0.510204081632653,68.176384
1.0,0.510204081632653,73.99528
-1.0,0.551020408163265,1.238619
-0.959183673469388,0.551020408163265,1.373461
-0.918367346938775,0.551020408163265,1.5152593
-0.877551020408163,0.551020408163265,1.6514745
-0.836734693877551,0.551020408163265,1.8246081
-0.795918367346939,0.551020408163265,2.0022495
-0.755102040816326,0.551020408163265,2.1771858
-0.714285714285714,0.551020408163265,2.3645937
-0.673469387755102,0.551020408163265,2.5881674
-0.63265306122449,0.551020408163265,2.8212109
-0.591836734693878,0.551020408163265,3.0919163
-0.551020408163265,0.551020408163265,3.3689246
-0.510204081632653,0.551020408163265,3.6492367
-0.469387755102041,0.551020408163265,3.9972904
-0.428571428571429,0.551020408163265,4.346709
-0.387755102040816,0.551020408163265,4.7217755
-0.346938775510204,0.551020408163265,5.1403937
-0.306122448979592,0.551020408163265,5.599057
-0.26530612244898,0.551020408163265,6.077701
-0.224489795918367,0.551020408163265,6.6158752
-0.183673469387755,0.551020408163265,7.1844954
-0.142857142857143,0.551020408163265,7.8036566
-0.102040816326531,0.551020408163265,8.480986
-0.061224489795919,0.551020408163265,9.193461
-0.020408163265306,0.551020408163265,10.006555
0.020408163265306,0.551020408163265,10.844601
0.061224489795918,0.551020408163265,11.789959
0.102040816326531,0.551020408163265,12.783334
0.142857142857143,0.551020408163265,13.873097
0.183673469387755,0.551020408163265,15.059451
0.224489795918367,0.551020408163265,16.350542
0.265306122448979,0.551020408163265,17.748306
0.306122448979592,0.551020408163265,19.261757
0.346938775510204,0.551020408163265,20.88254
0.387755102040816,0.551020408163265,22.678236
0.428571428571428,0.551020408163265,24.610619
0.469387755102041,0.551020408163265,26.657345
0.510204081632653,0.551020408163265,28.967634
0.551020408163265,0.551020408163265,31.449766
0.591836734693877,0.551020408163265,34.11241
0.63265306122449,0.551020408163265,37.02254
0.673469387755102,0.551020408163265,40.14859
0.714285714285714,0.551020408163265,43.570232
0.755102040816326,0.551020408163265,47.24716
0.795918367346939,0.551020408163265,51.266254
0.836734693877551,0.551020408163265,55.63077
0.877551020408163,0.551020408163265,60.362553
0.918367346938775,0.551020408163265,65.49495
0.959183673469388,0.551020408163265,71.04944
1.0,0.551020408163265,77.09553
-1.0,0.591836734693877,1.2746863
-0.959183673469388,0.591836734693877,1.3954983
-0.918367346938775,0.591836734693877,1.5291088
-0.877551020408163,0.591836734693877,1.6833395
-0.836734693877551,0.591836734693877,1.8571548
-0.795918367346939,0.591836734693877,2.0298011
-0.755102040816326,0.591836734693877,2.23756
-0.714285714285714,0.591836734693877,2.457195
-0.673469387755102,0.591836734693877,2.6818006
-0.63265306122449,0.591836734693877,2.9419231
-0.591836734693878,0.591836734693877,3.1934752
-0.551020408163265,0.591836734693877,3.4832957
-0.510204081632653,0.591836734693877,3.8076465
-0.469387755102041,0.591836734693877,4.1522956
-0.428571428571429,0.591836734693877,4.5166707
-0.387755102040816,0.591836734693877,4.923485
-0.346938775510204,0.591836734693877,5.3636737
-0.306122448979592,0.591836734693877,5.814848
-0.26530612244898,0.591836734693877,6.3329535
-0.224489795918367,0.591836734693877,6.8609467
-0.183673469387755,0.591836734693877,7.4649315
-0.142857142857143,0.591836734693877,8.128585
-0.102040816326531,0.591836734693877,8.816617
-0.061224489795919,0.591836734693877,9.576575
-0.020408163265306,0.591836734693877,10.410679
0.020408163265306,0.591836734693877,11.298032
0.061224489795918,0.591836734693877,12.273992
0.102040816326531,0.591836734693877,13.32562
0.142857142857143,0.591836734693877,14.441645
0.183673469387755,0.591836734693877,15.689389
0.224489795918367,0.591836734693877,17.029825
0.265306122448979,0.591836734693877,18.485762
0.306122448979592,0.591836734693877,20.05835
0.346938775510204,0.591836734693877,21.76047
0.387755102040816,0.591836734693877,23.637276
0.428571428571428,0.591836734693877,25.63875
0.469387755102041,0.591836734693877,27.827845
0.510204081632653,0.591836734693877,30.190504
0.551020408163265,0.591836734693877,32.75675
0.591836734693877,0.591836734693877,35.54503
0.63265306122449,0.591836734693877,38.568382
0.673469387755102,0.591836734693877,41.826134
0.714285714285714,0.591836734693877,45.383556
0.755102040816326,0.591836734693877,49.262447
0.795918367346939,0.591836734693877,53.438904
0.836734693877551,0.591836734693877,57.987865
0.877551020408163,0.591836734693877,62.913277
0.918367346938775,0.591836734693877,68.23425
0.959183673469388,0.591836734693877,74.05323
1.0,0.591836734693877,80.3375
-1.0,0.63265306122449,1.2655451
-0.959183673469388,0.63265306122449,1.4132769
-0.918367346938775,0.63265306122449,1.55767
-0.877551020408163,0.63265306122449,1.7249748
-0.836734693877551,0.63265306122449,1.9090484
-0.795918367346939,0.63265306122449,2.101539
-0.755102040816326,0.63265306122449,2.2949977
-0.714285714285714,0.63265306122449,2.538944
-0.673469387755102,0.63265306122449,2.7679906
-0.63265306122449,0.63265306122449,3.0329852
-0.591836734693878,0.63265306122449,3.2953613
-0.551020408163265,0.63265306122449,3.6188197
-0.510204081632653,0.63265306122449,3.95345
-0.469387755102041,0.63265306122449,4.3030844
-0.428571428571429,0.63265306122449,4.691767
-0.387755102040816,0.63265306122449,5.10533
-0.346938775510204,0.63265306122449,5.5462646
-0.306122448979592,0.63265306122449,6.038411
-0.26530612244898,0.63265306122449,6.5843267
-0.224489795918367,0.63265306122449,7.148536
-0.183673469387755,0.63265306122449,7.766646
-0.142857142857143,0.63265306122449,8.443144
-0.102040816326531,0.63265306122449,9.197135
-0.061224489795919,0.63265306122449,9.981746
-0.020408163265306,0.63265306122449,10.818619
0.020408163265306,0.63265306122449,11.771398
0.061224489795918,0.63265306122449,12.787079
0.102040816326531,0.63265306122449,13.890524
0.142857142857143,0.63265306122449,15.057251
0.183673469387755,0.63265306122449,16.349998
0.224489795918367,0.63265306122449,17.739243
0.265306122448979,0.63265306122449,19.263481
0.306122448979592,0.63265306122449,20.906038
0.346938775510204,0.63265306122449,22.700697
0.387755102040816,0.63265306122449,24.63606
0.428571428571428,0.63265306122449,26.723778
0.469387755102041,0.63265306122449,28.994156
0.510204081632653,0.63265306122449,31.462507
0.551020408163265,0.63265306122449,34.129807
0.591836734693877,0.63265306122449,37.06452
0.63265306122449,0.63265306122449,40.192017
0.673469387755102,0.63265306122449,43.615658
0.714285714285714,0.63265306122449,47.32128
0.755102040816326,0.63265306122449,51.338943
0.795918367346939,0.63265306122449,55.686573
0.836734693877551,0.63265306122449,60.42416
0.877551020408163,0.63265306122449,65.548065
0.918367346938775,0.63265306122449,71.120285
0.959183673469388,0.63265306122449,77.15795
1.0,0.63265306122449,83.7164
-1.0,0.673469387755102,1.289894
-0.959183673469388,0.673469387755102,1.4511578
-0.918367346938775,0.673469387755102,1.5793073
-0.877551020408163,0.673469387755102,1.7631959
-0.836734693877551,0.673469387755102,1.9475436
-0.795918367346939,0.673469387755102,2.144068
-0.755102040816326,0.673469387755102,2.352999
-0.714285714285714,0.673469387755102,2.5879264
-0.673469387755102,0.673469387755102,2.8635404
-0.63265306122449,0.673469387755102,3.127015
-0.591836734693878,0.673469387755102,3.4239254
-0.551020408163265,0.673469387755102,3.741445
-0.510204081632653,0.673469387755102,4.079896
-0.469387755102041,0.673469387755102,4.467619
-0.428571428571429,0.673469387755102,4.8829923
-0.387755102040816,0.673469387755102,5.309691
-0.346938775510204,0.673469387755102,5.7534375
-0.306122448979592,0.673469387755102,6.2798405
-0.26530612244898,0.673469387755102,6.838523
-0.224489795918367,0.673469387755102,7.4291577
-0.183673469387755,0.673469387755102,8.091101
-0.142857142857143,0.673469387755102,8.805264
-0.102040816326531,0.673469387755102,9.563958
-0.061224489795919,0.673469387755102,10.384445
-0.020408163265306,0.673469387755102,11.284345
0.020408163265306,0.673469387755102,12.260881
0.061224489795918,0.673469387755102,13.302145
0.102040816326531,0.673469387755102,14.457884
0.142857142857143,0.673469387755102,15.693635
0.183673469387755,0.673469387755102,17.030167
0.224489795918367,0.673469387755102,18.50457
0.265306122448979,0.673469387755102,20.081425
0.306122448979592,0.673469387755102,21.79143
0.346938775510204,0.673469387755102,23.646715
0.387755102040816,0.673469387755102,25.662252
0.428571428571428,0.673469387755102,27.872433
0.469387755102041,0.673469387755102,30.227861
0.510204081632653,0.673469387755102,32.798786
0.551020408163265,0.673469387755102,35.583588
0.591836734693877,0.673469387755102,38.632004
0.63265306122449,0.673469387755102,41.885742
0.673469387755102,0.673469387755102,45.458527
0.714285714285714,0.673469387755102,49.30499
0.755102040816326,0.673469387755102,53.489567
0.795918367346939,0.673469387755102,58.054756
0.836734693877551,0.673469387755102,62.982666
0.877551020408163,0.673469387755102,68.3106
0.918367346938775,0.673469387755102,74.12464
0.959183673469388,0.673469387755102,80.40783
1.0,0.673469387755102,87.249565
-1.0,0.714285714285714,1.2719779
-0.959183673469388,0.714285714285714,1.4399371
-0.918367346938775,0.714285714285714,1.6202672
-0.877551020408163,0.714285714285714,1.7908609
-0.836734693877551,0.714285714285714,2.00391
-0.795918367346939,0.714285714285714,2.1925108
-0.755102040816326,0.714285714285714,2.4326
-0.714285714285714,0.714285714285714,2.6753855
-0.673469387755102,0.714285714285714,2.945742
-0.63265306122449,0.714285714285714,3.2325988
-0.591836734693878,0.714285714285714,3.5265975
-0.551020408163265,0.714285714285714,3.8713403
-0.510204081632653,0.714285714285714,4.226499
-0.469387755102041,0.714285714285714,4.6084313
-0.428571428571429,0.714285714285714,5.0639944
-0.387755102040816,0.714285714285714,5.515958
-0.346938775510204,0.714285714285714,5.988784
-0.306122448979592,0.714285714285714,6.5146
-0.26530612244898,0.714285714285714,7.126627
-0.224489795918367,0.714285714285714,7.7526526
-0.183673469387755,0.714285714285714,8.412862
-0.142857142857143,0.714285714285714,9.153568
-0.102040816326531,0.714285714285714,9.947019
-0.061224489795919,0.714285714285714,10.818169
-0.020408163265306,0.714285714285714,11.741275
0.020408163265306,0.714285714285714,12.777322
0.061224489795918,0.714285714285714,13.870635
0.102040816326531,0.714285714285714,15.077971
0.142857142857143,0.714285714285714,16.365925
0.183673469387755,0.714285714285714,17.78054
0.224489795918367,0.714285714285714,19.26586
0.265306122448979,0.714285714285714,20.92728
0.306122448979592,0.714285714285714,22.72244
0.346938775510204,0.714285714285714,24.665277
0.387755102040816,0.714285714285714,26.761137
0.428571428571428,0.714285714285714,29.042652
0.469387755102041,0.714285714285714,31.48906
0.510204081632653,0.714285714285714,34.192566
0.551020408163265,0.714285714285714,37.092335
0.591836734693877,0.714285714285714,40.259262
0.63265306122449,0.714285714285714,43.66516
0.673469387755102,0.714285714285714,47.396854
0.714285714285714,0.714285714285714,51.395176
0.755102040816326,0.714285714285714,55.75468
0.795918367346939,0.714285714285714,60.489513
0.836734693877551,0.714285714285714,65.63778
0.877551020408163,0.714285714285714,71.224144
0.918367346938775,0.714285714285714,77.25767
0.959183673469388,0.714285714285714,83.82709
1.0,0.714285714285714,90.93427
-1.0,0.755102040816326,1.3016706
-0.959183673469388,0.755102040816326,1.4613338
-0.918367346938775,0.755102040816326,1.650074
-0.877551020408163,0.755102040816326,1.8573959
-0.836734693877551,0.755102040816326,2.0339243
-0.795918367346939,0.755102040816326,2.253623
-0.755102040816326,0.755102040816326,2.480553
-0.714285714285714,0.755102040816326,2.7415833
-0.673469387755102,0.755102040816326,3.041009
-0.63265306122449,0.755102040816326,3.3319905
-0.591836734693878,0.755102040816326,3.6588905
-0.551020408163265,0.755102040816326,4.006682
-0.510204081632653,0.755102040816326,4.3703475
-0.469387755102041,0.755102040816326,4.7821517
-0.428571428571429,0.755102040816326,5.25446
-0.387755102040816,0.755102040816326,5.713178
-0.346938775510204,0.755102040816326,6.229677
-0.306122448979592,0.755102040816326,6.7867913
-0.26530612244898,0.755102040816326,7.38903
-0.224489795918367,0.755102040816326,8.044289
-0.183673469387755,0.755102040816326,8.7456
-0.142857142857143,0.755102040816326,9.544442
-0.102040816326531,0.755102040816326,10.370668
-0.061224489795919,0.755102040816326,11.280533
-0.020408163265306,0.755102040816326,12.244242
0.020408163265306,0.755102040816326,13.316576
0.061224489795918,0.755102040816326,14.44204
0.102040816326531,0.755102040816326,15.69257
0.142857142857143,0.755102040816326,17.050764
0.183673469387755,0.755102040816326,18.519598
0.224489795918367,0.755102040816326,20.107462
0.265306122448979,0.755102040816326,21.82915
0.306122448979592,0.755102040816326,23.68445
0.346938775510204,0.755102040816326,25.700907
0.387755102040816,0.755102040816326,27.885023
0.428571428571428,0.755102040816326,30.257633
0.469387755102041,0.755102040816326,32.853886
0.510204081632653,0.755102040816326,35.622486
0.551020408163265,0.755102040816326,38.67259
0.591836734693877,0.755102040816326,41.95752
0.63265306122449,0.755102040816326,45.528824
0.673469387755102,0.755102040816326,49.38909
0.714285714285714,0.755102040816326,53.584553
0.755102040816326,0.755102040816326,58.13125
0.795918367346939,0.755102040816326,63.07741
0.836734693877551,0.755102040816326,68.41368
0.877551020408163,0.755102040816326,74.22254
0.918367346938775,0.755102040816326,80.51563
0.959183673469388,0.755102040816326,87.33976
1.0,0.755102040816326,94.79429
-1.0,0.795918367346939,1.2854635
-0.959183673469388,0.795918367346939,1.479286
-0.918367346938775,0.795918367346939,1.6646261
-0.877551020408163,0.795918367346939,1.8592191
-0.836734693877551,0.795918367346939,2.0859723
-0.795918367346939,0.795918367346939,2.2950854
-0.755102040816326,0.795918367346939,2.5561178
-0.714285714285714,0.795918367346939,2.8072577
-0.673469387755102,0.795918367346939,3.1250648
-0.63265306122449,0.795918367346939,3.442799
-0.591836734693878,0.795918367346939,3.7634218
-0.551020408163265,0.795918367346939,4.139398
-0.510204081632653,0.795918367346939,4.5427833
-0.469387755102041,0.795918367346939,4.9493556
-0.428571428571429,0.795918367346939,5.4229555
-0.387755102040816,0.795918367346939,5.911954
-0.346938775510204,0.795918367346939,6.483668
-0.306122448979592,0.795918367346939,7.059279
-0.26530612244898,0.795918367346939,7.696467
-0.224489795918367,0.795918367346939,8.361298
-0.183673469387755,0.795918367346939,9.109217
-0.142857142857143,0.795918367346939,9.906423
-0.102040816326531,0.795918367346939,10.793669
-0.061224489795919,0.795918367346939,11.738196
-0.020408163265306,0.795918367346939,12.749305
0.020408163265306,0.795918367346939,13.871992
0.061224489795918,0.795918367346939,15.054388
0.102040816326531,0.795918367346939,16.375727
0.142857142857143,0.795918367346939,17.7867
0.183673469387755,0.795918367346939,19.298103
0.224489795918367,0.795918367346939,20.95526
0.265306122448979,0.795918367346939,22.747885
0.306122448979592,0.795918367346939,24.689
0.346938775510204,0.795918367346939,26.79869
0.387755102040816,0.795918367346939,29.068468
0.428571428571428,0.795918367346939,31.57126
0.469387755102041,0.795918367346939,34.23911
0.510204081632653,0.795918367346939,37.149426
0.551020408163265,0.795918367346939,40.32121
0.591836734693877,0.795918367346939,43.738323
0.63265306122449,0.795918367346939,47.45187
0.673469387755102,0.795918367346939,51.472683
0.714285714285714,0.795918367346939,55.867043
0.755102040816326,0.795918367346939,60.594658
0.795918367346939,0.795918367346939,65.73361
0.836734693877551,0.795918367346939,71.31681
0.877551020408163,0.795918367346939,77.35679
0.918367346938775,0.795918367346939,83.92359
0.959183673469388,0.795918367346939,91.03448
1.0,0.795918367346939,98.77096
-1.0,0.836734693877551,1.2907284
-0.959183673469388,0.836734693877551,1.47813
-0.918367346938775,0.836734693877551,1.6847914
-0.877551020408163,0.836734693877551,1.8817799
-0.836734693877551,0.836734693877551,2.1056867
-0.795918367346939,0.836734693877551,2.346891
-0.755102040816326,0.836734693877551,2.6171253
-0.714285714285714,0.836734693877551,2.8986406
-0.673469387755102,0.836734693877551,3.1998503
-0.63265306122449,0.836734693877551,3.5426204
-0.591836734693878,0.836734693877551,3.9000447
-0.551020408163265,0.836734693877551,4.29057
-0.510204081632653,0.836734693877551,4.6703863
-0.469387755102041,0.836734693877551,5.146784
-0.428571428571429,0.836734693877551,5.617484
-0.387755102040816,0.836734693877551,6.1596656
-0.346938775510204,0.836734693877551,6.7268467
-0.306122448979592,0.836734693877551,7.3314724
-0.26530612244898,0.836734693877551,7.990085
-0.224489795918367,0.836734693877551,8.709548
-0.183673469387755,0.836734693877551,9.488074
-0.142857142857143,0.836734693877551,10.318048
-0.102040816326531,0.836734693877551,11.25193
-0.061224489795919,0.836734693877551,12.219698
-0.020408163265306,0.836734693877551,13.303224
0.020408163265306,0.836734693877551,14.439768
0.061224489795918,0.836734693877551,15.691033
0.102040816326531,0.836734693877551,17.050257
0.142857142857143,0.836734693877551,18.524734
0.183673469387755,0.836734693877551,20.108395
0.224489795918367,0.836734693877551,21.849833
0.265306122448979,0.836734693877551,23.721556
0.306122448979592,0.836734693877551,25.736032
0.346938775510204,0.836734693877551,27.929264
0.387755102040816,0.836734693877551,30.310398
0.428571428571428,0.836734693877551,32.899075
0.469387755102041,0.836734693877551,35.681805
0.510204081632653,0.836734693877551,38.734818
0.551020408163265,0.836734693877551,42.024143
0.591836734693877,0.836734693877551,45.59136
0.63265306122449,0.836734693877551,49.490414
0.673469387755102,0.836734693877551,53.677696
0.714285714285714,0.836734693877551,58.2199
0.755102040816326,0.836734693877551,63.15591
0.795918367346939,0.836734693877551,68.52022
0.836734693877551,0.836734693877551,74.34888
0.877551020408163,0.836734693877551,80.63031
0.918367346938775,0.836734693877551,87.49921
0.959183673469388,0.836734693877551,94.90171
1.0,0.836734693877551,102.94977
-1.0,0.877551020408163,1.281731
-0.959183673469388,0.877551020408163,1.4704846
-0.918367346938775,0.877551020408163,1.6913176
-0.877551020408163,0.877551020408163,1.9126009
-0.836734693877551,0.877551020408163,2.1314118
-0.795918367346939,0.877551020408163,2.397903
-0.755102040816326,0.877551020408163,2.6718216
-0.714285714285714,0.877551020408163,2.9790936
-0.673469387755102,0.877551020408163,3.3005776
-0.63265306122449,0.877551020408163,3.6566565
-0.591836734693878,0.877551020408163,4.002445
-0.551020408163265,0.877551020408163,4.4315658
-0.510204081632653,0.877551020408163,4.8488307
-0.469387755102041,0.877551020408163,5.3220315
-0.428571428571429,0.877551020408163,5.833988
-0.387755102040816,0.877551020408163,6.385058
-0.346938775510204,0.877551020408163,6.9841757
-0.306122448979592,0.877551020408163,7.6362553
-0.26530612244898,0.877551020408163,8.310316
-0.224489795918367,0.877551020408163,9.0615
-0.183673469387755,0.877551020408163,9.875451
-0.142857142857143,0.877551020408163,10.745288
-0.102040816326531,0.877551020408163,11.672525
-0.061224489795919,0.877551020408163,12.709496
-0.020408163265306,0.877551020408163,13.856539
0.020408163265306,0.877551020408163,15.041097
0.061224489795918,0.877551020408163,16.35879
0.102040816326531,0.877551020408163,17.768173
0.142857142857143,0.877551020408163,19.307207
0.183673469387755,0.877551020408163,20.968111
0.224489795918367,0.877551020408163,22.777443
0.265306122448979,0.877551020408163,24.724575
0.306122448979592,0.877551020408163,26.826931
0.346938775510204,0.877551020408163,29.103954
0.387755102040816,0.877551020408163,31.594925
0.428571428571428,0.877551020408163,34.306656
0.469387755102041,0.877551020408163,37.212067
0.510204081632653,0.877551020408163,40.372364
0.551020408163265,0.877551020408163,43.79966
0.591836734693877,0.877551020408163,47.522224
0.63265306122449,0.877551020408163,51.562138
0.673469387755102,0.877551020408163,55.942013
0.714285714285714,0.877551020408163,60.69588
0.755102040816326,0.877551020408163,65.836784
0.795918367346939,0.877551020408163,71.41496
0.836734693877551,0.877551020408163,77.47756
0.877551020408163,0.877551020408163,84.05611
0.918367346938775,0.877551020408163,91.18852
0.959183673469388,0.877551020408163,98.936066
1.0,0.877551020408163,107.311615
-1.0,0.918367346938775,1.2660464
-0.959183673469388,0.918367346938775,1.4600159
-0.918367346938775,0.918367346938775,1.6695873
-0.877551020408163,0.918367346938775,1.9377053
-0.836734693877551,0.918367346938775,2.1618617
-0.795918367346939,0.918367346938775,2.4335587
-0.755102040816326,0.918367346938775,2.7527425
-0.714285714285714,0.918367346938775,3.0641503
-0.673469387755102,0.918367346938775,3.376533
-0.63265306122449,0.918367346938775,3.7648294
-0.591836734693878,0.918367346938775,4.1410975
-0.551020408163265,0.918367346938775,4.5754004
-0.510204081632653,0.918367346938775,5.021582
-0.469387755102041,0.918367346938775,5.5230823
-0.428571428571429,0.918367346938775,6.041258
-0.387755102040816,0.918367346938775,6.616266
-0.346938775510204,0.918367346938775,7.2338586
-0.306122448979592,0.918367346938775,7.907016
-0.26530612244898,0.918367346938775,8.643655
-0.224489795918367,0.918367346938775,9.400704
-0.183673469387755,0.918367346938775,10.26184
-0.142857142857143,0.918367346938775,11.176999
-0.102040816326531,0.918367346938775,12.177564
-0.061224489795919,0.918367346938775,13.2442665
-0.020408163265306,0.918367346938775,14.423522
0.020408163265306,0.918367346938775,15.674327
0.061224489795918,0.918367346938775,17.038742
0.102040816326531,0.918367346938775,18.500408
0.142857142857143,0.918367346938775,20.135118
0.183673469387755,0.918367346938775,21.85402
0.224489795918367,0.918367346938775,23.727976
0.265306122448979,0.918367346938775,25.763693
0.306122448979592,0.918367346938775,27.96526
0.346938775510204,0.918367346938775,30.36491
0.387755102040816,0.918367346938775,32.94643
0.428571428571428,0.918367346938775,35.768703
0.469387755102041,0.918367346938775,38.820347
0.510204081632653,0.918367346938775,42.099174
0.551020408163265,0.918367346938775,45.688538
0.591836734693877,0.918367346938775,49.55679
0.63265306122449,0.918367346938775,53.761623
0.673469387755102,0.918367346938775,58.33186
0.714285714285714,0.918367346938775,63.286606
0.755102040816326,0.918367346938775,68.64878
0.795918367346939,0.918367346938775,74.4662
0.836734693877551,0.918367346938775,80.77815
0.877551020408163,0.918367346938775,87.612274
0.918367346938775,0.918367346938775,95.0403
0.959183673469388,0.918367346938775,103.10739
1.0,0.918367346938775,111.850624
-1.0,0.959183673469388,1.2406526
-0.959183673469388,0.959183673469388,1.447533
-0.918367346938775,0.959183673469388,1.6857003
-0.877551020408163,0.959183673469388,1.9213325
-0.836734693877551,0.959183673469388,2.2119417
-0.795918367346939,0.959183673469388,2.4839725
-0.755102040816326,0.959183673469388,2.8030324
-0.714285714285714,0.959183673469388,3.119513
-0.673469387755102,0.959183673469388,3.4798698
-0.63265306122449,0.959183673469388,3.8551886
-0.591836734693878,0.959183673469388,4.279498
-0.551020408163265,0.959183673469388,4.7010126
-0.510204081632653,0.959183673469388,5.1866117
-0.469387755102041,0.959183673469388,5.7180195
-0.428571428571429,0.959183673469388,6.2820444
-0.387755102040816,0.959183673469388,6.861556
-0.346938775510204,0.959183673469388,7.519212
-0.306122448979592,0.959183673469388,8.239276
-0.26530612244898,0.959183673469388,8.968551
-0.224489795918367,0.959183673469388,9.780548
-0.183673469387755,0.959183673469388,10.677705
-0.142857142857143,0.959183673469388,11.635681
-0.102040816326531,0.959183673469388,12.6642685
-0.061224489795919,0.959183673469388,13.813705
-0.020408163265306,0.959183673469388,15.011128
0.020408163265306,0.959183673469388,16.315815
0.061224489795918,0.959183673469388,17.752382
0.102040816326531,0.959183673469388,19.298714
0.142857142857143,0.959183673469388,20.959244
0.183673469387755,0.959183673469388,22.773735
0.224489795918367,0.959183673469388,24.727385
0.265306122448979,0.959183673469388,26.85376
0.306122448979592,0.959183673469388,29.147457
0.346938775510204,0.959183673469388,31.627502
0.387755102040816,0.959183673469388,34.342083
0.428571428571428,0.959183673469388,37.294674
0.469387755102041,0.959183673469388,40.442226
0.510204081632653,0.959183673469388,43.89285
0.551020408163265,0.959183673469388,47.596992
0.591836734693877,0.959183673469388,51.668552
0.63265306122449,0.959183673469388,56.05294
0.673469387755102,0.959183673469388,60.796783
0.714285714285714,0.959183673469388,65.95848
0.755102040816326,0.959183673469388,71.5594
0.795918367346939,0.959183673469388,77.61202
0.836734693877551,0.959183673469388,84.21556
0.877551020408163,0.959183673469388,91.32741
0.918367346938775,0.959183673469388,99.0704
0.959183673469388,0.959183673469388,107.47944
1.0,0.959183673469388,116.583145
-1.0,1.0,1.2100148
-0.959183673469388,1.0,1.4530259
-0.918367346938775,1.0,1.6938179
-0.877551020408163,1.0,1.9295719
-0.836734693877551,1.0,2.227395
-0.795918367346939,1.0,2.5305393
-0.755102040816326,1.0,2.8406117
-0.714285714285714,1.0,3.1854694
-0.673469387755102,1.0,3.5568185
-0.63265306122449,1.0,3.983419
-0.591836734693878,1.0,4.390195
-0.551020408163265,1.0,4.870854
-0.510204081632653,1.0,5.363684
-0.469387755102041,1.0,5.906547
-0.428571428571429,1.0,6.4907722
-0.387755102040816,1.0,7.120399
-0.346938775510204,1.0,7.8186355
-0.306122448979592,1.0,8.542632
-0.26530612244898,1.0,9.340491
-0.224489795918367,1.0,10.185862
-0.183673469387755,1.0,11.102762
-0.142857142857143,1.0,12.11569
-0.102040816326531,1.0,13.209369
-0.061224489795919,1.0,14.360714
-0.020408163265306,1.0,15.657603
0.020408163265306,1.0,17.01262
0.061224489795918,1.0,18.48083
0.102040816326531,1.0,20.10219
0.142857142857143,1.0,21.846676
0.183673469387755,1.0,23.736128
0.224489795918367,1.0,25.781282
0.265306122448979,1.0,27.983183
0.306122448979592,1.0,30.3835
0.346938775510204,1.0,32.99914
0.387755102040816,1.0,35.785393
0.428571428571428,1.0,38.85527
0.469387755102041,1.0,42.175117
0.510204081632653,1.0,45.766956
0.551020408163265,1.0,49.64687
0.591836734693877,1.0,53.864563
0.63265306122449,1.0,58.4389
0.673469387755102,1.0,63.399937
0.714285714285714,1.0,68.76963
0.755102040816326,1.0,74.605865
0.795918367346939,1.0,80.92823
0.836734693877551,1.0,87.775154
0.877551020408163,1.0,95.21558
0.918367346938775,1.0,103.27205
0.959183673469388,1.0,112.02288
1.0,1.0,121.52315
