x1,x2,y1,d1y1dx1,d1y1dx2,d2y1dx1,d2y1dx2,d2y1dx1dx2
-1,-1,1.29872241020718,-0.402555179585633,-2.70127758979282,1.19488964082873,6.29872241020718,3.59744482041437
-0.959183673469388,-1,1.28331455879417,-0.351738229350428,-2.55342013508338,1.29652354129914,6.07923292614111,3.64826177064957
-0.918367346938775,-1,1.27006787971288,-0.296598934451801,-2.40340150804223,1.4068021310964,5.86190461440675,3.7034010655482
-0.877551020408163,-1,1.25916619610992,-0.236769648596478,-2.25103788552273,1.52646070280704,5.64692129815074,3.76323035140352
-0.836734693877551,-1,1.25080896660385,-0.17185145454741,-2.09612980890636,1.65629709090518,5.4344824359916,3.82814854545259
-0.795918367346939,-1,1.24521261519364,-0.101411504306594,-1.93846085419411,1.79717699138681,5.22480445192834,3.89858849569341
-0.755102040816326,-1,1.2426119742856,-0.024980133061449,-1.7777961889797,1.9500397338771,5.01812217836724,3.97501986693855
-0.714285714285714,-1,1.24326185045986,0.057952272348289,-1.613881006683,2.11590454469658,4.81469042188843,4.05795227234829
-0.673469387755102,-1,1.24743872341657,0.147938671322938,-1.44643882760384,2.29587734264588,4.61478566219208,4.14793867132294
-0.63265306122449,-1,1.25544258942962,0.245579056410261,-1.27516965546834,2.49115811282052,4.41870789555207,4.24557905641026
-0.591836734693878,-1,1.26759896159921,0.351524453810666,-1.0997479771763,2.70304890762133,4.2267826350686,4.35152445381067
-0.551020408163265,-1,1.28426104024025,0.466481264153962,-0.919820592412815,2.93296252830792,4.03936308105657,4.46648126415396
-0.510204081632653,-1,1.30581206787774,0.591215972490184,-0.735004258652868,3.18243194498037,3.85683247604101,4.59121597249018
-0.469387755102041,-1,1.33266788455143,0.726560258898783,-0.544883135856731,3.45312051779757,3.67960666006164,4.72656025889878
-0.428571428571429,-1,1.36527970046726,0.873416543791653,-0.349006013818459,3.74683308758331,3.5081368433244,4.87341654379165
-0.387755102040816,-1,1.40413710448271,1.03276400488378,-0.146883303680561,4.06552800976755,3.34291261468679,5.03276400488378
-0.346938775510204,-1,1.44977132848532,1.20566510595023,0.062016226444504,4.41133021190047,3.18446520603634,5.20566510595023
-0.306122448979592,-1,1.5027587894299,1.39327268090061,0.278268993511528,4.78654536180121,3.03337103432785,5.39327268090061
-0.26530612244898,-1,1.56372493265126,1.59683762040456,0.502500442855341,5.19367524080912,2.89025554489616,5.59683762040456
-0.224489795918367,-1,1.63334840207827,1.81771721231981,0.735389218404804,5.63543442463963,2.75579738167011,5.81771721231981
-0.183673469387755,-1,1.7123655651543,2.0573841915331,0.977671687603284,6.1147683830662,2.63073291209308,6.0573841915331
-0.142857142857143,-1,1.80157542263453,2.31743655955477,1.23014685120596,6.63487311910954,2.51586113692024,6.31743655955477
-0.102040816326531,-1,1.90184493599656,2.59960823934006,1.49368167069044,7.19921647868013,2.41204901762922,6.59960823934006
-0.061224489795919,-1,2.01411480798543,2.90578063637902,1.76921684880176,7.81156127275805,2.32023725696502,6.90578063637902
-0.020408163265306,-1,2.13940575483518,3.23799518313974,2.05777310177395,8.47599036627949,2.24144657116171,7.23799518313975
0.020408163265306,-1,2.27882531198775,3.59846695050611,2.36045796504898,9.19693390101223,2.17678449566122,7.59846695050612
0.061224489795918,-1,2.43357521868687,3.98959941696558,2.67847317787054,9.97919883393116,2.12745276970728,7.98959941696558
0.102040816326531,-1,2.60495943068439,4.41400049402185,3.01312269599052,10.8280009880437,2.09475534905174,8.41400049402185
0.142857142857143,-1,2.79439281448458,4.87449991468344,3.36582138591315,11.7489998293669,2.08010710019886,8.87449991468344
0.183673469387755,-1,3.00341058109594,5.37416810096738,3.73810445864696,12.7483362019348,2.08504323415716,9.37416810096738
0.224489795918367,-1,3.2336785221911,5.91633663621894,4.13163770586457,13.8326732724379,2.11122954259927,9.91633663621894
0.265306122448979,-1,3.4870041169252,6.50462047874836,4.54822860672112,15.0092409574967,2.1604735046803,10.5046204787484
0.306122448979592,-1,3.76534858346846,7.14294206489611,4.98983837938683,16.2858841297922,2.2347363385705,11.1429420648961
0.346938775510204,-1,4.07083995560782,7.83555746223604,5.45859505764863,17.6711149244721,2.3361460780568,11.835557462236
0.387755102040816,-1,4.40578727160685,8.58708474729533,5.95680767977011,19.1741694945906,2.46701176140276,12.5870847472953
0.428571428571428,-1,4.77269596992966,9.40253479700218,6.48698168421537,20.8050695940044,2.62983882707252,13.4025347970022
0.469387755102041,-1,5.17428459448107,10.2873446991662,7.05183561488923,22.5746893983324,2.82734581897086,14.2873446991662
0.510204081632653,-1,5.61350292074677,11.2474140047588,7.65431924727738,24.4948280095177,3.0624825125835,15.2474140047588
0.551020408163265,-1,6.09355162369128,12.2891440637091,8.29763325634434,26.5782881274182,3.33844958287495,16.2891440637091
0.591836734693877,-1,6.61790361855108,13.4194807064899,8.98525055732659,28.8389614129798,3.6587199450817,17.4194807064899
0.63265306122449,-1,7.19032721681468,14.6459605560783,9.72093946171264,31.2919211121567,4.02706191069223,18.6459605560783
0.673469387755102,-1,7.81491125178421,15.9767612790786,10.5087888028046,33.9535225581572,4.4475643130087,19.9767612790786
0.714285714285714,-1,8.49609234124555,17.4207561110625,11.3532351983884,36.841512222125,4.92466376981697,21.4207561110625
0.755102040816326,-1,9.23868446902329,18.9875730196792,12.2590926322886,39.9751460393585,5.46317426494166,22.9875730196792
0.795918367346939,-1,10.0479110826584,20.6876589000106,13.2315845520461,43.3753178000212,6.06831924592366,24.6876589000106
0.836734693877551,-1,10.9294399212223,22.5323492301997,14.2763786967325,47.0646984603993,6.74576645183452,26.5323492301997
0.877551020408163,-1,11.8894208054861,24.5339436517885,15.3996248871187,51.0678873035769,7.50166570344525,28.5339436517885
0.918367346938775,-1,12.9345266424128,26.7057879787031,16.6079960301679,55.4115759574061,8.34268990771888,30.7057879787031
0.959183673469388,-1,14.0719979173751,29.062363181689,17.9087326112527,60.124726363378,9.27607955002818,33.062363181689
1,-1,15.3096909707543,31.6193819415085,19.3096909707543,65.2387638830171,10.3096909707543,35.6193819415085
-1,-0.959183673469388,1.19364835266498,-0.260146111863558,-2.44893254475021,1.2446696544019,6.0662694544168,3.38243478555163
-0.959183673469388,-0.959183673469388,1.18409573406474,-0.207212088732231,-2.30980839202738,1.35053770066455,5.85783434186751,3.43536880868296
-0.918367346938775,-0.959183673469388,1.17679432388351,-0.149775648762898,-2.16843303088554,1.46541058060322,5.65165043773723,3.49280524865229
-0.877551020408163,-0.959183673469388,1.17193560348038,-0.087453829237365,-2.0246149799656,1.59005421965428,5.44790922338504,3.55512706817783
-0.836734693877551,-0.959183673469388,1.16972734107201,-0.019831093722303,-1.8781464710509,1.7252996906844,5.24681846702762,3.62274980369289
-0.795918367346939,-0.959183673469388,1.17039497704624,0.053543438557946,-1.72880206375361,1.8720487552449,5.04860360905279,3.69612433597314
-0.755102040816326,-0.959183673469388,1.17418312710646,0.133158999010188,-1.57633714237031,2.03127987614939,4.85350926516396,3.77573989642538
-0.714285714285714,-0.959183673469388,1.18135721326924,0.219546431667538,-1.42048628488447,2.20405474146409,4.66180085737768,3.86212732908273
-0.673469387755102,-0.959183673469388,1.19220523358986,0.313281732640576,-1.26096149324078,2.39152534341016,4.47376638374925,3.95586263005577
-0.63265306122449,-0.959183673469388,1.20703968241573,0.414989890624117,-1.09745027309184,2.59494165937724,4.28971833862607,4.05757078803931
-0.591836734693878,-0.959183673469388,1.22619963397103,0.525349054066504,-0.929613550213473,2.81565998626202,4.10999579623231,4.1679299514817
-0.551020408163265,-0.959183673469388,1.25005300316509,0.645095052786433,-0.757083409696338,3.05515198370188,3.93496667147732,4.28767595020163
-0.510204081632653,-0.959183673469388,1.27899899869877,0.77502630418559,-0.579460642839589,3.31501448650019,3.76503017306195,4.41760720160078
-0.469387755102041,-0.959183673469388,1.31347078482494,0.916009136769715,-0.396312085390355,3.59698015166844,3.60061946523906,4.55859003418491
-0.428571428571429,-0.959183673469388,1.35393836951077,1.06898356647318,-0.207167729381451,3.90292901107537,3.44220455597584,4.71156446388837
-0.387755102040816,-0.959183673469388,1.4009117382589,1.23496956430123,-0.011517589310257,4.23490100673147,3.29029543077491,4.87755046171642
-0.346938775510204,-0.959183673469388,1.45494425448237,1.41507385707996,0.19119169823628,4.59510959228893,3.14544545304933,5.05765475449515
-0.306122448979592,-0.959183673469388,1.51663634910584,1.6104973066587,0.401560564182823,4.98595649144642,3.00825505372375,5.2530782040739
-0.26530612244898,-0.959183673469388,1.58663952399372,1.82254291676626,0.620240510393773,5.41004771166153,2.87937573466257,5.46512381418146
-0.224489795918367,-0.959183673469388,1.66566069589843,2.05262452090747,0.847938453621548,5.87021091994395,2.75951441261822,5.69520541832266
-0.183673469387755,-0.959183673469388,1.75446690989252,2.30227620922745,1.08542143893871,6.36951429658391,2.64943813266326,5.94485710664264
-0.142857142857143,-0.959183673469388,1.85389045371189,2.57316255719799,1.33352175408115,6.911286992525,2.54997918253358,6.21574345461319
-0.102040816326531,-0.959183673469388,1.9648344071104,2.86708972432681,1.59314247880273,7.49914132678264,2.46204064198304,6.50967062174201
-0.061224489795919,-0.959183673469388,2.08827866322675,3.18601749689129,1.86526350624214,8.1369968719116,2.38660240415033,6.82859839430649
-0.020408163265306,-0.959183673469388,2.2252864621116,3.5320723549928,2.15094807645007,8.82910658811462,2.32472770908613,7.174653252408
0.020408163265306,-0.959183673469388,2.37701147997795,3.9075616510573,2.45134986563949,9.58008518024361,2.27757023300343,7.55014254847249
0.061224489795918,-0.959183673469388,2.54470552144277,4.31498899431873,2.76772067842737,10.3949398667665,2.24638178051919,7.95756989173393
0.102040816326531,-0.959183673469388,2.72972686604884,4.75707094386267,3.10141879435651,11.2791037658543,2.23252063117621,8.39965184127786
0.142857142857143,-0.959183673469388,2.93354932471786,5.2367551215325,3.4539180243486,12.238472121194,2.23746059589617,8.87933601894769
0.183673469387755,-0.959183673469388,3.1577720665196,5.75723986546778,3.82681753747341,13.2794416090646,2.26280084374886,9.39982076288297
0.224489795918367,-0.959183673469388,3.40413028127799,6.32199555531635,4.22185252355486,14.4089529887617,2.31027656455819,9.96457645273154
0.265306122448979,-0.959183673469388,3.67450674910799,6.93478775130816,4.64090576270794,15.6345373807453,2.38177053843915,10.5773686487234
0.306122448979592,-0.959183673469388,3.97094439402432,7.5997023014726,5.08602017894733,16.9643664810742,2.47932568940641,11.2422831988878
0.346938775510204,-0.959183673469388,4.29565990532413,8.32117258440402,5.55941246157021,18.407307046937,2.60515870675717,11.9637534818192
0.387755102040816,-0.959183673469388,4.65105851756578,9.10400906921911,6.06348784513493,19.9729800165672,2.76167482504976,12.7465899666343
0.428571428571428,-0.959183673469388,5.03975004769025,9.95343138979985,6.60085614658247,21.6718246577287,2.95148386122518,13.596012287215
0.469387755102041,-0.959183673469388,5.4645662962144,10.8751031471799,7.17434916642969,23.5151681724889,3.17741761580028,14.5176840445951
0.510204081632653,-0.959183673469388,5.92857992851994,11.8751696721228,7.7870395700583,25.5153012223747,3.44254875415677,15.517750569538
0.551020408163265,-0.959183673469388,6.43512496213102,12.9602989996768,8.44226137499245,27.6855598774826,3.75021129381879,16.602879897092
0.591836734693877,-0.959183673469388,6.98781899658106,14.1377263289087,9.14363218076556,30.0404145359463,4.10402283431978,17.7803072263239
0.63265306122449,-0.959183673469388,7.59058733408862,15.4153022642556,9.89507728959619,32.5955664066402,4.50790867787829,19.0578831616708
0.673469387755102,-0.959183673469388,8.24768915186905,16.8015451601482,10.7008558786997,35.3680521984255,4.96612800170966,20.4441260575634
0.714285714285714,-0.959183673469388,8.96374590058822,18.3056979179184,11.5655893987419,38.3763577139657,5.48330225647978,21.9482788153336
0.755102040816326,-0.959183673469388,9.74377211830767,19.9377896136891,12.4942923877845,41.6405411055072,6.06444598025017,23.5803705111043
0.795918367346939,-0.959183673469388,10.5932088653759,21.7087023681573,13.4924059061757,45.1823666144436,6.71500023336933,25.3512832655725
0.836734693877551,-0.959183673469388,11.5179600031959,23.6302439041292,14.5658338153189,49.0254496863874,7.44086887724033,27.2728248015444
0.877551020408163,-0.959183673469388,12.5244315587615,25.7152262755922,15.7209821422075,53.1954144293134,8.24845793885689,29.3578071730074
0.918367346938775,-0.959183673469388,13.6195744374281,27.9775512932572,16.9648017921972,57.7200644646433,9.14471832357441,31.6201321906723
0.959183673469388,-0.959183673469388,14.8109307687101,30.4323032161529,18.3048348948022,62.6295683104349,10.1371921609074,34.0748841135681
1,-0.959183673469388,16.1066841941196,33.0958493273037,19.7492650915348,67.9566605327365,11.2340630923678,36.7384302247189
-1,-0.918367346938775,1.09868060525441,-0.126287949280049,-2.20606486644531,1.29652354129914,5.83433496695744,3.17845752241967
-0.959183673469388,-0.918367346938775,1.09463597842088,-0.071148654381422,-2.07522192300538,1.4068021310964,5.63699832536052,3.2335968173183
-0.918367346938775,-0.918367346938775,1.0929363470657,-0.0113193685261,-1.9420339840871,1.52646070280704,5.44200667924195,3.29342610317362
-0.877551020408163,-0.918367346938775,1.09378116980739,0.053598825522969,-1.80630159107195,1.65629709090518,5.24955948722026,3.35834429722269
-0.836734693877551,-0.918367346938775,1.09738687064496,0.124038775763785,-1.66780831996093,1.79717699138681,5.05987317329443,3.4287842474635
-0.795918367346939,-0.918367346938775,1.10398828198469,0.20047014700893,-1.52631933834774,1.9500397338771,4.87318256987077,3.50521561870865
-0.755102040816326,-0.918367346938775,1.11384021040672,0.283402552418668,-1.38157983965225,2.11590454469658,4.68974248352941,3.58814802411839
-0.714285714285714,-0.918367346938775,1.1272191356112,0.373388951393317,-1.23331334417431,2.29587734264588,4.50982939397051,3.67813442309303
-0.673469387755102,-0.918367346938775,1.14442505387202,0.47102933648064,-1.08121985564004,2.49115811282052,4.33374329746794,3.77577480818036
-0.63265306122449,-0.918367346938775,1.16578347828938,0.576974733881044,-0.924973860949218,2.70304890762133,4.16180970712191,3.88172020558076
-0.591836734693878,-0.918367346938775,1.19164760917819,0.691931544224341,-0.764222159786953,2.93296252830792,3.99438182324733,3.99667701592406
-0.551020408163265,-0.918367346938775,1.22240068906345,0.816666252560561,-0.598581509628227,3.18243194498036,3.83184288836921,4.12141172426028
-0.510204081632653,-0.918367346938775,1.25845855798491,0.952010538969162,-0.427636070433311,3.45312051779757,3.67460874252728,4.25675601066888
-0.469387755102041,-0.918367346938775,1.30027242614851,1.09886682386203,-0.25093463199626,3.74683308758331,3.52313059592748,4.40361229556175
-0.428571428571429,-0.918367346938775,1.34833188241173,1.25821428495416,-0.067987605459581,4.06552800976756,3.37789803742731,4.56295975665387
-0.387755102040816,-0.918367346938775,1.40316815866211,1.43111538602061,0.121736241064263,4.41133021190047,3.23944229891431,4.73586085772033
-0.346938775510204,-0.918367346938775,1.46535767185446,1.61872296097098,0.318813324530065,4.78654536180121,3.10833979734326,4.9234684326707
-0.306122448979592,-0.918367346938775,1.53552586732359,1.82228790047494,0.523869090272659,5.19367524080912,2.98521597804901,5.12703337217466
-0.26530612244898,-0.918367346938775,1.61435138899838,2.04316749239019,0.737582182220901,5.63543442463963,2.87074948496041,5.34791296408991
-0.224489795918367,-0.918367346938775,1.70257060432218,2.28283447160348,0.960688967818161,6.1147683830662,2.76567668552082,5.5875799433032
-0.183673469387755,-0.918367346938775,1.80098251405017,2.54288683962515,1.19398844781961,6.63487311910954,2.67079658048542,5.84763231132487
-0.142857142857143,-0.918367346938775,1.91045407965998,2.82505851941044,1.43834758370288,7.19921647868013,2.58697613133184,6.12980399111016
-0.102040816326531,-0.918367346938775,2.03192600389662,3.1312309164494,1.69470707821297,7.81156127275805,2.51515604080509,6.43597638814912
-0.061224489795919,-0.918367346938775,2.16641900299413,3.46344546321012,1.96408764758395,8.47599036627949,2.45635702513922,6.76819093490984
-0.020408163265306,-0.918367346938775,2.31504061239448,3.82391723057649,2.24759682725775,9.19693390101223,2.41168661977617,7.12866270227621
0.020408163265306,-0.918367346938775,2.47899257134137,4.21504969703596,2.5464363564781,9.97919883393116,2.38234656395967,7.51979516873568
0.061224489795918,-0.918367346938775,2.65957883558666,4.63945077409223,2.86191019099685,10.8280009880437,2.36964081344158,7.94419624579194
0.102040816326531,-0.918367346938775,2.85821427163461,5.09995019475381,3.19543319731826,11.7489998293669,2.37498423472614,8.40469566645353
0.142857142857143,-0.918367346938775,3.07643409049374,5.59961838103776,3.54854058645085,12.7483362019348,2.39991203882188,8.90436385273748
0.183673469387755,-0.918367346938775,3.31590408383668,6.14178691628932,3.92289815006724,13.8326732724379,2.44609001740143,9.44653238798904
0.224489795918367,-0.918367346938775,3.57843173081855,6.73007075881874,4.32031336732257,15.0092409574967,2.51532564961991,10.0348162305185
0.265306122448979,-0.918367346938775,3.86597824960958,7.36839234496649,4.74274745638706,16.2858841297922,2.60958015364755,10.6731378166662
0.306122448979592,-0.918367346938775,4.18067167399671,8.06100774230642,5.19232845104764,17.6711149244721,2.73098156327129,11.3657532140061
0.346938775510204,-0.918367346938775,4.52482104224351,8.81253502736571,5.6713653895679,19.1741694945906,2.8818389167547,12.1172804990654
0.387755102040816,-0.918367346938775,4.90093179281409,9.62798507707256,6.18236371041194,20.8050695940044,3.0646576525619,12.9327305487723
0.428571428571428,-0.918367346938775,5.31172246961327,10.5127949792366,6.72804195748458,22.5746893983324,3.28215631459768,13.8175404509363
0.469387755102041,-0.918367346938775,5.76014284812674,11.4728642848292,7.3113499062715,24.4948280095177,3.53728467834777,14.7776097565289
0.510204081632653,-0.918367346938775,6.24939360331902,12.5145943437795,7.93548823173725,26.5782881274182,3.83324341877666,15.8193398154792
0.551020408163265,-0.918367346938775,6.7829476504266,13.6449309865603,8.60392984911828,28.8389614129798,4.17350545112085,16.94967645826
0.591836734693877,-0.918367346938775,7.36457330093797,14.8714108361487,9.32044306990311,31.2919211121567,4.56183908686883,18.1761563078484
0.63265306122449,-0.918367346938775,7.99835938815526,16.202211559149,10.0891167273939,33.9535225581572,5.00233315932274,19.5069570308487
0.673469387755102,-0.918367346938775,8.68874252986437,17.6462063911329,10.9143874393764,36.841512222125,5.49942428626845,20.9509518628326
0.714285714285714,-0.918367346938775,9.44053670988989,19.2130232997496,11.8010691896754,39.9751460393585,6.05792645153058,22.5177687714493
0.755102040816326,-0.918367346938775,10.2589653757727,20.913109180081,12.7543854258317,43.3753178000212,6.68306310265002,24.2178546517807
0.795918367346939,-0.918367346938775,11.1496962665844,22.75779951027,13.7800038869168,47.0646984603993,7.38050197869833,26.0625449819697
0.836734693877551,-0.918367346938775,12.118879203096,24.7593939318588,14.8840743937019,51.0678873035769,8.1563929004465,28.0641394035585
0.877551020408163,-0.918367346938775,13.1731870922704,26.9312382587734,16.0732698531498,55.4115759574061,9.01740877485757,30.2359837304731
0.918367346938775,-0.918367346938775,14.3198604194806,29.2878134617594,17.3548307506334,60.124726363378,9.97079008730432,32.5925589334591
0.959183673469388,-0.918367346938775,15.5667555251075,31.8448322215789,18.7366134265338,65.2387638830171,11.0243931781678,35.1495776932786
1,-0.918367346938775,16.9223969874089,34.6193436947475,20.2271424591086,70.7877868293542,12.1867426257059,37.9240891664472
-1,-0.877551020408163,1.01343277449337,-0.000529498994962,-1.97265295509209,1.35053770066455,5.60294054761512,2.9855562305905
-0.959183673469388,-0.877551020408163,1.01456738838305,0.056906940974372,-1.84963729101525,1.46541058060322,5.41674831362227,3.04299267055983
-0.918367346938775,-0.877551020408163,1.01814469205083,0.119228760499904,-1.72417893716031,1.59005421965428,5.23299876940753,3.10531449008537
-0.877551020408163,-0.877551020408163,1.02437245371337,0.186851496014966,-1.59607012531061,1.7252996906844,5.05189968318755,3.17293722560043
-0.836734693877551,-0.877551020408163,1.03347611375851,0.260226028295216,-1.46508541507831,1.8720487552449,4.87367649535017,3.24631175788068
-0.795918367346939,-0.877551020408163,1.04570028788964,0.339841588747457,-1.33098019076002,2.03127987614939,4.69857382159878,3.32592731833292
-0.755102040816326,-0.877551020408163,1.06131039812332,0.426229021404807,-1.19348903033917,2.20405474146409,4.52685708394995,3.41231475099027
-0.714285714285714,-0.877551020408163,1.08059444251485,0.519964322377845,-1.05232393576048,2.39152534341016,4.35881428045895,3.50605005196331
-0.673469387755102,-0.877551020408163,1.10386491541163,0.621672480361386,-0.907172412676535,2.59494165937724,4.19475790547322,3.60775820994685
-0.63265306122449,-0.877551020408163,1.13146089103784,0.732031643803773,-0.757695386863169,2.81565998626202,4.0350270332169,3.71811737338923
-0.591836734693878,-0.877551020408163,1.16375028430281,0.851777642523703,-0.603524943411031,3.05515198370188,3.87998957859936,3.83786337210916
-0.551020408163265,-0.877551020408163,1.2011323039074,0.981708893922858,-0.444261873619281,3.31501448650019,3.73004475032142,3.96779462350832
-0.510204081632653,-0.877551020408163,1.24404011410448,1.12269172650698,-0.279473013235046,3.59698015166844,3.58562571263598,4.10877745609245
-0.469387755102041,-0.877551020408163,1.29294372286122,1.27566615621045,-0.10868835429114,3.90292901107537,3.4472024735102,4.26175188579591
-0.428571428571429,-0.877551020408163,1.34835311568025,1.4416521540385,0.068602088715056,4.23490100673147,3.31528501844672,4.42773788362396
-0.387755102040816,-0.877551020408163,1.41082165597463,1.62175644681723,0.252951679196594,4.59510959228893,3.19042671085857,4.60784217640269
-0.346938775510204,-0.877551020408163,1.48094977466901,1.81717989639597,0.444960848078139,4.98595649144642,3.07322798167043,4.80326562598144
-0.306122448979592,-0.877551020408163,1.5593889736278,2.02922550650353,0.64528109722409,5.41004771166153,2.9643403327467,5.01531123608899
-0.26530612244898,-0.877551020408163,1.64684616960342,2.25930711064474,0.854619343386867,5.87021091994395,2.8644706808398,5.2453928402302
-0.224489795918367,-0.877551020408163,1.74408840766842,2.50895879896472,1.07374263163903,6.36951429658391,2.77438607102228,5.49504452855018
-0.183673469387755,-0.877551020408163,1.8519479755587,2.77984514693526,1.30348324971647,6.911286992525,2.69491879103004,5.76593087652072
-0.142857142857143,-0.877551020408163,1.97132795302812,3.07377231406408,1.54474427737306,7.49914132678264,2.62697192061694,6.05985804364954
-0.102040816326531,-0.877551020408163,2.10320823321537,3.39270008662856,1.79850560774747,8.1369968719116,2.57152535292167,6.37878581621403
-0.061224489795919,-0.877551020408163,2.24865205617114,3.73875494473007,2.0658304808904,8.82910658811462,2.52964232799492,6.72484067431553
-0.020408163265306,-0.877551020408163,2.4088130981084,4.11424424079457,2.34787257301482,9.58008518024361,2.50247652204966,7.10032997038003
0.020408163265306,-0.877551020408163,2.58494316364413,4.521671584056,2.64588368873771,10.3949398667665,2.49127973970287,7.50775731364147
0.061224489795918,-0.877551020408163,2.7784005323211,4.96375353359994,2.96122210760184,11.2791037658543,2.49741026049732,7.9498392631854
0.102040816326531,-0.877551020408163,2.99065901506103,5.44343771126977,3.29536164052893,12.238472121194,2.52234189535473,8.42952344085523
0.142857142857143,-0.877551020408163,3.22331778093368,5.96392245520505,3.64990145658874,13.2794416090646,2.56767381334486,8.95000818479051
0.183673469387755,-0.877551020408163,3.47811201976297,6.52867814505362,4.0265767456052,14.4089529887617,2.63514120429163,9.51476387463908
0.224489795918367,-0.877551020408163,3.75692451166389,7.14147034104543,4.42727028769328,15.6345373807453,2.72662684831003,10.1275560706309
0.265306122448979,-0.877551020408163,4.06179818065112,7.80638489120987,4.85402500686767,16.9643664810742,2.84417366941474,10.7924706207953
0.306122448979592,-0.877551020408163,4.39494971602184,8.52785517414129,5.30905759242555,18.407307046937,2.98999835690294,11.5139409037267
0.346938775510204,-0.877551020408163,4.7587843523344,9.31069165895638,5.79477327892527,19.9729800165672,3.16650614533298,12.2967773885418
0.387755102040816,-0.877551020408163,5.15591190652978,10.1601139795371,6.31378188330782,21.6718246577287,3.37630685164584,13.1461997091226
0.428571428571428,-0.877551020408163,5.58916417912484,11.0817857369172,6.86891520609003,23.5151681724889,3.62223227635838,14.0678714665027
0.469387755102041,-0.877551020408163,6.06161383550129,12.0818522618601,7.46324591265365,25.5153012223747,3.90735508485231,15.0679379914456
0.510204081632653,-0.877551020408163,6.57659489318328,13.1669815894141,8.1001080205228,27.6855598774826,4.23500929465178,16.1530673189995
0.551020408163265,-0.877551020408163,7.13772495170423,14.3444089186459,8.78311912923092,30.0404145359463,4.60881250529021,17.3304946482314
0.591836734693877,-0.877551020408163,7.7489293132827,15.6219848539928,9.51620454099654,32.5955664066402,5.03269001898616,18.6080705835783
0.63265306122449,-0.877551020408163,8.41446715513403,17.0082277498855,10.303623433035,35.3680521984255,5.51090101295497,19.994313479471
0.673469387755102,-0.877551020408163,9.13895992792411,18.5123805076556,11.1499972560123,38.3763577139657,6.04806693786253,21.4984662372411
0.714285714285714,-0.877551020408163,9.92742216971448,20.1444722034263,12.0603405479898,41.6405411055072,6.64920233177038,23.1305579330118
0.755102040816326,-0.877551020408163,10.7852949408536,21.9153849578946,13.0400943693161,45.1823666144436,7.31974825502698,24.90147068748
0.795918367346939,-0.877551020408163,11.7184821027446,23.8369264938665,14.0951625813942,49.0254496863874,8.06560856903542,26.8230122234519
0.836734693877551,-0.877551020408163,12.7333896823811,25.9219088653295,15.2319512112179,53.1954144293134,8.89318930078942,28.9079945949149
0.877551020408163,-0.877551020408163,13.8369685851186,28.1842338829944,16.4574111641425,57.7200644646433,9.80944135564438,31.1703196125799
0.918367346938775,-0.877551020408163,15.0367609404715,30.6389858058902,17.7790845696826,62.6295683104349,10.8219068631148,33.6250715354757
0.959183673469388,-0.877551020408163,16.3409503899519,33.302531917041,19.2051550693502,67.9566605327365,11.9387694647126,36.2886176466265
1,-0.877551020408163,17.7584166522479,36.1926316538231,20.7445023818334,73.7368600063007,13.1689088791262,39.1787173834086
-1,-0.836734693877551,0.937519366763339,0.11758223155896,-1.74867431104098,1.4068021310964,5.37210869603941,2.80377590936328
-0.959183673469388,-0.836734693877551,0.943523036875113,0.177411517414283,-1.63303008265148,1.52646070280704,5.19710872005828,2.8636051952186
-0.918367346938775,-0.836734693877551,0.952071161083759,0.242329711463351,-1.5148414001651,1.65629709090518,5.02465319817403,2.92852338926767
-0.877551020408163,-0.836734693877551,0.963380163388281,0.312769661704167,-1.39389183958285,1.79717699138681,4.85495855438565,2.99896333950848
-0.836734693877551,-0.836734693877551,0.977684876194966,0.389201032949312,-1.26994656849844,1.9500397338771,4.68825962109943,3.07539471075363
-0.795918367346939,-0.836734693877551,0.995240106083947,0.47213343835905,-1.14275078033173,2.11590454469658,4.52481120489551,3.15832711616337
-0.755102040816326,-0.836734693877551,1.01632233275538,0.562119837333699,-1.01202799538257,2.29587734264588,4.36488978547405,3.24831351513802
-0.714285714285714,-0.836734693877551,1.04123155248316,0.659760222421021,-0.877478217377068,2.49115811282052,4.20879535910892,3.34595390022534
-0.673469387755102,-0.836734693877551,1.07029327836747,0.765705619821426,-0.738775933215026,2.70304890762133,4.05685343890034,3.45189929762574
-0.63265306122449,-0.836734693877551,1.10386071072323,0.880662430164723,-0.595567942581537,2.93296252830792,3.90941722516319,3.56685610796904
-0.591836734693878,-0.836734693877551,1.14231709207546,1.00539713850094,-0.447471002951587,3.18243194498037,3.76686996042252,3.69159081630526
-0.551020408163265,-0.836734693877551,1.18607826246387,1.14074142490954,-0.294069274285447,3.45312051779757,3.62962748471803,3.82693510271386
-0.510204081632653,-0.836734693877551,1.23559543209442,1.28759770980241,-0.134911546377172,3.74683308758331,3.49814100825568,3.97379138760673
-0.469387755102041,-0.836734693877551,1.29135818982459,1.44694517089454,0.03049176963073,4.06552800976755,3.37290011989295,4.13313884869885
-0.428571428571429,-0.836734693877551,1.35389776754193,1.61984627196099,0.202671905625797,4.41133021190047,3.25443605151739,4.30603994976531
-0.387755102040816,-0.836734693877551,1.42379058220123,1.80745384691137,0.382205278562824,4.78654536180121,3.14332522008379,4.49364752471568
-0.346938775510204,-0.836734693877551,1.50166207913732,2.01101878641532,0.569717333776641,5.19367524080912,3.04019307092698,4.69721246421964
-0.306122448979592,-0.836734693877551,1.58819090227906,2.23189837833057,0.765886715196107,5.63543442463963,2.94571824797582,4.91809205613489
-0.26530612244898,-0.836734693877551,1.68411341906982,2.47156535754386,0.97144979026459,6.1147683830662,2.86063711867367,5.15775903534818
-0.224489795918367,-0.836734693877551,1.79022863026477,2.73161772556553,1.18720555973727,6.63487311910954,2.78574868377572,5.41781140336985
-0.183673469387755,-0.836734693877551,1.90740349734152,3.01378940535082,1.41402098509175,7.19921647868013,2.72191990475958,5.69998308315514
-0.142857142857143,-0.836734693877551,2.03657872304512,3.31996180238978,1.65283676907307,7.81156127275805,2.67009148437027,6.0061554801941
-0.102040816326531,-0.836734693877551,2.17877502360959,3.6521763491505,1.90467362791527,8.47599036627949,2.63128413884184,6.33837002695482
-0.061224489795919,-0.836734693877551,2.33509993447689,4.01264811651688,2.1706390970603,9.19693390101223,2.60660540361624,6.69884179432119
-0.020408163265306,-0.836734693877551,2.50675519489073,4.40378058297634,2.45193491575187,9.97919883393116,2.59725701793718,7.08997426078066
0.020408163265306,-0.836734693877551,2.69504476060298,4.82818166003261,2.74986503974184,10.8280009880437,2.60454293755653,7.51437533783693
0.061224489795918,-0.836734693877551,2.90138349811789,5.2886810806942,3.06584433553448,11.7489998293669,2.62987802897854,7.97487475849851
0.102040816326531,-0.836734693877551,3.12730661844397,5.78834926697814,3.40140801413829,12.7483362019348,2.67479750321172,8.47454294478246
0.142857142857143,-0.836734693877551,3.37447991325386,6.3305178022297,3.75822186722591,13.8326732724379,2.74096715192871,9.01671148003402
0.183673469387755,-0.836734693877551,3.64471086170269,6.91880164475912,4.13809337395246,15.0092409574967,2.83019445428463,9.60499532256344
0.224489795918367,-0.836734693877551,3.93996068196067,7.55712323090687,4.54298375248817,16.2858841297922,2.94444062844972,10.2433169087112
0.265306122448979,-0.836734693877551,4.26235740781475,8.2497386282468,4.97502103661998,17.6711149244721,3.0858337082109,10.9359323060511
0.306122448979592,-0.836734693877551,4.61421007752851,9.00126591330608,5.43651426461146,19.1741694945906,3.25668273183175,11.6874595911104
0.346938775510204,-0.836734693877551,4.99802412956605,9.81671596301294,5.92996887492673,20.8050695940044,3.45949313777639,12.5029096408173
0.387755102040816,-0.836734693877551,5.41651810783218,10.701525865177,6.45810341147059,22.5746893983324,3.69698346994962,13.3877195429813
0.428571428571428,-0.836734693877551,5.8726417878126,11.6615951707696,7.02386764972874,24.4948280095177,3.97210350383714,14.3477888485739
0.469387755102041,-0.836734693877551,6.36959584447184,12.7033252297198,7.6304622646657,26.5782881274182,4.28805391440348,15.3895189075242
0.510204081632653,-0.836734693877551,6.91085319304637,13.8336618725007,8.28136017151796,28.8389614129798,4.64830761688511,16.519855550305
0.551020408163265,-0.836734693877551,7.50018214502469,15.0601417220891,8.98032968177401,31.2919211121567,5.05663292277054,17.7463353998934
0.591836734693877,-0.836734693877551,8.14167153370894,16.3909424450894,9.73145962873599,33.9535225581572,5.51711866536188,19.0771361228937
0.63265306122449,-0.836734693877551,8.839757976885,17.8349372770733,10.5391866301898,36.841512222125,6.03420146244504,20.5211309548776
0.673469387755102,-0.836734693877551,9.59925545837748,19.40175418569,11.40832466996,39.9751460393585,6.61269529784461,22.0879478634943
0.714285714285714,-0.836734693877551,10.4253874257273,21.1018400660213,12.3440971955875,43.3753178000212,7.2578236191015,23.7880337438257
0.755102040816326,-0.836734693877551,11.3238216180059,22.9465303962104,13.3521719461439,47.0646984603993,7.97525416528725,25.6327240740147
0.795918367346939,-0.836734693877551,12.3007078559844,24.9481248177992,14.4386987424001,51.0678873035769,8.77113675717286,27.6343184956035
0.836734693877551,-0.836734693877551,13.3627190466258,27.1199691447138,15.6103504913192,55.4115759574061,9.65214430172138,29.8061628225181
0.877551020408163,-0.836734693877551,14.5170956753029,29.4765443476998,16.8743676782741,60.124726363378,10.6255172843056,32.1627380255041
0.918367346938775,-0.836734693877551,15.7716940823968,32.0335631075193,18.2386066436457,65.2387638830171,11.6991120453065,34.7197567853236
0.959183673469388,-0.836734693877551,17.1350388461652,34.8080745806878,19.7115919656918,70.7877868293542,12.881453162982,37.4942682584921
1,-0.836734693877551,18.6163796211478,37.8185780762849,21.3025732989521,76.8087938205482,14.1817902918717,40.5047717540892
-1,-0.795918367346939,0.870555825798323,0.228502109654088,-1.53410549728985,1.46541058060322,5.14186284923244,2.63316343274226
-0.959183673469388,-0.795918367346939,0.881137013902007,0.290823929179621,-1.42537486742746,1.59005421965428,4.97810497515514,2.69548525226779
-0.918367346938775,-0.795918367346939,0.894368660000456,0.358446664694683,-1.31399377957031,1.7252996906844,4.8169975590726,2.76310798778285
-0.877551020408163,-0.795918367346939,0.910476204481498,0.431821196974932,-1.19973679333057,1.8720487552449,4.65876604137266,2.8364825200631
-0.836734693877551,-0.795918367346939,0.929704263048536,0.511436757427174,-1.08235929300483,2.03127987614939,4.50365503775871,2.91609808051534
-0.795918367346939,-0.795918367346939,0.952318257718129,0.597824190084524,-0.961595856576536,2.20405474146409,4.35192997024732,3.00248551317269
-0.755102040816326,-0.795918367346939,0.978606186545566,0.691559491057562,-0.837158485990399,2.39152534341016,4.20387883689377,3.09622081414573
-0.714285714285714,-0.795918367346939,1.00888054387825,0.793267649041103,-0.70873468689901,2.59494165937724,4.05981413204548,3.19792897212927
-0.673469387755102,-0.795918367346939,1.04348040394036,0.903626812483489,-0.575985385078199,2.81565998626202,3.9200749299266,3.30828813557166
-0.63265306122449,-0.795918367346939,1.08277368164125,1.02337281120342,-0.438542665618615,3.05515198370188,3.7850291454465,3.42803413429159
-0.591836734693878,-0.795918367346939,1.12715958568174,1.15330406260258,-0.296007319819419,3.31501448650019,3.65507598730601,3.55796538569074
-0.551020408163265,-0.795918367346939,1.17707128031472,1.2942868951867,-0.147946183427738,3.59698015166844,3.53064861975801,3.69894821827487
-0.510204081632653,-0.795918367346939,1.23297877350737,1.44726132489017,0.006110751523614,3.90292901107537,3.41221705076968,3.85192264797834
-0.469387755102041,-0.795918367346939,1.29539205076231,1.61324732271821,0.166673470537255,4.23490100673147,3.30029126584363,4.01790864580638
-0.428571428571429,-0.795918367346939,1.3648644754926,1.79335161549695,0.33429533702624,4.59510959228893,3.19542462839293,4.19801293858511
-0.387755102040816,-0.795918367346939,1.44199647862289,1.98877506507569,0.50957678191523,4.98595649144642,3.09821756934224,4.39343638816386
-0.346938775510204,-0.795918367346939,1.52743956201758,2.20082067518325,0.693169307068628,5.41004771166153,3.00932159055595,4.60548199827142
-0.306122448979592,-0.795918367346939,1.62190064242911,2.43090227932446,0.88577982923885,5.87021091994395,2.92944360878649,4.83556360241263
-0.26530612244898,-0.795918367346939,1.72614676493001,2.68055396764444,1.08817539349846,6.36951429658391,2.85935066910641,5.08521529073261
-0.224489795918367,-0.795918367346939,1.8410102172562,2.95144031561498,1.30118828758335,6.911286992525,2.79987505925162,5.35610163870315
-0.183673469387755,-0.795918367346939,1.96739407916153,3.2453674827438,1.52572159124738,7.49914132678264,2.75191985897596,5.65002880583197
-0.142857142857143,-0.795918367346939,2.10627824378469,3.56429525530828,1.76275519762924,8.1369968719116,2.71646496141813,5.96895657839645
-0.102040816326531,-0.795918367346939,2.25872595117636,3.91035011340979,2.01335234677961,8.82910658811461,2.69457360662882,6.31501143649796
-0.061224489795919,-0.795918367346939,2.42589087754953,4.28583940947428,2.27866671491147,9.58008518024361,2.687399470821,6.69050073256245
-0.020408163265306,-0.795918367346939,2.60902482752116,4.69326675273572,2.55995010664181,10.3949398667665,2.69619435861165,7.09792807582389
0.020408163265306,-0.795918367346939,2.80948608063405,5.13534870227966,2.8585608015134,11.2791037658544,2.72231654954355,7.54001002536782
0.061224489795918,-0.795918367346939,3.02874844780988,5.61503287994949,3.17597261044793,12.238472121194,2.7672398545384,8.01969420303765
0.102040816326531,-0.795918367346939,3.26841109811843,6.13551762388476,3.51378470251519,13.2794416090646,2.83256344266597,8.54017894697293
0.142857142857143,-0.795918367346939,3.53020922138364,6.70027331373333,3.87373226753909,14.4089529887617,2.92002250375019,9.1049346368215
0.183673469387755,-0.795918367346939,3.81602559772046,7.31306550972515,4.25769808563462,15.6345373807453,3.03149981790603,9.71772683281332
0.224489795918367,-0.795918367346939,4.1279031511436,7.97798005988958,4.66772508081645,16.9643664810742,3.16903830914819,10.3826413829778
0.265306122448979,-0.795918367346939,4.46805857095022,8.699450342821,5.10602994238178,18.407307046937,3.33485466677383,11.1041116659092
0.306122448979592,-0.795918367346939,4.83889709169869,9.48228682763609,5.57501790488894,19.9729800165672,3.53135412534131,11.8869481507243
0.346938775510204,-0.795918367346939,5.24302853032998,10.3317091482168,6.07729878527894,21.6718246577287,3.76114650179161,12.736370471305
0.387755102040816,-0.795918367346939,5.68328468736094,11.2533809055969,6.6157043840686,23.5151681724889,4.02706359664159,13.6580422286851
0.428571428571428,-0.795918367346939,6.1627382281733,12.2534474305398,7.19330736663966,25.5153012223747,4.33217807527297,14.658108753628
0.469387755102041,-0.795918367346939,6.6847231702912,13.3385767580938,7.81344175051626,27.6855598774826,4.67982395520988,15.7432380811819
0.510204081632653,-0.795918367346939,7.25285711324806,14.5160040873257,8.47972513523181,30.0404145359463,5.07361883598575,16.9206654104138
0.551020408163265,-0.795918367346939,7.87106535926243,15.7935800226726,9.19608282300489,32.5955664066402,5.51748801981914,18.1982413457607
0.591836734693877,-0.795918367346939,8.54360708554967,17.1798229185652,9.96677399105083,35.3680521984255,6.0156906839254,19.5844842416534
0.63265306122449,-0.795918367346939,9.27510374277566,18.6839756763354,10.7964200900355,38.3763577139657,6.5728482789704,21.0886369994235
0.673469387755102,-0.795918367346939,10.0705698690019,20.3160673721061,11.6900356580205,41.6405411055072,7.19397534301569,22.7207286951942
0.714285714285714,-0.795918367346939,10.935446524577,22.0869801265743,12.6530617553542,45.1823666144436,7.88451293640973,24.4916414496624
0.755102040816326,-0.795918367346939,11.8756375709038,24.0085216625462,13.6914022434398,49.0254496863874,8.65036492055562,26.4131829856343
0.795918367346939,-0.795918367346939,12.8975490349763,26.0935040340092,14.8114631492709,53.1954144293134,9.49793732244706,28.4981653570974
0.836734693877551,-0.795918367346939,14.0081318221496,28.3558290516741,16.020195378203,57.7200644646433,10.4341810474395,30.7604903747623
0.877551020408163,-0.795918367346939,15.2149280619385,30.8105809745699,17.3251410597505,62.6295683104349,11.4666382250473,33.2152422976581
0.918367346938775,-0.795918367346939,16.5261213958548,33.4741270857207,18.7344838354255,67.9566605327365,12.6034924967826,35.8787884088089
0.959183673469388,-0.795918367346939,17.9505915425867,36.3642268225028,20.2571034239162,73.7368600063007,13.8536235813336,38.768888145591
1,-0.795918367346939,19.4979735043353,39.5001501893182,21.9026348274235,80.0087067399314,15.2266664809012,41.9048115124063
-1,-0.755102040816326,0.812158571735726,0.332686955369557,-1.32892210043318,1.52646070280704,4.91222742059972,2.47376762753847
-0.959183673469388,-0.755102040816326,0.827044468922139,0.397605149418625,-1.22664515540314,1.65629709090518,4.75976356885291,2.53868582158753
-0.918367346938775,-0.755102040816326,0.844691244204427,0.468045099659441,-1.12160733227722,1.79717699138681,4.61006059520197,2.60912577182835
-0.877551020408163,-0.755102040816326,0.865333729988878,0.544476470904586,-1.01357379864914,1.9500397338771,4.4633533320532,2.68555714307349
-0.836734693877551,-0.755102040816326,0.889226732855626,0.627408876314324,-0.902289747938768,2.11590454469658,4.31989658598672,2.76848954848323
-0.795918367346939,-0.755102040816326,0.916646732504829,0.717395275288973,-0.787478700445935,2.29587734264588,4.1799668367027,2.85847594745788
-0.755102040816326,-0.755102040816326,0.947893725210369,0.815035660376295,-0.668840659896766,2.49115811282052,4.04386408047502,2.9561163325452
-0.714285714285714,-0.755102040816326,0.983293224072451,0.9209810577767,-0.546050113191055,2.70304890762133,3.91191383040387,3.06206172994561
-0.673469387755102,-0.755102040816326,1.02319842940598,1.03593786812,-0.418753860013899,2.93296252830792,3.78446928680418,3.17701854028891
-0.63265306122449,-0.755102040816326,1.06799258373597,1.16067257645622,-0.286568657840281,3.18243194498037,3.66191369220094,3.30175324862513
-0.591836734693878,-0.755102040816326,1.11809152710215,1.29601686286482,-0.149078666630473,3.45312051779757,3.5446628866339,3.43709753503373
-0.551020408163265,-0.755102040816326,1.17394646971046,1.44287314775769,-0.00583267617853,3.74683308758331,3.43316808030899,3.5839538199266
-0.510204081632653,-0.755102040816326,1.2360470004184,1.60222060884981,0.14365890237304,4.06552800976756,3.3279188620837,3.74330128101872
-0.469387755102041,-0.755102040816326,1.30492435111351,1.77512170991627,0.299927300911775,4.41133021190047,3.22944646384559,3.91620238208518
-0.428571428571429,-0.755102040816326,1.38115493875057,1.96272928486664,0.46354893639247,4.78654536180121,3.13832730254943,4.10380995703555
-0.387755102040816,-0.755102040816326,1.46536420866443,2.1662942243706,0.635149254149955,5.19367524080912,3.05518682353006,4.3073748965395
-0.346938775510204,-0.755102040816326,1.55823080478394,2.38717381628585,0.815406898113089,5.63543442463963,2.98070367071634,4.52825448845476
-0.306122448979592,-0.755102040816326,1.66049109455246,2.62684079549913,1.00505823572524,6.1147683830662,2.91561421155164,4.76792146766804
-0.26530612244898,-0.755102040816326,1.77294407872517,2.88689316352081,1.20490226774158,6.63487311910954,2.86071744679113,5.02797383568972
-0.224489795918367,-0.755102040816326,1.8964567187797,3.1690648433061,1.41580595563974,7.19921647868013,2.81688033791243,5.31014551547501
-0.183673469387755,-0.755102040816326,2.03196971746106,3.47523724034506,1.63871000216473,7.81156127275805,2.78504358766057,5.61631791251397
-0.142857142857143,-0.755102040816326,2.1805037910033,3.80745178710578,1.87463512355059,8.47599036627949,2.76622791226958,5.94853245927469
-0.102040816326531,-0.755102040816326,2.34316647484836,4.16792355447215,2.12468885523929,9.19693390101223,2.76154084718142,6.30900422664106
-0.061224489795919,-0.755102040816326,2.52115950823997,4.55905602093161,2.39007293647453,9.97919883393116,2.77218413163981,6.70013669310052
-0.020408163265306,-0.755102040816326,2.71578684692998,4.98345709798788,2.67209132300817,10.8280009880437,2.7994617213966,7.12453777015679
0.020408163265306,-0.755102040816326,2.92846335742266,5.44395651864947,2.97215888134447,11.7489998293669,2.84478848295605,7.58503719081838
0.061224489795918,-0.755102040816326,3.16072425072651,5.94362470493341,3.29181082249195,12.7483362019348,2.90969962732667,8.08470537710232
0.102040816326531,-0.755102040816326,3.41423531851417,6.48579324018498,3.63271293812324,13.8326732724379,2.99586094618111,8.62687391235389
0.142857142857143,-0.755102040816326,3.69080403994076,7.0740770827144,3.99667270739346,15.0092409574967,3.10507991867447,9.2151577548833
0.183673469387755,-0.755102040816326,3.99239163317651,7.71239866886214,4.38565134847284,16.2858841297922,3.239317762977,9.85347934103105
0.224489795918367,-0.755102040816326,4.32112613200835,8.40501406620207,4.80177689514831,17.6711149244721,3.40070251287562,10.546094738371
0.265306122448979,-0.755102040816326,4.67931657469988,9.15654135126136,5.24735838568346,19.1741694945906,3.59154320663392,11.2976220234303
0.306122448979592,-0.755102040816326,5.06946839971518,9.97199140096821,5.7249012585424,20.8050695940044,3.814345282716,12.1130720731371
0.346938775510204,-0.755102040816326,5.49430015095908,10.8568013031323,6.23712405762992,22.5746893983324,4.07182728502667,12.9978819753012
0.387755102040816,-0.755102040816326,5.95676160391727,11.8168706087249,6.78697655843175,24.4948280095177,4.36693898905164,13.9579512808938
0.428571428571428,-0.755102040816326,6.46005343355427,12.8586006676751,7.37765943591238,26.5782881274182,4.70288106975542,14.999681339844
0.469387755102041,-0.755102040816326,7.00764855510657,13.988937310456,8.0126456053083,28.8389614129798,5.08312644237449,16.1300179826249
0.510204081632653,-0.755102040816326,7.60331528006266,15.2154171600444,8.69570337810802,31.2919211121567,5.51144341839736,17.3564978322133
0.551020408163265,-0.755102040816326,8.25114244172468,16.5462178830447,9.43092158761367,33.9535225581572,5.99192083112615,18.6872985552136
0.591836734693877,-0.755102040816326,8.9555666578785,17.9902127150285,10.2227368516111,36.841512222125,6.52899529834675,20.1312933871975
0.63265306122449,-0.755102040816326,9.72140191234874,19.5570296236453,11.075963153925,39.9751460393585,7.12748080388377,21.6981102958142
0.673469387755102,-0.755102040816326,10.5538716526763,21.2571155039766,11.9958239420962,43.3753178000212,7.79260079527809,23.3981961761455
0.714285714285714,-0.755102040816326,11.4586436179327,23.1018058341657,12.9879869551962,47.0646984603993,8.53002301160129,25.2428865063346
0.755102040816326,-0.755102040816326,12.441867628889,25.1034002557545,14.0586020139961,51.0678873035769,9.34589727362434,27.2444809279234
0.795918367346939,-0.755102040816326,13.5102165925082,27.2752445826691,15.2143420254589,55.4115759574061,10.2468964883103,29.416325254838
0.836734693877551,-0.755102040816326,14.670930994163,29.631819785655,16.4624474749574,60.124726363378,11.2402611410319,31.7729004578239
0.877551020408163,-0.755102040816326,15.9318671742347,32.1888385454746,17.8107747028727,65.2387638830171,12.3338475721703,34.3299192176435
0.918367346938775,-0.755102040816326,17.3015497109808,34.9633500186431,19.2678482874625,70.7877868293542,13.5361803599833,37.104430690812
0.959183673469388,-0.755102040816326,18.7892282589412,37.9738535142401,20.8429178832665,76.8087938205482,14.8565091590104,40.1149341864091
1,-0.755102040816326,20.4049392218555,41.2404218397449,22.5460198940244,83.3419304715578,16.3048703729915,43.3815025119138
-1,-0.714285714285714,0.761945041794037,0.430595622946673,-1.13309868998439,1.59005421965428,4.68322784062786,2.3256393547251
-0.959183673469388,-0.714285714285714,0.780881654985018,0.498218358461736,-1.03681335304735,1.7252996906844,4.54211209468276,2.39326209024016
-0.918367346938775,-0.714285714285714,0.802694166558593,0.571592890741985,-0.937652117727716,1.8720487552449,4.40387224712026,2.46663662252041
-0.877551020408163,-0.714285714285714,0.827627192218164,0.651208451194227,-0.835370368322087,2.03127987614939,4.26875291364376,2.54625218297265
-0.836734693877551,-0.714285714285714,0.855946153980289,0.737595883851576,-0.729702682813904,2.20405474146408,4.13701951626981,2.63263961563
-0.795918367346939,-0.714285714285714,0.887939049900259,0.831331184824615,-0.620361063147876,2.39152534341016,4.00896005305371,2.72637491660304
-0.755102040816326,-0.714285714285714,0.92391837432548,0.933039342808156,-0.507033014976597,2.59494165937724,3.88488701834285,2.82808307458658
-0.714285714285714,-0.714285714285714,0.964223201480124,1.04339850625054,-0.389379464075895,2.81565998626202,3.76513948636142,2.93844223802897
-0.673469387755102,-0.714285714285714,1.00922144627354,1.16314450497047,-0.267032495536422,3.05515198370188,3.65008537201876,3.0581882367489
-0.63265306122449,-0.714285714285714,1.05931231740657,1.29307575636963,-0.139592900657335,3.31501448650019,3.54012388401572,3.18811948814805
-0.591836734693878,-0.714285714285714,1.11492897913208,1.43405858895375,-0.006627515185764,3.59698015166844,3.43568818660516,3.32910232073218
-0.551020408163265,-0.714285714285714,1.17654143941726,1.58703301865722,0.132333668845478,3.90292901107537,3.33724828775427,3.48207675043565
-0.510204081632653,-0.714285714285714,1.24465968376474,1.75301901648527,0.27780063693901,4.23490100673147,3.24531417296567,3.64806274826369
-0.469387755102041,-0.714285714285714,1.31983707558755,1.933123309264,0.430326752507884,4.59510959228893,3.16043920565241,3.82816704104242
-0.428571428571429,-0.714285714285714,1.40267404581038,2.12854675884274,0.590512446476765,4.98595649144642,3.08322381673916,4.02359049062117
-0.387755102040816,-0.714285714285714,1.49382209629761,2.3405923689503,0.759009220710052,5.41004771166153,3.01431950809031,4.23563610072873
-0.346938775510204,-0.714285714285714,1.59398814380166,2.57067397309151,0.936523991960165,5.87021091994395,2.95443319645829,4.46571770486994
-0.306122448979592,-0.714285714285714,1.7039392333951,2.82032566141149,1.12382380529966,6.36951429658391,2.90433192691566,4.71536939318992
-0.26530612244898,-0.714285714285714,1.82450765281382,3.09121200938203,1.32174094846444,6.911286992525,2.86484798719831,4.98625574116046
-0.224489795918367,-0.714285714285714,1.95659648181168,3.38513917651085,1.53117850120836,7.49914132678264,2.83688445706009,5.28018290828928
-0.183673469387755,-0.714285714285714,2.10118561352737,3.70406694907533,1.75311635667011,8.1369968719116,2.82142122963971,5.59911068085376
-0.142857142857143,-0.714285714285714,2.25933828801158,4.05012180717684,1.98861775490037,8.82910658811462,2.81952154498784,5.94516553895527
-0.102040816326531,-0.714285714285714,2.43220818147728,4.42561110324134,2.23883637211213,9.58008518024361,2.83233907931746,6.32065483501976
-0.061224489795919,-0.714285714285714,2.62104709854144,4.83303844650277,2.50502401292236,10.3949398667665,2.86112563724556,6.7280821782812
-0.020408163265306,-0.714285714285714,2.82721331874686,5.27512039604671,2.78853895687383,11.2791037658543,2.9072394983149,7.17016412782513
0.020408163265306,-0.714285714285714,3.05218065301523,5.75480457371654,3.09085501488826,12.238472121194,2.97215447344719,7.64984830549497
0.061224489795918,-0.714285714285714,3.29754827041632,6.27528931765181,3.4135713560354,13.2794416090646,3.0574697317122,8.17033304943024
0.102040816326531,-0.714285714285714,3.56505136077405,6.84004500750039,3.7584231701392,14.4089529887617,3.16492046293387,8.73508873927881
0.142857142857143,-0.714285714285714,3.85657270420341,7.4528372034922,4.12729323731461,15.6345373807453,3.29638944722715,9.34788093527063
0.183673469387755,-0.714285714285714,4.17415522471908,8.11775175365664,4.52222448157634,16.9643664810742,3.45391960860674,10.0127954854351
0.224489795918367,-0.714285714285714,4.52001561161824,8.83922203658805,4.94543359222156,18.407307046937,3.63972763636983,10.7342657683665
0.265306122448979,-0.714285714285714,4.89655909945923,9.62205852140315,5.39932580380861,19.9729800165672,3.85621876507475,11.5171022531816
0.306122448979592,-0.714285714285714,5.30639550518306,10.4714808419839,5.88651093327849,21.6718246577287,4.1060028116625,12.3665245737623
0.346938775510204,-0.714285714285714,5.75235662930655,11.393152599364,6.40982078114805,23.5151681724889,4.39191157664992,13.2881963311424
0.387755102040816,-0.714285714285714,6.23751513721145,12.3932191243069,6.972328012799,25.5153012223747,4.71701772541874,14.2882628560853
0.428571428571428,-0.714285714285714,6.76520504642187,13.4783484518608,7.57736664575548,27.6855598774826,5.08465527549309,15.3733921836392
0.469387755102041,-0.714285714285714,7.33904395647126,14.6557757810927,8.22855427955093,30.0404145359463,5.49844182640641,16.5508195128711
0.510204081632653,-0.714285714285714,7.96295716957817,15.9333517164396,8.9298162164039,32.5955664066402,5.96230268037724,17.828395448218
0.551020408163265,-0.714285714285714,8.64120386295795,17.3195946123323,9.68541163352973,35.3680521984255,6.48049701462094,19.2146383441107
0.591836734693877,-0.714285714285714,9.37840548727646,18.8237473701024,10.4999619815943,38.3763577139657,7.05764627980339,20.7187911018808
0.63265306122449,-0.714285714285714,10.1795765805953,20.4558390658731,11.3784817986592,41.6405411055071,7.69876501398612,22.3508827976515
0.673469387755102,-0.714285714285714,11.0501582032628,22.2267518203413,12.3264121450728,45.1823666144436,8.4092942775176,24.1217955521198
0.714285714285714,-0.714285714285714,11.9960542166822,24.1482933563132,13.3496568822382,49.0254496863874,9.19513793180093,26.0433370880917
0.755102040816326,-0.714285714285714,13.0236706478472,26.2332757277763,14.4546220371493,53.1954144293134,10.0627020038298,28.1283194595547
0.795918367346939,-0.714285714285714,14.1399584021131,28.4956007454412,15.6482585151612,57.7200644646433,11.0189373989597,30.3906444772196
0.836734693877551,-0.714285714285714,15.3524596089945,30.950352668337,16.9381084457886,62.6295683104349,12.0713862467049,32.8453964001154
0.877551020408163,-0.714285714285714,16.6693579100033,33.6138987794878,18.3323554705435,67.9566605327365,13.2282321885777,35.5089425112662
0.918367346938775,-0.714285714285714,18.0995330238278,36.5039985162698,19.8398793081141,73.7368600063006,14.4983549432661,38.3990422480483
0.959183673469388,-0.714285714285714,19.6526199526689,39.6399218830852,21.4703149607013,80.0087067399314,15.8913895129712,41.5349656148637
1,-0.714285714285714,21.3390732244991,43.0425779358788,23.2341169562776,86.8140188455185,17.4177904256653,44.9376216676572
-1,-0.673469387755102,0.719533732645206,0.522689085533678,-0.946608776003401,1.65629709090518,4.45489059925691,2.18883159418229
-0.959183673469388,-0.673469387755102,0.7422859747077,0.593129035774495,-0.855850717261373,1.79717699138681,4.32517929574341,2.2592715444231
-0.918367346938775,-0.673469387755102,0.768033927272358,0.66956040701964,-0.76209694801718,1.9500397338771,4.19846370273208,2.33570291566825
-0.877551020408163,-0.673469387755102,0.797032396919312,0.752492812429378,-0.665092661690691,2.11590454469658,4.07499862680305,2.41863532107799
-0.836734693877551,-0.673469387755102,0.829557863348722,0.842479211404027,-0.564561378581746,2.29587734264588,3.95506054765647,2.50862172005263
-0.795918367346939,-0.673469387755102,0.865910322834468,0.940119596491349,-0.460203102416465,2.49115811282052,3.83894946156623,2.60626210513996
-0.755102040816326,-0.673469387755102,0.906415288476756,1.04606499389175,-0.351692320094642,2.70304890762133,3.72699088163253,2.71220750254036
-0.714285714285714,-0.673469387755102,0.951425960590489,1.16102180423505,-0.238675831301373,2.93296252830792,3.61953800817028,2.82716431288366
-0.673469387755102,-0.673469387755102,1.00132558170068,1.28575651257127,-0.120770393511643,3.18243194498036,3.51697408370448,2.95189902121988
-0.63265306122449,-0.673469387755102,1.05652999184707,1.42110079897987,0.002439833314277,3.45312051779757,3.41971494827488,3.08724330762848
-0.591836734693878,-0.673469387755102,1.11749040123559,1.56795708387274,0.131406059382333,3.74683308758331,3.32821181208741,3.23409959252135
-0.551020408163265,-0.673469387755102,1.18469639872374,1.72730454496487,0.266617873550015,4.06552800976755,3.24295426399957,3.39344705361347
-0.510204081632653,-0.673469387755102,1.25867921619905,1.90020564603132,0.408606507704863,4.41133021190047,3.1644735358989,3.56634815467993
-0.469387755102041,-0.673469387755102,1.34001527061632,2.08781322098169,0.55794837880167,4.78654536180121,3.09334604474018,3.7539557296303
-0.428571428571429,-0.673469387755102,1.42933000731039,2.29137816048565,0.715268932175268,5.19367524080912,3.03019723585826,3.95752066913426
-0.387755102040816,-0.673469387755102,1.5273020702101,2.5122577524009,0.881246811754513,5.63543442463962,2.97570575318198,4.17840026104951
-0.346938775510204,-0.673469387755102,1.63466782675882,2.75192473161419,1.05661838498278,6.1147683830662,2.93060796415472,4.4180672402628
-0.306122448979592,-0.673469387755102,1.75222627771175,3.01197709963586,1.24218265261523,6.63487311910954,2.89570286953166,4.67811960828447
-0.26530612244898,-0.673469387755102,1.88084438454648,3.29414877942115,1.4388065761295,7.19921647868013,2.8718574307904,4.96029128806976
-0.224489795918367,-0.673469387755102,2.02146285000804,3.60032117646011,1.6474308582706,7.81156127275805,2.86001235067598,5.26646368510872
-0.183673469387755,-0.673469387755102,2.17510239033049,3.93253572322083,1.86907621527258,8.47599036627949,2.86118834542243,5.59867823186944
-0.142857142857143,-0.673469387755102,2.34287054095576,4.2930074905872,2.10485018257739,9.19693390101223,2.87649295047172,5.95914999923581
-0.102040816326531,-0.673469387755102,2.52596904112758,4.68413995704667,2.35595449942874,9.97919883393116,2.90712790506755,6.35028246569527
-0.061224489795919,-0.673469387755102,2.7257018465978,5.10854103410294,2.62369312157849,10.8280009880437,2.95439716496178,6.77468354275154
-0.020408163265306,-0.673469387755102,2.94348382387068,5.56904045476453,2.90948091553091,11.7489998293669,3.01971559665867,7.23518296341313
0.020408163265306,-0.673469387755102,3.18085018395473,6.06870864104847,3.2148530922945,12.7483362019348,3.10461841116674,7.73485114969708
0.061224489795918,-0.673469387755102,3.4394667185226,6.61087717630003,3.5414754435419,13.8326732724379,3.21077140015862,8.27701968494864
0.102040816326531,-0.673469387755102,3.72114090672939,7.19916101882945,3.89115544842823,15.0092409574967,3.33998204278942,8.86530352747806
0.142857142857143,-0.673469387755102,4.02783396674535,7.83748260497719,4.26585432512372,16.2858841297922,3.49421155722939,9.5036251136258
0.183673469387755,-0.673469387755102,4.3616739323574,8.53009800231713,4.66770010741531,17.6711149244721,3.67558797726546,10.1962405109657
0.224489795918367,-0.673469387755102,4.72496984182913,9.28162528737641,5.09900183356657,19.1741694945906,3.8864203411612,10.947767796025
0.265306122448979,-0.673469387755102,5.12022713362464,10.0970753370833,5.56226494204162,20.8050695940044,4.12921408738072,11.7632178457319
0.306122448979592,-0.673469387755102,5.55016435164875,10.9818852392473,6.06020797674526,22.5746893983324,4.40668775982884,12.6480277478959
0.346938775510204,-0.673469387755102,6.01773127138714,11.9419545448399,6.59578071316319,24.4948280095177,4.72179113399125,13.6080970534885
0.387755102040816,-0.673469387755102,6.52612856780436,12.9836846037902,7.17218382625994,26.5782881274182,5.07772488483247,14.6498271124388
0.428571428571428,-0.673469387755102,7.07882915613685,14.114021246571,7.79289023127197,28.8389614129798,5.47796192758898,15.7801637552196
0.469387755102041,-0.673469387755102,7.67960134787315,15.3405010961594,8.4616682396878,31.2919211121567,5.92627057374929,17.006643604808
0.510204081632653,-0.673469387755102,8.33253397631538,16.6713018191597,9.18260668480957,33.9535225581572,6.42673965661553,18.3374443278083
0.551020408163265,-0.673469387755102,9.04206365924941,18.1152966511436,9.96014218442313,36.841512222125,6.98380579397357,19.7814391597922
0.591836734693877,-0.673469387755102,9.81300438049985,19.6821135597603,10.7990887223531,39.9751460393585,7.60228296964803,21.3482560684089
0.63265306122449,-0.673469387755102,10.6505795876076,21.3821994400917,11.7046697461404,43.3753178000212,8.2873946311798,23.0483419487403
0.673469387755102,-0.673469387755102,11.5604570196442,23.2268897702807,12.6825529948566,47.0646984603993,9.04480851764044,24.8930322789294
0.714285714285714,-0.673469387755102,12.5487864973807,25.2284841918695,13.7388882892726,51.0678873035769,9.88067444980093,26.8946267005182
0.755102040816326,-0.673469387755102,13.6222409277801,27.4003285187842,14.8803485363515,55.4115759574061,10.8016653346243,29.0664710274328
0.795918367346939,-0.673469387755102,14.7880607962152,29.7569037217701,16.1141742214661,60.124726363378,11.8150216574834,31.4230462304187
0.836734693877551,-0.673469387755102,16.054102443067,32.3139224815896,17.4482216849975,65.2387638830171,12.9285997587593,33.9800649902382
0.877551020408163,-0.673469387755102,17.4288904465934,35.0884339547582,18.8910155052034,70.7877868293541,14.1509242167096,36.7545764634068
0.918367346938775,-0.673469387755102,18.921674461334,38.0989374503552,20.4518053366235,76.8087938205482,15.4912446858742,39.7650799590038
0.959183673469388,-0.673469387755102,20.5424908910284,41.36550577586,22.1406275829975,83.3419304715577,16.9595975699927,43.0316482845086
1,-0.673469387755102,22.3022298072564,44.9099190744318,23.968372315905,90.4307570687013,18.5668729406447,46.5760615830804
-1,-0.63265306122449,0.68454424455229,0.609430523461013,-0.769424764959053,1.7252996906844,4.22724329001804,2.06339953297236
-0.959183673469388,-0.63265306122449,0.710896028166652,0.682805055741263,-0.683727307487085,1.8720487552449,4.10899511259298,2.13677406525261
-0.918367346938775,-0.63265306122449,0.74036832586701,0.762420616193504,-0.594909335929121,2.03127987614939,3.99386744925392,2.21638962570485
-0.877551020408163,-0.63265306122449,0.773226559669922,0.848808048850854,-0.502705428268604,2.20405474146409,3.88212572201742,2.3027770583622
-0.836734693877551,-0.63265306122449,0.809758727630678,0.942543349823892,-0.406827586450241,2.39152534341016,3.77405792893876,2.39651235933524
-0.795918367346939,-0.63265306122449,0.850277324096686,1.04425150780743,-0.306963316126628,2.59494165937724,3.66997656436534,2.49822051731878
-0.755102040816326,-0.63265306122449,0.895121423292117,1.15461067124982,-0.202773543073591,2.81565998626202,3.57022070252136,2.60857968076116
-0.714285714285714,-0.63265306122449,0.944658940126318,1.27435666996975,-0.093890352381784,3.05515198370188,3.47515825831614,2.72832567948109
-0.673469387755102,-0.63265306122449,0.999289083300134,1.40428792136891,0.020085464649637,3.31501448650019,3.38518844045054,2.85825693088025
-0.63265306122449,-0.63265306122449,1.05944501706643,1.54527075395303,0.139587072273543,3.59698015166844,3.30074441317742,2.99923976346437
-0.591836734693878,-0.63265306122449,1.1255967493924,1.6982451836565,0.265084478457119,3.90292901107537,3.22229618446397,3.15221419316784
-0.551020408163265,-0.63265306122449,1.19825426578066,1.86423118148454,0.397087668702985,4.23490100673147,3.15035373981281,3.31820019099589
-0.510204081632653,-0.63265306122449,1.27797092964427,2.04433547426328,0.536150006424194,4.59510959228893,3.085470442637,3.49830448377462
-0.469387755102041,-0.63265306122449,1.36534717190788,2.23975892384202,0.68287192254541,4.98595649144642,3.02824672386119,3.69372793335336
-0.428571428571429,-0.63265306122449,1.46103449443589,2.45180453394958,0.837904918931032,5.41004771166153,2.97933408534979,3.90577354346092
-0.387755102040816,-0.63265306122449,1.56573981398073,2.68188613809079,1.00195591233348,5.87021091994395,2.93943944385521,4.13585514760213
-0.346938775510204,-0.63265306122449,1.68023017561496,2.93153782641077,1.17579194782531,6.36951429658391,2.90932984445002,4.38550683592211
-0.306122448979592,-0.63265306122449,1.80533786707447,3.20242417438131,1.36024531314243,6.911286992525,2.88983757487011,4.65639318389265
-0.26530612244898,-0.63265306122449,1.94196596811312,3.49635134151013,1.55621908803868,7.49914132678264,2.88186571486934,4.95032035102147
-0.224489795918367,-0.63265306122449,2.0910943718696,3.81527911407461,1.76469316565276,8.1369968719116,2.8863941575864,5.26924812358595
-0.183673469387755,-0.63265306122449,2.25378631839459,4.16133397217612,1.98673078603536,8.82910658811461,2.90448614307197,5.61530298168746
-0.142857142857143,-0.63265306122449,2.43119548390107,4.53682326824061,2.22348562539945,9.58008518024361,2.93729534753904,5.99079227775196
-0.102040816326531,-0.63265306122449,2.62457367300603,4.94425061150205,2.47620948836201,10.3949398667665,2.98607357560457,6.39821962101339
-0.061224489795919,-0.63265306122449,2.83527916525223,5.38633256104599,2.74626065446582,11.2791037658543,3.05217910681136,6.84030157055733
-0.020408163265306,-0.63265306122449,3.06478577156138,5.86601673871582,3.03511293463258,12.238472121194,3.13708575208109,7.31998574822716
0.020408163265306,-0.63265306122449,3.31469266100326,6.38650148265109,3.34436549793206,13.2794416090646,3.24239268048355,7.84047049216244
0.061224489795918,-0.63265306122449,3.58673502340178,6.95125717249966,3.67575353418819,14.4089529887617,3.36983508184265,8.405226182011
0.102040816326531,-0.63265306122449,3.88279563887193,7.56404936849148,4.03115982351594,15.6345373807453,3.52129573627338,9.01801837800282
0.142857142857143,-0.63265306122449,4.20491743142838,8.22896391865591,4.41262728993,16.9643664810742,3.69881756779042,9.68293292816726
0.183673469387755,-0.63265306122449,4.55531709036833,8.95043420158733,4.82237262272755,18.407307046937,3.90461726569095,10.4044032110987
0.224489795918367,-0.63265306122449,4.93639985025011,9.73327068640242,5.26280105646694,19.9729800165672,4.14110006453331,11.1872396959138
0.265306122448979,-0.63265306122449,5.35077552801472,10.5826930069832,5.73652240808916,21.6718246577287,4.4108757812585,12.0366620164945
0.306122448979592,-0.63265306122449,5.801275924179,11.5043647643633,6.24636847811105,23.5151681724889,4.71677621638337,12.9583337738746
0.346938775510204,-0.63265306122449,6.29097370412468,12.5044312893061,6.79541193191433,25.5153012223747,5.06187403528963,13.9584002988175
0.387755102040816,-0.63265306122449,6.8232028853759,13.5895606168601,7.38698678702315,27.6855598774826,5.44950325550142,15.0435296263714
0.428571428571428,-0.63265306122449,7.40158106746607,14.766987946092,8.02471064297093,30.0404145359463,5.88328147655218,16.2209569556033
0.469387755102041,-0.63265306122449,8.03003355261377,16.0445638814389,8.71250880197624,32.5955664066402,6.36713400066046,17.4985328909502
0.510204081632653,-0.63265306122449,8.71281951803433,17.4308067773315,9.4546404412544,35.3680521984255,6.9053200050416,18.8847757868429
0.551020408163265,-0.63265306122449,9.45456041439364,18.9349595351017,10.2557270114713,38.3763577139657,7.50246094036149,20.388928544613
0.591836734693877,-0.63265306122449,10.2602707797532,20.5670512308724,11.1207830506885,41.6405411055071,8.16357134468166,22.0210202403837
0.63265306122449,-0.63265306122449,11.1353916744616,22.3379639853406,12.0552496192545,45.1823666144436,8.89409227835059,23.7919329948519
0.673469387755102,-0.63265306122449,12.0858269599218,24.2595055213125,13.0650305785723,49.0254496863874,9.69992760277136,25.7134745308239
0.714285714285714,-0.63265306122449,13.1179826631275,26.3444878927755,14.1565319556356,53.1954144293134,10.5874833449377,27.7984569022869
0.755102040816326,-0.63265306122449,14.2388096894342,28.6068129104405,15.3367046557999,57.7200644646433,11.563710410205,30.0607819199518
0.795918367346939,-0.63265306122449,15.4558501683563,31.0615648333362,16.6130908085797,62.6295683104349,12.6361509280877,32.5155338428476
0.836734693877551,-0.63265306122449,16.777287741406,33.725110944487,17.9938740554869,67.9566605327365,13.8129885400979,35.1790799539984
0.877551020408163,-0.63265306122449,18.2120021272713,36.6152106812691,19.4879341152098,73.7368600063006,15.1031029649238,38.0691796907805
0.918367346938775,-0.63265306122449,19.7696283281532,39.7511340480845,21.1049059899493,80.0087067399314,16.5161292047663,41.2051030575959
0.959183673469388,-0.63265306122449,21.4606208720242,43.153790100878,22.8552442076779,86.8140188455185,18.0625217875979,44.6077591103894
1,-0.63265306122449,23.2963235191499,46.845866360181,24.7502925286613,94.1981713641244,19.7536244736842,48.2998353696924
-1,-0.591836734693878,0.656597327345892,0.691285416194218,-0.60151791375263,1.79717699138681,4.00031465600997,1.94940065729274
-0.959183673469388,-0.591836734693878,0.686351662784823,0.767716787439363,-0.520411935819881,1.9500397338771,3.89359073313608,2.02583202853788
-0.918367346938775,-0.591836734693878,0.719356515306052,0.850649192849101,-0.436055440804835,2.11590454469658,3.79011732734449,2.10876443394762
-0.877551020408163,-0.591836734693878,0.755888364609737,0.94063559182375,-0.348171949007334,2.29587734264588,3.69017091833535,2.19875083292227
-0.836734693877551,-0.591836734693878,0.796247206969757,1.03827597691107,-0.256461464153496,2.49115811282052,3.59405150238256,2.29639121800959
-0.795918367346939,-0.591836734693878,0.840758555486319,1.14422137431148,-0.160598473143116,2.70304890762133,3.5020845925863,2.40233661541
-0.755102040816326,-0.591836734693878,0.889775610474327,1.25917818465477,-0.060229775661291,2.93296252830792,3.41462338926149,2.5172934257533
-0.714285714285714,-0.591836734693878,0.943681614458798,1.383912892991,0.045027870816996,3.18243194498037,3.33205113493314,2.64202813408952
-0.673469387755102,-0.591836734693878,1.00289240747946,1.51925717939959,0.155590306331473,3.45312051779757,3.25478366964098,2.77737242049812
-0.63265306122449,-0.591836734693878,1.06785919974225,1.66611346429246,0.271908741088085,3.74683308758331,3.18327220359095,2.92422870539099
-0.591836734693878,-0.591836734693878,1.13907158010467,1.82546092538459,0.394472763944324,4.06552800976756,3.11800632564056,3.08357616648311
-0.551020408163265,-0.591836734693878,1.21706078045426,1.99836202645104,0.523813606787728,4.41133021190047,3.05951726767732,3.25647726754957
-0.510204081632653,-0.591836734693878,1.30240321774581,2.18596960140142,0.660507686573092,4.78654536180121,3.00838144665605,3.44408484249994
-0.469387755102041,-0.591836734693878,1.39572433731414,2.38953454090537,0.805180448635246,5.19367524080912,2.96522430791157,3.64764978200389
-0.428571428571429,-0.591836734693878,1.49770278308813,2.61041413282062,0.958510536903049,5.63543442463963,2.93072449537273,3.86852937391915
-0.387755102040816,-0.591836734693878,1.60907492251113,2.85008111203391,1.12123431881987,6.1147683830662,2.90561837648292,4.10819635313243
-0.346938775510204,-0.591836734693878,1.73063975633833,3.11013348005558,1.29415079514088,6.63487311910954,2.89070495199729,4.36824872115411
-0.306122448979592,-0.591836734693878,1.86326424604733,3.39230515984088,1.47812692734371,7.19921647868013,2.88685118339348,4.6504204009394
-0.26530612244898,-0.591836734693878,2.00788909438317,3.69847755687984,1.67410341817336,7.81156127275805,2.8949977734165,4.95659279797836
-0.224489795918367,-0.591836734693878,2.16553501757989,4.03069210364056,1.8831009838639,8.47599036627949,2.9161654383004,5.28880734473908
-0.183673469387755,-0.591836734693878,2.33730955107944,4.39116387100693,2.10622715985726,9.19693390101223,2.95146171348713,5.64927911210545
-0.142857142857143,-0.591836734693878,2.52441443412553,4.78229633746639,2.34468368539717,9.97919883393116,3.0020883382204,6.04041157856491
-0.102040816326531,-0.591836734693878,2.72815362247002,5.20669741452266,2.59977451623548,10.8280009880437,3.06934926825207,6.46481265562118
-0.061224489795919,-0.591836734693878,2.94994198261718,5.66719683518425,2.87291451887645,11.7489998293669,3.15465937008641,6.92531207628277
-0.020408163265306,-0.591836734693878,3.19131472557551,6.16686502146819,3.1656389043286,12.7483362019348,3.25955385473192,7.42498026256672
0.020408163265306,-0.591836734693878,3.45393764301765,6.70903355671976,3.47961346426456,13.8326732724379,3.38569851386124,7.96714879781828
0.061224489795918,-0.591836734693878,3.73961821409872,7.29731739924917,3.81664567783944,15.0092409574967,3.53490082662949,8.55543264034769
0.102040816326531,-0.591836734693878,4.05031765698895,7.93563898539692,4.1786967632235,16.2858841297922,3.7091220112069,9.19375422649544
0.142857142857143,-0.591836734693878,4.38816400547528,8.62825438273685,4.56789475420364,17.6711149244721,3.91049010138041,9.88636962383537
0.183673469387755,-0.591836734693878,4.75546629782128,9.37978166779614,4.98654868904346,19.1741694945906,4.14131413541359,10.6378969088947
0.224489795918367,-0.591836734693878,5.15472997249107,10.195231717503,5.43716400620706,20.8050695940044,4.40409955177056,11.4533469586015
0.265306122448979,-0.591836734693878,5.58867357338944,11.080041619667,5.92245924959926,22.5746893983324,4.70156489435612,12.3381568607655
0.306122448979592,-0.591836734693878,6.06024687600212,12.0401109252596,6.44538419470575,24.4948280095177,5.03665993865597,13.2982261663582
0.346938775510204,-0.591836734693878,6.5726505552936,13.0818409842099,7.00913951649105,26.5782881274182,5.41258535963464,14.3399562253084
0.387755102040816,-0.591836734693878,7.12935752650038,14.2121776269907,7.61719813019164,28.8389614129798,5.83281407252859,15.4702928680893
0.428571428571428,-0.591836734693878,7.73413610111095,15.4386574765792,8.27332834729603,31.2919211121567,6.30111438882634,16.6967727176777
0.469387755102041,-0.591836734693878,8.39107511242745,16.7694581995794,8.98161900110635,33.9535225581572,6.82157514183002,18.027573440678
0.510204081632653,-0.591836734693878,9.10461117823575,18.2134530315633,9.74650670940847,36.841512222125,7.39863294932551,19.4715682726618
0.551020408163265,-0.591836734693878,9.87955828236047,19.78026994018,10.572805456027,39.9751460393585,8.03710179513741,21.0383851812786
0.591836734693877,-0.591836734693878,10.7211398723425,21.4803558205114,11.4657386885029,43.3753178000212,8.74220512680662,22.7384710616099
0.63265306122449,-0.591836734693878,11.6350236872534,23.3250461507005,12.4309741459076,47.0646984603993,9.5196106834047,24.583161391799
0.673469387755102,-0.591836734693878,12.6273595478642,25.3266405722893,13.4746616490121,51.0678873035769,10.3754682857026,26.5847558133878
0.714285714285714,-0.591836734693878,13.7048203611378,27.4984848992039,14.6034741047796,55.4115759574061,11.3164508406635,28.7566001403024
0.755102040816326,-0.591836734693878,14.8746466124472,29.8550601021898,15.8246519985828,60.124726363378,12.34979883366,31.1131753432883
0.795918367346939,-0.591836734693878,16.1446946421733,32.4120788620093,17.1460516708027,65.2387638830171,13.4833686050733,33.6701941031079
0.836734693877551,-0.591836734693878,17.5234890285739,35.1865903351779,18.5761976996972,70.7877868293541,14.7256847331611,36.4447055762764
0.877551020408163,-0.591836734693878,19.0202794261888,38.1970938307749,20.1243397398059,76.8087938205482,16.0859968724632,39.4552090718734
0.918367346938775,-0.591836734693878,20.6451022387575,41.4636621562797,21.8005141948684,83.3419304715577,17.5743414267191,42.7217773973782
0.959183673469388,-0.591836734693878,22.4088475378598,45.0080754548515,23.6156111364645,90.4307570687013,19.2016084675085,46.26619069595
1,-0.591836734693878,24.3233316734638,48.8539664264268,25.5814469145623,98.122539011852,20.9796143447997,50.1120816675253
-1,-0.551020408163265,0.635314928316024,0.768721638117653,-0.442858281826009,1.8720487552449,3.77413463779082,1.84689484825969
-0.959183673469388,-0.551020408163265,0.668294025297051,0.848337198569895,-0.365872115043266,2.03127987614939,3.6789986445892,1.92651040871193
-0.918367346938775,-0.551020408163265,0.704659058380632,0.934724631227244,-0.28550001215797,2.20405474146408,3.58724858749014,2.01289784136928
-0.877551020408163,-0.551020408163265,0.744698025622057,1.02845993220028,-0.201453975114829,2.39152534341016,3.49917246454892,2.10663314234232
-0.836734693877551,-0.551020408163265,0.788723421368734,1.13016809018382,-0.113421509566436,2.59494165937724,3.41508277011295,2.20834130032586
-0.795918367346939,-0.551020408163265,0.837074319844834,1.24052725362621,-0.021063541288621,2.81565998626202,3.3353185784064,2.31870046376824
-0.755102040816326,-0.551020408163265,0.890118635959705,1.36027325234614,0.075987844627966,3.05515198370188,3.26024780433863,2.43844646248817
-0.714285714285714,-0.551020408163265,0.948255578414189,1.4902045037453,0.178131856884165,3.31501448650019,3.19026965661047,2.56837771388733
-0.673469387755102,-0.551020408163265,1.01191831146116,1.63118733632942,0.28580165973285,3.59698015166844,3.12581729947479,2.70936054647145
-0.63265306122449,-0.551020408163265,1.0815768430678,1.78416176603289,0.399467261141205,3.90292901107537,3.06736074089879,2.86233497617492
-0.591836734693878,-0.551020408163265,1.15774115873673,1.95014776386094,0.51963864661185,4.23490100673147,3.01540996638507,3.02832097400297
-0.551020408163265,-0.551020408163265,1.240964621881,2.13025205663967,0.646869179557837,4.59510959228893,2.9705183393467,3.2084252667817
-0.510204081632653,-0.551020408163265,1.33184766342528,2.32567550621841,0.781759290903832,4.98595649144642,2.93328629070834,3.40384871636044
-0.469387755102041,-0.551020408163265,1.43104178523396,2.53772111632597,0.924960482514233,5.41004771166153,2.90436532233438,3.615894326468
-0.428571428571429,-0.551020408163265,1.53925390405947,2.76780272046718,1.07717967114146,5.87021091994395,2.88446235097724,3.84597593060921
-0.387755102040816,-0.551020408163265,1.65725106497437,3.01745440878716,1.23918390185807,6.36951429658391,2.87434442170949,4.09562761892919
-0.346938775510204,-0.551020408163265,1.78586555571455,3.2883407567577,1.41180546239996,6.911286992525,2.87484382226703,4.36651396689973
-0.306122448979592,-0.551020408163265,1.92600045603386,3.58226792388652,1.595947432521,7.49914132678264,2.8868636324037,4.66044113402855
-0.26530612244898,-0.551020408163265,2.07863565907101,3.901195696451,1.79258970535986,8.1369968719116,2.9113837452582,4.97936890659303
-0.224489795918367,-0.551020408163265,2.24483440487667,4.24725055455251,2.00279552096723,8.82910658811462,2.94946740088122,5.32542376469454
-0.183673469387755,-0.551020408163265,2.42575036966382,4.622739850617,2.2277185555561,9.58008518024361,3.00226827548572,5.70091306075904
-0.142857142857143,-0.551020408163265,2.62263535804945,5.03016719387844,2.46861061374344,10.3949398667665,3.0710381736887,6.10834040402047
-0.102040816326531,-0.551020408163265,2.83684764957632,5.47224914342238,2.72682997507203,11.2791037658543,3.15713537503293,6.55042235356441
-0.061224489795919,-0.551020408163265,3.06986105516614,5.95193332109221,3.00385045046357,12.238472121194,3.26203369044011,7.03010653123424
-0.020408163265306,-0.551020408163265,3.32327474388869,6.47241806502748,3.30127120898783,13.2794416090646,3.38733228898001,7.55059127516952
0.020408163265306,-0.551020408163265,3.59882390556788,7.03717375487605,3.62082744046874,14.4089529887617,3.53476636047656,8.11534696501809
0.061224489795918,-0.551020408163265,3.89839132031869,7.64996595086787,3.96440192502126,15.6345373807453,3.70621868504472,8.7281391610099
0.102040816326531,-0.551020408163265,4.22401991215582,8.31488050103231,4.33403758666011,16.9643664810742,3.90373218669921,9.39305371117434
0.142857142857143,-0.551020408163265,4.57792637037643,9.03635078396372,4.73195111468244,18.407307046937,4.12952355473718,10.1145239941058
0.183673469387755,-0.551020408163265,4.96251592953889,9.81918726877882,5.16054774364661,19.9729800165672,4.38599802371698,10.8973604789208
0.224489795918367,-0.551020408163265,5.38039840658416,10.6686095893596,5.6224372904936,21.6718246577287,4.67576541057962,11.7467827995016
0.265306122448979,-0.551020408163265,5.83440560202911,11.5902813467397,6.12045155574027,23.5151681724889,5.00165751584192,12.6684545568817
0.306122448979592,-0.551020408163265,6.32761018125546,12.5903478716825,6.65766320476833,25.5153012223747,5.36674700488563,13.6685210818246
0.346938775510204,-0.551020408163265,6.86334616178735,13.6754771992365,7.23740625510193,27.6855598774826,5.77436789523487,14.7536504093785
0.387755102040816,-0.551020408163265,7.44523114315819,14.8529045284684,7.86329830627449,30.0404145359463,6.22813778642307,15.9310777386104
0.428571428571428,-0.551020408163265,8.07719042758655,16.1304804638153,8.53926466050457,32.5955664066402,6.73198198066879,17.2086536739573
0.469387755102041,-0.551020408163265,8.76348319228779,17.5167233597079,9.26956449500752,35.3680521984255,7.29015965518737,18.59489656985
0.510204081632653,-0.551020408163265,9.50873088792776,19.0208761174781,10.0588192604492,38.3763577139657,7.9072922606447,20.0990493276201
0.551020408163265,-0.551020408163265,10.317948052568,20.6529678132488,10.9120434948912,41.6405411055072,8.58839433510232,21.7311410233908
0.591836734693877,-0.551020408163265,11.196575746557,22.423880567717,11.8346782586819,45.1823666144436,9.33890693890869,23.502053777859
0.63265306122449,-0.551020408163265,12.1505178312979,24.3454221036889,12.8326274132245,49.0254496863874,10.1647339334669,25.4235953138309
0.673469387755102,-0.551020408163265,13.1861803337843,26.4304044751519,13.9122969855126,53.1954144293134,11.0722813457707,27.5085776852939
0.714285714285714,-0.551020408163265,14.3105141593717,28.6927294928169,15.0806378809017,57.7200644646433,12.0685000811754,29.7709027029589
0.755102040816326,-0.551020408163265,15.5310614375745,31.1474814157126,16.3451922289062,62.6295683104349,13.1609322691956,32.2256546258547
0.795918367346939,-0.551020408163265,16.8560058099048,33.8110275268634,17.7141436710382,67.9566605327365,14.3577615513432,34.8892007370055
0.836734693877551,-0.551020408163265,18.2942269950507,36.7011272636455,19.1963719259859,73.7368600063006,15.6678676463065,37.7793004737876
0.877551020408163,-0.551020408163265,19.8553599952133,39.8370506304609,20.8015119959502,80.0087067399314,17.1008855562865,40.9152238406029
0.918367346938775,-0.551020408163265,21.549859338365,43.2397066832544,22.5400184089036,86.8140188455185,18.6672698092555,44.3178798933965
0.959183673469388,-0.551020408163265,23.3890687847714,46.9317829425574,24.4232349251117,94.1981713641244,20.3783641654793,48.0099561526995
1,-0.551020408163265,25.3852969625507,50.9378966646063,26.4634701726928,102.210398808222,22.2464772530759,52.0160698747483
-1,-0.510204081632653,0.620320242099183,0.842209558308644,-0.293414681274581,1.9500397338771,3.54873442326519,1.75594448168241
-0.959183673469388,-0.510204081632653,0.656365615880383,0.925141963718382,-0.220074004498534,2.11590454469658,3.46525268761105,1.83887688709215
-0.918367346938775,-0.510204081632653,0.695937986444037,1.01512836269303,-0.143206330940032,2.29587734264588,3.38529794873935,1.9288632860668
-0.877551020408163,-0.510204081632653,0.739337350064029,1.11276874778035,-0.062511664325193,2.49115811282052,3.309170202924,2.02650367115412
-0.836734693877551,-0.510204081632653,0.786889219840562,1.21871414518076,0.022335508446187,2.70304890762133,3.23719496326518,2.13244906855452
-0.795918367346939,-0.510204081632653,0.83894679608854,1.33367095552405,0.111688387689013,2.93296252830792,3.16972543007781,2.24740587889782
-0.755102040816326,-0.510204081632653,0.895893321332981,1.45840566386028,0.205930215928302,3.18243194498037,3.10714484588691,2.37214058723404
-0.714285714285714,-0.510204081632653,0.958144635613611,1.59374995026888,0.305476833203779,3.45312051779757,3.04986905073219,2.50748487364264
-0.673469387755102,-0.510204081632653,1.02615194913638,1.74060623516175,0.410779449721392,3.74683308758331,2.99834925481961,2.65434115853551
-0.63265306122449,-0.510204081632653,1.10040485075877,1.89995369625387,0.522327654338633,4.06552800976756,2.95307504700665,2.81368861962763
-0.591836734693878,-0.510204081632653,1.18143457236833,2.07285479732033,0.640652678943038,4.41133021190047,2.91457765918086,2.98658972069409
-0.551020408163265,-0.510204081632653,1.26981753091984,2.2604623722707,0.766330940489402,4.78654536180121,2.88343350829703,3.17419729564446
-0.510204081632653,-0.510204081632653,1.36617917174815,2.46402731177465,0.899987884312557,5.19367524080912,2.86026803968999,3.37776223514842
-0.469387755102041,-0.510204081632653,1.47119813878211,2.6849069036899,1.04230215434136,5.63543442463963,2.8457598972886,3.59864182706367
-0.428571428571429,-0.510204081632653,1.58561079946508,2.92457388290319,1.19401011801918,6.1147683830662,2.84064544853623,3.83830880627696
-0.387755102040816,-0.510204081632653,1.71021615455225,3.18462625092486,1.3559107761012,6.63487311910954,2.84572369418805,4.09836117429863
-0.346938775510204,-0.510204081632653,1.84588116552122,3.46679793071016,1.52887109006502,7.19921647868013,2.86186159572168,4.38053285408392
-0.306122448979592,-0.510204081632653,1.99354653511703,3.77297032774912,1.71383176265568,7.81156127275805,2.88999985588214,4.68670525112288
-0.26530612244898,-0.510204081632653,2.15423297957373,4.10518487450984,1.91181351010722,8.47599036627949,2.93115919090348,5.0189197978836
-0.224489795918367,-0.510204081632653,2.32904803433324,4.46565664187621,2.12392386786158,9.19693390101223,2.98644713622765,5.37939156524997
-0.183673469387755,-0.510204081632653,2.5191934386393,4.85678910833567,2.35136457516249,9.97919883393116,3.05706543109837,5.77052403170944
-0.142857142857143,-0.510204081632653,2.72597314824377,5.28119018539194,2.5954395877618,10.8280009880437,3.14431803126748,6.19492510876571
-0.102040816326531,-0.510204081632653,2.95080202965089,5.74168960605353,2.85756377216377,11.7489998293669,3.24961980323926,6.65542452942729
-0.061224489795919,-0.510204081632653,3.1952152938692,6.24135779233747,3.13927233937692,12.7483362019348,3.37450595802222,7.15509271571124
-0.020408163265306,-0.510204081632653,3.46087873257131,6.78352632758903,3.44223108107388,13.8326732724379,3.52064228728898,7.6972612509628
0.020408163265306,-0.510204081632653,3.74959982491235,7.37181017011845,3.76824747640977,15.0092409574967,3.68983627019467,8.28554509349222
0.061224489795918,-0.510204081632653,4.06333978906255,8.0101317562662,4.11928274355482,16.2858841297922,3.88404912490953,8.92386667963996
0.102040816326531,-0.510204081632653,4.40422665880885,8.70274715360613,4.49746491629596,17.6711149244721,4.10540888522048,9.6164820769799
0.142857142857143,-0.510204081632653,4.77456947241482,9.45427443866542,4.90510303289679,19.1741694945906,4.3562245893911,10.3680093620392
0.183673469387755,-0.510204081632653,5.17687366834458,10.2697244883723,5.34470253182139,20.8050695940044,4.63900167588551,11.183459411746
0.224489795918367,-0.510204081632653,5.61385779050292,11.1545343905363,5.81898195697458,22.5746893983324,4.95645868860851,12.0682693139101
0.265306122448979,-0.510204081632653,6.08847161437557,12.1146036961289,6.33089108384208,24.4948280095177,5.31154540304581,13.0283386195027
0.306122448979592,-0.510204081632653,6.60391581492702,13.1563337550792,6.88363058738838,26.5782881274182,5.70746249416192,14.0700686784529
0.346938775510204,-0.510204081632653,7.16366330739377,14.28667039786,7.48067338284997,28.8389614129798,6.14768287719332,15.2004053212338
0.387755102040816,-0.510204081632653,7.77148240326431,15.5131502474484,8.12578778171536,31.2919211121567,6.63597486362851,16.4268851708222
0.428571428571428,-0.510204081632653,8.43146193584078,16.8439509704487,8.82306261728668,33.9535225581572,7.17642728676963,17.7576858938225
0.469387755102041,-0.510204081632653,9.14803852290905,18.2879458024326,9.5769345073498,36.841512222125,7.77347676440256,19.2016807258064
0.510204081632653,-0.510204081632653,9.92602614829375,19.8547627110493,10.3922174357293,39.9751460393585,8.4319372803519,20.7684976344231
0.551020408163265,-0.510204081632653,10.7706482595358,21.5548485913807,11.2741348499662,43.3753178000212,9.15703228215856,22.4685835147544
0.591836734693877,-0.510204081632653,11.6875725957066,23.3995389215697,12.2283544891319,47.0646984603993,9.95442950889408,24.3132738449435
0.63265306122449,-0.510204081632653,12.6829489775773,25.4011333431585,13.2610261739975,51.0678873035769,10.8302787813295,26.3148682665323
0.673469387755102,-0.510204081632653,13.763450312111,27.5729776700731,14.378822811526,55.4115759574061,11.7912530064277,28.4867125934469
0.714285714285714,-0.510204081632653,14.9363170846803,29.9295528730591,15.5889848870901,60.124726363378,12.8445926695617,30.8432877964329
0.755102040816326,-0.510204081632653,16.2094056356664,32.4865716328786,16.8993687410711,65.2387638830171,13.9981541111125,33.4003065562524
0.795918367346939,-0.510204081632653,17.591240543327,35.2610831060472,18.3184989517265,70.7877868293541,15.2604619093377,36.1748180294209
0.836734693877551,-0.510204081632653,19.0910714622018,38.2715866016442,19.8556251735962,76.8087938205482,16.6407657187772,39.185321525018
0.877551020408163,-0.510204081632653,20.7189347960305,41.538154927149,21.5207838104198,83.3419304715577,18.1491019431706,42.4518898505227
0.918367346938775,-0.510204081632653,22.4857206163928,45.0825682257208,23.3248649337768,90.4307570687013,19.7963606540975,45.9963031490945
0.959183673469388,-0.510204081632653,24.4032452732568,48.9284591972961,25.2796848936357,98.122539011852,21.5943582015261,49.8421941206699
1,-0.510204081632653,26.4843301815738,53.1014706717775,27.3980651049475,106.468561960815,23.5559160004078,54.0152055951512
-1,-0.469387755102041,0.611237762643752,0.912222144468288,-0.153154624881854,2.03127987614939,3.32414649964959,1.67661453199389
-0.959183673469388,-0.469387755102041,0.650210344539513,0.998609577125637,-0.082982353699334,2.20405474146409,3.25238811268797,1.76300196465124
-0.918367346938775,-0.469387755102041,0.692856860593117,1.09234487809868,-0.00913614835897,2.39152534341016,3.18430365988419,1.85673726562428
-0.877551020408163,-0.469387755102041,0.739489805151973,1.19405303608222,0.068696485486646,2.59494165937724,3.12020563558567,1.95844542360782
-0.836734693877551,-0.469387755102041,0.790448252440252,1.3044121995246,0.150854622061683,2.81565998626202,3.06043311401657,2.06880458705021
-0.795918367346939,-0.469387755102041,0.846100117367302,1.42415819824453,0.237706176275493,3.05515198370188,3.00535401008624,2.18855058577014
-0.755102040816326,-0.469387755102041,0.906844608633966,1.55408944964369,0.329650356828916,3.31501448650019,2.95536753249552,2.3184818371693
-0.714285714285714,-0.469387755102041,0.973114890493114,1.69507228222781,0.427120327974824,3.59698015166844,2.91090684549729,2.45946466975342
-0.673469387755102,-0.469387755102041,1.04538097091193,1.84804671193128,0.530586097680402,3.90292901107537,2.87244195705872,2.61243909945689
-0.63265306122449,-0.469387755102041,1.12415283539304,2.01403270975933,0.64055765144827,4.23490100673147,2.84048285268245,2.77842509728493
-0.591836734693878,-0.469387755102041,1.20998384734949,2.19413700253806,0.757588352691481,4.59510959228893,2.81558289578152,2.95852939006367
-0.551020408163265,-0.469387755102041,1.30347443770595,2.3895604521168,0.882278632334698,4.98595649144642,2.7983425172806,3.15395283964241
-0.510204081632653,-0.469387755102041,1.40527610832682,2.60160606222436,1.01527999224232,5.41004771166153,2.78941321904408,3.36599844974997
-0.469387755102041,-0.469387755102041,1.5160957759645,2.83168766636557,1.15729934916677,5.87021091994395,2.78950191782439,3.59608005389118
-0.428571428571429,-0.469387755102041,1.63670048569158,3.08133935468555,1.30910374818061,6.36951429658391,2.79937565869408,3.84573174221116
-0.387755102040816,-0.469387755102041,1.76792252524394,3.35222570265609,1.47152547701972,6.911286992525,2.81986672938906,4.1166180901817
-0.346938775510204,-0.469387755102041,1.91066497437543,3.64615286978491,1.64546761543798,7.49914132678264,2.85187820966317,4.41054525731052
-0.306122448979592,-0.469387755102041,2.06590772622476,3.96508064234939,1.83191005657406,8.1369968719116,2.89638999265512,4.729473029875
-0.26530612244898,-0.469387755102041,2.2347140208426,4.3111355004509,2.03191604047866,8.82910658811461,2.95446531841558,5.07552788797651
-0.224489795918367,-0.469387755102041,2.41823753444193,4.6866247965154,2.24663924336475,9.58008518024361,3.02725786315753,5.451017184041
-0.183673469387755,-0.469387755102041,2.61773007163973,5.09405213977683,2.47733146984932,10.3949398667665,3.11601943149795,5.85844452730244
-0.142857142857143,-0.469387755102041,2.83454991197879,5.53613408932077,2.72535099947513,11.2791037658543,3.22210830297962,6.30052647684637
-0.102040816326531,-0.469387755102041,3.07017086638079,6.0158182669906,2.99217164316389,12.238472121194,3.34699828852424,6.78021065451621
-0.061224489795919,-0.469387755102041,3.32619210391551,6.53630301092588,3.27939256998537,13.2794416090646,3.49228855720158,7.30069539845148
-0.020408163265306,-0.469387755102041,3.60434881440688,7.10105870077445,3.5887489697635,14.4089529887617,3.65971429883557,7.86545108830005
0.020408163265306,-0.469387755102041,3.90652377796988,7.71385089676626,3.92212362261326,15.6345373807453,3.85115829354119,8.47824328429187
0.061224489795918,-0.469387755102041,4.23475991861918,8.3787654469307,4.28155945254932,16.9643664810742,4.06866346533311,9.1431578344563
0.102040816326531,-0.469387755102041,4.59127392565197,9.10023572986211,4.66927314886887,18.407307046937,4.31444650350852,9.86462811738772
0.142857142857143,-0.469387755102041,4.97847103362661,9.88307221467721,5.08766994613026,19.9729800165672,4.59091264262577,10.6474646022028
0.183673469387755,-0.469387755102041,5.39896105948407,10.732494535258,5.53935966127448,21.6718246577287,4.90067169962585,11.4968869227836
0.224489795918367,-0.469387755102041,5.85557580374119,11.654166292638,6.02717409481837,23.5151681724889,5.2465554750256,12.4185586801636
0.265306122448979,-0.469387755102041,6.35138793177972,12.6542328175809,6.55418591214366,25.5153012223747,5.63163663420674,13.4186252051065
0.306122448979592,-0.469387755102041,6.88973146112379,13.7393621451349,7.12372913077448,27.6855598774826,6.05924919469343,14.5037545326605
0.346938775510204,-0.469387755102041,7.47422399130681,14.9167894743668,7.73942135024427,30.0404145359463,6.53301075601907,15.6811818618924
0.387755102040816,-0.469387755102041,8.10879082454736,16.1943654097137,8.40518787277157,32.5955664066402,7.05684662040223,16.9587577972393
0.428571428571428,-0.469387755102041,8.79769113806076,17.5806083056063,9.12528787557173,35.3680521984255,7.63501596505826,18.3450006931319
0.469387755102041,-0.469387755102041,9.54554638251292,19.0847610633765,9.90434280931065,38.3763577139657,8.27214024065303,19.8491534509021
0.510204081632653,-0.469387755102041,10.3573710959654,20.7168527591472,10.7473672120499,41.6405411055072,8.97323398524809,21.4812451466728
0.551020408163265,-0.469387755102041,11.2386063387666,22.4877655136154,11.6598021441378,45.1823666144436,9.74373825919191,23.252157901141
0.591836734693877,-0.469387755102041,12.1951559723196,24.4093070495873,12.6475514669776,49.0254496863874,10.5895569238876,25.1736994371129
0.63265306122449,-0.469387755102041,13.2334260236182,26.4942894210503,13.717021207563,53.1954144293134,11.5170960063288,27.2586818085759
0.673469387755102,-0.469387755102041,14.3603673980177,28.7566144387152,14.8751622712493,57.7200644646433,12.5333064118709,29.5210068262408
0.714285714285714,-0.469387755102041,15.5835222250327,31.211366361611,16.129516787551,62.6295683104349,13.6457302700285,31.9757587491366
0.755102040816326,-0.469387755102041,16.9110741461752,33.8749124727618,17.4882683979802,67.9566605327365,14.8625512223136,34.6393048602874
0.795918367346939,-0.469387755102041,18.3519028801333,36.7650122095439,18.9602968212251,73.7368600063006,16.1926489874144,37.5294045970695
0.836734693877551,-0.469387755102041,19.9156434291081,39.9009355763593,20.5552370594867,80.0087067399314,17.6456585675318,40.6653279638849
0.877551020408163,-0.469387755102041,21.6127503210719,43.3035916291528,22.2835436407373,86.8140188455184,19.2320344906383,44.0679840166784
0.918367346938775,-0.469387755102041,23.4545673162905,46.9956678884558,24.1565603252426,94.1981713641244,20.9631205169995,47.7600602759814
0.959183673469388,-0.469387755102041,25.453403042882,51.0017816105047,26.1865957411209,102.210398808222,22.8512252747336,51.7661739980303
1,-0.469387755102041,27.6226130657213,55.348643925049,28.3870054532469,110.904123437311,24.9097043287155,56.1130363125746
-1,-0.428571428571429,0.607693337340325,0.979235071182108,-0.022044271989121,2.11590454469658,3.10040470760272,1.60897268051155
-0.959183673469388,-0.428571428571429,0.649473589841275,1.06922147015676,0.045439556402827,2.29587734264588,3.04044163886847,1.6989590794862
-0.918367346938775,-0.428571428571429,0.695080835398562,1.16686185524408,0.116750377851111,2.49115811282052,2.98430556319055,1.79659946457353
-0.877551020408163,-0.428571428571429,0.744840587112389,1.27280725264449,0.192213705455937,2.70304890762133,2.93232199366918,1.90254486197393
-0.836734693877551,-0.428571428571429,0.799106045297663,1.38776406298778,0.272182739532208,2.93296252830792,2.88484413061926,2.01750167231723
-0.795918367346939,-0.428571428571429,0.858260452479399,1.512498771324,0.357040722604942,3.18243194498037,2.84225521656579,2.14223638065345
-0.755102040816326,-0.428571428571429,0.922719648697324,1.6478430577326,0.447203494713865,3.45312051779757,2.80497109154852,2.27758066706205
-0.714285714285714,-0.428571428571429,0.992934844157384,1.79469934262547,0.543122266064923,3.74683308758331,2.77344296577338,2.42443695195492
-0.673469387755102,-0.428571428571429,1.06939562771707,1.9540468037176,0.645286625515608,4.06552800976755,2.74816042809787,2.58378441304704
-0.63265306122449,-0.428571428571429,1.15263323126392,2.12694790478405,0.754227804953458,4.41133021190047,2.72965471040952,2.7566855141135
-0.591836734693878,-0.428571428571429,1.24322407175274,2.31455547973443,0.870522221333269,4.78654536180121,2.71850222966313,2.94429308906387
-0.551020408163265,-0.428571428571429,1.34179359451834,2.51812041923838,0.994795319989869,5.19367524080912,2.71532843119353,3.14785802856783
-0.510204081632653,-0.428571428571429,1.44902044348959,2.73900001115363,1.12772574485212,5.63543442463963,2.72081195892959,3.36873762048308
-0.469387755102041,-0.428571428571429,1.56564098610986,2.97866699036692,1.27004986336338,6.1147683830662,2.73568918031465,3.60840459969636
-0.428571428571429,-0.428571428571429,1.69245422313432,3.23871935838859,1.42256667627884,6.63487311910954,2.76075909610392,3.86845696771804
-0.387755102040816,-0.428571428571429,1.83032711604059,3.52089103817388,1.58614314507611,7.19921647868013,2.79688866777499,4.15062864750333
-0.346938775510204,-0.428571428571429,1.9802003675737,3.82706343521284,1.76171997250022,7.81156127275805,2.84501859807289,4.45680104454229
-0.306122448979592,-0.428571428571429,2.14309469396768,4.15927798197356,1.9503178747852,8.47599036627949,2.90616960323168,4.78901559130301
-0.26530612244898,-0.428571428571429,2.32011763066449,4.51974974933993,2.15304438737301,9.19693390101223,2.98144921869329,5.14948735866938
-0.224489795918367,-0.428571428571429,2.51247091690785,4.9108822157994,2.37110124950736,9.97919883393116,3.07205918370145,5.54061982512885
-0.183673469387755,-0.428571428571429,2.72145850844961,5.33528329285567,2.60579241694012,10.8280009880437,3.17930345400801,5.96502090218511
-0.142857142857143,-0.428571428571429,2.94849527179403,5.79578271351726,2.85853275617554,11.7489998293669,3.30459689611723,6.4255203228467
-0.102040816326531,-0.428571428571429,3.19511641794963,6.2954508998012,3.13085747822213,12.7483362019348,3.44947472103763,6.92518850913064
-0.061224489795919,-0.428571428571429,3.46298773858903,6.83761943505276,3.42443237475254,13.8326732724379,3.61560272044183,7.46735704438221
-0.020408163265306,-0.428571428571429,3.75391671286737,7.42590327758218,3.74106492492187,15.0092409574967,3.80478837348497,8.05564088691163
0.020408163265306,-0.428571428571429,4.06986455895487,8.06422486372993,4.08271634690037,16.2858841297922,4.01899289833727,8.69396247305937
0.061224489795918,-0.428571428571429,4.41295931063846,8.75684026106986,4.45151467447495,17.6711149244721,4.26034432878566,9.3865778703993
0.102040816326531,-0.428571428571429,4.78551000618173,9.50836754612914,4.84976894590922,19.1741694945906,4.53115170309373,10.1381051554586
0.142857142857143,-0.428571428571429,5.19002208404878,10.323817595836,5.27998459966727,20.8050695940044,4.83392045972558,10.9535552051654
0.183673469387755,-0.428571428571429,5.62921408814442,11.208627498,5.74488017965391,22.5746893983324,5.17136914258602,11.8383651073295
0.224489795918367,-0.428571428571429,6.10603579395436,12.1686968035927,6.24740546135484,24.4948280095177,5.54644752716076,12.7984344129221
0.265306122448979,-0.428571428571429,6.62368787644311,13.2104268625429,6.79076111973459,26.5782881274182,5.96235628841431,13.8401644718724
0.306122448979592,-0.428571428571429,7.18564325084715,14.3407635053237,7.37842007002963,28.8389614129798,6.42256834158315,14.9705011146532
0.346938775510204,-0.428571428571429,7.79567022865499,15.5672433549122,8.01415062372847,31.2919211121567,6.93085199815579,16.1969809642416
0.387755102040816,-0.428571428571429,8.45785764316875,16.8980440779124,8.70204161413323,33.9535225581572,7.49129609143436,17.5277816872419
0.428571428571428,-0.428571428571429,9.17664211217432,18.3420389098963,9.4465296590298,36.841512222125,8.10833723920473,18.9717765192258
0.469387755102041,-0.428571428571429,9.95683761949631,19.908855818513,10.2524287422428,39.9751460393585,8.78678942529151,20.5385934278425
0.510204081632653,-0.428571428571429,10.8036676126756,21.6089416988444,11.1249623113131,43.3753178000212,9.53187609723561,22.2386793081738
0.551020408163265,-0.428571428571429,11.7227998307838,23.4536320290335,12.0697981053122,47.0646984603993,10.3492649941086,24.0833696383629
0.591836734693877,-0.428571428571429,12.7203840945918,25.4552264506223,13.0930859450113,51.0678873035769,11.2451059366814,26.0849640599517
0.63265306122449,-0.428571428571429,13.8030933110627,27.6270707775369,14.2014987373732,55.4115759574061,12.2260718319171,28.2568083868663
0.673469387755102,-0.428571428571429,14.9781679655693,29.9836459805228,15.4022769677708,60.124726363378,13.2994031651885,30.6133835898523
0.714285714285714,-0.428571428571429,16.2534643984927,32.5406647403424,16.7032769765852,65.2387638830171,14.4729562768767,33.1704023496718
0.755102040816326,-0.428571428571429,17.6375071880906,35.3151762135109,18.1130233420741,70.7877868293542,15.7552557452394,35.9449138228403
0.795918367346939,-0.428571428571429,19.1395459889027,38.3256797091079,19.6407657187772,76.8087938205482,17.1555512248163,38.9554173184374
0.836734693877551,-0.428571428571429,20.7696172046687,41.5922480346127,21.2965405104342,83.3419304715577,18.6838791193472,42.2219856439421
0.877551020408163,-0.428571428571429,22.5386109069683,45.1366613331845,23.0912377886247,90.4307570687013,20.3511295004115,45.7663989425139
0.918367346938775,-0.428571428571429,24.4583434457696,48.9825523047598,25.036673903317,98.122539011852,22.1691187179776,49.6122899140893
0.959183673469388,-0.428571428571429,26.5416362360239,53.1555637792412,27.1456702694623,106.468561960815,24.1506681869967,53.7853013885706
1,-0.428571428571429,28.8024012456227,57.6835196924116,29.4321388549521,115.524473787156,26.3096898753603,58.313257301741
-1,-0.387755102040816,0.609314223407144,1.04372683269092,0.099951627889969,2.20405474146408,2.87754429761092,1.55308942820809
-0.959183673469388,-0.387755102040816,0.653802260096066,1.13746213366396,0.165229974600001,2.39152534341016,2.82945151494459,1.64682472918113
-0.918367346938775,-0.387755102040816,0.70227672529024,1.2391702916475,0.234494749815284,2.59494165937724,2.7853451607835,1.74853288716467
-0.877551020408163,-0.387755102040816,0.755076693213837,1.34952945508989,0.30808502775999,2.81565998626202,2.74556430935184,1.85889205060706
-0.836734693877551,-0.387755102040816,0.812570078776204,1.46927545380982,0.386368723343466,3.05515198370188,2.71047687555896,1.97863804932699
-0.795918367346939,-0.387755102040816,0.875156090678185,1.59920670520897,0.469745045266557,3.31501448650019,2.68048206810568,2.10856930072615
-0.755102040816326,-0.387755102040816,0.943267893172652,1.7401895377931,0.558647157782132,3.59698015166844,2.65601305124489,2.24955213331027
-0.714285714285714,-0.387755102040816,1.01737549422679,1.89316396749656,0.653545068857378,3.90292901107537,2.63753983294377,2.40252656301374
-0.673469387755102,-0.387755102040816,1.09798887934321,2.05914996532461,0.754948763994913,4.23490100673147,2.62557239870494,2.56851256084178
-0.63265306122449,-0.387755102040816,1.18566141193498,2.23925425810334,0.863411606607791,4.59510959228893,2.62066411194145,2.74861685362052
-0.591836734693878,-0.387755102040816,1.28099352292676,2.43467770768209,0.979534027620676,4.98595649144642,2.62341540357797,2.94404030319926
-0.551020408163265,-0.387755102040816,1.38463671418294,2.64672331778964,1.10396752889797,5.41004771166153,2.6344777754789,3.15608591330682
-0.510204081632653,-0.387755102040816,1.49729790245595,2.87680492193085,1.23741902719208,5.87021091994395,2.65455814439665,3.38616751744803
-0.469387755102041,-0.387755102040816,1.61974413281834,3.12645661025083,1.38065556757559,6.36951429658391,2.68442355540379,3.63581920576801
-0.428571428571429,-0.387755102040816,1.75280769300602,3.39734295822138,1.53450943778437,6.911286992525,2.72490629623621,3.90670555373855
-0.387755102040816,-0.387755102040816,1.89739166277283,3.6912701253502,1.69988371757229,7.49914132678264,2.77690944664776,4.20063272086737
-0.346938775510204,-0.387755102040816,2.05447593525747,4.01019789791468,1.87775830007804,8.1369968719116,2.84141289977715,4.51956049343185
-0.306122448979592,-0.387755102040816,2.22512375051063,4.35625275601619,2.06919642535231,8.82910658811462,2.91947989567505,4.86561535153336
-0.26530612244898,-0.387755102040816,2.41048878474528,4.73174205208068,2.27535176960807,9.58008518024361,3.01226411055445,5.24110464759785
-0.224489795918367,-0.387755102040816,2.6118228425784,5.13916939534212,2.4974761374623,10.3949398667665,3.12101734903231,5.64853199085929
-0.183673469387755,-0.387755102040816,2.83048420355277,5.58125134488605,2.73692780845778,11.2791037658543,3.24709789065143,6.09061394040323
-0.142857142857143,-0.387755102040816,3.06794667859009,6.06093552255588,2.99518059351621,12.238472121194,3.39197954633349,6.57029811807306
-0.102040816326531,-0.387755102040816,3.32580943676013,6.58142026649116,3.27383366170736,13.2794416090646,3.55726148514827,7.09078286200833
-0.061224489795919,-0.387755102040816,3.60580766788682,7.14617595633973,3.57462220285516,14.4089529887617,3.74467889691971,7.6555385518569
-0.020408163265306,-0.387755102040816,3.90982415208513,7.75896815233154,3.89942899707458,15.6345373807453,3.95611456176276,8.26833074784872
0.020408163265306,-0.387755102040816,4.23990181336975,8.42388270249598,4.25029696838031,16.9643664810742,4.19361140369213,8.93324529801316
0.061224489795918,-0.387755102040816,4.59825734103786,9.1453529854274,4.62944280606953,18.407307046937,4.45938611200498,9.65471558094457
0.102040816326531,-0.387755102040816,4.98729596964781,9.92818947024249,5.03927174470059,19.9729800165672,4.75584392125967,10.4375520657597
0.142857142857143,-0.387755102040816,5.40962751614059,10.7776117908232,5.48239360121447,21.6718246577287,5.08559464839719,11.2869743863404
0.183673469387755,-0.387755102040816,5.86808378103304,11.6992835482033,5.96164017612803,23.5151681724889,5.45147009393439,12.2086461437205
0.224489795918367,-0.387755102040816,6.36573742970688,12.6993500731462,6.48008413482298,25.5153012223747,5.85654292325297,13.2087126686634
0.265306122448979,-0.387755102040816,6.90592247968626,13.7844794007002,7.04105949482347,27.6855598774826,6.3041471538771,14.2938419962173
0.306122448979592,-0.387755102040816,7.49225653050461,14.961906729932,7.64818385566293,30.0404145359463,6.79790038534019,15.4712693254492
0.346938775510204,-0.387755102040816,8.12866488438047,16.239482665279,8.3053825195599,32.5955664066402,7.34172791986079,16.7488452607961
0.387755102040816,-0.387755102040816,8.8194067185292,17.6257255611716,9.01691466372973,35.3680521984255,7.93988893465426,18.1350881566888
0.428571428571428,-0.387755102040816,9.56910348361667,19.1298783189417,9.78740173883831,38.3763577139657,8.59700488038648,19.6392409144589
0.469387755102041,-0.387755102040816,10.3827697177044,20.7619700147124,10.6218582829472,41.6405411055071,9.31809029511898,21.2713326102296
0.510204081632653,-0.387755102040816,11.2658464811409,22.5328827691807,11.5257253564048,45.1823666144436,10.1085862392002,23.0422453646978
0.551020408163265,-0.387755102040816,12.2242376353293,24.4544243051526,12.5049068206143,49.0254496863874,10.9743965740333,24.9637869006697
0.591836734693877,-0.387755102040816,13.2643492072632,26.5394066766156,13.5658087025693,53.1954144293134,11.921927326612,27.0487692721328
0.63265306122449,-0.387755102040816,14.3931321022981,28.8017316942805,14.7153819076253,57.7200644646433,12.9581294022916,29.3110942897977
0.673469387755102,-0.387755102040816,15.6181284499484,31.2564836171763,15.9611685652967,62.6295683104349,14.0905449305866,31.7658462126935
0.714285714285714,-0.387755102040816,16.9475218917262,33.9200297283271,17.3113523170956,67.9566605327365,15.3273575530092,34.4293923238443
0.755102040816326,-0.387755102040816,18.3901921463196,36.8101294651092,18.7748128817101,73.7368600063006,16.6774469882474,37.3194920606264
0.795918367346939,-0.387755102040816,19.9557742159297,39.9460528319245,20.3611852613413,80.0087067399313,18.1504482385022,40.4554154274417
0.836734693877551,-0.387755102040816,21.6547226285289,43.3487088847181,22.0809239839616,86.8140188455184,19.7568158317461,43.8580714802353
0.877551020408163,-0.387755102040816,23.4983811443828,47.0407851440211,23.9453728098366,94.1981713641244,21.5078935282448,47.5501477395383
0.918367346938775,-0.387755102040816,25.4990583916096,51.0468988660699,25.9668403670846,102.210398808222,23.4159899561163,51.5562614615871
0.959183673469388,-0.387755102040816,27.6701099350842,55.3937611806143,28.1586822205802,110.904123437311,25.4944606802357,55.9031237761315
1,-0.387755102040816,30.0260273258886,60.1103551898184,30.5353899214058,120.337311455719,27.7577972516849,60.6197177853356
-1,-0.346938775510204,0.615729146624588,1.10617886035982,0.21286979380391,2.29587734264588,2.65560198872269,1.5090382131805
-0.959183673469388,-0.346938775510204,0.662844857088122,1.20381924544714,0.276428743158083,2.49115811282052,2.61945758318222,1.60667859826782
-0.918367346938775,-0.346938775510204,0.714113073708197,1.30976464284755,0.344140198668799,2.70304890762133,2.58746568379829,1.71262399566823
-0.877551020408163,-0.346938775510204,0.769886996799718,1.42472145319084,0.416357360650959,2.93296252830792,2.55997949088581,1.82758080601152
-0.836734693877551,-0.346938775510204,0.830549868887701,1.54945616152706,0.493463471629582,3.18243194498036,2.53738224696979,1.95231551434774
-0.795918367346939,-0.346938775510204,0.896517530011874,1.68480044793566,0.575874371644395,3.45312051779757,2.52008979208996,2.08765980075634
-0.755102040816326,-0.346938775510204,0.968241190378182,1.83165673282853,0.664041270901343,3.74683308758331,2.50855333645226,2.23451608564921
-0.714285714285714,-0.346938775510204,1.04621043884412,1.99100419392066,0.758453758257918,4.06552800976756,2.50326246891419,2.39386354674134
-0.673469387755102,-0.346938775510204,1.13095650729722,2.16390529498711,0.859643065601658,4.41133021190047,2.50474842136329,2.56676464780779
-0.63265306122449,-0.346938775510204,1.22305581269228,2.35151286993749,0.968185609887357,4.78654536180121,2.51358761075434,2.75437222275817
-0.591836734693878,-0.346938775510204,1.32313380036413,2.55507780944144,1.08470683644985,5.19367524080912,2.53040548242219,2.95793716226212
-0.551020408163265,-0.346938775510204,1.43186911424163,2.77595740135669,1.20988538921799,5.63543442463963,2.55588068029568,3.17881675417737
-0.510204081632653,-0.346938775510204,1.54999812176814,3.01562438056998,1.34445763563514,6.1147683830662,2.5907495718182,3.41848373339066
-0.469387755102041,-0.346938775510204,1.67831982369885,3.27567674859165,1.48922257645649,6.63487311910954,2.6358111577449,3.67853610141233
-0.428571428571429,-0.346938775510204,1.81770118151137,3.55784842837694,1.64504717315965,7.19921647868013,2.69193239955341,3.96070778119762
-0.387755102040816,-0.346938775510204,1.96908289795072,3.8640208254159,1.81287212848964,7.81156127275805,2.76005399998876,4.26688017823658
-0.346938775510204,-0.346938775510204,2.13348568925095,4.19623537217663,1.99371815868052,8.47599036627949,2.84119667528499,4.5990947249973
-0.306122448979592,-0.346938775510204,2.31201709085401,4.556707139543,2.18869279917421,9.19693390101223,2.93646796088404,4.95956649236367
-0.26530612244898,-0.346938775510204,2.50587884200362,4.94783960600246,2.39899778921446,9.97919883393116,3.04706959602964,5.35069895882314
-0.224489795918367,-0.346938775510204,2.71637489845162,5.37224068305873,2.6259370845531,10.8280009880437,3.17430553647365,5.77510003587941
-0.183673469387755,-0.346938775510204,2.94492012670229,5.83274010372032,2.87092555169441,11.7489998293669,3.31959064872031,6.235599456541
-0.142857142857143,-0.346938775510204,3.19304973776414,6.33240829000426,3.1354984016469,12.7483362019348,3.48446014377815,6.73526764282494
-0.102040816326531,-0.346938775510204,3.46242952330979,6.87457682525582,3.42132142608319,13.8326732724379,3.6705798133198,7.2774361780765
-0.061224489795919,-0.346938775510204,3.75486696249437,7.46286066778524,3.73020210415841,15.0092409574967,3.87975713650038,7.86572002060592
-0.020408163265306,-0.346938775510204,4.07232327348812,8.10118225393299,4.0641016540428,16.2858841297922,4.11395333149012,8.50404160675367
0.020408163265306,-0.346938775510204,4.41692649007796,8.79379765127292,4.42514810952328,17.6711149244721,4.37529643207595,9.1966570040936
0.061224489795918,-0.346938775510204,4.79098565052747,9.5453249363322,4.81565050886343,19.1741694945906,4.66609547652146,9.94818428915288
0.102040816326531,-0.346938775510204,5.19700619330077,10.3607749860391,5.23811429052737,20.8050695940044,4.98885590329076,10.7636343388597
0.142857142857143,-0.346938775510204,5.63770666230266,11.2455848882031,5.6952579984199,22.5746893983324,5.34629625628865,11.6484442410238
0.183673469387755,-0.346938775510204,6.11603683301885,12.2056541937957,6.19003140802673,24.4948280095177,5.74136631100083,12.6085135466164
0.224489795918367,-0.346938775510204,6.63519738041384,13.247384252746,6.72563519431236,26.5782881274182,6.17726674239182,13.6502436055666
0.265306122448979,-0.346938775510204,7.19866121972413,14.3777208955268,7.30554227251329,28.8389614129798,6.6574704656981,14.7805802483475
0.306122448979592,-0.346938775510204,7.81019666243822,15.6042007451152,7.93352095411802,31.2919211121567,7.18574579240818,16.0070600979359
0.346938775510204,-0.346938775510204,8.47389254185823,16.9350014681155,8.61366007242867,33.9535225581572,7.76618155582419,17.3378608209362
0.387755102040816,-0.346938775510204,9.19418547577005,18.3789963000994,9.35039624523113,36.841512222125,8.40321437373201,18.7818556529201
0.428571428571428,-0.346938775510204,9.97588944799828,19.9458132087161,10.14854345635,39.9751460393585,9.10165822995623,20.3486725615368
0.469387755102041,-0.346938775510204,10.8242279060838,21.6458990890475,11.0133251533262,43.3753178000212,9.86673657203778,22.0487584418681
0.510204081632653,-0.346938775510204,11.7448685890982,23.4905894192365,11.9504090752312,47.0646984603993,10.7041171390482,23.8934487720572
0.551020408163265,-0.346938775510204,12.7439613178125,25.4921838408253,12.9659450428361,51.0678873035769,11.6199497517585,25.895043193646
0.591836734693877,-0.346938775510204,13.8281789991897,27.6640281677399,14.066605963104,55.4115759574061,12.6209073171316,28.0668875205606
0.63265306122449,-0.346938775510204,15.0047621186025,30.0206033707259,15.2596323214074,60.124726363378,13.7142303205405,30.4234627235466
0.673469387755102,-0.346938775510204,16.2815670164322,32.5776221305454,16.5528804581277,65.2387638830171,14.9077751023661,32.9804814833661
0.714285714285714,-0.346938775510204,17.6671182709363,35.3521336037139,17.9548749515225,70.7877868293541,16.2100662408662,35.7549929565346
0.755102040816326,-0.346938775510204,19.1706655366547,38.362637099311,19.4748654561315,76.8087938205482,17.6303533905806,38.7654964521317
0.795918367346939,-0.346938775510204,20.8022452173269,41.6292054248157,21.1228883756944,83.3419304715577,19.1786729552489,42.0320647776364
0.836734693877551,-0.346938775510204,22.5727473845327,45.1736187233875,22.9098337817908,90.4307570687013,20.8659150064506,45.5764780762082
0.877551020408163,-0.346938775510204,24.4939883882402,49.0195096949628,24.847518024389,98.1225390118519,22.7038958941541,49.4223690477835
0.918367346938775,-0.346938775510204,26.5787896434008,53.1925211694442,26.9487625184402,106.468561960815,24.7054370333107,53.5953805222649
0.959183673469388,-0.346938775510204,28.8410631179059,57.7204770826146,29.2274792318359,115.524473787156,26.8844503918118,58.1233364354353
1,-0.346938775510204,31.2959040919059,62.6335679947749,31.6987634447266,125.350655611476,29.2560312498078,63.0364273475956
-1,-0.306122448979592,0.626568362516601,1.16707564504102,0.316748474544752,2.39152534341016,2.43461602973009,1.47689553301287
-0.959183673469388,-0.306122448979592,0.676251542460859,1.26878380302456,0.379077364202147,2.59494165937724,2.41050134570645,1.57860369099641
-0.918367346938775,-0.306122448979592,0.730260225134539,1.37914296646695,0.445731756588964,2.81565998626202,2.39071216441224,1.6889628544388
-0.877551020408163,-0.306122448979592,0.788962325446992,1.49888896518688,0.517079566614553,3.05515198370188,2.37561640075679,1.80870885315873
-0.836734693877551,-0.306122448979592,0.852757052099057,1.62882021658603,0.593520002979755,3.31501448650019,2.36561326344096,1.93864010455788
-0.795918367346939,-0.306122448979592,0.922077569343607,1.76980304917016,0.675486229937442,3.59698015166844,2.36113591671761,2.07962293714201
-0.755102040816326,-0.306122448979592,0.997393885147827,1.92277747887363,0.763448255454799,3.90292901107537,2.36265436855393,2.23259736684547
-0.714285714285714,-0.306122448979592,1.07921598501434,2.08876347670167,0.857916065034447,4.23490100673147,2.37067860445255,2.39858336467352
-0.673469387755102,-0.306122448979592,1.16809723235619,2.2688677694804,0.959443022089436,4.59510959228893,2.3857619878265,2.57868765745225
-0.63265306122449,-0.306122448979592,1.26463805809805,2.46429121905915,1.06862955754443,4.98595649144642,2.40850494960046,2.774111107031
-0.591836734693878,-0.306122448979592,1.36948996410432,2.67633682916671,1.18612717326384,5.41004771166153,2.43955899163883,2.98615671713856
-0.551020408163265,-0.306122448979592,1.48335986712741,2.90641843330792,1.31264278600006,5.87021091994395,2.47963103069403,3.21623832127976
-0.510204081632653,-0.306122448979592,1.60701481223989,3.1560701216279,1.44894344082568,6.36951429658391,2.52948811183861,3.46589000959975
-0.469387755102041,-0.306122448979592,1.74128708717764,3.42695646959844,1.59586142547657,6.911286992525,2.58996252280847,3.73677635757029
-0.428571428571429,-0.306122448979592,1.88707977169454,3.72088363672726,1.75429981970661,7.49914132678264,2.66195734335747,4.03070352469911
-0.387755102040816,-0.306122448979592,2.04537275892927,4.03981140929174,1.92523851665447,8.1369968719116,2.7464524666243,4.34963129726359
-0.346938775510204,-0.306122448979592,2.21722928893251,4.38586626739325,2.10974075637085,8.82910658811462,2.84451113265964,4.6956861553651
-0.306122448979592,-0.306122448979592,2.40380303791725,4.76135556345774,2.30896021506872,9.58008518024361,2.95728701767648,5.07117545142959
-0.26530612244898,-0.306122448979592,2.60634581050045,5.16878290671918,2.52414869736506,10.3949398667665,3.08603192629179,5.47860279469103
-0.224489795918367,-0.306122448979592,2.82621588622491,5.61086485626311,2.75666448280265,11.2791037658543,3.23210413804834,5.92068474423496
-0.183673469387755,-0.306122448979592,3.06488707601231,6.09054903393294,3.00798138230319,12.238472121194,3.39697746386785,6.40036892190479
-0.142857142857143,-0.306122448979592,3.32395854893243,6.61103377786822,3.27969856493646,13.2794416090646,3.58225107282008,6.92085366584007
-0.102040816326531,-0.306122448979592,3.60516549480921,7.17578946771679,3.57355122052637,14.4089529887617,3.78966015472895,7.48560935568864
-0.061224489795919,-0.306122448979592,3.9103906937576,7.78858166370861,3.8914221291879,15.6345373807453,4.02108748970945,8.09840155168046
-0.020408163265306,-0.306122448979592,4.24167706979231,8.45349621387304,4.23535421493574,16.9643664810742,4.27857600177626,8.76331610184489
0.020408163265306,-0.306122448979592,4.60124131221051,9.17496649680446,4.60756416706707,18.407307046937,4.56434238022656,9.48478638477631
0.061224489795918,-0.306122448979592,4.99148865557054,9.95780298161955,5.01045722014024,19.9729800165672,4.88079185961869,10.2676228695914
0.102040816326531,-0.306122448979592,5.4150289168134,10.8072253022003,5.44664319109624,21.6718246577287,5.23053425689365,11.1170451901721
0.142857142857143,-0.306122448979592,5.87469389645593,11.7288970595804,5.91895388045191,23.5151681724889,5.61640137256829,12.0387169475522
0.183673469387755,-0.306122448979592,6.37355625987986,12.7289635845233,6.43046195358898,25.5153012223747,6.04146587202432,13.0387834724951
0.224489795918367,-0.306122448979592,6.91495002460932,13.8140929120772,6.98450142803158,27.6855598774826,6.50906177278589,14.1239128000491
0.265306122448979,-0.306122448979592,7.50249279017775,14.9915202413091,7.58468990331314,30.0404145359463,7.02280667438642,15.301340129281
0.306122448979592,-0.306122448979592,8.1401098588037,16.269096176656,8.23495268165222,32.5955664066402,7.58662587904447,16.5789160646279
0.346938775510204,-0.306122448979592,8.83206040770251,17.6553390725487,8.93954894026417,35.3680521984255,8.20477856397538,17.9651589605205
0.387755102040816,-0.306122448979592,9.58296588754007,19.1594918303188,9.70310012981486,38.3763577139657,8.88188617984504,19.4693117182907
0.428571428571428,-0.306122448979592,10.3978408363779,20.7915835260895,10.5306207883658,41.6405411055071,9.62296326471498,21.1014034140614
0.469387755102041,-0.306122448979592,11.2821263145645,22.5624962805577,11.4275519762656,45.1823666144436,10.4334508789337,22.8723161685296
0.510204081632653,-0.306122448979592,12.2417261835029,24.4840378165296,12.3997975549172,49.0254496863874,11.3192528839042,24.7938577045015
0.551020408163265,-0.306122448979592,13.2830464701869,26.5690201879927,13.4537635513143,53.1954144293134,12.2867753066203,26.8788400759645
0.591836734693877,-0.306122448979592,14.4130380799719,28.8313452056576,14.5964008708124,57.7200644646433,13.3429690524374,29.1411650936294
0.63265306122449,-0.306122448979592,15.6392431423723,31.2860971285534,15.8352516429259,62.6295683104349,14.4953762508699,31.5959170165252
0.673469387755102,-0.306122448979592,16.9698452989002,33.9496432397042,17.1784995091669,67.9566605327365,15.7521805434298,34.259463127676
0.714285714285714,-0.306122448979592,18.4137242682437,36.8397429764863,18.6350241882236,73.7368600063006,17.1222616488055,37.1495628644581
0.755102040816326,-0.306122448979592,19.9805150526039,39.9756663433016,20.2144606822969,80.0087067399314,18.6152545691978,40.2854862312735
0.795918367346939,-0.306122448979592,21.6806721799531,43.3783223960952,21.9272635193593,86.8140188455184,20.2416138325791,43.688142284067
0.836734693877551,-0.306122448979592,23.5255394105571,47.0703986553981,23.7847764596764,94.1981713641244,22.0126831992152,47.38021854337
0.877551020408163,-0.306122448979592,25.527425372534,51.076512377447,25.7993081313664,102.210398808222,23.9407712972242,51.3863322654189
0.918367346938775,-0.306122448979592,27.6996856307587,55.4233746919914,27.9842140993042,110.904123437311,26.039233691481,55.7331945799632
0.959183673469388,-0.306122448979592,30.0568117363132,60.1399687011955,30.3539859145719,120.337311455719,28.3225619330676,60.4497885891673
1,-0.306122448979592,32.6145278502297,65.2577427271234,32.9243477382015,130.572859507575,30.8064801830162,65.5675626150952
-1,-0.26530612244898,0.641463720080964,1.22690486453443,0.411627512378391,2.49115811282052,2.21462626289901,1.456741072237
-0.959183673469388,-0.26530612244898,0.693674206867868,1.33285026193483,0.47321906886744,2.70304890762133,2.20262603365252,1.5626864696374
-0.918367346938775,-0.26530612244898,0.750390400126216,1.44780707227813,0.539316331827935,2.93296252830792,2.19513151087748,1.6776432799807
-0.877551020408163,-0.26530612244898,0.811995542381028,1.57254178061435,0.610302543784892,3.18243194498037,2.1925259370989,1.80237798831692
-0.836734693877551,-0.26530612244898,0.878905473672028,1.70788606702295,0.686593544778038,3.45312051779757,2.19522515235651,1.93772227472552
-0.795918367346939,-0.26530612244898,0.951571404205164,1.85474235191582,0.76864054501332,3.74683308758331,2.20368036685626,2.08457855961839
-0.755102040816326,-0.26530612244898,1.03048292283793,2.01408981300794,0.856933133348229,4.06552800976756,2.21838116945563,2.24392602071052
-0.714285714285714,-0.26530612244898,1.11617126145785,2.1869909140744,0.952002541670303,4.41133021190047,2.23985879204217,2.41682712177697
-0.673469387755102,-0.26530612244898,1.20921283701974,2.37459848902477,1.05442518693434,4.78654536180121,2.26868965157067,2.60443469672734
-0.63265306122449,-0.26530612244898,1.31023309485842,2.57816342852873,1.16482651447516,5.19367524080912,2.30549919337596,2.8079996362313
-0.591836734693878,-0.26530612244898,1.41991067890275,2.79904302044398,1.28388516822163,5.63543442463963,2.3509660613869,3.02887922814655
-0.551020408163265,-0.26530612244898,1.53898195659609,3.03870999965726,1.41233751561712,6.1147683830662,2.40582662304685,3.26854620735984
-0.510204081632653,-0.26530612244898,1.66824592869363,3.29876236767894,1.55098255741681,6.63487311910954,2.470879879111,3.52859857538151
-0.469387755102041,-0.26530612244898,1.80856955667297,3.58093404746423,1.7006872550983,7.19921647868013,2.54699279105695,3.8107702551668
-0.428571428571429,-0.26530612244898,1.96089354327915,3.88710644450319,1.86239231140662,7.81156127275805,2.63510606162975,4.11694265220576
-0.387755102040816,-0.26530612244898,2.12623860474622,4.21932099126391,2.03711844257583,8.47599036627949,2.73624040706342,4.44915719896648
-0.346938775510204,-0.26530612244898,2.3057122765161,4.57979275863028,2.22597318404786,9.19693390101223,2.85150336279991,4.80962896633285
-0.306122448979592,-0.26530612244898,2.50051629783253,4.97092522508975,2.43015827506644,9.97919883393116,2.98209666808296,5.20076143279232
-0.26530612244898,-0.26530612244898,2.71195462444737,5.39532630214601,2.65097767138342,10.8280009880437,3.1293242786644,5.62516250984859
-0.224489795918367,-0.26530612244898,2.94144212286486,5.8558257228076,2.88984623950306,11.7489998293669,3.29460106104851,6.08566193051018
-0.183673469387755,-0.26530612244898,3.19051400409354,6.35549390909155,3.14829919043388,12.7483362019348,3.47946222624379,6.58533011679412
-0.142857142857143,-0.26530612244898,3.46083605980602,6.89766244434311,3.42800231584851,13.8326732724379,3.68557356592288,7.12749865204568
-0.102040816326531,-0.26530612244898,3.75421576915743,7.48594628687253,3.73076309490206,15.0092409574967,3.9147425592409,7.7157824945751
-0.061224489795919,-0.26530612244898,4.072614350318,8.12426787302027,4.05854274576478,16.2858841297922,4.16893042436809,8.35410408072285
-0.020408163265306,-0.26530612244898,4.41815983707467,8.81688327036021,4.4134693022236,17.6711149244721,4.45026519509136,9.04671947806278
0.020408163265306,-0.26530612244898,4.79316126769101,9.56841055541949,4.79785180254209,19.1741694945906,4.76105590967432,9.79824676312206
0.061224489795918,-0.26530612244898,5.20012408063114,10.3838606051263,5.21419568518436,20.8050695940044,5.10380800658106,10.6136968128289
0.102040816326531,-0.26530612244898,5.64176681979986,11.2686705072904,5.66521949405522,22.5746893983324,5.48124002971638,11.498506714993
0.142857142857143,-0.26530612244898,6.12103926068287,12.228739812883,6.15387300464038,24.4948280095177,5.89630175456601,12.4585760205856
0.183673469387755,-0.26530612244898,6.6411420782447,13.2704698718333,6.68335689190435,26.5782881274182,6.35219385609445,13.5003060795358
0.224489795918367,-0.26530612244898,7.20554818772181,14.4008065146141,7.25714407108362,28.8389614129798,6.85238924953817,14.6306427223167
0.265306122448979,-0.26530612244898,7.81802590060273,15.6272863642025,7.87900285366667,31.2919211121567,7.40065624638569,15.8571225719051
0.306122448979592,-0.26530612244898,8.48266405018957,16.9580870872028,8.55302207295566,33.9535225581572,8.00108367993914,17.1879232949054
0.346938775510204,-0.26530612244898,9.20389925426821,18.4020819191867,9.28363834673645,36.841512222125,8.6581081679844,18.6319181268893
0.387755102040816,-0.26530612244898,9.98654549666327,19.9688988278034,10.0756656588337,39.9751460393585,9.37654369434607,20.198735035506
0.428571428571428,-0.26530612244898,10.8358262249156,21.6689847081347,10.9343274567882,43.3753178000212,10.1616137065651,21.8988209158373
0.469387755102041,-0.26530612244898,11.7574091780969,23.5136750383238,11.8652914796716,47.0646984603993,11.0189859437129,23.7435112460264
0.510204081632653,-0.26530612244898,12.757444176978,25.5152694599126,12.8747075482548,51.0678873035769,11.9548102265606,25.7451056676152
0.551020408163265,-0.26530612244898,13.842604128522,27.6871137868272,13.969248569501,55.4115759574061,12.9757594620712,27.9169499945298
0.591836734693877,-0.26530612244898,15.0201295181017,30.0436889898132,15.1561550287828,60.124726363378,14.0890741356175,30.2735251975157
0.63265306122449,-0.26530612244898,16.2978766860981,32.6007077496327,16.4432832664814,65.2387638830171,15.3026105875806,32.8305439573353
0.673469387755102,-0.26530612244898,17.6843702107691,35.3752192228012,17.8391578608545,70.7877868293541,16.6248933962182,35.6050554305038
0.714285714285714,-0.26530612244898,19.1888597466543,38.3857227183983,19.3530284664419,76.8087938205482,18.06517221607,38.6155589261008
0.755102040816326,-0.26530612244898,20.8213816974934,41.652291043903,20.9949314869831,83.3419304715577,19.6334834508757,41.8821272516056
0.795918367346939,-0.26530612244898,22.592826134866,45.1967043424748,22.7757569940578,90.4307570687013,21.3407171722149,45.4265405501774
0.836734693877551,-0.26530612244898,24.5150094087403,49.0425953140501,24.7073213376343,98.1225390118519,23.1986897300559,49.2724315217527
0.877551020408163,-0.26530612244898,26.6007529340677,53.2156067885315,26.8024459326639,106.468561960815,25.2202225393499,53.4454429962341
0.918367346938775,-0.26530612244898,28.8639686787396,57.7435627017019,29.0750427470379,115.524473787156,27.4192275679884,57.9733989094045
0.959183673469388,-0.26530612244898,31.3197519229065,62.6566536138622,31.5402070609069,125.350655611476,29.8108000961218,62.8864898215648
1,-0.26530612244898,33.984481908139,67.9876380081538,34.2143181158416,136.012624400059,32.4113193653209,68.2174742158564
-1,-0.224489795918367,0.660048728174641,1.28615751635829,0.497548409429901,2.59494165937724,1.99567419035452,1.44865783510303
-0.959183673469388,-0.224489795918367,0.714766542004801,1.39651667980068,0.558898889331274,2.81565998626202,1.99587667919774,1.55901699854542
-0.918367346938775,-0.224489795918367,0.774177773473731,1.51626267852061,0.624942786871418,3.05515198370188,2.00077258567974,1.67876299726535
-0.877551020408163,-0.224489795918367,0.838681631282276,1.64619392991977,0.696079310751177,3.31501448650019,2.01076111850135,1.80869424866451
-0.836734693877551,-0.224489795918367,0.908711279683305,1.78717676250389,0.77274162522342,3.59698015166844,2.02627544191544,1.94967708124863
-0.795918367346939,-0.224489795918367,0.984736726644004,1.94015119220736,0.855399738255333,3.90292901107537,2.04778556388921,2.1026515109521
-0.755102040816326,-0.224489795918367,1.06726795766699,2.1061371900354,0.944563635349536,4.23490100673147,2.07580146992527,2.26863750878014
-0.714285714285714,-0.224489795918367,1.15685833616533,2.28624148281413,1.04078667991908,4.59510959228893,2.11087652343666,2.44874180155888
-0.673469387755102,-0.224489795918367,1.25410829306366,2.48166493239288,1.14466930288863,4.98595649144642,2.15361115534807,2.64416525113762
-0.63265306122449,-0.224489795918367,1.35966933022641,2.69371054250044,1.25686300612259,5.41004771166153,2.20465686752388,2.85621086124518
-0.591836734693878,-0.224489795918367,1.47424836440598,2.92379214664165,1.37807470637338,5.87021091994395,2.26472057671652,3.08629246538639
-0.551020408163265,-0.224489795918367,1.59861244067494,3.17344383496163,1.50907144871355,6.36951429658391,2.33456932799854,3.33594415370637
-0.510204081632653,-0.224489795918367,1.73359384676917,3.44433018293217,1.650685520879,6.911286992525,2.41503540910584,3.60683050167691
-0.469387755102041,-0.224489795918367,1.88009566244255,3.73825735006099,1.80382000262359,7.49914132678264,2.50702189979229,3.90075766880573
-0.428571428571429,-0.224489795918367,2.03909778083376,4.05718512262547,1.96945478708601,8.1369968719116,2.61150869319656,4.21968544137021
-0.387755102040816,-0.224489795918367,2.21166344199347,4.40323998072698,2.14865311431694,8.82910658811461,2.72955902936934,4.56574029947172
-0.346938775510204,-0.224489795918367,2.39894632213469,4.77872927679147,2.34256866052937,9.58008518024361,2.86232658452363,4.94122959553621
-0.306122448979592,-0.224489795918367,2.60219822587437,5.18615662005291,2.55245323034027,10.3949398667665,3.01106316327638,5.34865693879765
-0.26530612244898,-0.224489795918367,2.82277743275531,5.62823856959684,2.77966510329242,11.2791037658543,3.17712704517038,5.79073888834158
-0.224489795918367,-0.224489795918367,3.06215775369919,6.10792274726668,3.02567809030751,12.238472121194,3.36199204112732,6.27042306601142
-0.183673469387755,-0.224489795918367,3.32193835777579,6.62840749120195,3.29209136045533,13.2794416090646,3.56725732021699,6.79090780994669
-0.142857142857143,-0.224489795918367,3.60385443480904,7.19316318105052,3.5806401035598,14.4089529887617,3.79465807226331,7.35566349979526
-0.102040816326531,-0.224489795918367,3.90978876491392,7.80595537704234,3.89320709973588,15.6345373807453,4.04607707738125,7.96845569578708
-0.061224489795919,-0.224489795918367,4.2417842721051,8.47086992720677,4.23183527299828,16.9643664810742,4.3235572595855,8.63337024595151
-0.020408163265306,-0.224489795918367,4.60205764567978,9.19234021013819,4.59874131264417,18.407307046937,4.62931530817324,9.35484052888293
0.020408163265306,-0.224489795918367,4.99301412019629,9.97517669495329,4.9963304532319,19.9729800165672,4.96575645770282,10.137677013698
0.061224489795918,-0.224489795918367,5.41726351259563,10.824599015534,5.42721251170245,21.6718246577287,5.33549052511523,10.9870993342788
0.102040816326531,-0.224489795918367,5.87763762339464,11.7462707729141,5.89421928857268,23.5151681724889,5.74134931092731,11.9087710916589
0.142857142857143,-0.224489795918367,6.37720911797505,12.746337297857,6.4004234492243,25.5153012223747,6.18640548052078,12.9088376166017
0.183673469387755,-0.224489795918367,6.91931201386099,13.831466625411,6.94915901118146,27.6855598774826,6.67399305141979,13.9939669441557
0.224489795918367,-0.224489795918367,7.5075639105859,15.0088939546428,7.54404357397757,30.0404145359463,7.20772962315776,15.1713942733876
0.265306122448979,-0.224489795918367,8.14589011036832,16.2864698899898,8.18900243983121,32.5955664066402,7.79154049795325,16.4489702087345
0.306122448979592,-0.224489795918367,8.83854979042361,17.6727127858824,8.88829478595772,35.3680521984255,8.42968485302161,17.8352131046271
0.346938775510204,-0.224489795918367,9.59016440141765,19.1768655436525,9.64654206302297,38.3763577139657,9.12678413902871,19.3393658623973
0.387755102040816,-0.224489795918367,10.405748481412,20.8089572394232,10.4687588090885,41.6405411055072,9.8878528940361,20.971457558168
0.428571428571428,-0.224489795918367,11.290743090755,22.5798699938915,11.3603860845028,45.1823666144436,10.7183321783922,22.7423703126362
0.469387755102041,-0.224489795918367,12.25105209085,24.5014115298634,12.3273277506689,49.0254496863874,11.6241258535002,24.6639118486081
0.510204081632653,-0.224489795918367,13.2930815086904,26.5863939013264,13.3759898345806,53.1954144293134,12.6116399463538,26.7488942200711
0.551020408163265,-0.224489795918367,14.4237822496319,28.8487189189913,14.5133232415933,57.7200644646433,13.6878253623083,29.0112192377361
0.591836734693877,-0.224489795918367,15.6506964431887,31.3034708418871,15.7468701012213,62.6295683104349,14.8602242308782,31.4659711606318
0.63265306122449,-0.224489795918367,16.9820077308731,33.9670169530379,17.0848140549769,67.9566605327365,16.1370201935756,34.1295172717826
0.673469387755102,-0.224489795918367,18.4265958313731,36.85711668982,18.5360348215481,73.7368600063006,17.5270929690887,37.0196170085647
0.714285714285714,-0.224489795918367,19.9940957468898,39.9930400566354,20.110167403136,80.0087067399314,19.0400775596184,40.1555403753801
0.755102040816326,-0.224489795918367,21.6949620053955,43.3956961094289,21.8176663277129,86.8140188455185,20.6864284931372,43.5581964281736
0.795918367346939,-0.224489795918367,23.5405383671559,47.0877723687319,23.6698753555446,94.1981713641244,22.4774895299107,47.2502726874766
0.836734693877551,-0.224489795918367,25.5431334602893,51.0938860907807,25.6791031147492,102.210398808222,24.4255692980572,51.2563864095255
0.877551020408163,-0.224489795918367,27.7161028496705,55.4407484053251,27.8587051702016,110.904123437311,26.5440233624514,55.6032487240698
0.918367346938775,-0.224489795918367,30.0739380863815,60.1573424145292,30.2231730729838,120.337311455719,28.8473432741755,60.3198427332739
0.959183673469388,-0.224489795918367,32.6323633314544,65.2751164404571,32.7882309841279,130.572859507575,31.3512531942615,65.4376167592018
1,-0.224489795918367,35.4084401981534,70.8281937096372,35.5709405168982,141.679014045935,34.0728147359736,70.990694028382
-1,-0.183673469387755,0.68195862466477,1.34532805605123,0.574554396834529,2.70304890762133,1.77780304323186,1.45273228388147
-0.959183673469388,-0.183673469387755,0.739184115642155,1.46028486639453,0.636163733845802,2.93296252830792,1.79030019059427,1.56768909422477
-0.918367346938775,-0.183673469387755,0.801298555616003,1.58501957473075,0.702662019853537,3.18243194498036,1.80768628695313,1.69242380256099
-0.877551020408163,-0.183673469387755,0.86871778462604,1.72036386113935,0.774465094897461,3.45312051779757,1.83037717234818,1.82776808896959
-0.836734693877551,-0.183673469387755,0.941893012878212,1.86722014603222,0.852024169183521,3.74683308758331,1.85882405698537,1.97462437386246
-0.795918367346939,-0.183673469387755,1.02131382923001,2.02656760712434,0.935828831569208,4.06552800976756,1.89351652972219,2.13397183495458
-0.755102040816326,-0.183673469387755,1.10751146556898,2.1994687081908,1.02641031394206,4.41133021190047,1.93498582244617,2.30687293602104
-0.714285714285714,-0.183673469387755,1.2010623388499,2.38707628314117,1.12434503325687,4.78654536180121,1.98380835211211,2.49448051097141
-0.673469387755102,-0.183673469387755,1.30259189440762,2.59064122264512,1.23025843484847,5.19367524080912,2.04060956405484,2.69804545047536
-0.63265306122449,-0.183673469387755,1.41277877617098,2.81152081456038,1.34482916264572,5.63543442463963,2.10606810220322,2.91892504239062
-0.591836734693878,-0.183673469387755,1.53235935158336,3.05118779377366,1.46879358409199,6.1147683830662,2.18092033400062,3.1585920216039
-0.551020408163265,-0.183673469387755,1.66213262139993,3.31124016179533,1.60295069994245,6.63487311910954,2.26596526020221,3.41864438962558
-0.510204081632653,-0.183673469387755,1.80296554709832,3.59341184158063,1.74816747167472,7.19921647868013,2.36206984228561,3.70081606941087
-0.469387755102041,-0.183673469387755,1.95579883142353,3.89958423861959,1.90538460203383,7.81156127275805,2.47017478299584,4.00698846644983
-0.428571428571429,-0.183673469387755,2.12165319060963,4.23179878538031,2.07562280725381,8.47599036627949,2.59130079856696,4.33920301321055
-0.387755102040816,-0.183673469387755,2.30163616009855,4.59227055274668,2.25998962277662,9.19693390101223,2.7265554244409,4.69967478057692
-0.346938775510204,-0.183673469387755,2.49694947913402,4.98340301920614,2.45968678784598,9.97919883393116,2.87714039986138,5.09080724703638
-0.306122448979592,-0.183673469387755,2.70889710346789,5.40780409626241,2.67601825821374,10.8280009880437,3.04435968058027,5.51520832409265
-0.26530612244898,-0.183673469387755,2.93889389960443,5.868303516924,2.91039890038416,11.7489998293669,3.22962813310182,5.97570774475424
-0.224489795918367,-0.183673469387755,3.18847507855214,6.36797170320794,3.16436392536575,12.7483362019348,3.43448096843454,6.47537593103819
-0.183673469387755,-0.183673469387755,3.45930643198365,6.9101402384595,3.43957912483116,13.8326732724379,3.66058397825108,7.01754446628974
-0.142857142857143,-0.183673469387755,3.7531954390541,7.49842408098892,3.73785197793549,15.0092409574967,3.90974464170654,7.60582830881916
-0.102040816326531,-0.183673469387755,4.07210331793371,8.13674566713667,4.06114370284899,16.2858841297922,4.18392417697117,8.24414989496691
-0.061224489795919,-0.183673469387755,4.41815810240941,8.8293610644766,4.41158233335858,17.6711149244721,4.48525061783189,8.93676529230684
-0.020408163265306,-0.183673469387755,4.79366883074479,9.58088834953589,4.79147690772785,19.1741694945906,4.81603300255229,9.68829257736613
0.020408163265306,-0.183673469387755,5.20114094140396,10.3963383992427,5.2033328644209,20.8050695940044,5.17877676959647,10.503742627073
0.061224489795918,-0.183673469387755,5.64329297829171,11.2811483014068,5.64986874734254,22.5746893983324,5.57620046286924,11.388552529237
0.102040816326531,-0.183673469387755,6.12307471689376,12.2412176069994,6.13403433197848,24.4948280095177,6.0112538578563,12.3486218348296
0.142857142857143,-0.183673469387755,6.64368683217463,13.2829476659497,6.65903029329323,26.5782881274182,6.48713762952218,13.3903518937799
0.183673469387755,-0.183673469387755,7.20860223937078,14.4132843087305,7.22832954652327,28.8389614129798,7.00732469310336,14.5206885365607
0.224489795918367,-0.183673469387755,7.82158924997073,15.6397641583189,7.84570040315711,31.2919211121567,7.57558336008832,15.7471683861491
0.265306122448979,-0.183673469387755,8.4867366972766,16.9705648813192,8.51523169649687,33.9535225581572,8.19600246377921,17.0779691091494
0.306122448979592,-0.183673469387755,9.20848119907429,18.4145597133031,9.24136004432844,36.841512222125,8.87301862196191,18.5219639411333
0.346938775510204,-0.183673469387755,9.99163673918838,19.9813766219198,10.0288994304764,39.9751460393585,9.61144581846102,20.08878084975
0.387755102040816,-0.183673469387755,10.8414267651598,21.6814625022511,10.8830733024817,43.3753178000212,10.4165075008175,21.7888667300814
0.428571428571428,-0.183673469387755,11.7635190160601,23.5261528324402,11.8095493994159,47.0646984603993,11.2938714081027,23.6335570602705
0.469387755102041,-0.183673469387755,12.7640633126602,25.527747254029,12.8144775420499,51.0678873035769,12.2496873610879,25.6351514818593
0.510204081632653,-0.183673469387755,13.8497325619232,27.6995915809436,13.9045306373468,55.4115759574061,13.290628266736,27.8069958087739
0.551020408163265,-0.183673469387755,15.027767249222,30.0561667839296,15.0869491706794,60.124726363378,14.4239346104197,30.1635710117598
0.591836734693877,-0.183673469387755,16.3060237149375,32.6131855437491,16.3695894824288,65.238763883017,15.6574627325202,32.7205897715793
0.63265306122449,-0.183673469387755,17.6930265373275,35.3876970169176,17.7609761508527,70.7877868293541,16.9997372112952,35.4951012447479
0.673469387755102,-0.183673469387755,19.1980253709317,38.3982005125147,19.2703588304909,76.8087938205482,18.4600077012845,38.5056047403449
0.714285714285714,-0.183673469387755,20.8310566194898,41.6647688380194,20.9077739250829,83.3419304715577,20.0483106062276,41.7721730658497
0.755102040816326,-0.183673469387755,22.6030103545815,45.2091821365912,22.6841115062084,90.4307570687013,21.7755359977043,45.3165863644215
0.795918367346939,-0.183673469387755,24.5257029261749,49.0550731081665,24.6111879238357,98.1225390118519,23.6535002256827,49.1624773359968
0.836734693877551,-0.183673469387755,26.6119557492213,53.2280845826479,26.701824592916,106.468561960815,25.6950247051141,53.3354888104781
0.877551020408163,-0.183673469387755,28.8756807916122,57.7560404958183,28.9699334813408,115.524473787156,27.9140214038901,57.8634447236486
0.918367346938775,-0.183673469387755,31.3319733334981,62.6691314079786,31.4306098692606,125.350655611476,30.325585602161,62.7765356358088
0.959183673469388,-0.183673469387755,33.9972126164496,68.0001158022702,34.100232998246,136.012624400059,32.9460965414975,68.1075200301004
1,-0.183673469387755,36.8891710535496,73.7845385048586,36.9965752813798,147.581469805236,35.7933266349825,73.8919427326889
-1,-0.142857142857143,0.706830448460548,1.40491454123597,0.642690506769586,2.81565998626202,1.56105785370836,1.46905448292693
-0.959183673469388,-0.142857142857143,0.766584449783981,1.5246605399559,0.705062464896731,3.05515198370188,1.5859454303278,1.58880048164686
-0.918367346938775,-0.142857142857143,0.831431077447026,1.65459179135505,0.77252704936349,3.31501448650019,1.61592563328686,1.71873173304601
-0.877551020408163,-0.142857142857143,0.901803495702557,1.79557462393918,0.845517424422733,3.59698015166844,1.65143162683839,1.85971456563014
-0.836734693877551,-0.142857142857143,0.978171712517757,1.94854905364264,0.924503598041646,3.90292901107537,1.6929334189496,2.0126889953336
-0.795918367346939,-0.142857142857143,1.06104571339525,2.11453505147069,1.00999555572285,4.23490100673147,1.7409409951231,2.17867499316165
-0.755102040816326,-0.142857142857143,1.15097886174808,2.29463934424942,1.1025466608794,4.59510959228893,1.79600771877194,2.35877928594038
-0.714285714285714,-0.142857142857143,1.24857158850092,2.49006279382817,1.20275734443595,4.98595649144642,1.85873402082079,2.55420273551913
-0.673469387755102,-0.142857142857143,1.35447539551817,2.70210840393572,1.31127910825691,5.41004771166153,1.92977140313404,2.76624834562669
-0.63265306122449,-0.142857142857143,1.46939719955224,2.93219000807693,1.42881886909469,5.87021091994395,2.00982678246412,2.99632994976789
-0.591836734693878,-0.142857142857143,1.5941040456757,3.18184169639691,1.55614367202186,6.36951429658391,2.09966720388359,3.24598163808787
-0.551020408163265,-0.142857142857143,1.72942822162444,3.45272804436745,1.69408580477431,6.911286992525,2.20012495512833,3.51686798605842
-0.510204081632653,-0.142857142857143,1.87627280715231,3.74665521149627,1.84354834710591,7.49914132678264,2.31210311595222,3.81079515318724
-0.469387755102041,-0.142857142857143,2.03561769539802,4.06558298406076,2.00551119215533,8.1369968719116,2.43658157949393,4.12972292575172
-0.428571428571429,-0.142857142857143,2.20852612641224,4.41163784216226,2.18103757997326,8.82910658811462,2.57462358580416,4.47577778385323
-0.387755102040816,-0.142857142857143,2.39615177640796,4.78712713822676,2.37128118677269,9.58008518024361,2.72738281109589,4.85126707991772
-0.346938775510204,-0.142857142857143,2.59974645000214,5.1945544814882,2.57749381717059,10.3949398667665,2.89611105998608,5.25869442317916
-0.306122448979592,-0.142857142857143,2.82066842673758,5.63663643103213,2.80103375070973,11.2791037658543,3.08216661201752,5.70077637272309
-0.26530612244898,-0.142857142857143,3.06039151753596,6.11632060870196,3.04337479831183,12.238472121194,3.28702327811191,6.18046055039292
-0.224489795918367,-0.142857142857143,3.32051489146707,6.63680535263724,3.30611612904665,13.2794416090646,3.51228022733903,6.7009452943282
-0.183673469387755,-0.142857142857143,3.60277373835482,7.20156104248581,3.59099293273811,14.4089529887617,3.75967264952279,7.26570098417677
-0.142857142857143,-0.142857142857143,3.9090508383142,7.81435323847762,3.8998879895012,15.6345373807453,4.03108332477817,7.87849318016859
-0.102040816326531,-0.142857142857143,4.24138911535988,8.47926778864206,4.2348442233506,16.9643664810742,4.32855517711986,8.54340773033302
-0.061224489795919,-0.142857142857143,4.60200525878906,9.20073807157348,4.59807832358349,18.407307046937,4.65430489584505,9.26487801326444
-0.020408163265306,-0.142857142857143,4.99330450316007,9.98357455638857,4.99199552475822,19.9729800165672,5.01073771551207,10.0477144980795
0.020408163265306,-0.142857142857143,5.41789666541391,10.8329968769693,5.41920564381577,21.6718246577287,5.40046345306192,10.8971368186603
0.061224489795918,-0.142857142857143,5.87861354606743,11.7546686343494,5.88254048127299,23.5151681724889,5.82631390901144,11.8188085760404
0.102040816326531,-0.142857142857143,6.37852781050233,12.7547351592923,6.38507270251162,25.5153012223747,6.29136174874235,12.8188751009833
0.142857142857143,-0.142857142857143,6.92097347624278,13.8398644868462,6.93013632505578,27.6855598774826,6.79894098977881,13.9040044285372
0.183673469387755,-0.142857142857143,7.50956814282219,15.0172918160781,7.5213489484389,30.0404145359463,7.35266923165422,15.0814317577691
0.224489795918367,-0.142857142857143,8.14823711245911,16.294867751425,8.16263587487953,32.5955664066402,7.95647177658715,16.359007693116
0.265306122448979,-0.142857142857143,8.8412395623689,17.6811106473177,8.85825628159304,35.3680521984255,8.61460780179295,17.7452505890086
0.306122448979592,-0.142857142857143,9.59319694321744,19.1852634050878,9.61283161924529,38.3763577139657,9.3316987579375,19.2494033467788
0.346938775510204,-0.142857142857143,10.4091237930663,20.8173551008585,10.4313764258978,41.6405411055072,10.1127591830823,20.8814950425495
0.387755102040816,-0.142857142857143,11.2944611722638,22.5882678553268,11.3193317618991,45.1823666144436,10.9632301375759,22.6524077970177
0.428571428571428,-0.142857142857143,12.2551129422133,24.5098093912987,12.2826014886522,49.0254496863874,11.8890154828213,24.5739493329896
0.469387755102041,-0.142857142857143,13.2974851299082,26.5947917627617,13.3275916331509,53.1954144293134,12.8965212458123,26.6589317044526
0.510204081632653,-0.142857142857143,14.4285286407042,28.8571167804266,14.4612531007506,57.7200644646433,13.9926983319043,28.9212567221176
0.551020408163265,-0.142857142857143,15.6557856041155,31.3118687033224,15.6911280209657,62.6295683104349,15.1850888706116,31.3760086450134
0.591836734693877,-0.142857142857143,16.9874396616544,33.9754148144732,17.0254000353082,67.9566605327365,16.4818765034465,34.0395547561641
0.63265306122449,-0.142857142857143,18.4323705320089,36.8655145512553,18.4729488624665,73.7368600063006,17.891940949097,36.9296544929462
0.673469387755102,-0.142857142857143,20.0002132173801,40.0014379180707,20.0434095046413,80.0087067399314,19.4249172097642,40.0655778597616
0.714285714285714,-0.142857142857143,21.7014222457403,43.4040939708642,21.7472364898053,86.8140188455185,21.0912598134204,43.4682339125552
0.755102040816326,-0.142857142857143,23.5473413773553,47.0961702301672,23.5957735782239,94.1981713641244,22.9023125203314,47.1603101718581
0.795918367346939,-0.142857142857143,25.5502792403431,51.102283952216,25.6013293980155,102.210398808222,24.8703839586153,51.166423893907
0.836734693877551,-0.142857142857143,27.7235913995788,55.4491462667604,27.7772595140549,110.904123437311,27.008829693147,55.5132862084513
0.877551020408163,-0.142857142857143,30.0817694061443,60.1657402759645,30.1380554774241,120.337311455719,29.3321412750085,60.2298802176554
0.918367346938775,-0.142857142857143,32.6405374210717,65.2835143018924,32.6994414491553,130.572859507575,31.8560428652319,65.3476542435834
0.959183673469388,-0.142857142857143,35.4169570576253,70.8365915710725,35.4784790425125,141.679014045935,34.5975960770814,70.9007315127635
1,-0.142857142857143,38.4295411411686,76.8619977342322,38.4936810828596,153.729826372255,37.5753137359208,76.9261376759232
-1,-0.102040816326531,0.73430311454602,1.46541878168492,0.702003647487227,2.93296252830792,1.34548553003617,1.49771824874372
-0.959183673469388,-0.102040816326531,0.796627102082742,1.59015349002114,0.765645980618185,3.18243194498037,1.38286329653247,1.62245295707994
-0.918367346938775,-0.102040816326531,0.864255878655652,1.72549777642974,0.834593102785331,3.45312051779757,1.42554585206497,1.75779724348854
-0.877551020408163,-0.102040816326531,0.937640654470698,1.87235406132261,0.909296224194613,3.74683308758331,1.4739844068396,1.90465352838141
-0.836734693877551,-0.102040816326531,1.01727101838537,2.03170152241474,0.990244933703523,4.06552800976755,1.52866854971386,2.06400098947353
-0.795918367346939,-0.102040816326531,1.10367820228721,2.20460262348119,1.0779704631996,4.41133021190047,1.59012951257528,2.23690209053999
-0.755102040816326,-0.102040816326531,1.19743862313101,2.39221019843157,1.17304922963763,4.78654536180121,1.65894371237867,2.42450966549036
-0.714285714285714,-0.102040816326531,1.29917772625159,2.59577513793552,1.27610667835246,5.19367524080912,1.73573659445884,2.62807460499431
-0.673469387755102,-0.102040816326531,1.40957415557783,2.81665472985077,1.38782145327293,5.63543442463962,1.82118680274466,2.84895419690957
-0.63265306122449,-0.102040816326531,1.52936427855308,3.05632170906406,1.50892992184242,6.1147683830662,1.9160307046795,3.08862117612285
-0.591836734693878,-0.102040816326531,1.65934709593253,3.31637407708573,1.6402310848161,6.63487311910954,2.02106730101854,3.34867354414453
-0.551020408163265,-0.102040816326531,1.80038956919379,3.59854575687102,1.7825919036716,7.19921647868013,2.13716355323938,3.63084522392982
-0.510204081632653,-0.102040816326531,1.95343240108188,3.90471815390998,1.93695308115392,7.81156127275805,2.26526016408705,3.93701762096878
-0.469387755102041,-0.102040816326531,2.11949630783085,4.23693270067071,2.10433533349713,8.47599036627949,2.40637784979561,4.2692321677295
-0.428571428571429,-0.102040816326531,2.29968882488264,4.59740446803708,2.28584619614316,9.19693390101223,2.56162414580699,4.62970393509587
-0.387755102040816,-0.102040816326531,2.49521169148099,4.98853693449654,2.48268740833574,9.97919883393116,2.73220079136492,5.02083640155533
-0.346938775510204,-0.102040816326531,2.70736886337773,5.41293801155281,2.69616292582672,10.8280009880437,2.91941174222125,5.4452374786116
-0.306122448979592,-0.102040816326531,2.93757520707714,5.8734374322144,2.92768761512036,11.7489998293669,3.12467186488024,5.90573689927319
-0.26530612244898,-0.102040816326531,3.18736593358772,6.37310561849834,3.17879668722518,12.7483362019348,3.34951637035041,6.40540508555713
-0.224489795918367,-0.102040816326531,3.45840683458211,6.9152741537499,3.45115593381381,13.8326732724379,3.59561105030439,6.9475736208087
-0.183673469387755,-0.102040816326531,3.75250538921543,7.50355799627932,3.74657283404137,15.0092409574967,3.8647633838973,7.53585746333811
-0.142857142857143,-0.102040816326531,4.07162281565792,8.14187958242707,4.06700860607809,16.2858841297922,4.15893458929937,8.17417904948586
-0.102040816326531,-0.102040816326531,4.41788714769649,8.834494979767,4.4145912837109,17.6711149244721,4.48025270029753,8.86679444682579
-0.061224489795919,-0.102040816326531,4.79360742359475,9.58602226482628,4.79162990520339,19.1741694945906,4.83102675515537,9.61832173188508
-0.020408163265306,-0.102040816326531,5.20128908181678,10.4014723145331,5.20062990901967,20.8050695940044,5.21376219233699,10.4337717815919
0.020408163265306,-0.102040816326531,5.64365066626741,11.2862822166972,5.64430983906453,22.5746893983324,5.63117755574721,11.318581683756
0.061224489795918,-0.102040816326531,6.12364195243233,12.2463515222898,6.12561947082369,24.4948280095177,6.08622262087171,12.2786509893486
0.102040816326531,-0.102040816326531,6.64446361527607,13.28808158124,6.64775947926166,26.5782881274182,6.58209806267504,13.3203810482988
0.142857142857143,-0.102040816326531,7.2095885700351,14.4184182240209,7.21420277961493,28.8389614129798,7.12227679639365,14.4507176910797
0.183673469387755,-0.102040816326531,7.82278512819792,15.6448980736093,7.82871768337199,31.2919211121567,7.71052713351606,15.6771975406681
0.224489795918367,-0.102040816326531,8.48814212306667,16.9756987966096,8.49539302383497,33.9535225581572,8.35093790734439,17.0079982636684
0.265306122448979,-0.102040816326531,9.21009617242723,18.4196936285935,9.21866541878976,36.841512222125,9.04794573566453,18.4519930956523
0.306122448979592,-0.102040816326531,9.9934612601042,19.9865105372102,10.003348852061,39.9751460393585,9.80636460230109,20.018810004269
0.346938775510204,-0.102040816326531,10.8434608336385,21.6865964175415,10.8546667711895,43.3753178000212,10.631417954795,21.7188958846003
0.387755102040816,-0.102040816326531,11.7657626321016,23.5312867477306,11.7782869152469,47.0646984603993,11.5287735322177,23.5635862147894
0.428571428571428,-0.102040816326531,12.7665164762646,25.5328811693194,12.7803591050041,51.0678873035769,12.5045811553403,25.5651806363782
0.469387755102041,-0.102040816326531,13.8523952730906,27.704725496234,13.8675562474243,55.4115759574061,13.5655137311258,27.7370249632928
0.510204081632653,-0.102040816326531,15.0306395079521,30.06130069922,15.0471188278801,60.124726363378,14.718811744947,30.0936001662788
0.551020408163265,-0.102040816326531,16.3091055212305,32.6183194590395,16.3269031867527,65.2387638830171,15.9723315371849,32.6506189260983
0.591836734693877,-0.102040816326531,17.6963178911834,35.392830932208,17.7154339022998,70.7877868293541,17.3345976860974,35.4251303992668
0.63265306122449,-0.102040816326531,19.2015262723505,38.403334427805,19.2219606290612,76.8087938205482,18.8148598462241,38.4356338948638
0.673469387755102,-0.102040816326531,20.8347670684715,41.6699027533098,20.8565197707764,83.3419304715577,20.4231544213047,41.7022022203686
0.714285714285714,-0.102040816326531,22.606930351126,45.2143160518816,22.6300013990252,90.4307570687013,22.1703714829188,45.2466155189404
0.755102040816326,-0.102040816326531,24.5298324702823,49.0602070234569,24.5542218637757,98.122539011852,24.0683273810346,49.0925064905157
0.795918367346939,-0.102040816326531,26.6162948408916,53.2332184979383,26.6420025799792,106.468561960815,26.1298435306035,53.2655179649971
0.836734693877551,-0.102040816326531,28.8802294308454,57.7611744111087,28.9072555155272,115.524473787156,28.3688318995169,57.7934738781675
0.877551020408163,-0.102040816326531,31.3367315202941,62.674265323269,31.3650759505702,125.350655611476,30.8003877679252,62.7065647903278
0.918367346938775,-0.102040816326531,34.0021803508086,68.0052497175606,34.0318431266789,136.012624400059,33.4408903773992,68.0375491846194
0.959183673469388,-0.102040816326531,36.8943483354714,73.789672420149,36.9253294569359,147.581469805236,36.3081121410216,73.8219718872078
1,-0.102040816326531,40.0325195580675,80.066101598604,40.0648190251263,160.134328162146,39.4213371425773,80.0984010656628
-1,-0.061224489795919,0.764017492138782,1.52734649563763,0.752542681473158,3.05515198370188,1.13113493470098,1.53882130630325
-0.959183673469388,-0.061224489795919,0.82897375064598,1.65727774703678,0.817967299599361,3.31501448650019,1.18110680779748,1.66875255770241
-0.918367346938775,-0.061224489795919,0.899455799745662,1.79826057962091,0.888917708318049,3.59698015166844,1.23660447148646,1.80973539028653
-0.877551020408163,-0.061224489795919,0.975933647405015,1.95123500932437,0.965863915596406,3.90292901107537,1.29809793373511,1.96270981999
-0.836734693877551,-0.061224489795919,1.05891727912666,2.11722100715242,1.04931590693705,4.23490100673147,1.36609718004605,2.12869581781804
-0.795918367346939,-0.061224489795919,1.14896005832364,2.29732529993115,1.13982704575305,4.59510959228893,1.44115557383233,2.30880011059678
-0.755102040816326,-0.061224489795919,1.24666241592064,2.4927487495099,1.23799776296904,4.98595649144642,1.52387354601862,2.50422356017552
-0.714285714285714,-0.061224489795919,1.35267585378204,2.70479435961745,1.34447956044945,5.41004771166153,1.61490259846932,2.71626917028308
-0.673469387755102,-0.061224489795919,1.46770728866026,2.93487596375866,1.45997935494668,5.87021091994395,1.71494964793684,2.94635077442429
-0.63265306122449,-0.061224489795919,1.59252376562787,3.18452765207864,1.58526419153329,6.36951429658391,1.82478173949375,3.19600246274427
-0.591836734693878,-0.061224489795919,1.72795757242076,3.45541400004919,1.72116635794519,6.911286992525,1.94523116087594,3.46688881071481
-0.551020408163265,-0.061224489795919,1.87491178879279,3.74934116717801,1.86858893393622,7.49914132678264,2.07720099183727,3.76081597784363
-0.510204081632653,-0.061224489795919,2.03436630788265,4.06826893974249,2.02851181264509,8.1369968719116,2.22167112551643,4.07974375040811
-0.469387755102041,-0.061224489795919,2.20738436974102,4.41432379784399,2.20199823412247,8.82910658811461,2.3797048019641,4.42579860850962
-0.428571428571429,-0.061224489795919,2.39511965058089,4.78981309390849,2.39020187458134,9.58008518024361,2.55245569739326,4.80128790457412
-0.387755102040816,-0.061224489795919,2.59882395501923,5.19724043716993,2.59437453863868,10.3949398667665,2.7411756164209,5.20871524783555
-0.346938775510204,-0.061224489795919,2.81985556259882,5.63932238671386,2.81587450583727,11.2791037658543,2.94722283858978,5.65079719737949
-0.306122448979592,-0.061224489795919,3.05968828424135,6.11900656438369,3.05617558709882,12.238472121194,3.17207117482162,6.13048137504932
-0.26530612244898,-0.061224489795919,3.31992128901661,6.63949130831897,3.31687695149308,13.2794416090646,3.41731979418617,6.65096611898459
-0.224489795918367,-0.061224489795919,3.60228976674852,7.20424699816754,3.59971378884399,14.4089529887617,3.68470388650738,7.21572180883316
-0.183673469387755,-0.061224489795919,3.90867649755204,7.81703919415935,3.90656887926652,15.6345373807453,3.9761062319002,7.82851400482498
-0.142857142857143,-0.061224489795919,4.24112440544188,8.48195374432379,4.23948514677536,16.9643664810742,4.29356975437934,8.49342855498942
-0.102040816326531,-0.061224489795919,4.60185017971521,9.20342402725521,4.6006792806677,18.407307046937,4.63931114324197,9.21489883792083
-0.061224489795919,-0.061224489795919,4.99325905493038,9.9862605120703,4.99255651550187,19.9729800165672,5.01573563304643,9.99773532273592
-0.020408163265306,-0.061224489795919,5.41796084802837,10.835682832651,5.41772666821887,21.6718246577287,5.42545304073372,10.8471576433167
0.020408163265306,-0.061224489795919,5.87878735952604,11.7573545900311,5.87902153933554,23.5151681724889,5.87129516682069,11.7688294006968
0.061224489795918,-0.061224489795919,6.3788112548051,12.757421114974,6.3795137942336,25.5153012223747,6.35633467668904,12.7688959256396
0.102040816326531,-0.061224489795919,6.9213665513897,13.842550442528,6.92253745043721,27.6855598774826,6.88390558786294,13.8540252531936
0.142857142857143,-0.061224489795919,7.51007084881326,15.0199777717599,7.51171010747977,30.0404145359463,7.4576254998758,15.0314525824255
0.183673469387755,-0.061224489795919,8.14884944929433,16.2975537071068,8.15095706757986,32.5955664066402,8.08141971494617,16.3090285177724
0.224489795918367,-0.061224489795919,8.84196153004827,17.6837966029994,8.8445375079528,35.3680521984255,8.75954741028941,17.695271413665
0.265306122448979,-0.061224489795919,9.59402854174097,19.1879493607696,9.5970728792645,38.3763577139657,9.4966300365714,19.1994241714352
0.306122448979592,-0.061224489795919,10.4100650224339,20.8200410565403,10.4135777195765,41.6405411055072,10.2976821318537,20.8315158672059
0.346938775510204,-0.061224489795919,11.2955120324757,22.5909538110085,11.2994930892372,45.1823666144436,11.1681447564847,22.6024286216741
0.387755102040816,-0.061224489795919,12.2562734332692,24.5124953469804,12.2607228496498,49.0254496863874,12.1139217718676,24.523970157646
0.428571428571428,-0.061224489795919,13.2987552518084,26.5974777184434,13.3036730278079,53.1954144293134,13.141419204996,26.608952529109
0.469387755102041,-0.061224489795919,14.4299083934485,28.8598027361083,14.435294529067,57.7200644646433,14.2575879612254,28.871277546774
0.510204081632653,-0.061224489795919,15.657274987704,31.3145546590041,15.6631294829415,62.6295683104349,15.4699701700702,31.3260294696698
0.551020408163265,-0.061224489795919,16.989038676087,33.9781007701549,16.9953615309436,67.9566605327365,16.7867494730425,33.9895755808205
0.591836734693877,-0.061224489795919,18.4340791772856,36.868200506937,18.4408703917612,73.7368600063006,18.2168055888305,36.8796753176026
0.63265306122449,-0.061224489795919,20.0020314935009,40.0041238737524,20.0092910675955,80.0087067399314,19.7697735196351,40.015598684418
0.673469387755102,-0.061224489795919,21.7033501527053,43.4067799265459,21.7110780864189,86.8140188455184,21.4561077934288,43.4182547372115
0.714285714285714,-0.061224489795919,23.5493789151645,47.0988561858489,23.557575208497,94.1981713641244,23.2871521704772,47.1103309965145
0.755102040816326,-0.061224489795919,25.5524264089965,51.1049699078978,25.5610910619481,102.210398808222,25.2752152788985,51.1164447185634
0.795918367346939,-0.061224489795919,27.7258481990763,55.4518322224421,27.7349812116469,110.904123437311,27.4336526835676,55.4633070331077
0.836734693877551,-0.061224489795919,30.084135836486,60.1684262316462,30.0937372086756,120.337311455719,29.7769559355666,60.1799010423118
0.877551020408163,-0.061224489795919,32.6430134822575,65.2862002575741,32.6530832140661,130.572859507575,32.3208491959274,65.2976750682397
0.918367346938775,-0.061224489795919,35.4195427496552,70.8392775267542,35.4300808410828,141.679014045935,35.0823940779144,70.8507523374198
0.959183673469388,-0.061224489795919,38.4322364640427,76.8646836899139,38.4432429150893,153.729826372255,38.0801034068912,76.8761585005796
1,-0.061224489795919,41.70118209884,83.4025936938934,41.7126569095056,166.805646380213,41.3340646562778,83.414068504559
-1,-0.020408163265306,0.795616486104844,1.59120747263043,0.794358506861502,3.18243194498037,0.918056965836929,1.59246545187377
-0.959183673469388,-0.020408163265306,0.863288282376093,1.72655175903903,0.862081649224315,3.45312051779757,0.980731191506868,1.72780973828237
-0.918367346938775,-0.020408163265306,0.936716077889476,1.8734080439319,0.935560790829264,3.74683308758331,1.04916141641894,1.87466602317524
-0.877551020408163,-0.020408163265306,1.01638946150249,2.03275550502403,1.01528552053384,4.06552800976756,1.12383722943064,2.03401348426737
-0.836734693877551,-0.020408163265306,1.10283966510266,2.20565660609048,1.10178707022558,4.41133021190047,1.20528986242951,2.20691458533382
-0.795918367346939,-0.020408163265306,1.1966431056448,2.39326418104085,1.19564185685928,4.78654536180121,1.29409573237034,2.3945221602842
-0.755102040816326,-0.020408163265306,1.29842522846373,2.59682912054481,1.29747532576977,5.19367524080912,1.39088028458795,2.59808709978815
-0.714285714285714,-0.020408163265306,1.4088646774883,2.81770871246006,1.40796612088591,5.63543442463963,1.49632216301122,2.8189666917034
-0.673469387755102,-0.020408163265306,1.52869782016189,3.05737569167335,1.52785060965107,6.1147683830662,1.6111577350835,3.05863367091669
-0.63265306122449,-0.020408163265306,1.65872365723968,3.31742805969502,1.65792779282042,6.63487311910954,1.73618600155998,3.31868603893836
-0.591836734693878,-0.020408163265306,1.79980915019927,3.59959973948031,1.79906463187158,7.19921647868013,1.87227392391826,3.60085771872365
-0.551020408163265,-0.020408163265306,1.9528950017857,3.90577213651927,1.95220182954957,7.81156127275805,2.02036220490338,3.90703011576261
-0.510204081632653,-0.020408163265306,2.11900192823301,4.23798668327999,2.11836010208845,8.47599036627949,2.18147156074938,4.23924466252334
-0.469387755102041,-0.020408163265306,2.29923746498314,4.59845845064636,2.29864698493015,9.19693390101223,2.3567095268982,4.5997164298897
-0.428571428571429,-0.020408163265306,2.49480335127983,4.98959091710583,2.49426421731839,9.97919883393116,2.54727784259358,4.99084889634917
-0.387755102040816,-0.020408163265306,2.70700354287491,5.4139919941621,2.70651575500504,10.8280009880437,2.75448046358735,5.41524997340544
-0.346938775510204,-0.020408163265306,2.93725290627265,5.87449141482368,2.93681646449435,11.7489998293669,2.97973225638378,5.87574939406703
-0.306122448979592,-0.020408163265306,3.18708665248157,6.37415960110763,3.18670155679484,12.7483362019348,3.2245684319914,6.37541758035097
-0.26530612244898,-0.020408163265306,3.4581705731743,6.91632813635919,3.45783682357913,13.8326732724379,3.49065478208281,6.91758611560253
-0.224489795918367,-0.020408163265306,3.75231214750596,7.50461197888861,3.75202974400235,15.0092409574967,3.77979878581316,7.50586995813195
-0.183673469387755,-0.020408163265306,4.07147259364678,8.14293356503635,4.07124153623474,16.2858841297922,4.09396166135268,8.1441915442797
-0.142857142857143,-0.020408163265306,4.4177799453837,8.83554896237629,4.41760023406322,17.6711149244721,4.43527144248828,8.83680694161963
-0.102040816326531,-0.020408163265306,4.79354324098029,9.58707624743557,4.79341487575138,19.1741694945906,4.80603716748356,9.58833422667891
-0.061224489795919,-0.020408163265306,5.20126791890067,10.4025262971424,5.20119089976332,20.8050695940044,5.20876427480263,10.4037842763858
-0.020408163265306,-0.020408163265306,5.64367252304963,11.2873361993065,5.64364685000385,22.5746893983324,5.64617130835029,11.2885941785498
0.020408163265306,-0.020408163265306,6.1237068289129,12.2474055048991,6.12373250195868,24.4948280095177,6.12120804361224,12.2486634841424
0.061224489795918,-0.020408163265306,6.64457151145497,13.2891355638493,6.64464853059232,26.5782881274182,6.637075155553,13.2903935430927
0.102040816326531,-0.020408163265306,7.20973948591233,14.4194722066302,7.20986785114125,28.8389614129798,7.19724555940906,14.4207301858735
0.142857142857143,-0.020408163265306,7.82297906377349,15.6459520562186,7.82315877509397,31.2919211121567,7.80548756666891,15.6472100354619
0.183673469387755,-0.020408163265306,8.48837907834058,16.9767527792189,8.48861013575263,33.9535225581572,8.46589001063469,16.9780107584622
0.224489795918367,-0.020408163265306,9.21037614739948,18.4207476112028,9.21065855090308,36.841512222125,9.18288950909227,18.4220055904461
0.265306122448979,-0.020408163265306,9.99378425477478,19.9875645198195,9.99411800436996,39.9751460393585,9.96130004586627,19.9888224990628
0.306122448979592,-0.020408163265306,10.8438268480074,21.6876504001508,10.8442119436941,43.3753178000212,10.8063450684976,21.6889083793942
0.346938775510204,-0.020408163265306,11.7661716661689,23.5323407303399,11.7666081079472,47.0646984603993,11.7236923160578,23.5335987095833
0.387755102040816,-0.020408163265306,12.7669685300302,25.5339351519287,12.7674563179001,51.0678873035769,12.7194916093178,25.5351931311721
0.428571428571428,-0.020408163265306,13.8528903465545,27.7057794788433,13.8534294805159,55.4115759574061,13.8004158552407,27.7070374580866
0.469387755102041,-0.020408163265306,15.0311776011144,30.0623546818293,15.0317680811674,60.124726363378,14.9737055391994,30.0636126610726
0.510204081632653,-0.020408163265306,16.3096866340911,32.6193734416488,16.3103284602357,65.2387638830171,16.2472170015748,32.6206314208921
0.551020408163265,-0.020408163265306,17.6969420237423,35.3938849148173,17.6976351959785,70.7877868293542,17.6294748206247,35.3951428940607
0.591836734693877,-0.020408163265306,19.2021934246078,38.4043884104143,19.2029379429355,76.8087938205482,19.1297286508888,38.4056463896577
0.63265306122449,-0.020408163265306,20.8354772404271,41.6709567359191,20.8362731048464,83.3419304715577,20.7580148961068,41.6722147151624
0.673469387755102,-0.020408163265306,22.60768354278,45.2153700344909,22.6085307532908,90.4307570687013,22.5252236278584,45.2166280137343
0.714285714285714,-0.020408163265306,24.5306286816346,49.0612610060662,24.531527238237,98.122539011852,24.4431711961117,49.0625189853096
0.755102040816326,-0.020408163265306,26.6171340719422,53.2342724805476,26.6180839746362,106.468561960815,26.524679015818,53.2355304597909
0.795918367346939,-0.020408163265306,28.8811116815944,57.762228393718,28.8821129303799,115.524473787156,28.7836590548688,57.7634863729613
0.836734693877551,-0.020408163265306,31.3376567907415,62.6753193058783,31.3387093856185,125.350655611476,31.2352065934146,62.6765772851216
0.877551020408163,-0.020408163265306,34.0031486409542,68.0063037001699,34.0042525819229,136.012624400059,33.8957008730261,68.0075616794132
0.918367346938775,-0.020408163265306,36.8953596453154,73.7907264027583,36.8965149323756,147.581469805236,36.7829143067859,73.7919843820016
0.959183673469388,-0.020408163265306,40.0335738876098,80.0671555812133,40.0347805207616,160.134328162146,39.916130978479,80.0684135604566
1,-0.020408163265306,43.4387157007175,86.8774399012948,43.4399736799609,173.754896802309,43.3162752209854,86.8786978805381
-1,0.020408163265306,0.828745121765295,1.65751574310985,0.827504142241457,3.31501448650019,0.706304642033211,1.65875672263369
-0.959183673469388,0.020408163265306,0.899236884990409,1.79849857569397,0.898046557692034,3.59698015166844,0.781793975859634,1.79973955521781
-0.918367346938775,0.020408163265306,0.975724446775193,1.95147300539744,0.974584771702281,3.90292901107537,0.863279108245728,1.95271398492128
-0.877551020408163,0.020408163265306,1.05871779262227,2.11745900322549,1.05762876977482,4.23490100673147,0.951270024694112,2.11869998274932
-0.836734693877551,0.020408163265306,1.14877028594468,2.29756329600422,1.1477319153227,4.59510959228893,1.04632008861784,2.29880427552805
-0.795918367346939,0.020408163265306,1.24648235766711,2.49298674558296,1.24549463927058,4.98595649144642,1.14902973094157,2.4942277251068
-0.755102040816326,0.020408163265306,1.35250550965394,2.70503235569052,1.35156844348288,5.41004771166154,1.26005045352971,2.70627333521436
-0.714285714285714,0.020408163265306,1.46754665865759,2.93511395983173,1.466660244712,5.87021091994395,1.38008917313468,2.93635493935557
-0.673469387755102,0.020408163265306,1.59237284975063,3.18476564815171,1.5915370880305,6.36951429658391,1.50991293482903,3.18600662767555
-0.63265306122449,0.020408163265306,1.72781637066896,3.45565199612225,1.72703126117428,6.911286992525,1.65035402634866,3.45689297564609
-0.591836734693878,0.020408163265306,1.87478030116642,3.74957916325107,1.87404584389721,7.49914132678264,1.80231552744743,3.75082014277491
-0.551020408163265,0.020408163265306,2.03424453438171,4.06850693581555,2.03356072933796,8.1369968719116,1.96677733126403,4.06974791533939
-0.510204081632653,0.020408163265306,2.20727231036552,4.41456179391706,2.20663915754723,8.82910658811462,2.14480267784915,4.4158027734409
-0.469387755102041,0.020408163265306,2.39501730533081,4.79005108998156,2.39443480473799,9.58008518024361,2.33754524341575,4.79129206950539
-0.428571428571429,0.020408163265306,2.59873132389458,5.19747843324299,2.59819947552722,10.3949398667665,2.54625683258083,5.19871941276683
-0.387755102040816,0.020408163265306,2.8197726455996,5.63956038278693,2.8192914494577,11.2791037658543,2.77229572488716,5.64080136231076
-0.346938775510204,0.020408163265306,3.05961508136757,6.11924456045676,3.05918453745113,12.238472121194,3.01713573125644,6.1204855399806
-0.306122448979592,0.020408163265306,3.31985780026826,6.63972930439204,3.31947790857729,13.2794416090646,3.28237602075844,6.64097028391587
-0.26530612244898,0.020408163265306,3.60223599212559,7.2044849942406,3.60190675266009,14.4089529887617,3.56975178321708,7.20572597376444
-0.224489795918367,0.020408163265306,3.90863243705455,7.81727719023242,3.90835384981451,15.6345373807453,3.88114579874735,7.81851816975626
-0.183673469387755,0.020408163265306,4.24109005906982,8.48219174039686,4.24086212405524,16.9643664810742,4.21860099136393,8.48343271992069
-0.142857142857143,0.020408163265306,4.60182554746858,9.20366202332827,4.60164826467946,18.407307046937,4.584334050364,9.20490300285211
-0.102040816326531,0.020408163265306,4.99324413680918,9.98649850814337,4.99311750624552,19.9729800165672,4.9807502103059,9.9877394876672
-0.061224489795919,0.020408163265306,5.4179556440326,10.8359208287241,5.41787966569441,21.6718246577287,5.41045928813064,10.837161808248
-0.020408163265306,0.020408163265306,5.8787918696557,11.7575925861042,5.87876654354297,23.5151681724889,5.87629308435505,11.758833565628
0.020408163265306,0.020408163265306,6.37882547906019,12.7576591110471,6.37885080517293,25.5153012223747,6.38132426436085,12.7589000905709
0.061224489795918,0.020408163265306,6.92139048977022,13.842788438601,6.92146646810842,27.6855598774826,6.92888684567219,13.8440294181249
0.102040816326531,0.020408163265306,7.51010450131921,15.0202157678329,7.51023113188287,30.0404145359463,7.52259842782249,15.0214567473568
0.142857142857143,0.020408163265306,8.14889281592572,16.2977917031798,8.14907009871484,32.5955664066402,8.16638431303031,16.2990326827037
0.183673469387755,0.020408163265306,8.8420146108051,17.6840345990725,8.84224254581968,35.3680521984255,8.86450367851099,17.6852755785963
0.224489795918367,0.020408163265306,9.59409133662322,19.1881873568426,9.59436992386326,38.3763577139657,9.62157797493042,19.1894283363665
0.265306122448979,0.020408163265306,10.4101375314416,20.8202790526133,10.4104667709071,41.6405411055072,10.4426217403501,20.8215200321372
0.306122448979592,0.020408163265306,11.2955942556088,22.5911918070816,11.2959741472998,45.1823666144436,11.3330760351186,22.5924327866054
0.346938775510204,0.020408163265306,12.2563653705278,24.5127333430535,12.2567959144442,49.0254496863874,12.2988447206389,24.5139743225773
0.387755102040816,0.020408163265306,13.2988569031923,26.5977157145165,13.2993380993342,53.1954144293134,13.3463338239048,26.5989566940403
0.428571428571428,0.020408163265306,14.4300197589579,28.8600407321814,14.4305516073252,57.7200644646433,14.4824942502716,28.8612817117052
0.469387755102041,0.020408163265306,15.6573960673388,31.3147926550772,15.6579785679316,62.6295683104349,15.7148681292539,31.316033634601
0.510204081632653,0.020408163265306,16.9891694698473,33.978338766228,16.9898026226655,67.9566605327365,17.0516391023636,33.9795797457518
0.551020408163265,0.020408163265306,18.4342196851714,36.8684385030101,18.4349034902151,73.7368600063007,18.501686888289,36.8696794825339
0.591836734693877,0.020408163265306,20.0021817155121,40.0043618698254,20.0029161727813,80.0087067399314,20.0746464892311,40.0056028493493
0.63265306122449,0.020408163265306,21.7035100888419,43.407017922619,21.7042951983366,86.8140188455184,21.7809724331622,43.4082589021428
0.673469387755102,0.020408163265306,23.5495485654264,47.099094181922,23.5503843271466,94.1981713641244,23.6320084803481,47.1003351614458
0.714285714285714,0.020408163265306,25.5526057733839,51.1052079039708,25.5534921873295,102.210398808222,25.6400632589068,51.1064488834947
0.755102040816326,0.020408163265306,27.7260372775892,55.4520702185152,27.7269743437602,110.904123437311,27.8184923337134,55.453311198039
0.795918367346939,0.020408163265306,30.0843346291242,60.1686642277193,30.0853223475208,120.337311455719,30.1817872558498,60.1699052072431
0.836734693877551,0.020408163265306,32.6432219890212,65.2864382536472,32.6442603596432,130.572859507575,32.7456721863481,65.287679233171
0.877551020408163,0.020408163265306,35.4197609705444,70.8395155228273,35.4208499933918,141.679014045935,35.5272087384725,70.8407565023511
0.918367346938775,0.020408163265306,38.4324643990573,76.864921685987,38.4336040741302,153.729826372255,38.5449097375867,76.8661626655108
0.959183673469388,0.020408163265306,41.70141974798,83.4028316899664,41.7026100752784,166.805646380213,41.8188626571108,83.4040726694903
1,0.020408163265306,45.2484230738557,90.4968376478517,45.2496640533796,180.993658295984,45.3708635535878,90.4980786273756
-1,0.061224489795918,0.863050633236079,1.7267897551121,0.85203481499708,3.45312051779757,0.495933190673882,1.73780557335109
-0.959183673469388,0.061224489795918,0.936488142874894,1.87364604000497,0.92592194987014,3.74683308758331,0.584355085723399,1.88466185824396
-0.918367346938775,0.061224489795918,1.01617124061334,2.03299350109709,1.00605467284283,4.06552800976755,0.679022568872543,2.04400931933609
-0.877551020408163,0.061224489795918,1.10263115833894,2.20589460216354,1.09296421580268,4.41133021190047,0.780466872008853,2.21691042040254
-0.836734693877551,0.061224489795918,1.19644431300651,2.39350217711392,1.18722699570449,4.78654536180121,0.889264412087122,2.40451799535292
-0.795918367346939,0.061224489795918,1.29823614995087,2.59706711661787,1.28946845788309,5.19367524080912,1.00604063444218,2.60808293485687
-0.755102040816326,0.061224489795918,1.40868531310087,2.81794670853313,1.40036724626734,5.63543442463963,1.13147418300289,2.82896252677212
-0.714285714285714,0.061224489795918,1.5285281698999,3.05761368774641,1.52065972830061,6.1147683830662,1.26630142521261,3.06862950598541
-0.673469387755102,0.061224489795918,1.65856372110311,3.31766605576808,1.65114490473807,6.63487311910954,1.41132136182653,3.32868187400708
-0.63265306122449,0.061224489795918,1.79965892818814,3.59983773555338,1.79268973705734,7.19921647868013,1.56740095432226,3.61085355379237
-0.591836734693878,0.061224489795918,1.9527544939,3.90601013259234,1.94623492800345,7.81156127275805,1.73548090544482,3.91702595083133
-0.551020408163265,0.061224489795918,2.11887113447274,4.23822467935306,2.11280119381043,8.47599036627949,1.91658193142827,4.24924049759206
-0.510204081632653,0.061224489795918,2.29911638534831,4.59869644671943,2.29349606992024,9.19693390101223,2.11181156771453,4.60971226495843
-0.469387755102041,0.061224489795918,2.49469198577042,4.98982891317889,2.4895212955766,9.97919883393116,2.32237155354735,5.00084473141789
-0.428571428571429,0.061224489795918,2.70690189149093,5.41422999023516,2.70218082653136,10.8280009880437,2.54956584467856,5.42524580847416
-0.387755102040816,0.061224489795918,2.93716096901411,5.87472941089675,2.93288952928878,11.7489998293669,2.79480930761244,5.88574522913575
-0.346938775510204,0.061224489795918,3.18700442934846,6.37439759718069,3.18318261485738,12.7483362019348,3.05963715335749,6.38541341541969
-0.306122448979592,0.061224489795918,3.45809806416662,6.91656613243225,3.45472587490978,13.8326732724379,3.34571517358636,6.92758195067125
-0.26530612244898,0.061224489795918,3.75224935262371,7.50484997496167,3.74932678860112,15.0092409574967,3.65485084745415,7.51586579320067
-0.224489795918367,0.061224489795918,4.07141951288996,8.14317156110942,4.06894657410162,16.2858841297922,3.9890053931311,8.15418737934842
-0.183673469387755,0.061224489795918,4.41773657875231,8.83578695844935,4.41571326519821,17.6711149244721,4.35030684440415,8.84680277668835
-0.142857142857143,0.061224489795918,4.79350958847433,9.58731424350864,4.79193590015447,19.1741694945906,4.74106423953687,9.59833006174764
-0.102040816326531,0.061224489795918,5.20124398052014,10.4027642932155,5.20011991743453,20.8050695940044,5.16378301699338,10.4137801114545
-0.061224489795919,0.061224489795918,5.64365829879454,11.2875741953795,5.64298386094317,22.5746893983324,5.62118172067848,11.2985900136185
-0.020408163265306,0.061224489795918,6.12370231878323,12.2476435009722,6.12347750616611,24.4948280095177,6.11621012607788,12.2586593192112
0.020408163265306,0.061224489795918,6.64457671545074,13.2893735599224,6.64480152806786,26.5782881274182,6.65206890815609,13.3003893781614
0.061224489795918,0.061224489795918,7.20975440403353,14.4197102027032,7.2104288418849,28.8389614129798,7.23223098214958,14.4307260209422
0.102040816326531,0.061224489795918,7.82300369602012,15.6461900522917,7.82412775910573,31.2919211121567,7.86046465954688,15.6572058705307
0.142857142857143,0.061224489795918,8.48841342471264,16.9769907752919,8.4899871130325,33.9535225581572,8.5408587736501,16.9880065935309
0.183673469387755,0.061224489795918,9.21042020789697,18.4209856072758,9.21244352145107,36.841512222125,9.27784994224513,18.4320014255148
0.224489795918367,0.061224489795918,9.9938380293977,19.9878025158925,9.99631096818605,39.9751460393585,10.0762521491566,19.9988183341315
0.265306122448979,0.061224489795918,10.8438903367558,21.6878883962239,10.8468129007783,43.3753178000212,10.9412888419253,21.6989042144629
0.306122448979592,0.061224489795918,11.7662448690427,23.532578726413,11.7696170582995,47.0646984603993,11.8786277596229,23.543594544652
0.346938775510204,0.061224489795918,12.7670514470295,25.5341731480018,12.7708732615205,51.0678873035769,12.8944187230204,25.5451889662408
0.387755102040816,0.061224489795918,13.8529829776791,27.7060174749164,13.8572544174045,55.4115759574061,13.9953346390808,27.7170332931554
0.428571428571428,0.061224489795918,15.0312799463645,30.0625926779023,15.0360010113241,60.124726363378,15.1886159931769,30.0736084961413
0.469387755102041,0.061224489795918,16.3097986934666,32.6196114377218,16.3149693836605,65.2387638830171,16.4821191256897,32.6306272559608
0.510204081632653,0.061224489795918,17.6970637972433,35.3941229108904,17.7026841126713,70.7877868293541,17.8843686148771,35.4051387291294
0.551020408163265,0.061224489795918,19.2023249122342,38.4046264064874,19.2083948528965,76.8087938205482,19.4046141152787,38.4156422247264
0.591836734693877,0.061224489795918,20.8356184421789,41.6711947319922,20.8421380080755,83.3419304715577,21.0528920306341,41.6822105502312
0.63265306122449,0.061224489795918,22.6078344586572,45.215608030564,22.614803649788,90.4307570687013,22.8400924325231,45.226623848803
0.673469387755102,0.061224489795918,24.5307893116373,49.0614990021393,24.5382081280023,98.1225390118519,24.7780316709138,49.0725148203783
0.714285714285714,0.061224489795918,26.6173044160703,53.2345104766207,26.6251728576696,106.468561960815,26.8795311607576,53.2455262948596
0.755102040816326,0.061224489795918,28.8812917398479,57.7624663897911,28.8896098066814,115.524473787156,29.1585028699459,57.7734822080301
0.795918367346939,0.061224489795918,31.3378465631204,62.6755573019513,31.3466142551882,125.350655611476,31.6300420786291,62.6865731201903
0.836734693877551,0.061224489795918,34.0033481274586,68.0065416962429,34.0125654447606,136.012624400059,34.310528028378,68.0175575144819
0.877551020408163,0.061224489795918,36.8955688459452,73.7909643988313,36.9052357884814,147.581469805236,37.2177331322753,73.8019802170703
0.918367346938775,0.061224489795918,40.0337928023651,80.0673935772863,40.0439093701356,160.134328162146,40.3709414741059,80.0784093955253
0.959183673469388,0.061224489795918,43.4389443295982,86.8776778973678,43.4495105226029,173.754896802309,43.7910773867497,86.8886937156068
1,0.061224489795918,47.1337275245234,94.2672255528334,47.1447433427624,188.53399211324,47.5008449670856,94.2782413710724
-1,0.102040816326531,0.898182555448071,1.79955255830326,0.868008053327356,3.59698015166844,0.287000139957927,1.82972706042397
-0.959183673469388,0.102040816326531,0.974713136931193,1.95252698800673,0.945770247141936,3.90292901107537,0.388476942481463,1.98270149012744
-0.918367346938775,0.102040816326531,1.05774950247661,2.11851298583477,1.03003822501881,4.23490100673147,0.49645952906729,2.14868748795549
-0.877551020408163,0.102040816326531,1.14784501549736,2.2986172786135,1.12136535037102,4.59510959228893,0.61150126312846,2.32879178073422
-0.836734693877551,0.102040816326531,1.24560010691812,2.49404072819225,1.22035205412324,4.98595649144642,0.734202575589635,2.52421523031296
-0.795918367346939,0.102040816326531,1.35166627860329,2.70608633829981,1.32764983813987,5.41004771166153,0.865214968315218,2.73626084042052
-0.755102040816326,0.102040816326531,1.46675044730529,2.93616794244102,1.44396561917332,5.87021091994395,1.00524535805763,2.96634244456173
-0.714285714285714,0.102040816326531,1.59161965809666,3.18581963076099,1.57006644229615,6.36951429658391,1.15506078988942,3.21599413288171
-0.673469387755102,0.102040816326531,1.72710619871333,3.45670597873154,1.70678459524427,6.911286992525,1.31549355154649,3.48688048085225
-0.63265306122449,0.102040816326531,1.87411314890912,3.75063314586036,1.85502315777153,7.49914132678264,1.48744672278271,3.78080764798107
-0.591836734693878,0.102040816326531,2.03362040182275,4.06956091842484,2.01576202301662,8.1369968719116,1.67190019673675,4.09973542054555
-0.551020408163265,0.102040816326531,2.2066911975049,4.41561577652635,2.19006443103022,8.82910658811461,1.86991721345931,4.44579027864706
-0.510204081632653,0.102040816326531,2.39447921216853,4.79110507259084,2.37908405802531,9.58008518024361,2.08265144916336,4.82127957471156
-0.469387755102041,0.102040816326531,2.59823625043064,5.19853241585228,2.58407270861888,10.3949398667665,2.31135470846588,5.22870691797299
-0.428571428571429,0.102040816326531,2.819320591834,5.64061436539621,2.80638866235369,11.2791037658543,2.55738527090965,5.67078886751693
-0.387755102040816,0.102040816326531,3.0592060473003,6.12029854306604,3.04750573015145,12.238472121194,2.82221694741637,6.15047304518676
-0.346938775510204,0.102040816326531,3.31949178589933,6.64078328700132,3.30902308108194,13.2794416090646,3.10744890705581,6.67095778912204
-0.306122448979592,0.102040816326531,3.60191299745501,7.20553897684989,3.59267590496907,14.4089529887617,3.4148163396519,7.23571347897061
-0.26530612244898,0.102040816326531,3.9083524620823,7.81833117284171,3.90034698192783,15.6345373807453,3.74620202531961,7.84850567496242
-0.224489795918367,0.102040816326531,4.24085310379591,8.48324572300614,4.23407923597289,16.9643664810742,4.10364888807363,8.51342022512686
-0.183673469387755,0.102040816326531,4.60163161189301,9.20471600593756,4.59608935640145,18.407307046937,4.48937361721114,9.23489050805827
-0.142857142857143,0.102040816326531,4.99309322093194,9.98755249075265,4.98878257777184,19.9729800165672,4.90578144729049,10.0177269928734
-0.102040816326531,0.102040816326531,5.41784774785371,10.8369748113334,5.41476871702506,21.6718246577287,5.35548219525267,10.8671493134541
-0.061224489795919,0.102040816326531,5.87872699317514,11.7586465687135,5.87687957467795,23.5151681724889,5.84130766161452,11.7888210708342
-0.020408163265306,0.102040816326531,6.37880362227797,12.7587130936564,6.37818781611224,25.5153012223747,6.36633051175776,12.7888875957771
0.020408163265306,0.102040816326531,6.92141165268634,13.8438424212103,6.92202745885207,27.6855598774826,6.93388476320655,13.874016923331
0.061224489795918,0.102040816326531,7.51016868393367,15.0212697504422,7.51201610243085,30.0404145359463,7.54758801549429,15.0514442525629
0.102040816326531,0.102040816326531,8.14900001823852,16.2988456857891,8.15207904906716,32.5955664066402,8.21136557083955,16.3290201879098
0.142857142857143,0.102040816326531,8.84216483281623,17.6850885816818,8.84647547597633,35.3680521984255,8.92947660645768,17.7152630838025
0.183673469387755,0.102040816326531,9.59428457833269,19.1892413394519,9.59982683382425,38.3763577139657,9.70654257301455,19.2194158415726
0.224489795918367,0.102040816326531,10.4103737928494,20.8213330352226,10.4171476606724,41.6405411055071,10.5475780085717,20.8515075373433
0.265306122448979,0.102040816326531,11.2958735367149,22.5922457896908,11.3038790168694,45.1823666144436,11.4580239734776,22.6224202918115
0.306122448979592,0.102040816326531,12.2566876713323,24.5137873256627,12.2659247638182,49.0254496863874,12.4437843291354,24.5439618277835
0.346938775510204,0.102040816326531,13.2992222236952,26.5987696971258,13.3096909285126,53.1954144293134,13.5112651025387,26.6289441992465
0.387755102040816,0.102040816326531,14.430428099159,28.8610947147907,14.4421284163079,57.7200644646433,14.667417199043,28.8912692169114
0.428571428571428,0.102040816326531,15.6578474272383,31.3158466376865,15.6707793567186,62.6295683104349,15.9197827481627,31.3460211398072
0.469387755102041,0.102040816326531,16.9896638494451,33.9793927488373,17.0038273912569,67.9566605327365,17.2765453914099,34.009567250958
0.510204081632653,0.102040816326531,18.4347570844675,36.8694924856194,18.4501522386108,73.7368600063006,18.7465848474727,36.8996669877401
0.551020408163265,0.102040816326531,20.0027621345066,40.0054158524347,20.0193889009813,80.0087067399314,20.3395361185522,40.0355903545554
0.591836734693877,0.102040816326531,21.7041335275348,43.4080719052283,21.7219919063409,86.8140188455184,22.0658537326207,43.438246407349
0.63265306122449,0.102040816326531,23.5502150238176,47.1001481645312,23.5693050149552,94.1981713641244,23.9368814499441,47.130322666652
0.673469387755102,0.102040816326531,25.5533152514735,51.1062618865801,25.5736368549425,102.210398808222,25.9649278986403,51.1364363887008
0.714285714285714,0.102040816326531,27.726789775377,55.4531242011245,27.7483429911775,110.904123437311,28.1633486435843,55.4832987032452
0.755102040816326,0.102040816326531,30.0851301466105,60.1697182103286,30.1079149747424,120.337311455719,30.5466352358581,60.1998927124493
0.795918367346939,0.102040816326531,32.6440605262058,65.2874922362564,32.6680769666692,130.572859507575,33.1305118364939,65.3176667383771
0.836734693877551,0.102040816326531,35.4206425274272,70.8405695054365,35.4458905802221,141.679014045935,35.9320400587557,70.8707440075573
0.877551020408163,0.102040816326531,38.4333889756385,76.8659756685963,38.4598686407648,153.729826372254,38.9697327280074,76.896150170717
0.918367346938775,0.102040816326531,41.7023873442596,83.4038856725757,41.7300986217174,166.805646380213,42.2636773176689,83.4340601746964
0.959183673469388,0.102040816326531,45.2494336898336,90.497891630461,45.2783765796229,180.993658295984,45.8356698842834,90.5280661325817
1,0.102040816326531,49.0981779792279,98.1952934759867,49.1283524813486,196.388461987035,49.709360394718,98.2254679781075
-1,0.142857142857143,0.933792820000783,1.8763319956867,0.875483782099908,3.74683308758331,0.07956541475297,1.93464103358757
-0.959183673469388,0.142857142857143,1.01358554858338,2.03567945677882,0.957656471413151,4.06552800976756,0.194224568039557,2.0939884946797
-0.918367346938775,0.142857142857143,1.10015509715314,2.20858055784528,1.04660598071356,4.41133021190047,0.315660541313309,2.26688959574615
-0.877551020408163,0.142857142857143,1.19407788266486,2.39618813279565,1.14290872695593,4.78654536180121,0.444449751529021,2.45449717069652
-0.836734693877551,0.142857142857143,1.29597935045337,2.5997530722996,1.24719015547508,5.19367524080912,0.581217644021522,2.65806211020048
-0.795918367346939,0.142857142857143,1.40653814444752,2.82063266421486,1.36012891019989,5.63543442463963,0.726642862719673,2.87894170211573
-0.755102040816326,0.142857142857143,1.5264906320907,3.06029964342814,1.48246135857371,6.1147683830662,0.881461775066842,3.11860868132902
-0.714285714285714,0.142857142857143,1.65663581413807,3.32035201144982,1.61498650135173,6.63487311910954,1.0464733818182,3.37866104935069
-0.673469387755102,0.142857142857143,1.79784065206725,3.60252369123511,1.75857130001156,7.19921647868013,1.22254464445137,3.66083272913598
-0.63265306122449,0.142857142857143,1.95104584862326,3.90869608827407,1.91415645729822,7.81156127275805,1.41061626571138,3.96700512617494
-0.591836734693878,0.142857142857143,2.11727212004015,4.24091063503479,2.08276268944576,8.47599036627949,1.61170896183226,4.29921967293566
-0.551020408163265,0.142857142857143,2.29762700175987,4.60138240240116,2.26549753189612,9.19693390101223,1.82693026825597,4.65969144030203
-0.510204081632653,0.142857142857143,2.49331223302613,4.99251486886062,2.46356272389304,9.97919883393116,2.05748192422623,5.0508239067615
-0.469387755102041,0.142857142857143,2.7056317695908,5.41691594591689,2.67826222118835,10.8280009880437,2.30466788549489,5.47522498381777
-0.428571428571429,0.142857142857143,2.93600047795813,5.87741536657848,2.91101089028632,11.7489998293669,2.56990301856621,5.93572440447936
-0.387755102040816,0.142857142857143,3.18595356913663,6.37708355286242,3.16334394219548,12.7483362019348,2.8547225344487,6.4353925907633
-0.346938775510204,0.142857142857143,3.45715683479894,6.91925208811399,3.43692716858844,13.8326732724379,3.16079222481501,6.97756112601486
-0.306122448979592,0.142857142857143,3.75141775410019,7.50753593064341,3.73356804862033,15.0092409574967,3.48991956882024,7.56584496854428
-0.26530612244898,0.142857142857143,4.07069754521059,8.14585751679115,4.05522780046138,16.2858841297922,3.84406578463464,8.20416655469202
-0.224489795918367,0.142857142857143,4.41712424191709,8.83847291413108,4.40403445789853,17.6711149244721,4.22535890604513,8.89678195203196
-0.183673469387755,0.142857142857143,4.79300688248327,9.59000019919037,4.78229705919535,19.1741694945906,4.6361079713153,9.64830923709124
-0.142857142857143,0.142857142857143,5.20085090537323,10.4054502488972,5.19252104281596,20.8050695940044,5.07881841890925,10.4637592867981
-0.102040816326531,0.142857142857143,5.64337485449178,11.2902601510613,5.63742495266516,22.5746893983324,5.55620879273179,11.3485691889621
-0.061224489795919,0.142857142857143,6.12352850532462,12.2503294566539,6.11995856422865,24.4948280095177,6.07122886826863,12.3086384945548
-0.020408163265306,0.142857142857143,6.64451253283628,13.2920595156041,6.64332255247096,26.5782881274182,6.62707932048428,13.350368553505
0.020408163265306,0.142857142857143,7.20979985226323,14.422396158385,7.21098983262855,28.8389614129798,7.22723306461522,14.4807051962858
0.061224489795918,0.142857142857143,7.82315877509397,15.6488760079734,7.82672871618994,31.2919211121567,7.87545841214996,15.7071850458743
0.102040816326531,0.142857142857143,8.48867813463064,16.9796767309737,8.49462803645726,33.9535225581572,8.57584419639062,17.0379857688745
0.142857142857143,0.142857142857143,9.21079454865912,18.4236715629576,9.21912441121639,36.841512222125,9.3328270351231,18.4819806008584
0.183673469387755,0.142857142857143,9.99432200100401,19.9904884715743,10.0050318242919,39.9751460393585,10.151220912172,20.0487975094752
0.224489795918367,0.142857142857143,10.8444839392062,21.6905743519056,10.8575737232248,43.3753178000212,11.0362492750782,21.7488833898065
0.265306122448979,0.142857142857143,11.7669481023373,23.5352646820947,11.7824178470865,47.0646984603993,11.9935798629132,23.5935737199956
0.306122448979592,0.142857142857143,12.7678643111682,25.5368591036835,12.7857140166481,51.0678873035769,13.0293624964482,25.5951681415844
0.346938775510204,0.142857142857143,13.8539054726621,27.7087034305981,13.8741351388726,55.4115759574061,14.150270082646,27.767012468499
0.387755102040816,0.142857142857143,15.0323120721916,30.0652786335841,15.0549216991327,60.124726363378,15.3635431068795,30.1235876714849
0.428571428571428,0.142857142857143,16.3109404501379,32.6222973934036,16.3359300378097,65.2387638830171,16.6770379095298,32.6806064313044
0.469387755102041,0.142857142857143,17.6983151847587,35.3968088665721,17.7256847331611,70.7877868293541,18.0992790688546,35.455117904473
0.510204081632653,0.142857142857143,19.2036859305937,38.4073123621691,19.2334354397268,76.8087938205482,19.6395162393936,38.46562140007
0.551020408163265,0.142857142857143,20.8370890913826,41.6738806876739,20.8692185612464,83.3419304715577,21.3077858248865,41.7321897255748
0.591836734693877,0.142857142857143,22.609414738705,45.2182939862457,22.6439241692994,90.4307570687013,23.1149778969129,45.2766030241466
0.63265306122449,0.142857142857143,24.5324792225292,49.064184957821,24.5693686138543,98.1225390118519,25.0729088054411,49.1224939957219
0.673469387755102,0.142857142857143,26.6191039578065,53.2371964323024,26.6583733098621,106.468561960815,27.1943999654223,53.2955054702033
0.714285714285714,0.142857142857143,28.8832009124282,57.7651523454728,28.9248502252145,115.524473787156,29.4933633447481,57.8234613833737
0.755102040816326,0.142857142857143,31.3398653665449,62.6782432576331,31.3838946400619,125.350655611476,31.9848942235687,62.736552295534
0.795918367346939,0.142857142857143,34.0054765617272,68.0092276519247,34.0518857959748,136.012624400059,34.685371843455,68.0675366898255
0.836734693877551,0.142857142857143,36.8978069110579,73.7936503545131,36.9465961060362,147.581469805236,37.6125686174898,73.8519593924139
0.877551020408163,0.142857142857143,40.036140498322,80.0700795329681,40.0873096540309,160.134328162146,40.7857686294578,80.1283885708689
0.918367346938775,0.142857142857143,43.4414016563992,86.8803638530496,43.4949507728388,173.754896802309,44.2258962122391,86.9386728909504
0.959183673469388,0.142857142857143,47.1362944821686,94.2699115085152,47.1922235593388,188.53399211324,47.9556554627124,94.328220546416
1,0.142857142857143,51.1454542181506,102.287992984406,51.2037632560515,204.570155065022,51.9996816233985,102.346302022307
-1,0.183673469387755,0.969535855009406,1.95766090329712,0.874524422698039,3.90292901107537,-0.126308563557687,2.05267233560849
-0.959183673469388,0.183673469387755,1.05278176811769,2.12364690112517,0.961648353451688,4.23490100673147,0.001665693165583,2.21865833343654
-0.918367346938775,0.183673469387755,1.14308682870132,2.3037511939039,1.05583143168068,4.59510959228893,0.136699097364194,2.39876262621527
-0.877551020408163,0.183673469387755,1.24105146768496,2.49917464348265,1.15767408830968,4.98595649144642,0.279392079962813,2.59418607579401
-0.836734693877551,0.183673469387755,1.347327186933,2.7112202535902,1.26782782520308,5.41004771166153,0.430396142825838,2.80623168590157
-0.795918367346939,0.183673469387755,1.46262090319786,2.94130185773141,1.38699955911331,5.87021091994395,0.590418202705688,3.03631329004278
-0.755102040816326,0.183673469387755,1.58769966155212,3.19095354605139,1.51595633511292,6.36951429658391,0.760225304674925,3.28596497836276
-0.714285714285714,0.183673469387755,1.72339574973165,3.46183989402194,1.65553044093782,6.911286992525,0.940649736469443,3.5568513263333
-0.673469387755102,0.183673469387755,1.87061224749032,3.75576706115076,1.80662495634185,7.49914132678264,1.1325945778431,3.85077849346212
-0.63265306122449,0.183673469387755,2.03032904796683,4.07469483371524,1.97021977446372,8.1369968719116,1.33703972193458,4.1697062660266
-0.591836734693878,0.183673469387755,2.20360939121184,4.42074969181675,2.1473781353541,8.82910658811462,1.55504840879459,4.51576112412811
-0.551020408163265,0.183673469387755,2.39160695343835,4.79623898788124,2.33925371522597,9.58008518024361,1.78777431463608,4.89125042019261
-0.510204081632653,0.183673469387755,2.59557353926334,5.20366633114268,2.54709831869631,10.3949398667665,2.03646924407604,5.29867776345404
-0.469387755102041,0.183673469387755,2.81686742822957,5.64574828068661,2.7722702253079,11.2791037658543,2.30249147665726,5.74075971299798
-0.428571428571429,0.183673469387755,3.05696243125874,6.12543245835644,3.01624324598244,12.238472121194,2.58731482330142,6.22044389066781
-0.387755102040816,0.183673469387755,3.31745771742064,6.64591720229172,3.28061654978971,13.2794416090646,2.8925384530783,6.74092863460309
-0.346938775510204,0.183673469387755,3.60008847653919,7.21067289214029,3.56712532655362,14.4089529887617,3.21989755581183,7.30568432445166
-0.306122448979592,0.183673469387755,3.90673748872936,7.8234650881321,3.87765235638915,15.6345373807453,3.57127491161699,7.91847652044347
-0.26530612244898,0.183673469387755,4.23944767800584,8.48837963829654,4.21424056331099,16.9643664810742,3.94871344450845,8.58339107060791
-0.224489795918367,0.183673469387755,4.60043573366582,9.20984992122796,4.57910663661633,18.407307046937,4.35442984378341,9.30486135353933
-0.183673469387755,0.183673469387755,4.99210689026762,9.99268640604305,4.9746558108635,19.9729800165672,4.7908293440002,10.0876978383544
-0.142857142857143,0.183673469387755,5.41707096475226,10.8421087266238,5.40349790299349,21.6718246577287,5.26052176209982,10.9371201589352
-0.102040816326531,0.183673469387755,5.87815975763657,11.7637804840039,5.86846471352316,23.5151681724889,5.76633889859911,11.8587919163153
-0.061224489795919,0.183673469387755,6.37844593430227,12.7638470089468,6.37262890783423,25.5153012223747,6.3113534188798,12.8588584412581
-0.020408163265306,0.183673469387755,6.92126351227351,13.8489763365007,6.91932450345083,27.6855598774826,6.89889934046602,13.9439877688121
0.020408163265306,0.183673469387755,7.51023009108372,15.0264036657326,7.5121690999064,30.0404145359463,7.53259426289121,15.121415098044
0.061224489795918,0.183673469387755,8.14927097295144,16.3039796010795,8.15508799941948,32.5955664066402,8.21636348837391,16.3989910333909
0.102040816326531,0.183673469387755,8.84264533509202,17.6902224969722,8.85234037920543,35.3680521984255,8.95446619412948,17.7852339292835
0.142857142857143,0.183673469387755,9.59497462817136,19.1943752547423,9.60854768993012,38.3763577139657,9.7515238308238,19.2893866870537
0.183673469387755,0.183673469387755,10.411273390251,20.826466950513,10.4287244696551,41.6405411055072,10.6125509365184,20.9214783828244
0.224489795918367,0.183673469387755,11.2969826816793,22.5973797049812,11.3183117787288,45.1823666144436,11.5429885715618,22.6923911372926
0.265306122448979,0.183673469387755,12.2580063638596,24.5189212409531,12.2832134785544,49.0254496863874,12.5487405973569,24.6139326732645
0.306122448979592,0.183673469387755,13.3007504637853,26.6039036124161,13.3298355961255,53.1954144293134,13.6362130408977,26.6989150447275
0.346938775510204,0.183673469387755,14.4321658868121,28.8662286300811,14.4651290367976,57.7200644646433,14.8123568075394,28.9612400623925
0.387755102040816,0.183673469387755,15.6597947624542,31.3209805529769,15.6966359300852,62.6295683104349,16.0847140267966,31.4159919852883
0.428571428571428,0.183673469387755,16.9918207322239,33.9845266641277,17.0325399175002,67.9566605327365,17.4614683401812,34.079538096439
0.469387755102041,0.183673469387755,18.4371235148092,36.8746264009098,18.4817207177308,73.7368600063006,18.9514994663815,36.9696378332211
0.510204081632653,0.183673469387755,20.0053381124111,40.0105497677251,20.0538133329782,80.0087067399314,20.5644424075984,40.1055612000365
0.551020408163265,0.183673469387755,21.7069190530022,43.4132058205187,21.7592722912145,86.8140188455185,22.3107516918044,43.50821725283
0.591836734693877,0.183673469387755,23.5532100968479,47.1052820798216,23.6094413527057,94.1981713641244,24.2017710792652,47.200293512133
0.63265306122449,0.183673469387755,25.5565198720666,51.1113958018705,25.6166291455697,102.210398808222,26.2498091980988,51.2064072341819
0.673469387755102,0.183673469387755,27.730203943533,55.4582581164149,27.7941912346815,110.904123437311,28.4682216131803,55.5532695487262
0.714285714285714,0.183673469387755,30.0887538623294,60.174852125619,30.1566191711232,120.337311455719,30.8714998755916,60.2698635579303
0.755102040816326,0.183673469387755,32.6478937894876,65.2926261515469,32.7196371159268,130.572859507575,33.4753681463648,65.3876375838582
0.795918367346939,0.183673469387755,35.4246853382719,70.8457034207269,35.5003066823564,141.679014045935,36.296888038764,70.9407148530383
0.836734693877551,0.183673469387755,38.437641334046,76.8711095838867,38.5171406957759,153.729826372254,39.3545723781532,76.966121016198
0.877551020408163,0.183673469387755,41.70684925023,83.4090195878661,41.7902266296053,166.805646380213,42.6685086379521,83.5040310201775
0.918367346938775,0.183673469387755,45.2541051433669,90.5030255457514,45.3413605403875,180.993658295984,46.260492874704,90.5980369780628
0.959183673469388,0.183673469387755,49.103058980324,98.2004273912771,49.19419239499,196.388461987035,50.1541750552761,98.2954388235885
1,0.183673469387755,53.2793723266106,106.552548255462,53.3743837589219,213.092703715404,54.3752167451776,106.647559687773
-1,0.224489795918367,1.00506868911156,2.04407731821411,0.865194997027478,4.06552800976755,-0.330556773068314,2.18395101029819
-0.959183673469388,0.224489795918367,1.09198100753582,2.21697841928056,0.957816445740886,4.41133021190047,-0.189129129657119,2.35685211136464
-0.918367346938775,0.224489795918367,1.18624656290204,2.40458599423094,1.05779113139625,4.78654536180121,-0.040348249303965,2.54445968631502
-0.877551020408163,0.224489795918367,1.28849080054505,2.60815093373489,1.16574449932841,5.19367524080912,0.11641131332598,2.74802462581897
-0.836734693877551,0.224489795918367,1.39939236439371,2.82903052565014,1.28235519346622,5.63543442463962,0.281828202161573,2.96890421773422
-0.795918367346939,0.224489795918367,1.51968762189139,3.06869750486343,1.40835958125304,6.1147683830662,0.456638784646184,3.20857119694751
-0.755102040816326,0.224489795918367,1.65017557379326,3.3287498728851,1.54455666344406,6.63487311910954,0.641642061534988,3.46862356496918
-0.714285714285714,0.224489795918367,1.79172318157694,3.61092155267039,1.69181340151688,7.19921647868013,0.837704994305601,3.75079524475447
-0.673469387755102,0.224489795918367,1.94527114798745,3.91709394970935,1.85107049821654,7.81156127275805,1.04576828570305,4.05696764179343
-0.63265306122449,0.224489795918367,2.11184018925885,4.24930849647007,2.02334866977708,8.47599036627949,1.26685265196138,4.38918218855415
-0.591836734693878,0.224489795918367,2.29253784083307,4.60978026383644,2.20975545164045,9.19693390101223,1.50206562852253,4.74965395592052
-0.551020408163265,0.224489795918367,2.48856584195383,5.00091273029591,2.41149258305036,9.97919883393116,1.75260895463023,5.14078642237999
-0.510204081632653,0.224489795918367,2.701228148373,5.42531380735218,2.62986401975867,10.8280009880437,2.01978658603633,5.56518749943626
-0.469387755102041,0.224489795918367,2.93193962659483,5.88581322801377,2.86628462826965,11.7489998293669,2.30501338924509,6.02568692009785
-0.428571428571429,0.224489795918367,3.18223548762783,6.38548141429771,3.1222896195918,12.7483362019348,2.60982457526503,6.52535510638179
-0.387755102040816,0.224489795918367,3.45378152314465,6.92764994954927,3.39954478539776,13.8326732724379,2.93588593576878,7.06752364163335
-0.346938775510204,0.224489795918367,3.74838521230039,7.51593379207869,3.69985760484265,15.0092409574967,3.28500494991146,7.65580748416277
-0.306122448979592,0.224489795918367,4.0680077732653,8.15425537822644,4.0251892960967,16.2858841297922,3.6591428358633,8.29412907031052
-0.26530612244898,0.224489795918367,4.4147772398263,8.84687077556637,4.37766789294685,17.6711149244721,4.06042762741123,8.98674446765045
-0.224489795918367,0.224489795918367,4.79100265024698,9.59839806062565,4.75960243365667,19.1741694945906,4.49116836281884,9.73827175270973
-0.183673469387755,0.224489795918367,5.19918944299144,10.4138481103325,5.17349835669028,20.8050695940044,4.95387048055023,10.5537218024166
-0.142857142857143,0.224489795918367,5.64205616196449,11.2986580124965,5.62207420595248,22.5746893983324,5.45125252451022,11.4385317045806
-0.102040816326531,0.224489795918367,6.12255258265183,12.2587273180892,6.10827975692897,24.4948280095177,5.9862642701845,12.3986010101732
-0.061224489795919,0.224489795918367,6.64387938001799,13.3004573770394,6.63531568458427,26.5782881274182,6.56210639253759,13.4403310691235
-0.020408163265306,0.224489795918367,7.20950946929944,14.4307940198203,7.20665490415487,28.8389614129798,7.18225180680598,14.5706677119043
0.020408163265306,0.224489795918367,7.82321116198469,15.6572738694087,7.82606572712926,31.2919211121567,7.85046882447816,15.7971475614928
0.061224489795918,0.224489795918367,8.48907329137586,16.9880745924089,8.49763698680958,33.9535225581572,8.57084627885626,17.127948284493
0.102040816326531,0.224489795918367,9.21153247525884,18.4320694243928,9.22580530098171,36.841512222125,9.34782078772617,18.5719431164769
0.142857142857143,0.224489795918367,9.99540269745823,19.9988863330096,10.0153846534702,39.9751460393585,10.1862063349125,20.1387600250936
0.183673469387755,0.224489795918367,10.8459074055149,21.6989722133409,10.8715984918161,43.3753178000212,11.0912263679561,21.838845905425
0.224489795918367,0.224489795918367,11.7687143385005,23.54366254353,11.8001145550908,47.0646984603993,12.0685486259286,23.6835362356141
0.265306122448979,0.224489795918367,12.7699733171859,25.5452569651188,12.8070826640654,51.0678873035769,13.124322929601,25.6851306572029
0.306122448979592,0.224489795918367,13.8563572485343,27.7171012920334,13.8991757257029,55.4115759574061,14.2652221859363,27.8569749841175
0.346938775510204,0.224489795918367,15.0351066179183,30.0736764950193,15.083634225376,60.124726363378,15.4984868803072,30.2135501871034
0.387755102040816,0.224489795918367,16.3140777657191,32.6306952548389,16.368314503466,65.2387638830171,16.831973353095,32.7705689469229
0.428571428571428,0.224489795918367,17.7017952701944,35.4052067280074,17.7617411382304,70.7877868293541,18.2742061825572,35.5450804200915
0.469387755102041,0.224489795918367,19.2075087858839,38.4157102236044,19.2731637842091,76.8087938205482,19.8344350232337,38.5555839156885
0.510204081632653,0.224489795918367,20.8412547165274,41.6822785491092,20.9126188451417,83.3419304715577,21.522696278864,41.8221522411933
0.551020408163265,0.224489795918367,22.6139231337043,45.226691847681,22.6909963926078,90.4307570687013,23.3498800210279,45.3665655397651
0.591836734693877,0.224489795918367,24.537330387383,49.0725828192563,24.6201127765756,98.1225390118519,25.3278025996935,49.2124565113404
0.63265306122449,0.224489795918367,26.6242978925147,53.2455942937377,26.7127894119965,106.468561960815,27.4692854298122,53.3854679858217
0.673469387755102,0.224489795918367,28.8887376169909,57.7735502069081,28.9829382667618,115.524473787156,29.7882404792753,57.9134238989922
0.714285714285714,0.224489795918367,31.3457448409621,62.6866411190684,31.4456546210222,125.350655611476,32.2997630282334,62.8265148111524
0.755102040816326,0.224489795918367,34.0116988059989,68.01762551336,34.1173177163481,136.012624400059,35.0202323182572,68.157499205444
0.795918367346939,0.224489795918367,36.9043719251842,73.8020482159483,37.0156999658225,147.581469805236,37.9674207624294,73.9419219080324
0.836734693877551,0.224489795918367,40.0430482823027,80.0784773944033,40.1600854532302,160.134328162146,41.1606124445348,80.2183510864874
0.877551020408163,0.224489795918367,43.4486522102345,86.8887617144848,43.5713985114511,173.754896802309,44.6207316974535,87.0286354065689
0.918367346938775,0.224489795918367,47.1438878058583,94.2783093699504,47.2723432373641,188.53399211324,48.3704826180643,94.4181830620345
0.959183673469388,0.224489795918367,51.1533903116949,102.296390845842,51.2875548734898,204.570155065022,52.4345004488878,102.436264537926
1,0.224489795918367,55.5038903736401,110.99646743395,55.6437640657242,221.970308241239,56.83951583582,111.136341126034
-1,0.265306122448979,1.04005105980703,2.13612469524157,0.847563235856128,4.23490100673147,-0.53311148301101,2.32861251919247
-0.959183673469388,0.265306122448979,1.1308654181097,2.3162289880203,0.94623424003434,4.59510959228893,-0.378086408674955,2.5087168119712
-0.918367346938775,0.265306122448979,1.22933935481237,2.51165243759904,1.05256482261256,4.98595649144642,-0.215401755938894,2.70414026154995
-0.877551020408163,0.265306122448979,1.33612437177945,2.7236980477066,1.16720648545518,5.41004771166153,-0.044406022938427,2.91618587165751
-0.836734693877551,0.265306122448979,1.45192738576335,2.95377965184781,1.29086614531464,5.87021091994395,0.135607707078866,3.14626747579871
-0.795918367346939,0.265306122448979,1.57751544183664,3.20343134016779,1.42431084726347,6.36951429658391,0.325406479185546,3.39591916411869
-0.755102040816326,0.265306122448979,1.71372082773521,3.47431768813833,1.56837287903759,6.911286992525,0.525822581117507,3.66680551208924
-0.714285714285714,0.265306122448979,1.86144662321292,3.76824485526715,1.72395532039085,7.49914132678264,0.737759092628604,3.96073267921806
-0.673469387755102,0.265306122448979,2.02167272140846,4.08717262783163,1.89203806446193,8.1369968719116,0.962195906857533,4.27966045178254
-0.63265306122449,0.265306122448979,2.19546236237251,4.43322748593314,2.07368435130153,8.82910658811461,1.20019626385498,4.62571530988405
-0.591836734693878,0.265306122448979,2.38396922231806,4.80871678199764,2.27004785712263,9.58008518024361,1.45291383983391,5.00120460594854
-0.551020408163265,0.265306122448979,2.58844510586208,5.21614412525907,2.48238038654219,10.3949398667665,1.72160043941132,5.40863194920998
-0.510204081632653,0.265306122448979,2.81024829254734,5.65822607480301,2.71204021910301,11.2791037658543,2.00761434212998,5.85071389875391
-0.469387755102041,0.265306122448979,3.05085259329556,6.13791025247284,2.96050116572677,12.238472121194,2.31242935891158,6.33039807642374
-0.428571428571429,0.265306122448979,3.3118571771765,6.65839499640812,3.22936239548325,13.2794416090646,2.63764465882591,6.85088282035902
-0.387755102040816,0.265306122448979,3.59499723401408,7.22315068625669,3.52035909819638,14.4089529887617,2.98499543169688,7.41563851020759
-0.346938775510204,0.265306122448979,3.90215554392329,7.8359428822485,3.83537405398114,15.6345373807453,3.35636445763948,8.02843070619941
-0.306122448979592,0.265306122448979,4.23537503091881,8.50085743241294,4.1764501868522,16.9643664810742,3.75379466066839,8.69334525636384
-0.26530612244898,0.265306122448979,4.59687238429781,9.22232771534435,4.54580418610676,18.407307046937,4.17950273008078,9.41481553929526
-0.224489795918367,0.265306122448979,4.98905283861866,10.0051642001594,4.94584128630315,19.9729800165672,4.63589390043502,10.1976520241104
-0.183673469387755,0.265306122448979,5.41452621082233,10.8545865207402,5.37917130438237,21.6718246577287,5.12557798867208,11.0470743446911
-0.142857142857143,0.265306122448979,5.87612430142568,11.7762582781203,5.84862604086126,23.5151681724889,5.65138679530881,11.9687461020712
-0.102040816326531,0.265306122448979,6.37691977581042,12.7763248030632,6.35727816112155,25.5153012223747,6.21639298572694,12.9688126270141
-0.061224489795919,0.265306122448979,6.9202466515007,13.8614541306171,6.90846168268738,27.6855598774826,6.82393057745061,14.053941954568
-0.020408163265306,0.265306122448979,7.50972252802994,15.038881459849,7.50579420509216,30.0404145359463,7.47761717001324,15.2313692837999
0.020408163265306,0.265306122448979,8.14927270761669,16.3164573951959,8.15320103055447,32.5955664066402,8.18137806563339,16.5089452191468
0.061224489795918,0.265306122448979,8.84315636747631,17.7027002910886,8.85494133628963,35.3680521984255,8.9394724415264,17.8951881150395
0.102040816326531,0.265306122448979,9.59599495827468,19.2068530488587,9.61563657296355,38.3763577139657,9.75652174835816,19.3993408728096
0.142857142857143,0.265306122448979,10.4128030180733,20.8389447446294,10.4403012786378,41.6405411055072,10.6375405241902,21.0314325685803
0.183673469387755,0.265306122448979,11.2990216072207,22.6098574990976,11.3343765136607,45.1823666144436,11.587969829371,22.8023453230485
0.224489795918367,0.265306122448979,12.26055458712,24.5313990350695,12.3037661394355,49.0254496863874,12.6137135253036,24.7238868590204
0.265306122448979,0.265306122448979,13.3038079847648,26.6163814065325,13.3548761829559,53.1954144293134,13.7211776389818,26.8088692304834
0.306122448979592,0.265306122448979,14.4357327055106,28.8787064241975,14.4946575495772,57.7200644646433,14.917313075761,29.0711942481484
0.346938775510204,0.265306122448979,15.6638708788718,31.3334583470933,15.7306523688139,62.6295683104349,16.2096619651556,31.5259461710442
0.387755102040816,0.265306122448979,16.9964061463605,33.9970044582441,17.0710442821782,67.9566605327365,17.6064079486777,34.189492282195
0.428571428571428,0.265306122448979,18.4422182266648,36.8871041950261,18.524713008358,73.7368600063006,19.1164307450154,37.0795920189771
0.469387755102041,0.265306122448979,20.0109421219858,40.0230275618415,20.1012935495546,80.0087067399314,20.7493653563698,40.2155153857924
0.510204081632653,0.265306122448979,21.7130323602959,43.4256836146351,21.8112404337402,86.8140188455184,22.5156663107132,43.618171438586
0.551020408163265,0.265306122448979,23.5598327018606,47.1177598739381,23.6658974211805,94.1981713641244,24.4266773683114,47.310247697889
0.591836734693877,0.265306122448979,25.5636517747984,51.1238735959869,25.6775731399938,102.210398808222,26.4947071572825,51.3163614199378
0.63265306122449,0.265306122448979,27.7378451439838,55.4707359105312,27.8596231550548,110.904123437311,28.7331112425014,55.6632237344821
0.673469387755102,0.265306122448979,30.0969043604992,60.1873299197353,30.2265390174457,120.337311455719,31.1563811750501,60.3798177436862
0.714285714285714,0.265306122448979,32.6565535853764,65.3051039456632,32.7940448881985,130.572859507575,33.7802411159608,65.4975917696141
0.755102040816326,0.265306122448979,35.4338544318798,70.8581812148434,35.5792023805774,141.679014045935,36.6217526784975,71.0506690387943
0.795918367346939,0.265306122448979,38.4473197253729,76.8835873780031,38.6005243199461,153.729826372254,39.699428688024,77.076075201954
0.836734693877551,0.265306122448979,41.717036939276,83.4214973819825,41.8780981797247,166.805646380213,43.0333566179604,83.6139852059334
0.877551020408163,0.265306122448979,45.2648021301319,90.5155033398678,45.4337200164562,180.993658295984,46.6453325248498,90.7079911638187
0.918367346938775,0.265306122448979,49.1142652648081,98.2129051853935,49.2910397970079,196.388461987035,50.5590063755593,98.4053930093445
0.959183673469388,0.265306122448979,53.2910879088136,106.565026049578,53.475719086889,213.092703715404,54.8000397355983,106.757513873529
1,0.265306122448979,57.8231143271354,115.627554462395,58.0156021510863,231.217760541038,59.3962768699534,115.820042286346
-1,0.306122448979592,1.07414552631106,2.23435213261429,0.821699691667328,4.41133021190047,-0.733902140902434,2.48679796725802
-0.959183673469388,0.306122448979592,1.16912021283376,2.42195970756467,0.926978289808139,4.78654536180121,-0.565129590411837,2.67440554220839
-0.918367346938775,0.306122448979592,1.27207358163325,2.62552464706862,1.04023557022574,5.19367524080912,-0.38837835764445,2.87797048171235
-0.877551020408163,0.306122448979592,1.38368427663838,2.84640423898387,1.16215017684899,5.63543442463963,-0.202969798671414,3.0988500736276
-0.836734693877551,0.306122448979592,1.50468866529254,3.08607121819716,1.29345847712126,6.1147683830662,-0.00816754604936,3.33851705284089
-0.795918367346939,0.306122448979592,1.63588574835089,3.34612358621883,1.43495947179772,6.63487311910954,0.196827400976887,3.59856942086256
-0.755102040816326,0.306122448979592,1.77814248729105,3.62829526600412,1.58752012235599,7.19921647868013,0.412882003884943,3.88074110064785
-0.714285714285714,0.306122448979592,1.93239958485804,3.93446766304308,1.75208113154109,7.81156127275805,0.640936965419833,4.18691349768681
-0.673469387755102,0.306122448979592,2.09967775728591,4.2666822098038,1.92966321558708,8.47599036627949,0.882013001815603,4.51912804444753
-0.63265306122449,0.306122448979592,2.28108454001661,4.62715397717017,2.12137390993588,9.19693390101223,1.1372176485142,4.8795998118139
-0.591836734693878,0.306122448979592,2.47782167229386,5.01828644362964,2.32841495383124,9.97919883393116,1.40775264475934,5.27073227827337
-0.551020408163265,0.306122448979592,2.6911931098695,5.44268752068591,2.552090303025,10.8280009880437,1.69492194630289,5.69513335532964
-0.510204081632653,0.306122448979592,2.92261371924781,5.9031869413475,2.79381482402142,11.7489998293669,2.00014041964909,6.15563277599123
-0.469387755102041,0.306122448979592,3.17361871143729,6.40285512763144,3.05512372782901,12.7483362019348,2.32494327580647,6.65530096227517
-0.428571428571429,0.306122448979592,3.44587387811059,6.945023662883,3.33768280612042,13.8326732724379,2.67099630644766,7.19746949752673
-0.387755102040816,0.306122448979592,3.74118669842281,7.53330750541242,3.64329953805075,15.0092409574967,3.04010699072778,7.78575334005615
-0.346938775510204,0.306122448979592,4.0615183905442,8.17162909156017,3.97393514179025,16.2858841297922,3.43423654681707,8.4240749262039
-0.306122448979592,0.306122448979592,4.40899698826167,8.8642444889001,4.33171765112584,17.6711149244721,3.85551300850244,9.11669032354383
-0.26530612244898,0.306122448979592,4.78593152983883,9.61577177395938,4.71895610432111,19.1741694945906,4.3062454140475,9.86821760860311
-0.224489795918367,0.306122448979592,5.19482745373977,10.4312218236662,5.13815593984016,20.8050695940044,4.78893920191633,10.68366765831
-0.183673469387755,0.306122448979592,5.6384033038693,11.3160317258303,5.5920357015878,22.5746893983324,5.30631291601376,11.568477560474
-0.142857142857143,0.306122448979592,6.11960885571313,12.2761010314229,6.08354516504974,24.4948280095177,5.86131633182548,12.5285468660666
-0.102040816326531,0.306122448979592,6.64164478423576,13.3178310903732,6.61588500519048,26.5782881274182,6.45715012431602,13.5702769250169
-0.061224489795919,0.306122448979592,7.20798400467369,14.448167733154,7.19252813724652,28.8389614129798,7.09728720872185,14.7006135677977
-0.020408163265306,0.306122448979592,7.82239482851542,15.6746475827424,7.81724287270636,31.2919211121567,7.78549589653147,15.9270934173861
0.020408163265306,0.306122448979592,8.48896608906307,17.0054483057427,8.49411804487212,33.9535225581572,8.52586502104702,17.2578941403864
0.061224489795918,0.306122448979592,9.21213440410252,18.4494431377266,9.22759027152969,36.841512222125,9.32283120005437,18.7018889723703
0.102040816326531,0.306122448979592,9.9967137574584,20.0162600463433,10.0224735365037,39.9751460393585,10.1812084173781,20.268705880987
0.142857142857143,0.306122448979592,10.8479275966716,21.7163459266746,10.883991287335,43.3753178000212,11.1062201205592,21.9687917613184
0.183673469387755,0.306122448979592,11.7714436608136,23.5610362568637,11.8178112630951,47.0646984603993,12.1035340486692,23.8134820915075
0.224489795918367,0.306122448979592,12.7734117706555,25.5626306784525,12.8300832845552,51.0678873035769,13.179300022479,25.8150765130962
0.265306122448979,0.306122448979592,13.8605048331604,27.7344750053671,13.9274802586781,55.4115759574061,14.3401909489517,27.9869208400108
0.306122448979592,0.306122448979592,15.0399633337008,30.0910502083531,15.1172426708367,60.124726363378,15.5934473134601,30.3434960429968
0.346938775510204,0.306122448979592,16.3196436126581,32.6480689681726,16.4072268614121,65.2387638830171,16.9469254563853,32.9005148028163
0.387755102040816,0.306122448979592,17.7080702482899,35.4225804413411,17.805957408662,70.7877868293542,18.4091499559849,35.6750262759849
0.428571428571428,0.306122448979592,19.2144928951359,38.4330839369381,19.3226839671261,76.8087938205482,19.9893704667989,38.6855297715819
0.469387755102041,0.306122448979592,20.8489479569358,41.6996522624429,20.9674429405441,83.3419304715577,21.6976233925666,41.9520980970867
0.510204081632653,0.306122448979592,22.6223255052692,45.2440655610147,22.7511244004956,90.4307570687013,23.544798804868,45.4965113956585
0.551020408163265,0.306122448979592,24.5464418901044,49.08995653259,24.6855446969489,98.122539011852,25.542713053671,49.3424023672338
0.591836734693877,0.306122448979592,26.6341185263926,53.2629680070714,26.7835252448552,106.468561960815,27.7041875539271,53.5154138417151
0.63265306122449,0.306122448979592,28.8992673820253,57.7909239202418,29.058978012106,115.524473787156,30.0431342735277,58.0433697548855
0.673469387755102,0.306122448979592,31.356983737153,62.7040148324021,31.5269982788518,125.350655611476,32.5746484926233,62.9564606670458
0.714285714285714,0.306122448979592,34.0236468333463,68.0349992266937,34.2039652866632,136.012624400059,35.3151094527845,68.2874450613374
0.755102040816326,0.306122448979592,36.917029083688,73.8194219292821,37.1076514486231,147.581469805236,38.2822895670941,74.0718677639258
0.795918367346939,0.306122448979592,40.056414571963,80.095851107737,40.2573408485162,160.134328162146,41.495472919337,80.3482969423808
0.836734693877551,0.306122448979592,43.4627276310513,86.9061354278185,43.6739578192225,173.754896802309,44.9755838423932,87.1585812624623
0.877551020408163,0.306122448979592,47.1586723578316,94.2956830832841,47.3802064576209,188.53399211324,48.7453264331414,94.5481289179278
0.918367346938775,0.306122448979592,51.1688839948246,102.313764559175,51.4007220062321,204.570155065022,52.8293359341023,102.566210393819
0.959183673469388,0.306122448979592,55.5200931879264,111.013841147284,55.762235110952,221.970308241239,57.2543429911719,111.266286981927
1,0.306122448979592,60.2413042154349,120.453921404206,60.4937500500787,240.850468755084,62.0493518826484,120.70636723885
-1,0.346938775510204,1.10701758710911,2.33931460710758,0.787677856214673,4.59510959228893,-0.932855254988992,2.65865433800202
-0.959183673469388,0.346938775510204,1.20643379397861,2.53473805668633,0.900128337814559,4.98595649144642,-0.750178932115488,2.85407778758077
-0.918367346938775,0.346938775510204,1.31416108111252,2.74678366679389,1.02088989967885,5.41004771166153,-0.559191528977577,3.06612339768833
-0.877551020408163,0.346938775510204,1.43090636526325,2.9768652709351,1.15066945855997,5.87021091994395,-0.359186128822841,3.29620500182954
-0.836734693877551,0.346938775510204,1.55743669150337,3.22651695925507,1.29023405953047,6.36951429658391,-0.14939568657872,3.54585669014951
-0.795918367346939,0.346938775510204,1.69458434756877,3.49740330722562,1.44041599032625,6.911286992525,0.071012085490684,3.81674303812006
-0.755102040816326,0.346938775510204,1.8432524132133,3.79133047435444,1.60211833070118,7.49914132678264,0.302940267139225,4.11067020524888
-0.714285714285714,0.346938775510204,2.00442078157567,4.11025824691892,1.77632097379393,8.1369968719116,0.547368751505597,4.42959797781336
-0.673469387755102,0.346938775510204,2.17915269270655,4.45631310502043,1.96408715965519,8.82910658811461,0.805360778640481,4.77565283591487
-0.63265306122449,0.346938775510204,2.36860182281893,4.83180240108492,2.16657056449796,9.58008518024361,1.07807002475686,5.15114213197936
-0.591836734693878,0.346938775510204,2.57401997652977,5.23922974434636,2.38502299293919,10.3949398667665,1.36674829447171,5.5585694752408
-0.551020408163265,0.346938775510204,2.79676543338187,5.68131169389029,2.62080272452167,11.2791037658543,1.67275386732781,6.00065142478473
-0.510204081632653,0.346938775510204,3.03831200429691,6.16099587156012,2.8753835701671,12.238472121194,1.99756055424686,6.48033560245456
-0.469387755102041,0.346938775510204,3.30025885834468,6.6814806154954,3.15036469894525,13.2794416090646,2.34276752429863,7.00082034638984
-0.428571428571429,0.346938775510204,3.58434118534909,7.24623630534397,3.44748130068004,14.4089529887617,2.71010996730704,7.56557603623841
-0.387755102040816,0.346938775510204,3.89244176542512,7.85902850133579,3.76861615548646,15.6345373807453,3.10147066338708,8.17836823223023
-0.346938775510204,0.346938775510204,4.22660352258747,8.52394305150022,4.1158121873792,16.9643664810742,3.51889253655343,8.84328278239466
-0.306122448979592,0.346938775510204,4.58904314613331,9.24541333443164,4.49128608565542,18.407307046937,3.96459227610327,9.56475306532608
-0.26530612244898,0.346938775510204,4.98216587062098,10.0282498192467,4.89744308487347,19.9729800165672,4.44097511659495,10.3475895501412
-0.224489795918367,0.346938775510204,5.40858151299148,10.8776721398275,5.33689300197436,21.6718246577287,4.95065087496946,11.1970118707219
-0.183673469387755,0.346938775510204,5.87112187376165,11.7993438972076,5.81246763747492,23.5151681724889,5.49645135174363,12.118683628102
-0.142857142857143,0.346938775510204,6.37285961831322,12.7994104221505,6.32723965675687,25.5153012223747,6.08144921229921,13.1187501530449
-0.102040816326531,0.346938775510204,6.91712876417033,13.8845397497044,6.88454307734436,27.6855598774826,6.70897847416032,14.2038794805988
-0.061224489795919,0.346938775510204,7.50754691086639,15.0619670789363,7.48799549877082,30.0404145359463,7.38265673686039,15.3813068098307
-0.020408163265306,0.346938775510204,8.14803936061998,16.3395430142832,8.14152222325479,32.5955664066402,8.10640930261798,16.6588827451776
0.020408163265306,0.346938775510204,8.84286529064643,17.7257859101759,8.84938242801162,35.3680521984255,8.88449534864843,18.0451256410703
0.061224489795918,0.346938775510204,9.59664615161163,19.229938667946,9.6161975637072,38.3763577139657,9.72153632561763,19.5492783988404
0.102040816326531,0.346938775510204,10.4143964815771,20.8620303637167,10.4469821684031,41.6405411055072,10.6225467715871,21.1813700946111
0.142857142857143,0.346938775510204,11.3015573408913,22.6329431181849,11.3471773024477,45.1823666144436,11.5929677469054,22.9522828490794
0.183673469387755,0.346938775510204,12.2640325909574,24.5544846541568,12.3226868272442,49.0254496863874,12.6387031129754,24.8738243850513
0.224489795918367,0.346938775510204,13.3082282587691,26.6394670256198,13.3799167697862,53.1954144293134,13.7661588967911,26.9588067565143
0.265306122448979,0.346938775510204,14.4410952496817,28.9017920432848,14.5258180354292,57.7200644646433,14.9822860037077,29.2211317741792
0.306122448979592,0.346938775510204,15.6701756932097,31.3565439661806,15.7679327536876,62.6295683104349,16.2946265632397,31.675883697075
0.346938775510204,0.346938775510204,17.0036532308652,34.0200900773314,17.1144445660735,67.9566605327365,17.7113642168992,34.3394298082258
0.387755102040816,0.346938775510204,18.4504075813364,36.9101898141135,18.574233191275,73.7368600063007,19.2413786833744,37.2295295450079
0.428571428571428,0.346938775510204,20.0200737468242,40.0461131809288,20.1569336314932,80.0087067399314,20.8943049648662,40.3654529118232
0.469387755102041,0.346938775510204,21.7231062553011,43.4487692337224,21.8730004147005,86.8140188455184,22.6805975893471,43.7681089646168
0.510204081632653,0.346938775510204,23.5708488670327,47.1408454930253,23.7337773011625,94.1981713641244,24.6116003170828,47.4601852239198
0.551020408163265,0.346938775510204,25.5756102101373,51.1469592150742,25.7515729189975,102.210398808222,26.6996217761913,51.4662989459686
0.591836734693877,0.346938775510204,27.7507458494895,55.4938215296185,27.9397428330801,110.904123437311,28.9580175315476,55.813161260513
0.63265306122449,0.346938775510204,30.1107473361717,60.2104155388226,30.3127785944927,120.337311455719,31.4012791342338,60.5297552697171
0.673469387755102,0.346938775510204,32.6713388312158,65.3281895647505,32.8864043642672,130.572859507575,34.0451307452819,65.647529295645
0.714285714285714,0.346938775510204,35.449581947886,70.8812668339306,35.6776817556677,141.679014045935,36.9066339779561,71.2006065648251
0.755102040816326,0.346938775510204,38.463989511546,76.9066729970904,38.7051235940581,153.729826372255,40.0043016576201,77.2260127279848
0.795918367346939,0.346938775510204,41.7346489956158,83.4445830010698,41.9888173528583,166.805646380213,43.3582212576939,83.7639227319642
0.836734693877551,0.346938775510204,45.2833564566386,90.5385889589551,45.5505590886115,180.993658295984,46.9901888347207,90.8579286898495
0.877551020408163,0.346938775510204,49.1337618614816,98.2359908044808,49.4139987681849,196.388461987035,50.9238543555677,98.5553305353753
0.918367346938775,0.346938775510204,53.311526775654,106.588111668665,53.6047979570876,213.092703715404,55.1848793857441,106.90745139956
0.959183673469388,0.346938775510204,57.8444954641426,115.650640081482,58.1508009203066,231.217760541038,59.8011081902367,115.969979812377
1,0.346938775510204,62.7628805455959,125.484001280229,63.0822202764904,250.884482938531,64.802753387694,125.803341011123
-1,0.387755102040816,1.13833580240918,2.45157321894173,0.745574282974252,4.78654536180121,-1.12989427179459,2.84433473837666
-0.959183673469388,0.387755102040816,1.24249788595875,2.65513815844568,0.865767448949741,5.19367524080912,-0.933151368889765,3.04789967788061
-0.918367346938775,0.387755102040816,1.35531729571398,2.87601775036093,0.994617941130879,5.63543442463963,-0.727751139779286,3.26877926979586
-0.877551020408163,0.387755102040816,1.47753039911822,3.11568472957422,1.13286212696104,6.1147683830662,-0.512957217019789,3.50844624900915
-0.836734693877551,0.387755102040816,1.60993619692665,3.37573709759589,1.28129900719538,6.63487311910954,-0.2879705998561,3.76849861703082
-0.795918367346939,0.387755102040816,1.75340165061689,3.65790877738119,1.44079554331154,7.19921647868013,-0.051924326810601,4.05067029681612
-0.755102040816326,0.387755102040816,1.90886746293397,3.96408117442015,1.61229243805453,7.81156127275805,0.196122304861732,4.35684269385508
-0.714285714285714,0.387755102040816,2.07735435011193,4.29629572118087,1.79681040765841,8.47599036627949,0.457190011394945,4.6890572406158
-0.673469387755102,0.387755102040816,2.25996984759271,4.65676748854724,1.9954569875651,9.19693390101223,0.732386328230983,5.04952900798217
-0.63265306122449,0.387755102040816,2.45791569462004,5.0478999550067,2.20943391701835,9.97919883393116,1.02291299461357,5.44066147444163
-0.591836734693878,0.387755102040816,2.67249584694577,5.47230103206297,2.44004515177,10.8280009880437,1.33007396629456,5.8650625514979
-0.551020408163265,0.387755102040816,2.90512517107416,5.93280045272456,2.6887055583243,11.7489998293669,1.6552841097782,6.32556197215949
-0.510204081632653,0.387755102040816,3.15733887801373,6.4324686390085,2.95695034768979,12.7483362019348,2.00007863607303,6.82523015844343
-0.469387755102041,0.387755102040816,3.43080275943711,6.97463717426006,3.24644531153908,13.8326732724379,2.36612333685166,7.36739869369499
-0.428571428571429,0.387755102040816,3.72732429449941,7.56292101678948,3.5589979290273,15.0092409574967,2.75522569126922,7.95568253622441
-0.387755102040816,0.387755102040816,4.04886470137088,8.20124260293723,3.89656941832469,16.2858841297922,3.16934691749595,8.59400412237216
-0.346938775510204,0.387755102040816,4.39755201383845,8.89385800027716,4.26128781321817,17.6711149244721,3.61061504931877,9.28661951971209
-0.306122448979592,0.387755102040816,4.77569527016569,9.64538528533645,4.65546215197132,19.1741694945906,4.08133912500127,10.0381468047714
-0.26530612244898,0.387755102040816,5.18579990881671,10.4608353350433,5.08159787304826,20.8050695940044,4.58402458300754,10.8535968544782
-0.224489795918367,0.387755102040816,5.63058447369633,11.3456452372073,5.54241352035379,22.5746893983324,5.12138996724242,11.7384067566423
-0.183673469387755,0.387755102040816,6.11299874029023,12.3057145428,6.04085886937361,24.4948280095177,5.69638505319158,12.6984760622349
-0.142857142857143,0.387755102040816,6.63624338356296,13.3474446017502,6.58013459507225,26.5782881274182,6.31221051581956,13.7402061211851
-0.102040816326531,0.387755102040816,7.20379131875097,14.477781244531,7.16371361268618,28.8389614129798,6.97233927036283,14.870542763966
-0.061224489795919,0.387755102040816,7.81941085734278,15.7042610941195,7.7953642337039,31.2919211121567,7.68053962830989,16.0970226135544
-0.020408163265306,0.387755102040816,8.48719083264051,17.0350618171197,8.47917529142756,33.9535225581572,8.44090042296289,17.4278233365547
0.020408163265306,0.387755102040816,9.21156786243006,18.4790566491036,9.21958340364302,36.841512222125,9.25785827210769,18.8718181685386
0.061224489795918,0.387755102040816,9.99735593053601,20.0458735577204,10.0214025541749,39.9751460393585,10.1362271595689,20.4386350771553
0.102040816326531,0.387755102040816,10.8497784844993,21.7459594380517,10.8898561905641,43.3753178000212,11.0812305328874,22.1387209574866
0.142857142857143,0.387755102040816,11.7745032633914,23.5906497682408,11.8306120518821,47.0646984603993,12.0985361311348,23.9834112876757
0.183673469387755,0.387755102040816,12.7776800879834,25.5922441898296,12.8498199589,51.0678873035769,13.1942937750821,25.9850057092645
0.224489795918367,0.387755102040816,13.8659818652383,27.7640885167442,13.9541528185808,55.4115759574061,14.3751763716922,28.1568500361791
0.265306122448979,0.387755102040816,15.0466490805289,30.1206637197301,15.1508511162973,60.124726363378,15.648424406338,30.5134252391651
0.306122448979592,0.387755102040816,16.3275380742362,32.6776824795497,16.4477711924306,65.2387638830171,17.0218942194007,33.0704439989846
0.346938775510204,0.387755102040816,17.7171734246181,35.4521939527182,17.8534376252384,70.7877868293542,18.5041103891378,35.8449554721531
0.387755102040816,0.387755102040816,19.2248047862142,38.4626974483152,19.3771000692604,76.8087938205482,20.1043225700892,38.8554589677502
0.428571428571428,0.387755102040816,20.8604685627642,41.72926577382,21.0287949282363,83.3419304715577,21.8325671659944,42.1220272932549
0.469387755102041,0.387755102040816,22.6350548258477,45.2736790723918,22.8194122737457,90.4307570687013,23.6997342484331,45.6664405918267
0.510204081632653,0.387755102040816,24.5603799254329,49.1195700439671,24.7607684557569,98.122539011852,25.7176401673737,49.512331563402
0.551020408163265,0.387755102040816,26.6492652764712,53.2925815184485,26.8656848892211,106.468561960815,27.8991063377672,53.6853430378834
0.591836734693877,0.387755102040816,28.915622846854,57.8205374316189,29.1480735420298,115.524473787156,30.2580447275052,58.2132989510538
0.63265306122449,0.387755102040816,31.3745479167318,62.7336283437792,31.6230296943335,125.350655611476,32.8095506167382,63.1263898632141
0.673469387755102,0.387755102040816,34.0424197276752,68.0646127380708,34.3069325877028,136.012624400059,35.5700032470369,68.4573742575057
0.714285714285714,0.387755102040816,36.937010692767,73.8490354406592,37.2175546352205,147.581469805236,38.5571750314839,74.2417969600941
0.755102040816326,0.387755102040816,40.0776048957921,80.1254646191142,40.3741799206715,160.134328162146,41.7903500538643,80.5182261385491
0.795918367346939,0.387755102040816,43.4851266696304,86.9357489391956,43.7977327769357,173.754896802309,45.2904526470579,87.3285104586305
0.836734693877551,0.387755102040816,47.1822801111608,94.3252965946612,47.510917300892,188.53399211324,49.0801869079435,94.7180581140961
0.877551020408163,0.387755102040816,51.1937004629039,102.343378070552,51.5383687350611,204.570155065022,53.1841880790419,102.736139589987
0.918367346938775,0.387755102040816,55.5461183707557,111.043454658661,55.9068177253388,221.970308241239,57.629186806249,111.436216178096
0.959183673469388,0.387755102040816,60.2685381130144,120.483534915583,60.6452685500234,240.850468755084,62.4441873678629,120.876296435018
1,0.387755102040816,65.3924309890594,130.726561440078,65.7851925084943,261.336521804073,67.6606610632632,131.119322959513
-1,0.428571428571428,1.16777192169542,2.57169544688939,0.69546871469834,4.98595649144642,-1.32493944856697,3.04399865388647
-0.959183673469388,0.428571428571428,1.27700767373558,2.78374105699695,0.823982148656742,5.41004771166153,-1.11396037529161,3.25604426399403
-0.918367346938775,0.428571428571428,1.39526142279256,3.01382266113816,0.961513579631969,5.87021091994395,-0.893963304999434,3.48612586813524
-0.877551020408163,0.428571428571428,1.52330021393892,3.26347434945814,1.10883005269658,6.36951429658391,-0.664181192617869,3.73577755645522
-0.836734693877551,0.428571428571428,1.66195633491057,3.53436069742868,1.26676385558648,6.911286992525,-0.423781750411024,4.00666390442576
-0.795918367346939,0.428571428571428,1.81213286546135,3.8282878645575,1.43621806805551,7.49914132678264,-0.17186189862504,4.30059107155458
-0.755102040816326,0.428571428571428,1.97480969872997,4.14721563712198,1.61817258324237,8.1369968719116,0.092558255878775,4.61951884411906
-0.714285714285714,0.428571428571428,2.1510500747671,4.49327049522349,1.81369064119775,8.82910658811461,0.370541953151103,4.96557370222057
-0.673469387755102,0.428571428571428,2.34200766978572,4.86875979128798,2.02392591813462,9.5800851802436,0.663242869404925,5.34106299828507
-0.63265306122449,0.428571428571428,2.54893428840281,5.27618713454942,2.25013021866996,10.3949398667665,0.971912809257217,5.7484903415465
-0.591836734693878,0.428571428571428,2.77318821016115,5.71826908409336,2.49366182234655,11.2791037658543,1.29791005225076,6.19057229109044
-0.551020408163265,0.428571428571428,3.01624324598244,6.19795326176319,2.75599454008609,12.238472121194,1.64270840930725,6.67025646876027
-0.510204081632653,0.428571428571428,3.27969856493646,6.71843800569846,3.03872754095835,13.2794416090646,2.00790704949646,7.19074121269555
-0.469387755102041,0.428571428571428,3.56528935684712,7.28319369554703,3.34359601478726,14.4089529887617,2.39524116264232,7.75549690254412
-0.428571428571429,0.428571428571428,3.8748984018294,7.89598589153885,3.67248274168779,15.6345373807453,2.8065935288598,8.36828909853593
-0.387755102040816,0.428571428571428,4.21056862389799,8.56090044170328,4.02743064567463,16.9643664810742,3.24400707216359,9.03320364870037
-0.346938775510204,0.428571428571428,4.57451671235008,9.2823707246347,4.41065641604496,18.407307046937,3.70969848185088,9.75467393163178
-0.306122448979592,0.428571428571428,4.969147901744,10.0652072094498,4.82456528735713,19.9729800165672,4.20607299248,10.5375104164469
-0.26530612244898,0.428571428571428,5.39707200902074,10.9146295300305,5.27176707655213,21.6718246577287,4.73574042099195,11.3869327370276
-0.224489795918367,0.428571428571428,5.86112083469716,11.8363012874106,5.7550935841468,23.5151681724889,5.30153256790357,12.3086044944077
-0.183673469387755,0.428571428571428,6.36436704415498,12.8363678123535,6.27761747552286,25.5153012223747,5.90652209859658,13.3086710193506
-0.142857142857143,0.428571428571428,6.91014465491833,13.9214971399075,6.84267276820446,27.6855598774826,6.55404303059513,14.3938003469046
-0.102040816326531,0.428571428571428,7.50207126652065,15.0989244691393,7.45387706172503,30.0404145359463,7.24771296343265,15.5712276761364
-0.061224489795919,0.428571428571428,8.14407218118048,16.3765004044863,8.11515565830311,32.5955664066402,7.99145719932768,16.8488036114833
-0.020408163265306,0.428571428571428,8.84040657611318,17.7627433003789,8.83076773515405,35.3680521984255,8.78953491549558,18.235046507376
0.020408163265306,0.428571428571428,9.59569590198462,19.2668960581491,9.60533474294375,38.3763577139657,9.64656756260222,19.7391992651461
0.061224489795918,0.428571428571428,10.4149546968563,20.8989877539198,10.4438712197337,41.6405411055071,10.5675696787091,21.3712909609168
0.102040816326531,0.428571428571428,11.3036240210768,22.669900508388,11.3518182258725,45.1823666144436,11.5579823241648,23.1422037153851
0.142857142857143,0.428571428571428,12.2676077360492,24.5914420443599,12.335079622763,49.0254496863874,12.6237093603724,25.063745251357
0.183673469387755,0.428571428571428,13.313311868767,26.6764244158229,13.4000614373992,53.1954144293134,13.7711568143254,27.14872762282
0.224489795918367,0.428571428571428,14.4476873245859,28.9387494334878,14.5537145751363,57.7200644646433,15.0072755913795,29.4110526404849
0.265306122448979,0.428571428571428,15.6782762330202,31.3935013563836,15.8035811654888,62.6295683104349,16.339607821049,31.8658045633807
0.306122448979592,0.428571428571428,17.0132622355819,34.0570474675344,17.1578448499688,67.9566605327365,17.7763371448459,34.5293506745315
0.346938775510204,0.428571428571428,18.4615250509593,36.9471472043165,18.6253853472645,73.7368600063006,19.3263432814585,37.4194504113136
0.387755102040816,0.428571428571428,20.0326996813534,40.0830705711319,20.2158376595768,80.0087067399314,20.9992612330878,40.555373778129
0.428571428571428,0.428571428571428,21.7372406547365,43.4857266239254,21.9396563148781,86.8140188455184,22.8055455277061,43.9580298309225
0.469387755102041,0.428571428571428,23.5864917313744,47.1778028832284,23.8081850734343,94.1981713641244,24.7565399255792,47.6501060902255
0.510204081632653,0.428571428571428,25.5927615393852,51.1839166052772,25.8337325633633,102.210398808222,26.8645530548252,51.6562198122743
0.551020408163265,0.428571428571428,27.7694056436438,55.5307789198216,28.0296543495401,110.904123437311,29.142940480319,56.0030821268187
0.591836734693877,0.428571428571428,30.1309155952322,60.2473729290257,30.4104419830468,120.337311455719,31.6061937531426,60.7196761360228
0.63265306122449,0.428571428571428,32.6930155551825,65.3651469549536,32.9918196249154,130.572859507575,34.2700370343281,65.8374501619507
0.673469387755102,0.428571428571428,35.4727671367589,70.9182242241337,35.79084888841,141.679014045935,37.1515319371397,71.3905274311308
0.714285714285714,0.428571428571428,38.4886831653252,76.9436303872934,38.8260425988945,153.729826372254,40.2691912869412,77.4159335942905
0.755102040816326,0.428571428571428,41.7608511143013,83.4815403912728,42.1174882297889,166.805646380213,43.6431025571524,83.9538435982699
0.795918367346939,0.428571428571428,45.3110670402303,90.5755463491581,45.6869818376361,180.993658295984,47.2950618043167,91.0478495561552
0.836734693877551,0.428571428571428,49.1629809099795,98.2729481946839,49.5581733893036,196.388461987035,51.2487189953011,98.7452514016809
0.877551020408163,0.428571428571428,53.3422542890582,106.625069058868,53.7567244503005,213.092703715404,55.5297356956149,107.097372265865
0.918367346938775,0.428571428571428,57.876731442453,115.687597471685,58.3104792856136,231.217760541038,60.1659561702449,116.159900678682
0.959183673469388,0.428571428571428,62.7966249888126,125.520958670432,63.2496505138914,250.884482938531,65.1875930378398,125.993261877429
1,0.428571428571428,68.1347173458465,136.190717490527,68.6070205528435,272.224000578721,70.6274287161088,136.663020697524
-1,0.469387755102041,1.19500101659587,2.70025541401097,0.63744421628308,5.19367524080912,-1.51790772040996,3.25781221432376
-0.959183673469388,0.469387755102041,1.30966194698642,2.92113500592622,0.774862567094551,5.63543442463963,-1.29251582116204,3.47869180623901
-0.918367346938775,0.469387755102041,1.43371657102597,3.1608019851395,0.921674611555039,6.1147683830662,-1.0577302282651,3.7183587854523
-0.877551020408163,0.469387755102041,1.56796388946972,3.42085435316118,1.07867935041972,6.63487311910954,-0.812751940963971,3.97841115347397
-0.836734693877551,0.469387755102041,1.71327086379528,3.70302603294647,1.24674374516621,7.19921647868013,-0.55671399778103,4.26058283325926
-0.795918367346939,0.469387755102041,1.87057819674768,4.00919842998543,1.42680849853954,7.81156127275805,-0.288675695971254,4.56675523029822
-0.755102040816326,0.469387755102041,2.04090660456095,4.34141297674615,1.61989432677374,8.47599036627949,-0.007616319300598,4.89896977705894
-0.714285714285714,0.469387755102041,2.22536362267705,4.70188474411252,1.82710876531077,9.19693390101223,0.287571667672883,5.25944154442531
-0.673469387755102,0.469387755102041,2.4251509903397,5.09301721057198,2.04965355339435,9.97919883393116,0.59809000419291,5.65057401088478
-0.63265306122449,0.469387755102041,2.64157266330075,5.51741828762825,2.28883264677633,10.8280009880437,0.925242646011341,6.07497508794105
-0.591836734693878,0.469387755102041,2.87604350806446,5.97791770828984,2.54606091196097,11.7489998293669,1.27044445963243,6.53547450860264
-0.551020408163265,0.469387755102041,3.13009873563934,6.47758589457379,2.82287355995678,12.7483362019348,1.6352306560647,7.03514269488658
-0.510204081632653,0.469387755102041,3.40540413769804,7.01975442982535,3.12093638243641,13.8326732724379,2.02126702698077,7.57731123013814
-0.469387755102041,0.469387755102041,3.70376719339566,7.60803827235477,3.44205685855496,15.0092409574967,2.43036105153578,8.16559507266756
-0.428571428571429,0.469387755102041,4.02714912090245,8.24635985850251,3.78819620648268,16.2858841297922,2.86447394789995,8.80391665881531
-0.387755102040816,0.469387755102041,4.37767795400533,8.93897525584244,4.16148246000649,17.6711149244721,3.32573374986021,9.49653205615524
-0.346938775510204,0.469387755102041,4.75766273096789,9.69050254090173,4.56422465738998,19.1741694945906,3.81644949568015,10.2480593412145
-0.306122448979592,0.469387755102041,5.16960889025423,10.5059525906086,4.99892823709725,20.8050695940044,4.33912662382387,11.0635093909214
-0.26530612244898,0.469387755102041,5.61623497576916,11.3907624927726,5.46831174303311,22.5746893983324,4.89648367819618,11.9483192930854
-0.224489795918367,0.469387755102041,6.10049076299839,12.3508317983652,5.97532495068327,24.4948280095177,5.49147043428279,12.908388598678
-0.183673469387755,0.469387755102041,6.62557692690643,13.3925618573155,6.52316853501224,26.5782881274182,6.12728756704821,13.9501186576283
-0.142857142857143,0.469387755102041,7.19496638272976,14.5228985000963,7.1153154112565,28.8389614129798,6.80740799172893,15.0804553004091
-0.102040816326531,0.469387755102041,7.81242744195688,15.7493783496847,7.75553389090456,31.2919211121567,7.53560001981343,16.3069351499975
-0.061224489795919,0.469387755102041,8.48204893788994,17.080179072685,8.44791280725855,33.9535225581572,8.31595248460387,17.6377358729978
-0.020408163265306,0.469387755102041,9.2082674883148,18.5241739046689,9.19688877810434,36.841512222125,9.15290200388611,19.0817307049817
0.020408163265306,0.469387755102041,9.99589707705607,20.0909908132856,10.0072757872665,39.9751460393585,10.0512625614848,20.6485476135984
0.061224489795918,0.469387755102041,10.8501611516547,21.791076693617,10.8842972822861,43.3753178000212,11.0162576049407,22.3486334939298
0.102040816326531,0.469387755102041,11.7767274511821,23.6357670238061,11.8336210022344,47.0646984603993,12.0535548733256,24.1933238241189
0.142857142857143,0.469387755102041,12.7817457964094,25.6373614453949,12.8613967678827,51.0678873035769,13.1693041874103,26.1949182457077
0.183673469387755,0.469387755102041,13.8718890942996,27.8092057723095,13.9742974861938,55.4115759574061,14.3701784541579,28.3667625726223
0.224489795918367,0.469387755102041,15.0543978302255,30.1657809752954,15.1795636425406,60.124726363378,15.6634181589411,30.7233377756082
0.265306122448979,0.469387755102041,16.3371283445682,32.7227997351149,16.4850515773043,65.2387638830171,17.0568796421412,33.2803565354277
0.306122448979592,0.469387755102041,17.7286052155854,35.4973112082835,17.8992858687424,70.7877868293541,18.5590874820158,36.0548680085963
0.346938775510204,0.469387755102041,19.2380780978168,38.5078147038805,19.4315161713947,76.8087938205482,20.1792913331046,39.0653715041933
0.387755102040816,0.469387755102041,20.8755833950021,41.7743830293853,21.091778889001,83.3419304715577,21.9275275991472,42.3319398296981
0.428571428571428,0.469387755102041,22.6520111787209,45.3187963279571,22.8909640931407,90.4307570687013,23.8146863517234,45.8763531282698
0.469387755102041,0.469387755102041,24.5791777989415,49.1646872995324,24.8408881337822,98.1225390118519,25.8525839408014,49.7222440998452
0.510204081632653,0.469387755102041,26.6699046706151,53.3376987740137,26.9543724258767,106.468561960815,28.0540417813324,53.8952555743265
0.551020408163265,0.469387755102041,28.9381037616332,57.8656546871842,29.2453289373158,115.524473787156,30.4329718412079,58.423211487497
0.591836734693877,0.469387755102041,31.3988703521463,62.7787455993444,31.7288529482498,125.350655611476,33.0044694005783,63.3363023996572
0.63265306122449,0.469387755102041,34.068583683725,68.109729993636,34.4213237002494,136.012624400059,35.7849137010144,68.6672867939488
0.673469387755102,0.469387755102041,36.9650161694521,73.8941526962244,37.3405136063974,147.581469805236,38.7920771555989,74.4517094965372
0.714285714285714,0.469387755102041,40.1074518931125,80.1705818746794,40.5057067504788,160.134328162146,42.0452438481167,80.7281386749922
0.755102040816326,0.469387755102041,43.5168151875862,86.9808661947609,43.9378274653734,173.754896802309,45.5653381114477,87.5384229950737
0.795918367346939,0.469387755102041,47.2158101497519,94.3704138502265,47.65957984796,188.53399211324,49.3750640424708,94.9279706505393
0.836734693877551,0.469387755102041,51.2290720221303,102.388495326118,51.6955991407594,204.570155065022,53.4990568837066,102.94605212643
0.877551020408163,0.469387755102041,55.5833314506175,111.088571914226,56.0726159896675,221.970308241239,57.9640472810512,111.646128714539
0.918367346938775,0.469387755102041,60.3075927135115,120.528652171148,60.8196346729824,240.850468755084,62.7990395128025,121.086208971461
0.959183673469388,0.469387755102041,65.4333271101918,130.771678695643,65.9681264900837,261.336521804073,68.0355048783403,131.329235495956
1,0.469387755102041,70.9946827988871,141.885947804168,71.5522395991999,283.565060021123,73.707591535893,142.443504604481
-1,0.510204081632653,1.21970161928548,2.83783416446067,0.571587313171527,5.41004771166153,-1.70871256188053,3.48594847057462
-0.959183673469388,0.510204081632653,1.34016325027975,3.06791576860188,0.718502589313309,5.87021091994395,-1.46872382145091,3.71603007471583
-0.918367346938775,0.510204081632653,1.47040992336341,3.31756745692186,0.875202907544477,6.36951429658391,-1.21895003893191,3.96568176303581
-0.877551020408163,0.510204081632653,1.61127392627235,3.58845380489241,1.04252055560093,6.911286992525,-0.958558926587617,4.23656811100636
-0.836734693877551,0.510204081632653,1.76365833876043,3.88238097202123,1.22135861323651,7.49914132678264,-0.686647404664191,4.53049527813517
-0.795918367346939,0.510204081632653,1.92854305396634,4.20130874458571,1.41269697358993,8.1369968719116,-0.402235580022933,4.84942305069966
-0.755102040816326,0.510204081632653,2.10699131194076,4.54736360268722,1.61759887671186,8.82910658811462,-0.104260212613161,5.19547790880116
-0.714285714285714,0.510204081632653,2.30015678889668,4.92285289875171,1.83721799881529,9.58008518024361,0.208432373778103,5.57096720486566
-0.673469387755102,0.510204081632653,2.50929128945107,5.33028024201315,2.07280614451718,10.3949398667665,0.537093983767837,5.97839454812709
-0.63265306122449,0.510204081632653,2.73575309314671,5.77236219155708,2.32572159336033,11.2791037658543,0.883082896898823,6.42047649767103
-0.591836734693878,0.510204081632653,2.98101601090529,6.25204636922691,2.59743815626642,12.238472121194,1.24787292409276,6.90016067534086
-0.551020408163265,0.510204081632653,3.2466792117966,6.77253111316219,2.88955500230524,13.2794416090646,1.63306323441941,7.42064541927614
-0.510204081632653,0.510204081632653,3.53447788564455,7.33728680301076,3.2038073213007,14.4089529887617,2.04038901770271,7.98540110912471
-0.469387755102041,0.510204081632653,3.84629481256413,7.95007899900257,3.54207789336779,15.6345373807453,2.47173305405764,8.59819330511652
-0.428571428571429,0.510204081632653,4.18417291657002,8.61499354916701,3.90640964252118,16.9643664810742,2.92913826749887,9.26310785528096
-0.387755102040816,0.510204081632653,4.5503288869594,9.33646383209843,4.29901925805807,18.407307046937,3.4148213473236,9.98457813821238
-0.346938775510204,0.510204081632653,4.94716795829061,10.1193003169135,4.7223119745368,19.9729800165672,3.93118752809016,10.7674146230275
-0.306122448979592,0.510204081632653,5.37729994750466,10.9687226374943,5.17889760889835,21.6718246577287,4.48084662673955,11.6168369436082
-0.26530612244898,0.510204081632653,5.84355665511837,11.8903943948744,5.67160796165957,23.5151681724889,5.06663044378861,12.5385087009883
-0.224489795918367,0.510204081632653,6.34901074651348,12.8904609198172,6.20351569820219,25.5153012223747,5.69161164461907,13.5385752259312
-0.183673469387755,0.510204081632653,6.89699623921413,13.9755902473712,6.77795483605035,27.6855598774826,6.35912424675507,14.6237045534851
-0.142857142857143,0.510204081632653,7.49113073275374,15.1530175766031,7.39854297473746,30.0404145359463,7.07278584973003,15.801131882717
-0.102040816326531,0.510204081632653,8.13533952935087,16.43059351195,8.0692054164821,32.5955664066402,7.8365217557625,17.0787078180639
-0.061224489795919,0.510204081632653,8.83388180622086,17.8168364078426,8.7942013384996,35.3680521984255,8.65459114206784,18.4649507139566
-0.020408163265306,0.510204081632653,9.5913790140296,19.3209891656128,9.57815219145585,38.3763577139657,9.53161545931193,19.9691034717267
0.020408163265306,0.510204081632653,10.4128456908386,20.9530808613835,10.4260725134124,41.6405411055072,10.4726092455563,21.6011951674974
0.061224489795918,0.510204081632653,11.3037228969964,22.7239936158517,11.3434033647177,45.1823666144436,11.4830135611494,23.3721079219656
0.102040816326531,0.510204081632653,12.269914493906,24.6455351518236,12.3360486067748,49.0254496863874,12.5687322674944,25.2936494579376
0.142857142857143,0.510204081632653,13.3178265085612,26.7305175232866,13.4104142665775,53.1954144293134,13.7361713915849,27.3786318294006
0.183673469387755,0.510204081632653,14.4544098463173,28.9928425409516,14.5734512494811,57.7200644646433,14.9922818387764,29.6409568470655
0.224489795918367,0.510204081632653,15.6872066366889,31.4475944638473,15.8327016850002,62.6295683104349,16.3446057385833,32.0957087699613
0.265306122448979,0.510204081632653,17.024400521188,34.1111405749981,17.1963492146468,67.9566605327365,17.8013267325177,34.7592548811121
0.306122448979592,0.510204081632653,18.4748712185027,37.0012403117802,18.673273557109,73.7368600063006,19.3713245392678,37.6493546178942
0.346938775510204,0.510204081632653,20.048253730834,40.1371636785956,20.2731097145879,80.0087067399314,21.0642341610345,40.7852779847096
0.387755102040816,0.510204081632653,21.7550025861545,43.5398197313891,22.0063122150558,86.8140188455185,22.8905101257903,44.1879340375031
0.428571428571428,0.510204081632653,23.6064615447296,47.2318959906921,23.8842248187785,94.1981713641244,24.8614961938008,47.8800102968061
0.469387755102041,0.510204081632653,25.6149392346777,51.238009712741,25.9191561538741,102.210398808222,26.9895009931842,51.8861240188549
0.510204081632653,0.510204081632653,27.7937912208736,55.5848720272853,28.1244617852174,110.904123437311,29.2878800888154,56.2329863333993
0.551020408163265,0.510204081632653,30.1575090543993,60.3014660364894,30.5146332638907,120.337311455719,31.7711250317765,60.9495803426034
0.591836734693877,0.510204081632653,32.7218168962869,65.4192400624173,33.1053947509258,130.572859507575,34.4549599830994,66.0673543685312
0.63265306122449,0.510204081632653,35.5037763598006,70.9723173315974,35.913807859587,141.679014045935,37.3564465560485,71.6204316377114
0.673469387755102,0.510204081632653,38.5219002703042,76.9977234947572,38.9583854152381,153.729826372254,40.4940975759874,77.6458378008711
0.714285714285714,0.510204081632653,41.7962761012175,83.5356334987366,42.2592148912989,166.805646380213,43.8880005163361,84.1837478048505
0.755102040816326,0.510204081632653,45.3486999090839,90.6296394566219,45.8380923443128,180.993658295984,47.5599514336378,91.2777537627358
0.795918367346939,0.510204081632653,49.2028216607704,98.3270413021476,49.7186677411468,196.388461987035,51.5336002947597,98.9751556082615
0.836734693877551,0.510204081632653,53.3843029217863,106.679162166332,53.9266026473102,213.092703715404,55.8346086652109,107.327276472446
0.877551020408163,0.510204081632653,57.9209879571184,115.741690579149,58.4897413277899,231.217760541038,60.4908208099784,116.389804885263
0.918367346938775,0.510204081632653,62.8430893854154,125.575051777896,63.4382964012343,250.884482938531,65.5324493477107,126.223166084009
0.959183673469388,0.510204081632653,68.1833896243865,136.24481059799,68.8050502853529,272.224000578721,70.9922766961172,136.892924904104
1,0.510204081632653,73.9774594705712,147.822108632512,74.6255737766851,295.378596647765,76.9058736517372,148.470222938626
-1,0.551020408163265,1.24155586665511,2.98501995182461,0.497988135522672,5.63543442463963,-1.89726384281969,3.72858768295705
-0.959183673469388,0.551020408163265,1.36821803950685,3.2246869310379,0.655000011685937,6.1147683830662,-1.6424865797853,3.96825466217033
-0.918367346938775,0.551020408163265,1.50507290676278,3.48473929905957,0.822204582253395,6.63487311910954,-1.37751662234673,4.22830703019201
-0.877551020408163,0.551020408163265,1.65298742990052,3.76691097884486,1.00046880870266,7.19921647868013,-1.10148700902634,4.5104787099773
-0.836734693877551,0.551020408163265,1.81290231166509,4.07308337588382,1.19073339377876,7.81156127275805,-0.813457037079126,4.81665110701626
-0.795918367346939,0.551020408163265,1.98583826829054,4.40529792264454,1.39401905371575,8.47599036627949,-0.512405990271027,5.14886565377698
-0.755102040816326,0.551020408163265,2.17290283521882,4.76576969001091,1.61143332395555,9.19693390101223,-0.197226333160104,5.50933742114335
-0.714285714285714,0.551020408163265,2.37529775169365,5.15690215647038,1.84417794374191,9.97919883393116,0.133283673497367,5.90046988760281
-0.673469387755102,0.551020408163265,2.59432697346688,5.58130323352665,2.09355686882666,10.8280009880437,0.48042798545324,6.32487096465908
-0.63265306122449,0.551020408163265,2.83140536704276,6.04180265418824,2.36098496571408,11.7489998293669,0.845621469211772,6.78537038532067
-0.591836734693878,0.551020408163265,3.08806814342983,6.54147084047218,2.64799744541267,12.7483362019348,1.23039933578148,7.28503857160462
-0.551020408163265,0.551020408163265,3.3659810943007,7.08363937572374,2.95626009959508,13.8326732724379,1.636427376835,7.82720710685618
-0.510204081632653,0.551020408163265,3.66695169881051,7.67192321825316,3.28758040741641,15.0092409574967,2.06551307152745,8.4154909493856
-0.469387755102041,0.551020408163265,3.99294117512947,8.3102448044009,3.6439195870469,16.2858841297922,2.51961763802906,9.05381253553334
-0.428571428571429,0.551020408163265,4.34607755704454,9.00286020174084,4.02740567227349,17.6711149244721,3.00086911012677,9.74642793287327
-0.387755102040816,0.551020408163265,4.72866988281927,9.75438748680012,4.44034770135975,19.1741694945906,3.51157652608415,10.4979552179326
-0.346938775510204,0.551020408163265,5.14322359091779,10.569837536507,4.8852511127698,20.8050695940044,4.05424532436531,11.3134052676394
-0.306122448979592,0.551020408163265,5.5924572252449,11.454647438671,5.36483445040844,22.5746893983324,4.63159404887507,12.1982151698035
-0.26530612244898,0.551020408163265,6.07932056128631,12.4147167442636,5.88204748976138,24.4948280095177,5.24657247509912,13.1582844753961
-0.224489795918367,0.551020408163265,6.60701427400653,13.4564468032139,6.44009090579313,26.5782881274182,5.90238127800198,14.2000145343463
-0.183673469387755,0.551020408163265,7.17901127864204,14.5867834459947,7.04243761374016,28.8389614129798,6.60249337282014,15.3303511771272
-0.142857142857143,0.551020408163265,7.79907988668135,15.8132632955831,7.692855925091,31.2919211121567,7.35067707104209,16.5568310267156
-0.102040816326531,0.551020408163265,8.47130893142658,17.1440640185834,8.39543467314776,33.9535225581572,8.15102120596997,17.8876317497159
-0.061224489795919,0.551020408163265,9.20013503066362,18.5880588505673,9.15461047569633,36.841512222125,9.00796239538965,19.3316265816998
-0.020408163265306,0.551020408163265,9.99037216821707,20.154875759184,9.97519731656131,39.9751460393585,9.92631462312575,20.8984434903165
0.020408163265306,0.551020408163265,10.8472437916278,21.8549616395154,10.8624186432836,43.3753178000212,10.9113013367192,22.5985293706478
0.061224489795918,0.551020408163265,11.7764176399675,23.6996519697045,11.8219421949348,47.0646984603993,11.9685902752414,24.4432197008369
0.102040816326531,0.551020408163265,12.784043534007,25.7012463912933,12.8599177922858,51.0678873035769,13.1043312594636,26.4448141224257
0.142857142857143,0.551020408163265,13.8767943807094,27.8730907182079,13.9830183422997,55.4115759574061,14.3251971963486,28.6166584493403
0.183673469387755,0.551020408163265,15.0619106654474,30.2296659211938,15.1984843303493,60.124726363378,15.6384285712693,30.9732336523262
0.224489795918367,0.551020408163265,16.3472487286023,32.7866846810133,16.5141720968157,65.2387638830171,17.0518817246068,33.5302524121458
0.265306122448979,0.551020408163265,17.7413331484316,35.5611961541819,17.9386062199566,70.7877868293541,18.5740812346188,36.3047638853143
0.306122448979592,0.551020408163265,19.2534135794753,38.5716996497789,19.4810363543117,76.8087938205482,20.2142767558451,39.3152673809113
0.346938775510204,0.551020408163265,20.8935264254727,41.8382679752837,21.1514989036207,83.3419304715577,21.9825046920252,42.5818357064161
0.387755102040816,0.551020408163265,22.6725617580037,45.3826812738555,22.9608839394632,90.4307570687013,23.8896551147389,46.1262490049879
0.428571428571428,0.551020408163265,24.6023359270365,49.2285722454308,24.9210078118075,98.1225390118519,25.9475443739542,49.9721399765632
0.469387755102041,0.551020408163265,26.6956703475222,53.4015837199121,27.0446919356048,106.468561960815,28.1689938846227,54.1451514510446
0.510204081632653,0.551020408163265,28.9664769873525,57.9295396330826,29.3458482787467,115.524473787156,30.5679156146356,58.673107364215
0.551020408163265,0.551020408163265,31.4298511266778,62.8426305452428,31.8395721213834,125.350655611476,33.1594048441435,63.5861982763753
0.591836734693877,0.551020408163265,34.1021720070687,68.1736149395344,34.5422427050858,136.012624400059,35.959840814717,68.9171826706668
0.63265306122449,0.551020408163265,37.001212041608,73.9580376421228,37.4716324429366,147.581469805236,38.9869959394389,74.7016053732552
0.673469387755102,0.551020408163265,40.1462553140806,80.2344668205778,40.6470254187208,160.134328162146,42.2601543020942,80.9780345517102
0.714285714285714,0.551020408163265,43.5582261573664,87.0447511406593,44.0893459653181,173.754896802309,45.8002402355627,87.7883188717918
0.755102040816326,0.551020408163265,47.2598286683443,94.4342987961249,47.8212981796076,188.53399211324,49.6299578367232,95.1778665272573
0.795918367346939,0.551020408163265,51.2756980895349,102.452380272016,51.8675173041097,204.570155065022,53.7739423480965,103.195948003148
0.836734693877551,0.551020408163265,55.6325650668342,111.152456860124,56.2547339847206,221.970308241239,58.2589244155784,111.896024591257
0.877551020408163,0.551020408163265,60.3594338785404,120.592537117047,61.0119524997383,240.850468755084,63.1139083174673,121.336104848179
0.918367346938775,0.551020408163265,65.4877758240329,130.835563641541,66.1706441485423,261.336521804073,68.3703653531424,131.579131372674
0.959183673469388,0.551020408163265,71.0517390615404,141.949832750066,71.7649570893614,283.565060021123,74.0624436808326,142.693400481199
1,0.551020408163265,77.0883762941098,154.009449848715,77.8319440252423,307.68429421842,80.2271960035846,154.753017579847
-1,0.591836734693877,1.2602496504868,3.14240853947116,0.416740568386655,5.87021091994395,-2.08346767817728,3.98591762157131
-0.959183673469388,0.591836734693877,1.39353684483043,3.39206022779114,0.584456704856822,6.36951429658391,-1.81370222552083,4.23556930989129
-0.918367346938775,0.591836734693877,1.53744136899934,3.66294657576169,0.76279017115227,6.911286992525,-1.5333194430391,4.50645565786183
-0.877551020408163,0.591836734693877,1.69286630274739,3.95687374289051,0.952644047026857,7.49914132678264,-1.24141625097823,4.80038282499065
-0.836734693877551,0.591836734693877,1.86079153921327,4.27580151545499,1.15499822561927,8.1369968719116,-0.937012756199526,5.11931059755513
-0.795918367346939,0.591836734693877,2.04228031844767,4.62185637355649,1.3709159469802,8.82910658811461,-0.619045718652312,5.46536545565664
-0.755102040816326,0.591836734693877,2.23848631666356,4.99734566962099,1.60155088732263,9.58008518024361,-0.286361462123604,5.84085475172114
-0.714285714285714,0.591836734693877,2.45066133847791,5.40477301288243,1.84815485126352,10.3949398667665,0.062291818003574,6.24828209498257
-0.673469387755102,0.591836734693877,2.68016366343352,5.84685496242636,2.11208611834567,11.2791037658543,0.428272401272,6.69036404452651
-0.63265306122449,0.591836734693877,2.92846710245208,6.32653914009619,2.39481849949076,12.238472121194,0.813054098603376,7.17004822219634
-0.591836734693878,0.591836734693877,3.19717082460336,6.84702388403147,2.69795116376858,13.2794416090646,1.21823607906747,7.69053296613161
-0.551020408163265,0.591836734693877,3.48801001971128,7.41177957388004,3.02321930100304,14.4089529887617,1.64555353248822,8.25528865598018
-0.510204081632653,0.591836734693877,3.80286746789083,8.02457176987185,3.37250569130912,15.6345373807453,2.09688923898059,8.868080851972
-0.469387755102041,0.591836734693877,4.14378609315669,8.68948632003629,3.74785325870152,16.9643664810742,2.57428612255926,9.53299540213644
-0.428571428571429,0.591836734693877,4.51298258480604,9.41095660296771,4.1514786924774,18.407307046937,3.07996087252143,10.2544656850679
-0.387755102040816,0.591836734693877,4.91286217739722,10.1937930877828,4.58578722719513,19.9729800165672,3.61631872342544,11.0373021698829
-0.346938775510204,0.591836734693877,5.34603468787124,11.0432154083635,5.05338867979568,21.6718246577287,4.18596949221227,11.8867244904637
-0.306122448979592,0.591836734693877,5.81533191674492,11.9648871657436,5.5571148507959,23.5151681724889,4.79174497939878,12.8083962478438
-0.26530612244898,0.591836734693877,6.3238265294,12.9649536906865,6.10003840557752,25.5153012223747,5.43671785036668,13.8084627727867
-0.224489795918367,0.591836734693877,6.87485254336062,14.0500830182405,6.68549336166467,27.6855598774826,6.12422212264012,14.8935921003406
-0.183673469387755,0.591836734693877,7.4720275581602,15.2275103474724,7.31709731859079,30.0404145359463,6.85787539575251,16.0710194295725
-0.142857142857143,0.591836734693877,8.1192768760173,16.5050862828193,7.99877557857442,32.5955664066402,7.64160297192243,17.3485953649194
-0.102040816326531,0.591836734693877,8.82085967414726,17.8913291787119,8.73478731883092,35.3680521984255,8.47966402836521,18.7348382608121
-0.061224489795919,0.591836734693877,9.58139740321597,19.3954819364821,9.52975399002617,38.3763577139657,9.37668001574675,20.2389910185822
-0.020408163265306,0.591836734693877,10.405904601285,21.0275736322528,10.3886901302217,41.6405411055072,10.3376654721286,21.8710827143529
0.020408163265306,0.591836734693877,11.2998223287027,22.798486386721,11.317036799766,45.1823666144436,11.3680614578591,23.6419954688211
0.061224489795918,0.591836734693877,12.2690544468723,24.7200279226929,12.3206978600621,49.0254496863874,12.4737718343415,25.563537004793
0.102040816326531,0.591836734693877,13.3200069827875,26.8050102941559,13.4060793381038,53.1954144293134,13.6612026285695,27.648519376256
0.142857142857143,0.591836734693877,14.4596308418036,29.0673353118208,14.5801321392464,57.7200644646433,14.9373047458984,29.910844393921
0.183673469387755,0.591836734693877,15.6954681534351,31.5220872347166,15.8503983930045,62.6295683104349,16.3096203158428,32.3655963168168
0.224489795918367,0.591836734693877,17.0357025591941,34.1856333458674,17.2250617408901,67.9566605327364,17.7863329799146,35.0291424279675
0.265306122448979,0.591836734693877,18.4892137777688,37.0757330826495,18.7130019015913,73.7368600063006,19.3763224568021,37.9192421647496
0.306122448979592,0.591836734693877,20.0656368113601,40.2116564494649,20.3238538773092,80.0087067399314,21.0892237487063,41.055165531565
0.346938775510204,0.591836734693877,21.7754261879406,43.6143125022584,22.0680721960161,86.8140188455184,22.9354913835995,44.4578215843586
0.387755102040816,0.591836734693877,23.6299256677757,47.3063887615614,23.9570006179778,94.1981713641244,24.9264691217475,48.1498978436616
0.428571428571428,0.591836734693877,25.6414438789837,51.3125024836102,26.0029477713124,102.210398808222,27.0744655912683,52.1560115657104
0.469387755102041,0.591836734693877,27.8233363864396,55.6593647981546,28.2192692208947,110.904123437311,29.392836357037,56.5028738802547
0.510204081632653,0.591836734693877,30.1900947412253,60.3759588073587,30.620456517807,120.337311455719,31.8960729701355,61.2194678894588
0.551020408163265,0.591836734693877,32.7574431043728,65.4937328332866,33.2222338230811,130.572859507575,34.5998995915959,66.3372419153867
0.591836734693877,0.591836734693877,35.5424430891465,71.0468101024667,36.0416627499813,141.679014045935,37.5213778346824,71.8903191845668
0.63265306122449,0.591836734693877,38.56360752091,77.0722162656264,39.0972561238714,153.729826372254,40.6790205247587,77.9157253477266
0.673469387755102,0.591836734693877,41.8410238730834,83.6101262696058,42.4091014181712,166.805646380213,44.0929151352449,84.453635351706
0.714285714285714,0.591836734693877,45.3964882022097,90.7041322274911,45.9989946894241,180.993658295984,47.784857722684,91.5476413095913
0.755102040816326,0.591836734693877,49.2536504751562,98.4015340730169,49.8905859044971,196.388461987035,51.7784982539434,99.245043155117
0.795918367346939,0.591836734693877,53.4381722574321,106.753654937201,54.1095366288995,213.092703715404,56.099498294532,107.597164019301
0.836734693877551,0.591836734693877,57.9778978140241,115.816183350018,58.6836911276181,231.217760541038,60.7757021094369,116.659692432118
0.877551020408163,0.591836734693877,62.903039763581,125.649544548765,63.6432620193016,250.884482938531,65.8373223173066,126.493053630865
0.918367346938775,0.591836734693877,68.2463805238122,136.31930336886,69.0210317216592,272.224000578721,71.3171413358506,137.16281245096
0.959183673469388,0.591836734693877,74.0434908912568,147.896601403382,74.8525710312304,295.378596647765,77.2507299616081,148.740110485482
1,0.591836734693877,80.3329672128245,160.45863134615,81.1764762949247,320.502656533301,83.6766845414886,161.30214042825
-1,0.63265306122449,1.27547277388536,3.31060351341429,0.327942408136396,6.1147683830662,-2.26722627158039,4.25813387916325
-0.959183673469388,0.63265306122449,1.41583444042196,3.57065588143596,0.506978783479076,6.63487311910954,-1.98226464400437,4.51818624718493
-0.918367346938775,0.63265306122449,1.56725576284037,3.85282756122125,0.697074814703564,7.19921647868013,-1.68624336054654,4.80035792697022
-0.877551020408163,0.63265306122449,1.73067744388561,4.15899995826021,0.899171204554887,7.81156127275805,-1.37822171846188,5.10653032400918
-0.836734693877551,0.63265306122449,1.90712019979173,4.49121450502093,1.11428866926709,8.47599036627949,-1.05717900151634,5.4387448707699
-0.795918367346939,0.63265306122449,2.09769156600068,4.8516862723873,1.34353474428212,9.19693390101223,-0.722007674267975,5.79921663813627
-0.755102040816326,0.63265306122449,2.30359328175618,5.24281873884677,1.58811116884369,9.97919883393116,-0.371505997473061,6.19034910459573
-0.714285714285714,0.63265306122449,2.52612930281007,5.66721981590304,1.84932189870367,10.8280009880437,-0.004370015379746,6.614750181652
-0.673469387755102,0.63265306122449,2.76671449566663,6.12771923656462,2.12858180036631,11.7489998293669,0.380815138516228,7.07524960231359
-0.63265306122449,0.63265306122449,3.02688407133437,6.62738742284857,2.42742608484012,12.7483362019348,0.785584675223382,7.57491778859753
-0.591836734693878,0.63265306122449,3.30830382148591,7.16955595810013,2.74752054379775,13.8326732724379,1.21160438641434,8.11708632384909
-0.551020408163265,0.63265306122449,3.61278122527638,7.75783980062955,3.0906726563943,15.0092409574967,1.66068175124423,8.70537016637851
-0.510204081632653,0.63265306122449,3.94227750087602,8.39616138677729,3.45884364080002,16.2858841297922,2.13477798788329,9.34369175252626
-0.469387755102041,0.63265306122449,4.29892068207175,9.08877678411723,3.85416153080182,17.6711149244721,2.63602113011844,10.0363071498662
-0.428571428571429,0.63265306122449,4.68501980712715,9.84030406917651,4.27893536466331,19.1741694945906,3.16672021621326,10.7878344349255
-0.387755102040816,0.63265306122449,5.10308031450634,10.6557541188834,4.73567058084858,20.8050695940044,3.72938068463187,11.6032844846323
-0.346938775510204,0.63265306122449,5.55582074811412,11.5405640210474,5.22708572326244,22.5746893983324,4.32672107927907,12.4880943867964
-0.306122448979592,0.63265306122449,6.0461908834362,12.50063332664,5.7561305673906,24.4948280095177,4.96169117564056,13.448163692389
-0.26530612244898,0.63265306122449,6.57739139543709,13.5423633855903,6.32600578819756,26.5782881274182,5.63749164868087,14.4898937513392
-0.224489795918367,0.63265306122449,7.15289519935326,14.6727000283711,6.94018430091982,28.8389614129798,6.35759541363646,15.6202303941201
-0.183673469387755,0.63265306122449,7.77647060667324,15.8991798779595,7.60243441704588,31.2919211121567,7.12577078199586,16.8467102437085
-0.142857142857143,0.63265306122449,8.45220645069914,17.2299806009598,8.31684496987786,33.9535225581572,7.94610658706118,18.1775109667088
-0.102040816326531,0.63265306122449,9.18453934921685,18.6739754329437,9.08785257720165,36.841512222125,8.8230394466183,19.6215057986927
-0.061224489795919,0.63265306122449,9.97828328605097,20.2407923415604,9.92027122284185,39.9751460393585,9.76138334449184,21.1883227073094
-0.020408163265306,0.63265306122449,10.8386617087424,21.9408782218918,10.8193243543394,43.3753178000212,10.7663617282227,22.8884085876407
0.020408163265306,0.63265306122449,11.7713423563627,23.7855685520809,11.7906797107658,47.0646984603993,11.8436423368824,24.7330989178298
0.061224489795918,0.63265306122449,12.7824750496829,25.7871629736696,12.840487112892,51.0678873035769,12.999374991242,26.7346933394186
0.102040816326531,0.63265306122449,13.8787326956659,27.9590073005842,13.9754194676811,55.4115759574061,14.2402325982645,28.9065376663332
0.142857142857143,0.63265306122449,15.0673557796847,30.3155825035702,15.202717260506,60.124726363378,15.5734556433226,31.2631128693192
0.183673469387755,0.63265306122449,16.3562006421202,32.8726012633897,16.5302368317476,65.2387638830171,17.0069004667976,33.8201316291387
0.224489795918367,0.63265306122449,17.7537918612302,35.6471127365582,17.9665027596637,70.7877868293541,18.549091646947,36.5946431023072
0.265306122448979,0.63265306122449,19.2693790915545,38.6576162321553,19.520764698794,76.8087938205482,20.2092788383107,39.6051465979042
0.306122448979592,0.63265306122449,20.9129987368326,41.92418455766,21.2030590528783,83.3419304715577,21.9974984446283,42.871714923409
0.346938775510204,0.63265306122449,22.6955408686443,45.4685978562319,23.024275893496,90.4307570687013,23.9246405374794,46.4161282219808
0.387755102040816,0.63265306122449,24.6288218369577,49.3144888278072,24.9962315706155,98.122539011852,26.0025214668322,50.2620191935561
0.428571428571428,0.63265306122449,26.7256630567242,53.4875003022885,27.131747499188,106.468561960815,28.2439626476381,54.4350306680375
0.469387755102041,0.63265306122449,28.9999764958351,58.0154562154589,29.4447356471051,115.524473787156,30.6628760477885,58.9629865812079
0.510204081632653,0.63265306122449,31.4668574344411,62.9285471276192,31.9502912945171,125.350655611476,33.2743569474338,63.8760774933682
0.551020408163265,0.63265306122449,34.1426851141126,68.2595315219108,34.6647936829947,136.012624400059,36.0947845881448,69.2070618876598
0.591836734693877,0.63265306122449,37.0452319479326,74.0439542244992,37.6060152256207,147.581469805236,39.1419313830041,74.9914845902481
0.63265306122449,0.63265306122449,40.1937820196858,80.3203834029542,40.7932400061801,160.134328162146,42.4350814157968,81.2679137687031
0.673469387755102,0.63265306122449,43.6092596622523,87.1306677230357,44.2473923575527,173.754896802309,45.9951590194027,88.0781980887846
0.714285714285714,0.63265306122449,47.3143689725109,94.5202153785013,47.9911763766173,188.53399211324,49.8448682907007,95.4677457442502
0.755102040816326,0.63265306122449,51.3337451929822,102.538296854392,52.0492273058947,204.570155065022,54.0088444722114,103.485827220141
0.795918367346939,0.63265306122449,55.6941189695622,111.238373442501,56.4482757912807,221.970308241239,58.5138182098308,112.18590380825
0.836734693877551,0.63265306122449,60.424494580549,120.678453699423,61.2173261110737,240.850468755084,63.3887937818571,121.625984065172
0.877551020408163,0.63265306122449,65.5563433253222,130.921480223918,66.3878495646529,261.336521804073,68.6652424876697,131.869010589667
0.918367346938775,0.63265306122449,71.1238133621104,142.035749332443,71.9939943102472,283.565060021123,74.3773124854973,142.983279698192
0.959183673469388,0.63265306122449,77.1639573939604,154.095366431091,78.0728130509033,307.68429421842,80.5620564783868,155.04289679684
1,0.63265306122449,83.716979721025,167.180740120169,84.6645100867739,333.855041596575,87.2596787664907,168.128270485918
-1,0.673469387755102,1.28691911422707,3.49021660821087,0.231695525416282,6.36951429658391,-2.44843775238463,4.54544019702165
-0.959183673469388,0.673469387755102,1.43483002127025,3.76110295618141,0.422676783023175,6.911286992525,-2.14806329976546,4.8163265449922
-0.918367346938775,0.673469387755102,1.59426133789258,4.05503012331023,0.625178450209204,7.49914132678264,-1.83616843756715,5.11025371212101
-0.877551020408163,0.673469387755102,1.76619295723273,4.37395789587471,0.840180420113065,8.1369968719116,-1.511773272651,5.4291814846855
-0.836734693877551,0.673469387755102,1.9516881193414,4.72001275397622,1.06874593278544,8.82910658811461,-1.17381456496635,5.775236342787
-0.795918367346939,0.673469387755102,2.15190050043156,5.09550205004071,1.31202866443931,9.58008518024361,-0.821138638300197,6.1507256388515
-0.755102040816326,0.673469387755102,2.3680819051202,5.50292939330215,1.57128041969165,10.3949398667665,-0.452493688035577,6.55815298211294
-0.714285714285714,0.673469387755102,2.60159061295008,5.94501134284609,1.84785947808523,11.2791037658543,-0.066521434629707,7.00023493165687
-0.673469387755102,0.673469387755102,2.85390043484291,6.42469552051592,2.14323965054177,12.238472121194,0.33825193283911,7.4799191093267
-0.63265306122449,0.673469387755102,3.12661053986846,6.94518026445119,2.45902010613103,13.2794416090646,0.763425583440652,8.00040385326198
-0.591836734693878,0.673469387755102,3.42145611785066,7.50993595429976,2.79693603467693,14.4089529887617,1.21073470699884,8.56515954311055
-0.551020408163265,0.673469387755102,3.74031994890448,8.12272815029158,3.15887021629446,15.6345373807453,1.68206208362865,9.17795173910236
-0.510204081632653,0.673469387755102,4.08524495704462,8.78764270045602,3.5468655749983,16.9643664810742,2.17945063734477,9.8428662892668
-0.469387755102041,0.673469387755102,4.45844783156824,9.50911298338743,3.96313880008563,18.407307046937,2.70511705744438,10.5643365721982
-0.428571428571429,0.673469387755102,4.8623338070337,10.2919494682025,4.41009512611479,19.9729800165672,3.26146657848583,11.3471730570133
-0.387755102040816,0.673469387755102,5.29951270038199,11.1413717887833,4.89034437002679,21.6718246577287,3.8511090174101,12.1965953775941
-0.346938775510204,0.673469387755102,5.77281631212995,12.0630435461634,5.40671833233845,23.5151681724889,4.47687617473405,13.1182671349741
-0.306122448979592,0.673469387755102,6.28531730765931,13.0631100711062,5.96228967843152,25.5153012223747,5.1418407158394,14.118333659917
-0.26530612244898,0.673469387755102,6.8403497044942,14.1482393986602,6.56039242583011,27.6855598774826,5.84933665825028,15.203462987471
-0.224489795918367,0.673469387755102,7.44153110216805,15.3256667278921,7.20464417406767,30.0404145359463,6.60298160150012,16.3808903167029
-0.183673469387755,0.673469387755102,8.09278680289943,16.603242663239,7.89897022536275,32.5955664066402,7.40670084780748,17.6584662520498
-0.142857142857143,0.673469387755102,8.79837598390366,17.9894855591316,8.64762975693069,35.3680521984255,8.26475357438771,19.0447091479424
-0.102040816326531,0.673469387755102,9.56292009584665,19.4936383169018,9.45524421943738,38.3763577139657,9.18176123190668,20.5488619057126
-0.061224489795919,0.673469387755102,10.3914336767899,21.1257300126725,10.3268281509444,41.6405411055072,10.1627383584259,22.1809536014833
-0.020408163265306,0.673469387755102,11.2893577870819,22.8966427671407,11.2678226118001,45.1823666144436,11.2131260142939,23.9518663559515
0.020408163265306,0.673469387755102,12.2625962881258,24.8181843031126,12.2841314634077,49.0254496863874,12.3388280609138,25.8734078919234
0.061224489795918,0.673469387755102,13.3175552069152,26.9031666745756,13.3821607327608,53.1954144293134,13.5462505252792,27.9583902633864
0.102040816326531,0.673469387755102,14.4611854488056,29.1654916922406,14.5688613252149,57.7200644646433,14.8423443127456,30.2207152810513
0.142857142857143,0.673469387755102,15.7010291433114,31.6202436151364,15.8517753702844,62.6295683104349,16.2346515528274,32.6754672039471
0.183673469387755,0.673469387755102,17.0452699319447,34.2837897262871,17.2390865094814,67.9566605327365,17.7313558870367,35.3390133150979
0.224489795918367,0.673469387755102,18.5027875333937,37.1738894630692,18.7396744614941,73.7368600063006,19.3413370340616,38.22911305188
0.265306122448979,0.673469387755102,20.0832169498593,40.3098128298846,20.3631742285234,80.0087067399314,21.0742299961032,41.3650364186954
0.306122448979592,0.673469387755102,21.797012709314,43.7124688826781,22.1200403385418,86.8140188455184,22.9404893011339,44.7676924714889
0.346938775510204,0.673469387755102,23.6555185720234,47.4045451419811,24.0216165518149,94.1981713641244,24.9514587094193,48.4597687307919
0.387755102040816,0.673469387755102,25.6710431661057,51.41065886403,26.0802114964609,102.210398808222,27.1194468490776,52.4658824528408
0.428571428571428,0.673469387755102,27.8569420564358,55.7575211785743,28.3091807373547,110.904123437311,29.4578092849837,56.8127447673851
0.469387755102041,0.673469387755102,30.2277067940958,60.4741151877784,30.7230158255784,120.337311455719,31.9810375682196,61.5293387765892
0.510204081632653,0.673469387755102,32.7990615401176,65.5918892137063,33.337440922164,130.572859507575,34.7048558598175,66.6471128025171
0.551020408163265,0.673469387755102,35.5880679077656,71.1449664828864,36.1695176403756,141.679014045935,37.6463257730414,72.2001900716972
0.591836734693877,0.673469387755102,38.6132387224034,77.1703726460461,39.2377588055771,153.729826372254,40.8239601332552,78.2255962348569
0.63265306122449,0.673469387755102,41.894661457451,83.7082826500255,42.5622518911884,166.805646380213,44.2578464138788,84.7635062388363
0.673469387755102,0.673469387755102,45.4541321694516,90.8022886079109,46.1647929537527,180.993658295984,47.9697806714554,91.8575121967217
0.714285714285714,0.673469387755102,49.3153008252724,98.4996904534366,50.0690319601372,196.388461987035,51.9834128728522,99.5549140422474
0.755102040816326,0.673469387755102,53.5038289904225,106.851811317621,54.3006304758511,213.092703715404,56.3244045835783,107.907034906432
0.795918367346939,0.673469387755102,58.0475609298888,115.914339730438,58.8874327658811,231.217760541038,61.0206000686206,116.969563319249
0.836734693877551,0.673469387755102,62.97670926232,125.747700929184,63.859651448876,250.884482938531,66.1022119466278,126.802924517995
0.877551020408163,0.673469387755102,68.3240564054254,136.417459749279,69.2500689425451,272.224000578721,71.6020226353091,137.47268333809
0.918367346938775,0.673469387755102,74.1251731557443,147.994757783801,75.0942560434277,295.378596647765,77.5556029312041,149.049981372612
0.959183673469388,0.673469387755102,80.4186558601863,160.55678772657,81.4308090984334,320.502656533301,84.0015491812221,161.61201131538
1,0.673469387755102,87.2463837607053,174.187308061492,88.3016073495161,347.763697203146,90.981740627317,175.242531650302
-1,0.714285714285714,1.29428679289692,3.68186804643524,0.128106034879427,6.63487311910954,-2.6269960059369,4.84804880445273
-0.959183673469388,0.714285714285714,1.45024738735612,3.96403972622053,0.331665843951582,7.19921647868013,-2.31098305234163,5.13022048423802
-0.918367346938775,0.714285714285714,1.61820834044214,4.27021212325949,0.54722601165057,7.81156127275805,-1.98296974011953,5.43639288127698
-0.877551020408163,0.714285714285714,1.79919036838906,4.60242667002021,0.775807254210439,8.47599036627949,-1.64193535303654,5.7686074280377
-0.836734693877551,0.714285714285714,1.99430100663879,4.96289843738658,1.01851710707313,9.19693390101223,-1.28677235565073,6.12907919540407
-0.795918367346939,0.714285714285714,2.20474199443507,5.35403090384605,1.27655730948237,9.97919883393116,-0.916279008718376,6.52021166186354
-0.755102040816326,0.714285714285714,2.43181728752976,5.77843198090232,1.55123181719002,10.8280009880437,-0.529151356487617,6.94461273891981
-0.714285714285714,0.714285714285714,2.6769417524271,6.2389314015639,1.84395549670032,11.7489998293669,-0.123974532454199,7.4051121595814
-0.673469387755102,0.714285714285714,2.94165060013562,6.73859958784785,2.1562635590218,12.7483362019348,0.300786674390395,7.90478034586534
-0.63265306122449,0.714285714285714,3.22760962232795,7.28076812309941,2.48982179582709,13.8326732724379,0.7467980557188,8.4469488811169
-0.591836734693878,0.714285714285714,3.53662629815921,7.86905196562883,2.84643768627131,15.0092409574967,1.21586709068613,9.03523272364632
-0.551020408163265,0.714285714285714,3.87066184579963,8.50737355177657,3.22807244852469,16.2858841297922,1.70995499746263,9.67355430979407
-0.510204081632653,0.714285714285714,4.23184429903615,9.19998894911651,3.63685411637416,17.6711149244721,2.23118980983522,10.366169707134
-0.469387755102041,0.714285714285714,4.62248269613234,9.95151623417579,4.07509172808331,19.1741694945906,2.78188056606749,11.1176969921933
-0.428571428571429,0.714285714285714,5.04508247555232,10.7669662838826,4.54529072211625,20.8050695940044,3.36453270462354,11.9331470419001
-0.387755102040816,0.714285714285714,5.50236218120088,11.6517761860467,5.05016964237778,22.5746893983324,3.98186476940818,12.8179569440642
-0.346938775510204,0.714285714285714,5.99727158856375,12.6118454916393,5.5926782643536,24.4948280095177,4.63682653590712,13.7780262496568
-0.306122448979592,0.714285714285714,6.53301137260542,13.6535755505896,6.17601726300823,26.5782881274182,5.33261867908487,14.8197563086071
-0.26530612244898,0.714285714285714,7.11305444856239,14.7839121933704,6.80365955357815,28.8389614129798,6.07271411417791,15.9500929513879
-0.224489795918367,0.714285714285714,7.74116912792315,16.0103920429588,7.47937344755188,31.2919211121567,6.86088115267474,17.1765728009763
-0.183673469387755,0.714285714285714,8.42144424398984,17.3411927659591,8.20724777823152,33.9535225581572,7.7012086278775,18.5073735239766
-0.142857142857143,0.714285714285714,9.15831641454833,18.785187597943,8.99171916340298,36.841512222125,8.59813315757208,19.9513683559605
-0.102040816326531,0.714285714285714,9.95659962342324,20.3520045065597,9.83760158689084,39.9751460393585,9.55646872558306,21.5181852645772
-0.061224489795919,0.714285714285714,10.8215173181555,22.052090386891,10.750118496236,43.3753178000212,10.5814387794514,23.2182711449085
-0.020408163265306,0.714285714285714,11.7587372378166,23.8967807170801,11.7349376305101,47.0646984603993,11.6787110582485,25.0629614750976
0.020408163265306,0.714285714285714,12.7744092031775,25.8983751386689,12.798208810484,51.0678873035769,12.8544353827455,27.0645558966864
0.061224489795918,0.714285714285714,13.8752061212014,28.0702194655835,13.9466049431208,55.4115759574061,14.1152846599055,29.236400223601
0.102040816326531,0.714285714285714,15.0683684772609,30.4267946685695,15.1873665137933,60.124726363378,15.4684993751011,31.592975426587
0.142857142857143,0.714285714285714,16.3617526117372,32.983813428389,16.5283498628825,65.2387638830171,16.9219358687135,34.1499941864065
0.183673469387755,0.714285714285714,17.763883102888,35.7583249015575,17.9780795686463,70.7877868293542,18.4841187190003,36.924505659575
0.224489795918367,0.714285714285714,19.2840096052531,38.7688283971545,19.5458052856243,76.8087938205482,20.1642975805015,39.935009155172
0.265306122448979,0.714285714285714,20.932168522572,42.0353967226593,21.2415634175562,83.3419304715577,21.9725088569565,43.2015774806768
0.306122448979592,0.714285714285714,22.7192499264245,45.5798100212311,23.0762440360216,90.4307570687013,23.919642619945,46.7459907792486
0.346938775510204,0.714285714285714,24.6570701667787,49.4257009928064,25.0616634909888,98.122539011852,26.0175152194353,50.5918817508239
0.387755102040816,0.714285714285714,26.7584506585859,53.5987124672878,27.210643197409,106.468561960815,28.2789480703786,54.7648932253053
0.428571428571428,0.714285714285714,29.0373033697376,58.1266683804582,29.5370951231737,115.524473787156,30.7178531406664,59.2928491384757
0.469387755102041,0.714285714285714,31.5087235803843,63.0397592926185,32.0561145484334,125.350655611476,33.3493257104492,64.205940050636
0.510204081632653,0.714285714285714,34.1890905320967,68.3707436869101,34.7840807147587,136.012624400059,36.1897450212976,69.5369244449276
0.551020408163265,0.714285714285714,37.0961766379574,74.1551663894985,37.7387660352324,147.581469805236,39.2568834862944,75.321347147516
0.591836734693877,0.714285714285714,40.2492659817515,80.4315955679535,40.9394545936394,160.134328162146,42.5700251892245,81.597776325971
0.63265306122449,0.714285714285714,43.6692828963588,87.241879888035,44.4070707228596,173.754896802309,46.1500944629679,88.4080606460524
0.673469387755102,0.714285714285714,47.3789314786581,94.6314275435005,48.1643185197719,188.53399211324,50.0197954044033,95.797608301518
0.714285714285714,0.714285714285714,51.4028469711702,102.649509019392,52.235833226897,204.570155065022,54.2037632560515,103.815689777409
0.755102040816326,0.714285714285714,55.767760019791,111.3495856075,56.6483454901307,221.970308241239,58.7287286638083,112.515766365518
0.795918367346939,0.714285714285714,60.5026749028186,120.789665864422,61.4308595877713,240.850468755084,63.623695905972,121.95584662244
0.836734693877551,0.714285714285714,65.6390629196326,131.032692388917,66.6148468191982,261.336521804073,68.9201362819221,132.198873146935
0.877551020408163,0.714285714285714,71.2110722284615,142.146961497442,72.2344553426402,283.565060021123,74.6521979498871,143.313142255459
0.918367346938775,0.714285714285714,77.2557555323524,154.206578596091,78.326737861144,307.68429421842,80.8569336129141,155.372759354108
0.959183673469388,0.714285714285714,83.8133171314577,167.291952285168,84.9318986748622,333.855041596575,87.5745475711554,168.458133043186
1,0.714285714285714,90.9273809888851,181.49033049089,92.0935617469026,362.251798008019,94.8486637877189,182.656511248907
-1,0.755102040816326,1.29727835209728,3.88618689229647,0.017284471996307,6.911286992525,-2.80279049676671,5.16618077239744
-0.959183673469388,0.755102040816326,1.46181513549982,4.18011405942529,0.234065903566224,7.49914132678264,-2.47090396443095,5.46010793952626
-0.918367346938775,0.755102040816326,1.63885222162018,4.49904183198977,0.463347637853972,8.1369968719116,-2.12651712937737,5.77903571209074
-0.877551020408163,0.755102040816326,1.82945285050905,4.84509669009127,0.706192914910234,8.82910658811462,-1.76856675155527,6.12509057019225
-0.836734693877551,0.755102040816326,2.03477069837942,5.22058598615577,0.96375541094799,9.58008518024361,-1.39589915475168,6.50057986625675
-0.795918367346939,0.755102040816326,2.25605756984826,5.62801332941721,1.23728693058422,10.3949398667665,-1.00726253434961,6.90800720951818
-0.755102040816326,0.755102040816326,2.49467174445835,6.07009527896114,1.52814575336169,11.2791037658544,-0.6012986108063,7.35008915906212
-0.714285714285714,0.755102040816326,2.75208703313138,6.54977945663097,1.83780569020211,12.238472121194,-0.176533573200039,7.82977333673195
-0.673469387755102,0.755102040816326,3.02990260493714,7.07026420056625,2.16786591017526,13.2794416090646,0.268631747538944,8.35025808066722
-0.63265306122449,0.755102040816326,3.32985364969955,7.63501989041482,2.52006160310505,14.4089529887617,0.735932541234575,8.9150137705158
-0.591836734693878,0.755102040816326,3.65382294753358,8.24781208640663,2.89627554910647,15.6345373807453,1.22725158800183,9.52780596650761
-0.551020408163265,0.755102040816326,4.00385342245392,8.91272663657107,3.29855067219419,16.9643664810742,1.74463181185539,10.192720516672
-0.510204081632653,0.755102040816326,4.38216176375775,9.63419691950249,3.72910366166541,18.407307046937,2.29028990209244,10.9141907996035
-0.469387755102041,0.755102040816326,4.79115320600341,10.4170334043176,4.19033975207847,19.9729800165672,2.86663109327133,11.6970272844186
-0.428571428571429,0.755102040816326,5.23343756613191,11.2664557248983,4.68486876037435,21.6718246577287,3.47626520233305,12.5464496049993
-0.387755102040816,0.755102040816326,5.71184664466008,12.1881274822784,5.2155224870699,23.5151681724889,4.12202402979444,13.4681213623794
-0.346938775510204,0.755102040816326,6.22945310696964,13.1881940072213,5.78537359754685,25.5153012223747,4.80698024103723,14.4681878873223
-0.306122448979592,0.755102040816326,6.78959097058474,14.2733233347753,6.39775610932934,27.6855598774826,5.53446785358556,15.5533172148762
-0.26530612244898,0.755102040816326,7.3958778350388,15.4507506640071,7.05628762195078,30.0404145359463,6.30810446697284,16.7307445441081
-0.224489795918367,0.755102040816326,8.05223900255038,16.7283265993541,7.76489343762975,32.5955664066402,7.13181538341764,18.008320479455
-0.183673469387755,0.755102040816326,8.76293365033482,18.1145694952467,8.52783273358158,35.3680521984255,8.00985978013531,19.3945633753477
-0.142857142857143,0.755102040816326,9.53258322905801,19.6187222530168,9.34972696047216,38.3763577139657,8.94685910779173,20.8987161331178
-0.102040816326531,0.755102040816326,10.3662022767815,21.2508139487875,10.235590656363,41.6405411055072,9.94782790444842,22.5308078288885
-0.061224489795919,0.755102040816326,11.2692318538537,23.0217267032558,11.1908648816026,45.1823666144436,11.0182072304539,24.3017205833567
-0.020408163265306,0.755102040816326,12.2475758216778,24.9432682392277,12.2214534975941,49.0254496863874,12.1639009472112,26.2232621193286
0.020408163265306,0.755102040816326,13.3076402072474,27.0282506106907,13.3337625313311,53.1954144293134,13.391315081714,28.3082444907917
0.061224489795918,0.755102040816326,14.456375915918,29.2905756283556,14.5347428881691,57.7200644646433,14.7074005393178,30.5705695084566
0.102040816326531,0.755102040816326,15.701325077204,31.7453275512514,15.8319366976225,62.6295683104349,16.1196994495371,33.0253214313524
0.142857142857143,0.755102040816326,17.0506713326175,34.4088736624022,17.2335276012034,67.9566605327365,17.6363954538838,35.6888675425032
0.183673469387755,0.755102040816326,18.5132944008467,37.2989733991843,18.7483953176,73.7368600063007,19.2663682710462,38.5789672792853
0.224489795918367,0.755102040816326,20.0988292840925,40.4348967659996,20.3861748490131,80.0087067399314,21.0192529032252,41.7148906461006
0.265306122448979,0.755102040816326,21.8177305103274,43.8375528187932,22.1573207234154,86.8140188455184,22.9055038783934,45.1175466988942
0.306122448979592,0.755102040816326,23.681341839817,47.5296290780962,24.0731767010724,94.1981713641244,24.9364649568162,48.8096229581972
0.346938775510204,0.755102040816326,25.7019719006796,51.535742800145,26.1460514101023,102.210398808222,27.124444766612,52.815736680246
0.387755102040816,0.755102040816326,27.8929762577899,55.8826051146894,28.38930041538,110.904123437311,29.4827988726555,57.1625989947904
0.428571428571428,0.755102040816326,30.26884646223,60.5991991238935,30.8174152679876,120.337311455719,32.0260188260289,61.8791930039945
0.469387755102041,0.755102040816326,32.8453066750321,65.7169731498214,33.446120128957,130.572859507575,34.7698287877642,66.9969670299223
0.510204081632653,0.755102040816326,35.6394185094603,71.2700504190015,36.2924766115526,141.679014045935,37.7312903711256,72.5500442991025
0.551020408163265,0.755102040816326,38.6696947908783,77.2954565821612,39.374997541138,153.729826372255,40.9289164014768,78.5754504622622
0.591836734693877,0.755102040816326,41.9562229927061,83.8333665861406,42.7137703911332,166.805646380213,44.3827943522378,85.1133604662416
0.63265306122449,0.755102040816326,45.5207991714869,90.9273725440259,46.3305912180814,180.993658295984,48.1147202799518,92.2073664241269
0.673469387755102,0.755102040816326,49.3870732940878,98.6247743895517,50.2491099888497,196.388461987035,52.1483441514861,99.9047682696527
0.714285714285714,0.755102040816326,53.5807069260182,106.976895253736,54.4949882689475,213.092703715404,56.5093275323497,108.256889133837
0.755102040816326,0.755102040816326,58.1295443322648,116.039423666553,59.0960703233615,231.217760541038,61.2255146875294,117.319417546654
0.795918367346939,0.755102040816326,63.0637981314761,125.8727848653,64.0825687707402,250.884482938531,66.327118235674,127.1527787454
0.836734693877551,0.755102040816326,68.4162507413617,136.542543685394,69.4872660287932,272.224000578721,71.8469205944928,137.822537565495
0.877551020408163,0.755102040816326,74.2224729584609,148.119841719916,75.3457328940597,295.378596647765,77.8204925605252,149.399835600017
0.918367346938775,0.755102040816326,80.5210611296831,160.681871662685,81.6965657134493,320.502656533301,84.2864304806806,161.961865542786
0.959183673469388,0.755102040816326,87.3538944969822,174.312391997607,88.5816437289158,347.763697203146,91.286613596913,175.592385877708
1,0.755102040816326,94.7664144310335,189.102285466033,96.0464083111345,377.343484139998,98.8664832798975,190.382279346134
-1,0.795918367346939,1.29560093902251,4.10381141998758,-0.100654022770617,7.19921647868013,-2.9757060844116,5.50006638178071
-0.959183673469388,0.795918367346939,1.46926685920108,4.40998381702654,0.130001895848481,7.81156127275805,-2.62770110205205,5.80623877881967
-0.918367346938775,0.795918367346939,1.65595385424052,4.74219836378726,0.37367888932846,8.47599036627949,-2.26667504483163,6.13845332558039
-0.877551020408163,0.795918367346939,1.85676945958279,5.10267013115363,0.631484493111263,9.19693390101223,-1.89152037730837,6.49892509294676
-0.836734693877551,0.795918367346939,2.0729154144716,5.4938025976131,0.904620446440613,9.97919883393116,-1.50103536023858,6.89005755940623
-0.795918367346939,0.795918367346939,2.30569567465882,5.91820367466937,1.19439070506837,10.8280009880437,-1.09391603787037,7.3144586364625
-0.755102040816326,0.795918367346939,2.55652510664869,6.37870309533096,1.50221013549878,11.7489998293669,-0.668747543699514,7.77495805712409
-0.714285714285714,0.795918367346939,2.82693892144975,6.8783712816149,1.82961394874037,12.7483362019348,-0.223994666717475,8.27462624340803
-0.673469387755102,0.795918367346939,3.11860291073461,7.42053981686646,2.17826793646577,13.8326732724379,0.242008384748371,8.81679477865959
-0.63265306122449,0.795918367346939,3.4333245536584,8.00882365939588,2.5499795778301,15.0092409574967,0.731069089853147,9.40507862118901
-0.591836734693878,0.795918367346939,3.77306506839136,8.64714524554362,2.94671009100359,16.2858841297922,1.24514866676709,10.0434002073368
-0.551020408163265,0.795918367346939,4.13995248872041,9.33976064288356,3.37058750977317,17.6711149244721,1.78637514927712,10.7360156046767
-0.510204081632653,0.795918367346939,4.53629585290913,10.0912879279428,3.82392087240243,19.1741694945906,2.35705757564683,11.487542889736
-0.469387755102041,0.795918367346939,4.96460059942164,10.9067379776497,4.30921561735548,20.8050695940044,2.95970138434032,12.3029929394428
-0.428571428571429,0.795918367346939,5.42758527216274,11.7915478798137,4.82919028853711,22.5746893983324,3.59702511926241,13.1878028416069
-0.387755102040816,0.795918367346939,5.92819964661814,12.7516171854064,5.38679466143304,24.4948280095177,4.27197855589879,14.1478721471995
-0.346938775510204,0.795918367346939,6.46964439775234,13.7933472443566,5.98522941100779,26.5782881274182,4.98776236921398,15.1896022061497
-0.306122448979592,0.795918367346939,7.05539244080184,14.9236838871374,6.62796745249782,28.8389614129798,5.74784947444446,16.3199388489306
-0.26530612244898,0.795918367346939,7.68921208725514,16.1501637367259,7.31877709739165,31.2919211121567,6.55600818307874,17.546418698519
-0.224489795918367,0.795918367346939,8.37519217041436,17.4809644597261,8.06174717899141,33.9535225581572,7.41632732841895,18.8772194215193
-0.183673469387755,0.795918367346939,9.11776930806539,18.92495929171,8.86131431508297,36.841512222125,8.33324352825096,20.3212142535032
-0.142857142857143,0.795918367346939,9.92175748403283,20.4917762003268,9.72229248949095,39.9751460393585,9.31157076639938,21.8880311621199
-0.102040816326531,0.795918367346939,10.7923801458576,22.1918620806581,10.6499051497562,43.3753178000212,10.3565324904051,23.5881170424512
-0.061224489795919,0.795918367346939,11.7353050326112,24.0365524108472,11.6498200349504,47.0646984603993,11.4737964393397,25.4328073726403
-0.020408163265306,0.795918367346939,12.7566819650647,26.038146832436,12.7281869658444,51.0678873035769,12.6695124339742,27.4344017942291
0.020408163265306,0.795918367346939,13.8631838501811,28.2099911593506,13.8916788494013,55.4115759574061,13.9503533812716,29.6062461211437
0.061224489795918,0.795918367346939,15.0620511733331,30.5665663623365,15.1475361709939,60.124726363378,15.3235597666046,31.9628213241296
0.102040816326531,0.795918367346939,16.361140274902,33.1235851221561,16.5036152710033,65.2387638830171,16.7969879303544,34.5198400839492
0.142857142857143,0.795918367346939,17.7689757331453,35.8980965953246,17.9684407276872,70.7877868293541,18.3791624507788,37.2943515571177
0.183673469387755,0.795918367346939,19.2948072026029,38.9086000909216,19.5512621955853,76.8087938205482,20.0793329824174,40.3048550527148
0.224489795918367,0.795918367346939,20.9486710870144,42.1751684164264,21.2621160784373,83.3419304715577,21.9075359290098,43.5714233782195
0.265306122448979,0.795918367346939,22.7414574579594,45.7195817149982,23.1118924478228,90.4307570687013,23.8746613621358,47.1158366767913
0.306122448979592,0.795918367346939,24.6849826654061,49.5654726865735,25.1124076537101,98.1225390118519,25.9925256317635,50.9617276483666
0.346938775510204,0.795918367346939,26.7920681243059,53.7384841610549,27.2764831110504,106.468561960815,28.2739501528442,55.134739122848
0.387755102040816,0.795918367346939,29.0766258025502,58.2664400742253,29.6180307877353,115.524473787156,30.7328468932695,59.6626950360184
0.428571428571428,0.795918367346939,31.5537509802894,63.1795309863855,32.152145963915,125.350655611476,33.3843111331897,64.5757859481787
0.469387755102041,0.795918367346939,34.2398228990943,68.5105153806771,34.8952078811604,136.012624400059,36.2447221141756,69.9067703424703
0.510204081632653,0.795918367346939,37.1526139720475,74.2949380832655,37.8649889525542,147.581469805236,39.3318522493098,75.6911930450587
0.551020408163265,0.795918367346939,40.3114082829341,80.5713672617205,41.0807732618814,160.134328162146,42.6649856223774,81.9676222235137
0.591836734693877,0.795918367346939,43.7371301646339,87.381651581802,44.5634851420217,173.754896802309,46.2650465662582,88.7779065435951
0.63265306122449,0.795918367346939,47.4524837140258,94.7711992372676,48.3358286898541,188.53399211324,50.1547391778311,96.1674541990607
0.673469387755102,0.795918367346939,51.4821041736304,102.789280713159,52.4224391478993,204.570155065022,54.3586986996167,104.185535674952
0.714285714285714,0.795918367346939,55.8527221893437,111.489357301267,56.8500471620531,221.970308241239,58.903655777511,112.88561226306
0.755102040816326,0.795918367346939,60.5933420394639,120.929437558189,61.6476570106138,240.850468755084,63.8186146898121,122.325692519982
0.795918367346939,0.795918367346939,65.7354350233704,131.172464082684,66.8467399929608,261.336521804073,69.1350467358996,132.568719044477
0.836734693877551,0.795918367346939,71.3131492992919,142.286733191209,72.4814442673229,283.565060021123,74.8871000740021,143.682988153002
0.877551020408163,0.795918367346939,77.3635375702753,154.346350289858,78.5888225367468,307.68429421842,81.1118274071664,155.742605251651
0.918367346938775,0.795918367346939,83.9268041364731,167.431723978935,85.2090791013852,333.855041596575,87.8494330355452,168.827978940728
0.959183673469388,0.795918367346939,91.0465729609931,181.630102184657,92.3858379243456,362.251798008019,95.1435409222462,183.02635714645
1,0.795918367346939,98.770178536663,197.036153892678,100.166433498456,393.063901424062,103.041485560097,198.432408854472
-1,0.836734693877551,1.28896649770642,4.33538949738056,-0.225589512119417,7.49914132678264,-3.14562283156965,5.84994550720639
-0.959183673469388,0.836734693877551,1.47234135680455,4.65431726994504,0.019603959624664,8.1369968719116,-2.78124432637862,6.16887327977088
-0.918367346938775,0.836734693877551,1.66927975867119,5.00037212804655,0.278360974137257,8.82910658811461,-2.40330227841908,6.51492813787238
-0.877551020408163,0.836734693877551,1.88093537951932,5.37586142411104,0.551835207631345,9.58008518024361,-2.01064301147804,6.89041743393688
-0.836734693877551,0.836734693877551,2.10856002396593,5.78328876737248,0.841278464723902,10.3949398667665,-1.60201472093853,7.29784477719831
-0.795918367346939,0.836734693877551,2.35351197155378,6.22537071691641,1.14804902495771,11.2791037658543,-1.17605912725778,7.73992672674225
-0.755102040816326,0.836734693877551,2.61726503320459,6.70505489458625,1.47362069925447,12.238472121194,-0.731302419514075,8.21961090441208
-0.714285714285714,0.836734693877551,2.90141837798811,7.22553963852152,1.81959265668394,13.2794416090646,-0.266145428637648,8.74009564834736
-0.673469387755102,0.836734693877551,3.20770719572828,7.79029532837009,2.18770008707007,14.4089529887617,0.221147035195424,9.30485133819593
-0.63265306122449,0.836734693877551,3.53801426654008,8.4030875243619,2.57982577052782,15.6345373807453,0.73245775210012,9.91764353418774
-0.591836734693878,0.836734693877551,3.89438251443819,9.06800207452634,2.99801263107187,16.9643664810742,1.26982964609113,10.5825580843522
-0.551020408163265,0.836734693877551,4.27902862871978,9.78947235745776,3.44447735799942,18.407307046937,1.83547940646562,11.3040283672836
-0.510204081632653,0.836734693877551,4.69435784394322,10.5723088422729,3.92162518586881,19.9729800165672,2.43181226778196,12.0868648520987
-0.469387755102041,0.836734693877551,5.14297997704947,11.4217311628536,4.43206593162102,21.6718246577287,3.06143804698112,12.9362871726794
-0.428571428571429,0.836734693877551,5.62772682855541,12.3434029202337,4.97863139577291,23.5151681724889,3.72718854457995,13.8579589300595
-0.387755102040816,0.836734693877551,6.15167106384274,13.3434694451766,5.56439424370619,25.5153012223747,4.43213642596018,14.8580254550024
-0.346938775510204,0.836734693877551,6.7181467004356,14.4285987727305,6.19268849294501,27.6855598774826,5.17961570864595,15.9431547825564
-0.306122448979592,0.836734693877551,7.33077133786743,15.6060261019624,6.86713174302279,30.0404145359463,5.97324399217068,17.1205821117882
-0.26530612244898,0.836734693877551,7.99347027835677,16.8836020373093,7.59164929615808,32.5955664066402,6.81694657875292,18.3981580471352
-0.224489795918367,0.836734693877551,8.71050269911899,18.269844933202,8.37050032956625,35.3680521984255,7.71498264560803,19.7844009430278
-0.183673469387755,0.836734693877551,9.48649005081994,19.7739976909721,9.20830629391316,38.3763577139657,8.67197364340189,21.2885537007979
-0.142857142857143,0.836734693877551,10.3264468715212,21.4060893867428,10.1100817272604,41.6405411055072,9.69293411019603,22.9206453965687
-0.102040816326531,0.836734693877551,11.2358142215712,23.177002141211,11.0812676899563,45.1823666144436,10.7833051063389,24.6915581510369
-0.061224489795919,0.836734693877551,12.220495962373,25.0985436771829,12.1277680434041,49.0254496863874,11.9489904932337,26.6130996870088
-0.020408163265306,0.836734693877551,13.2868981209204,27.183526048646,13.2559888145974,53.1954144293134,13.196396297874,28.6980820584718
0.020408163265306,0.836734693877551,14.4419716025688,29.4458510663109,14.4728809088918,57.7200644646433,14.5324734256152,30.9604070761367
0.061224489795918,0.836734693877551,15.6932585368326,31.9006029892067,15.7859864558015,62.6295683104349,15.9647640059719,33.4151589990325
0.102040816326531,0.836734693877551,17.0489425652238,34.5641491003575,17.2034890968387,67.9566605327365,17.5014516804561,36.0787051101833
0.142857142857143,0.836734693877551,18.5179034064308,37.4542488371396,18.7342685506916,73.7368600063006,19.1514161677559,38.9688048469654
0.183673469387755,0.836734693877551,20.1097760626543,40.5901722039549,20.3879598195611,80.0087067399314,20.9242924700724,42.1047282137808
0.224489795918367,0.836734693877551,21.835015061867,43.9928282567484,22.1750174314197,86.8140188455184,22.8305351153779,45.5073842665743
0.265306122448979,0.836734693877551,23.7049641643344,47.6849045160514,24.1067851465331,94.1981713641244,24.8814878639382,49.1994605258773
0.306122448979592,0.836734693877551,25.7319319981747,51.6910182381003,26.1955715930193,102.210398808222,27.0894593438714,53.2055742479261
0.346938775510204,0.836734693877551,27.9292741282627,56.0378805526447,28.4547323357533,110.904123437311,29.4678051200524,57.5524365624705
0.387755102040816,0.836734693877551,30.3114821056807,60.7544745618488,30.8987589258172,120.337311455719,32.0310167435632,62.2690305716746
0.428571428571428,0.836734693877551,32.8942800914605,65.8722485877766,33.543375524243,130.572859507575,34.794818375436,67.3868045976025
0.469387755102041,0.836734693877551,35.6947296988665,71.4253258569567,36.4056437442949,141.679014045935,37.7762716289348,72.9398818667826
0.510204081632653,0.836734693877551,38.7313437532622,77.4507320201165,39.5040764113366,153.729826372254,40.9938893294235,78.9652880299423
0.551020408163265,0.836734693877551,42.0242097280678,83.9886420240959,42.8587609987882,166.805646380213,44.467758950322,85.5031980339217
0.591836734693877,0.836734693877551,45.5951236798263,91.0826479819812,46.4914935631926,180.993658295984,48.2196765481734,92.597203991807
0.63265306122449,0.836734693877551,49.4677355754051,98.7800498275069,50.4259240714173,196.388461987035,52.273292089845,100.294605837333
0.673469387755102,0.836734693877551,53.6677069803132,107.132170691691,54.6877140889715,213.092703715404,56.6542671408461,108.646726701517
0.714285714285714,0.836734693877551,58.2228821595376,116.194699104508,59.3047078808417,231.217760541038,61.3904459661633,117.709255114334
0.755102040816326,0.836734693877551,63.1634737317267,126.028060303255,64.3071180656768,250.884482938531,66.5120411844454,127.542616313081
0.795918367346939,0.836734693877551,68.52226411459,136.69781912335,69.7277270611861,272.224000578721,72.0518352134016,138.212375133176
0.836734693877551,0.836734693877551,74.3348241046669,148.275117157872,75.602105663909,295.378596647765,78.0453988495714,149.789673167698
0.877551020408163,0.836734693877551,80.6397500488669,160.83714710064,81.9688502207549,320.502656533301,84.5313284398643,162.351703110466
0.918367346938775,0.836734693877551,87.4789211891438,174.467667435562,88.8698399736778,347.763697203146,91.5515032262341,175.982223445388
0.959183673469388,0.836734693877551,94.8977788961729,189.257560903988,96.3505162933528,377.343484139998,99.151364579356,190.772116913814
1,0.836734693877551,102.945629653847,205.305440473705,104.460185663673,409.439243279431,107.380218983123,206.81999648353
-1,0.877551020408163,1.27709196886228,4.58157898570626,-0.357397062068713,7.81156127275805,-3.31241580425947,6.21606801663725
-0.959183673469388,0.877551020408163,1.47078284833763,4.91379353246698,-0.09699234459618,8.47599036627949,-2.9313980769016,6.54828256339797
-0.918367346938775,0.877551020408163,1.6786023381158,5.27426529983335,0.177540983179177,9.19693390101223,-2.5362517392409,6.90875433076434
-0.877551020408163,0.877551020408163,1.90175217744052,5.66539776629282,0.467404660501082,9.97919883393116,-2.12577505203366,7.2998867972238
-0.836734693877551,0.877551020408163,2.14153632206364,6.08979884334908,0.773902643121388,10.8280009880437,-1.69866405952802,7.72428787428007
-0.795918367346939,0.877551020408163,2.39936963848943,6.55029826401067,1.09844979754436,11.7489998293669,-1.25350389521971,8.18478729494166
-0.755102040816326,0.877551020408163,2.67678733772639,7.04996645029462,1.4425813347785,12.7483362019348,-0.788759348100232,8.68445548122561
-0.714285714285714,0.877551020408163,2.97545521144716,7.59213498554618,1.80796304649645,13.8326732724379,-0.302764626496943,9.22662401647717
-0.673469387755102,0.877551020408163,3.29718073880686,8.1804188280756,2.19640241185333,15.0092409574967,0.206287748745275,9.81490785900659
-0.63265306122449,0.877551020408163,3.64392513797572,8.81874041422334,2.60986064901938,16.2858841297922,0.740358995796658,10.4532294451543
-0.591836734693878,0.877551020408163,4.01781644274068,9.51135581156328,3.05046579178152,17.6711149244721,1.30157714844413,11.1458448424943
-0.551020408163265,0.877551020408163,4.42116369136531,10.2628830966226,3.52052687840333,19.1741694945906,1.89225124495129,11.8973721275536
-0.510204081632653,0.877551020408163,4.85647232231372,11.0783331463294,4.02254934734893,20.8050695940044,2.51488672378222,12.7128221772604
-0.469387755102041,0.877551020408163,5.32646087949073,11.9631430484934,4.55925174252312,22.5746893983324,3.17220212884175,13.5976320794244
-0.428571428571429,0.877551020408163,5.83407913838203,12.9232123540861,5.13358383941161,24.4948280095177,3.86714723561557,14.5577013850171
-0.387755102040816,0.877551020408163,6.38252777395215,13.9649424130363,5.74874631297891,26.5782881274182,4.60292271906821,15.5994314439673
-0.346938775510204,0.877551020408163,6.97527970143755,15.0952790558172,6.4082120784615,28.8389614129798,5.38300149443613,16.7297680867481
-0.306122448979592,0.877551020408163,7.61610323232675,16.3217589054056,7.11574944734788,31.2919211121567,6.21115187320785,17.9562479363366
-0.26530612244898,0.877551020408163,8.30908719992188,17.6525596284059,7.87544725294019,33.9535225581572,7.0914626886855,19.2870486593368
-0.224489795918367,0.877551020408163,9.05866822200882,19.0965544603898,8.69174211302431,36.841512222125,8.02837055865496,20.7310434913207
-0.183673469387755,0.877551020408163,9.86966028241216,20.6633713690065,9.56944801142484,39.9751460393585,9.02668946694082,22.2978603999375
-0.142857142857143,0.877551020408163,10.7472868286728,22.3634572493378,10.5137883956827,43.3753178000212,10.091642861084,23.9979462802688
-0.102040816326531,0.877551020408163,11.6972155998624,24.2081475795269,11.5304310048694,47.0646984603993,11.2288984801561,25.8426366104579
-0.061224489795919,0.877551020408163,12.7255964167517,26.2097420011157,12.625525659756,51.0678873035769,12.444606144928,27.8442310320467
-0.020408163265306,0.877551020408163,13.839102186304,28.3815863280303,13.8057452673054,55.4115759574061,13.7454387623628,30.0160753589613
0.020408163265306,0.877551020408163,15.044973393892,30.7381615310162,15.0783303128906,60.124726363378,15.1386368178333,32.3726505619472
0.061224489795918,0.877551020408163,16.3510663798967,33.2951802908358,16.4511371368925,65.2387638830171,16.6320566517205,34.9296693217668
0.102040816326531,0.877551020408163,17.765905722576,36.0696917640043,17.932690317569,70.7877868293541,18.2342228422823,37.7041807949353
0.142857142857143,0.877551020408163,19.2987410764695,39.0801952596013,19.5322395094597,76.8087938205482,19.9543850440583,40.7146842905323
0.183673469387755,0.877551020408163,20.9596088453169,42.3467635851061,21.2598211163042,83.3419304715577,21.8025796607882,43.9812526160371
0.224489795918367,0.877551020408163,22.7593991006978,45.8911768836779,23.1263252096823,90.4307570687013,23.7896967640516,47.5256659146089
0.265306122448979,0.877551020408163,24.7099281925804,49.7370678552532,25.1435681395621,98.1225390118519,25.9275527038168,51.3715568861842
0.306122448979592,0.877551020408163,26.8240175359161,53.9100793297346,27.324371320895,106.468561960815,28.228968895035,55.5445683606656
0.346938775510204,0.877551020408163,29.1155790985963,58.438035242905,29.6826467215723,115.524473787156,30.7078573055977,60.072524273836
0.387755102040816,0.877551020408163,31.5997081607714,63.3511261550653,32.2334896217446,125.350655611476,33.3793132156554,64.9856151859963
0.428571428571428,0.877551020408163,34.2927839640122,68.6821105493569,34.9932792629826,136.012624400059,36.2597158667787,70.3165995802878
0.469387755102041,0.877551020408163,37.2125789214014,74.4665332519453,37.979788058369,147.581469805236,39.3668376720504,76.1010222828763
0.510204081632653,0.877551020408163,40.3783771167239,80.7429624304002,41.2123000916887,160.134328162146,42.7199627152554,82.3774514613312
0.551020408163265,0.877551020408163,43.8111028828596,87.5532467504818,44.7117396958216,173.754896802309,46.3400153292736,89.1877357814127
0.591836734693877,0.877551020408163,47.5334603166874,94.9427944059473,48.5008109676465,188.53399211324,50.2496996109839,96.5772834368783
0.63265306122449,0.877551020408163,51.5700846607279,102.960875881838,52.6041491496843,204.570155065022,54.473650802907,104.595364912769
0.673469387755102,0.877551020408163,55.9477065608771,111.660952469947,57.0484848878307,221.970308241239,59.0385995509387,113.295441500878
0.714285714285714,0.877551020408163,60.6953302954332,121.101032726869,61.8628224603839,240.850468755084,63.9735501333773,122.7355217578
0.755102040816326,0.877551020408163,65.8444271637756,131.344059251364,67.0786331667235,261.336521804073,69.3099738496022,132.978548282295
0.795918367346939,0.877551020408163,71.429145324133,142.458328359889,72.7300651650781,283.565060021123,75.0820188578421,144.09281739082
0.836734693877551,0.877551020408163,77.4865374795523,154.517945458537,78.8541711584945,307.68429421842,81.3267378611439,156.152434489468
0.877551020408163,0.877551020408163,84.056807930186,167.603319147615,85.4911554471255,333.855041596575,88.0843351596602,169.237808178546
0.918367346938775,0.877551020408163,91.1835806391419,181.801697353336,92.6846419940785,362.251798008019,95.3984347164986,183.436186384267
0.959183673469388,0.877551020408163,98.9141900992477,197.207749061358,100.481965292182,393.063901424062,103.316371024487,198.842238092289
1,0.877551020408163,107.299996940113,213.924195530899,108.934485971044,426.496794363143,111.889504713235,215.55868456183
-1,0.918367346938775,1.25969949804828,4.84304815588542,-0.495946533792195,8.1369968719116,-3.47595486365475,6.59869418772589
-0.959183673469388,0.918367346938775,1.46434120138187,5.18910301398693,-0.219645808750825,8.82910658811462,-3.07802114555777,6.9447490458274
-0.918367346938775,0.918367346938775,1.68370012369696,5.56459231005143,0.071372135272039,9.58008518024361,-2.66537020847929,7.3202383418919
-0.877551020408163,0.918367346938775,1.91902806961052,5.97201965331286,0.378359102893373,10.3949398667665,-2.23675024780234,7.72766568515333
-0.836734693877551,0.918367346938775,2.17168331866533,6.4141016028568,0.702673373655956,11.2791037658543,-1.79080298398414,8.16974763469727
-0.795918367346939,0.918367346938775,2.44313968178309,6.89378578052663,1.04578875848149,12.238472121194,-1.326054606103,8.6494318123671
-0.755102040816326,0.918367346938775,2.73499632803357,7.4142705244619,1.40930442643974,13.2794416090646,-0.840905945089127,9.16991655630238
-0.714285714285714,0.918367346938775,3.0489884472407,7.97902621431047,1.79495556735464,14.4089529887617,-0.333621811118611,9.73467224615095
-0.673469387755102,0.918367346938775,3.38699881951945,8.59181841030229,2.20462496134117,15.6345373807453,0.197680575923526,10.3474644421428
-0.63265306122449,0.918367346938775,3.75107036888451,9.25673296046672,2.640355532414,16.9643664810742,0.755044140051976,11.0123789923072
-0.591836734693878,0.918367346938775,4.14341978463306,9.97820324339814,3.10436396987033,18.407307046937,1.34068557056392,11.7338492752386
-0.551020408163265,0.918367346938775,4.56645230132344,10.7610397282132,3.59905550826849,19.9729800165672,1.95701010201769,12.5166857600537
-0.510204081632653,0.918367346938775,5.02277773589666,11.610462048794,4.12703996454948,21.6718246577287,2.6066275513543,13.3661080806345
-0.469387755102041,0.918367346938775,5.51522788886955,12.5321338061741,4.69114913923014,23.5151681724889,3.29236971909057,14.2877798380145
-0.428571428571429,0.918367346938775,6.04687542562383,13.532200331117,5.2944556976922,25.5153012223747,4.01730927060824,15.2878463629574
-0.387755102040816,0.918367346938775,6.62105436368365,14.6173296586709,5.94029365745979,27.6855598774826,4.78478022343145,16.3729756905114
-0.346938775510204,0.918367346938775,7.24138230258243,15.7947569879028,6.63228061806635,30.0404145359463,5.59840017709362,17.5504030197433
-0.306122448979592,0.918367346938775,7.91178454453873,17.0723329232497,7.37434188173042,32.5955664066402,6.46209443381331,18.8279789550902
-0.26530612244898,0.918367346938775,8.63652026676789,18.4585758191424,8.17073662566736,35.3680521984255,7.38012217080586,20.2142218509828
-0.224489795918367,0.918367346938775,9.42021091993581,19.9627285769125,9.02608630054305,38.3763577139657,8.35710483873717,21.718374608753
-0.183673469387755,0.918367346938775,10.267871042104,21.5948202726832,9.94540544441902,41.6405411055072,9.39805697566875,23.3504663045237
-0.142857142857143,0.918367346938775,11.184941693621,23.3657330271514,10.9341351176437,45.1823666144436,10.5084196419491,25.1213790589919
-0.102040816326531,0.918367346938775,12.1773267358897,25.2872745631233,11.9981791816203,49.0254496863874,11.6940966989813,27.0429205949638
-0.061224489795919,0.918367346938775,13.2514321959041,27.3722569345863,13.1439436633424,53.1954144293134,12.961494173759,29.1279029664268
-0.020408163265306,0.918367346938775,14.4142089790194,29.6345819522513,14.3783794681655,57.7200644646433,14.3175629716377,31.3902279840917
0.020408163265306,0.918367346938775,15.6731992147501,32.0893338751471,15.709028725604,62.6295683104349,15.7698452221318,33.8449799069875
0.061224489795918,0.918367346938775,17.0365865446084,34.7528799862978,17.14407507717,67.9566605327365,17.3265245667535,36.5085260181383
0.102040816326531,0.918367346938775,18.5132506872823,37.6429797230799,18.6923982415517,73.7368600063006,18.9964807241907,39.3986257549204
0.142857142857143,0.918367346938775,20.1128266449728,40.7789030898953,20.36363322095,80.0087067399314,20.7893486966447,42.5345491217358
0.183673469387755,0.918367346938775,21.8457689456524,44.1815591426889,22.1682345433374,86.8140188455185,22.7155830120877,45.9372051745293
0.224489795918367,0.918367346938775,23.7234213495867,47.8736354019918,24.1175459689795,94.1981713641244,24.7865274307854,49.6292814338323
0.265306122448979,0.918367346938775,25.758092484894,51.8797491240407,26.2238761259945,102.210398808222,27.014490580856,53.6353951558812
0.306122448979592,0.918367346938775,27.963137916449,56.226611438585,28.5005805792573,110.904123437311,29.4128280271744,57.9822574704255
0.346938775510204,0.918367346938775,30.3530491953339,60.9432054477891,30.96215087985,120.337311455719,31.9960313208227,62.6988514796296
0.387755102040816,0.918367346938775,32.9435504825807,66.0609794737171,33.6243111888046,130.572859507575,34.7798246228329,67.8166255055575
0.428571428571428,0.918367346938775,35.7517033914536,71.6140567428971,36.5041231193852,141.679014045935,37.7812695464692,73.3697027747376
0.469387755102041,0.918367346938775,38.7960207473163,77.6394629060569,39.6200994969557,153.729826372254,41.0188789170953,79.3951089378973
0.510204081632653,0.918367346938775,42.0965900235889,84.1773729100363,42.992327794936,166.805646380213,44.5127402081312,85.9330189418767
0.551020408163265,0.918367346938775,45.6752072768143,91.2713788679216,46.6426040698693,180.993658295984,48.2846494761201,93.0270248997621
0.591836734693877,0.918367346938775,49.55552247386,98.9687807134473,50.5945782886228,196.388461987035,52.3582566879292,100.724426745288
0.63265306122449,0.918367346938775,53.7631971802351,107.320901577632,54.8739120167056,213.092703715404,56.7592234090677,109.076547609472
0.673469387755102,0.918367346938775,58.3260756609264,116.383429990449,59.5084495191047,231.217760541038,61.5153939045223,118.139076022289
0.714285714285714,0.918367346938775,63.2743705345825,126.216791189195,64.5284034144686,250.884482938531,66.6569807929418,127.972437221036
0.755102040816326,0.918367346938775,68.6408642189128,136.88655000929,69.9665561205067,272.224000578721,72.2167664920355,138.642196041131
0.795918367346939,0.918367346938775,74.4611275104567,148.463848043812,75.8584784337583,295.378596647765,78.2303217983427,150.219494075653
0.836734693877551,0.918367346938775,80.7737567561236,161.02587798658,82.242766701133,320.502656533301,84.7362430587731,162.781524018421
0.877551020408163,0.918367346938775,87.6206311978675,174.656398321502,89.1613001645846,347.763697203146,91.7764095152803,176.412044353343
0.918367346938775,0.918367346938775,95.0471922063634,189.446291789929,96.6595201947884,377.343484139998,99.3962625385397,191.201937821769
0.959183673469388,0.918367346938775,103.102746265504,205.494171359645,104.786733275637,409.439243279431,107.645108612444,207.249817391485
1,0.918367346938775,111.840793727893,222.907037735857,113.596439759734,444.264976031855,116.576448089596,224.662683767698
-1,0.959183673469388,1.23651665250537,5.12047612220425,-0.641102366780815,8.47599036627949,-3.63610444924645,6.99809514149043
-0.959183673469388,0.959183673469388,1.45277216635445,5.48094788957062,-0.348209341940459,9.19693390101223,-3.22096644144832,7.3585669088568
-0.918367346938775,0.959183673469388,1.68435802975008,5.87208035603009,-0.039985967553556,9.97919883393116,-2.79049808410363,7.74969937531627
-0.877551020408163,0.959183673469388,1.93257819844411,6.29648143308635,0.28487171213175,10.8280009880437,-2.34339542146055,8.17410045237254
-0.836734693877551,0.959183673469388,2.19884753894081,6.75698085374794,0.627778563619715,11.7489998293669,-1.8782435870148,8.63459987303412
-0.795918367346939,0.959183673469388,2.48470126224868,7.25664904003189,0.990269797918858,12.7483362019348,-1.39350736975787,9.13426805931807
-0.755102040816326,0.959183673469388,2.79180516004036,7.79881757528345,1.37401120670181,13.8326732724379,-0.887520978017142,9.67643659456963
-0.714285714285714,0.959183673469388,3.12196671147096,8.38710141781287,1.78081026912369,15.0092409574967,-0.358476932637481,10.264720437099
-0.673469387755102,0.959183673469388,3.47714713471073,9.02542300396061,2.21262820335473,16.2858841297922,0.195585984551343,10.9030420232468
-0.63265306122449,0.959183673469388,3.8594744635466,9.71803840130055,2.67159304318187,17.6711149244721,0.776795807336262,11.5956574205867
-0.591836734693878,0.959183673469388,4.27125773624214,10.4695656863598,3.16001382686868,19.1741694945906,1.38746157398086,12.347184705646
-0.551020408163265,0.959183673469388,4.71500239126146,11.2850157360667,3.68039599287928,20.8050695940044,2.03008872294923,13.1626347553529
-0.510204081632653,0.959183673469388,5.19342697250938,12.1698256382307,4.23545808511847,22.5746893983324,2.70739579814621,14.0474446575169
-0.469387755102041,0.959183673469388,5.70948125547159,13.1298949438233,4.82814987907195,24.4948280095177,3.42233257505747,15.0075139631095
-0.428571428571429,0.959183673469388,6.26636591511261,14.1716250027736,5.46167204970425,26.5782881274182,4.17809972864755,16.0492440220598
-0.387755102040816,0.959183673469388,6.86755386666893,15.3019616455544,6.13949751225184,28.8389614129798,4.97817017415292,17.1795806648406
-0.346938775510204,0.959183673469388,7.51681342162904,16.5284414951428,6.86539457820322,31.2919211121567,5.82631222306208,18.406060514429
-0.306122448979592,0.959183673469388,8.21823341329508,17.8592422181431,7.64345208086053,33.9535225581572,6.72661470867717,19.7368612374293
-0.26530612244898,0.959183673469388,8.97625045945292,19.303237050127,8.47810663800965,36.841512222125,7.68351424878407,21.1808560694132
-0.224489795918367,0.959183673469388,9.79567854392718,20.8700539587437,9.37417223347518,39.9751460393585,8.70182482720738,22.7476729780299
-0.183673469387755,0.959183673469388,10.6817411142587,22.5701398390751,10.336872314798,43.3753178000212,9.78676989148801,24.4477588583613
-0.142857142857143,0.959183673469388,11.6401059095192,24.4148301692642,11.3718746210497,47.0646984603993,10.9440171806975,26.2924491885503
-0.102040816326531,0.959183673469388,12.6769227504795,26.416424590853,12.4853289730013,51.0678873035769,12.1797165156068,28.2940436101391
-0.061224489795919,0.959183673469388,13.7988645441027,28.5882689177676,13.6839082776158,55.4115759574061,13.5005408031791,30.4658879370537
-0.020408163265306,0.959183673469388,15.0131717757616,30.9448441207535,14.9748530202659,60.124726363378,14.913730528787,32.8224631400397
0.020408163265306,0.959183673469388,16.3277007858372,33.501862880573,16.3660195413329,65.2387638830171,16.4271420328117,35.3794818998592
0.061224489795918,0.959183673469388,17.7509761525874,36.2763743537416,17.8659324190743,70.7877868293541,18.049299893511,38.1539933730278
0.102040816326531,0.959183673469388,19.2922475305518,39.2868778493386,19.48384130803,76.8087938205482,19.7894537654244,41.1644968686248
0.142857142857143,0.959183673469388,20.9615513234701,42.5534461748434,21.2297826119395,83.3419304715577,21.6576400522918,44.4310651941296
0.183673469387755,0.959183673469388,22.7697776029219,46.0978594734152,23.1146464023826,90.4307570687013,23.6647488256926,47.9754784927014
0.224489795918367,0.959183673469388,24.7287427188754,49.9437504449905,25.1502490293274,98.1225390118519,25.8225964355952,51.8213694642767
0.265306122448979,0.959183673469388,26.851268086282,54.1167619194718,27.3494119077253,106.468561960815,28.1440042969509,55.994380938758
0.306122448979592,0.959183673469388,29.1512656730331,58.6447178326423,29.7260470054677,115.524473787156,30.642884377651,60.5223368519285
0.346938775510204,0.959183673469388,31.6438307592791,63.5578087448025,32.295249602705,125.350655611476,33.3343319578461,65.4354277640887
0.387755102040816,0.959183673469388,34.3453425865909,68.8887931390942,35.0733989410079,136.012624400059,36.2347262791069,70.7664121583803
0.428571428571428,0.959183673469388,37.2735735680509,74.6732158416825,38.0782674334593,147.581469805236,39.361839754516,76.5508348609687
0.469387755102041,0.959183673469388,40.4478077874443,80.9496450201375,41.329139163844,160.134328162146,42.7349564678585,82.8272640394237
0.510204081632653,0.959183673469388,43.888969577651,87.759929340219,44.8469384650419,173.754896802309,46.3750007520142,89.6375483595052
0.551020408163265,0.959183673469388,47.6197630355497,95.1494769956846,48.6543694339319,188.53399211324,50.3046767038619,97.0270960149708
0.591836734693877,0.959183673469388,51.6648234036611,103.167558471576,52.7760673130346,204.570155065022,54.5486195659224,105.045177490862
0.63265306122449,0.959183673469388,56.0508813278812,111.867635059684,57.238762748246,221.970308241239,59.1335599840916,113.74525407897
0.673469387755102,0.959183673469388,60.8069410865082,121.307715316606,62.0714600178642,240.850468755084,64.0885022366676,123.185334335892
0.714285714285714,0.959183673469388,65.9644739789215,131.550741841101,67.3056304212688,261.336521804073,69.44491762303,133.428360860387
0.755102040816326,0.959183673469388,71.5576281633499,142.665010949626,72.9754221166884,283.565060021123,75.2369543014073,144.542629968912
0.795918367346939,0.959183673469388,77.62345634284,154.724628048274,79.1178878071698,307.68429421842,81.5016649748466,156.602247067561
0.836734693877551,0.959183673469388,84.2021628175447,167.810001737352,85.7732317928658,333.855041596575,88.2792539435003,169.687620756638
0.877551020408163,0.959183673469388,91.3373715505714,182.008379943074,92.9850780368838,362.251798008019,95.6133451704761,183.88599896236
0.918367346938775,0.959183673469388,99.0764170347482,197.414431651095,100.800761032052,393.063901424062,103.551273148602,199.292050670382
0.959183673469388,0.959183673469388,107.470659899684,214.130878120636,109.271641407979,426.496794363143,112.144398507487,216.008497139922
1,0.959183673469388,116.575829363468,232.269177787871,118.453448382754,462.773393697613,121.44845046522,234.146796807157
-1,1,1.20727664702865,5.41455329405731,-0.792723352971346,8.82910658811462,-3.79272335297135,7.41455329405731
-0.959183673469388,1,1.43583762159151,5.7900425901218,-0.482529725347261,9.58008518024361,-3.36008074575542,7.7900425901218
-0.918367346938775,1,1.68036761975284,6.19746993338324,-0.156367074124707,10.3949398667665,-2.91146911494103,8.19746993338324
-0.877551020408163,1,1.94222492105542,6.63955188292718,0.187122880239098,11.2791037658544,-2.44553018098539,8.63955188292718
-0.836734693877551,1,2.22288333642095,7.11923606059701,0.549413948665849,12.238472121194,-1.9607901329668,9.11923606059701
-0.795918367346939,1,2.5239420349192,7.63972080453228,0.932105300225325,13.2794416090646,-1.45564980181549,9.63972080453228
-0.755102040816326,1,2.8471362063741,8.20447649438085,1.33693212474145,14.4089529887617,-0.928373997707532,10.2044764943809
-0.714285714285714,1,3.19434863090062,8.81726869037267,1.76577720232919,15.6345373807453,-0.377079940527952,10.8172686903727
-0.673469387755102,1,3.56762223251345,9.4821832405371,2.22068345700325,16.9643664810742,0.200275293737939,11.4821832405371
-0.63265306122449,1,3.96917370050977,10.2036535234685,2.70386757806079,18.407307046937,0.805908394387322,12.2036535234685
-0.591836734693878,1,4.40140826944793,10.9864900082836,3.21773480006017,19.9729800165672,1.44222459597854,12.9864900082836
-0.551020408163265,1,4.86693575626892,11.8359123288644,3.76489493994238,21.6718246577287,2.11183371545259,13.8359123288644
-0.510204081632653,1,5.36858796148957,12.7575840862445,4.34817979822427,23.5151681724889,2.81756755332631,14.7575840862445
-0.469387755102041,1,5.90943755049163,13.7576506111873,4.97066204028754,25.5153012223747,3.56249877498142,15.7576506111873
-0.428571428571429,1,6.49281854079922,14.8427799387413,5.63567568365636,27.6855598774826,4.34996139794207,16.8427799387413
-0.387755102040816,1,7.12234853194577,16.0202072679732,6.34683832786414,30.0404145359463,5.18357302174169,18.0202072679732
-0.346938775510204,1,7.80195282614984,17.2977832033201,7.10807527512943,32.5955664066402,6.06725894859882,19.2977832033201
-0.306122448979592,1,8.53589060062678,18.6840260992127,7.92364570266759,35.3680521984255,7.00527835572882,20.6840260992127
-0.26530612244898,1,9.32878330604246,20.1881788569829,8.7981710611445,38.3763577139657,8.00225269379756,22.1881788569829
-0.224489795918367,1,10.1856454804584,21.8202705527536,9.73666588862169,41.6405411055072,9.06319650086659,23.8202705527536
-0.183673469387755,1,11.1119181842231,23.5911833072218,10.7445712454476,45.1823666144436,10.1935508372844,25.5911833072218
-0.142857142857143,1,12.1135052787397,25.5127248431937,11.8277909930254,49.0254496863874,11.399219564454,27.5127248431937
-0.102040816326531,1,13.1968127910018,27.5977072146567,12.9927311583488,53.1954144293134,12.6866087093692,29.5977072146567
-0.061224489795919,1,14.3687916263649,29.8600322323217,14.2463426467731,57.7200644646433,14.0626691773853,31.8600322323217
-0.020408163265306,1,15.6369839143434,32.3147841552174,15.5961675878128,62.6295683104349,15.5349430980169,34.3147841552175
0.020408163265306,1,17.0095732964494,34.9783302663682,17.05038962298,67.9566605327365,17.111614112776,36.9783302663682
0.061224489795918,1,18.4954394913711,37.8684300031503,18.6178884709629,73.7368600063006,18.8015619403507,39.8684300031503
0.102040816326531,1,20.1042175013094,41.0043533699657,20.3082991339624,80.0087067399314,20.614421582942,43.0043533699657
0.142857142857143,1,21.8463618542368,44.4070094227592,22.132076139951,86.8140188455185,22.5606475685225,46.4070094227592
0.183673469387755,1,23.7332163104189,48.0990856820622,24.1005632491944,94.1981713641244,24.6515836573576,50.0990856820622
0.224489795918367,1,25.7770894979739,52.1051994041111,26.2260690898106,102.210398808222,26.8995384775657,54.1051994041111
0.265306122448979,1,27.9913369817767,56.4520617186554,28.5219492266746,110.904123437311,29.3178675940216,58.4520617186554
0.306122448979592,1,30.3904503129093,61.1686557278595,31.0026952108685,120.337311455719,31.9210625578073,63.1686557278595
0.346938775510204,1,32.9901536524039,66.2864297537874,33.6840312034243,130.572859507575,34.7248475299549,68.2864297537874
0.387755102040816,1,35.8075086135246,71.8395070229675,36.5830188176062,141.679014045935,37.7462841237287,73.8395070229675
0.428571428571428,1,38.8610280216351,77.8649131861272,39.7181708787779,153.729826372254,41.0038851644922,79.8649131861272
0.469387755102041,1,42.1707993501554,84.4028231901067,43.1095748603594,166.805646380213,44.5177381256656,86.4028231901066
0.510204081632653,1,45.7586186556286,91.496829147992,46.7790268188939,180.993658295984,48.3096390637919,93.496829147992
0.551020408163265,1,49.6481359049221,99.1942309935177,50.7501767212487,196.388461987035,52.4032379457385,101.194230993518
0.591836734693877,1,53.865012663545,107.546351857702,55.0486861329327,213.092703715404,56.8241963370144,109.546351857702
0.63265306122449,1,58.437093196484,116.608880270519,59.702399318933,231.217760541038,61.6003585026065,118.608880270519
0.673469387755102,1,63.3945901223879,126.442241469266,64.7415288978981,250.884482938531,66.7619370611634,128.442241469266
0.714285714285714,1,68.770285858966,137.112000289361,70.1988572875374,272.224000578721,72.3417144303946,139.112000289361
0.755102040816326,1,74.5997512027576,148.689298323883,76.1099552843903,295.378596647765,78.3752614068392,150.689298323883
0.795918367346939,1,80.9215825006723,161.251328266651,82.5134192353662,320.502656533301,84.901174337407,163.251328266651
0.836734693877551,1,87.7776589946639,174.881848601573,89.451128382419,347.763697203146,91.9613324640517,176.881848601573
0.877551020408163,1,95.2134220554077,189.671742069999,96.968524096224,377.343484139998,99.6011771574485,191.671742069999
0.918367346938775,1,103.278178166796,205.719621639715,105.114912860674,409.439243279431,107.87001490149,207.719621639715
0.959183673469388,1,112.025427681433,223.132488015927,113.943795028372,444.264976031855,116.82134604878,225.132488015927
1,1,121.513221539126,242.026443078252,123.513221539126,482.052886156504,126.513221539126,244.026443078252
